perimetre,nature,date,heure,date_heure,consommation,prevision_j1,prevision_j,fioul,charbon,gaz,nucleaire,eolien,eolien_terrestre,eolien_offshore,solaire,hydraulique,pompage,bioenergies,ech_physiques,taux_co2,ech_comm_angleterre,ech_comm_espagne,ech_comm_italie,ech_comm_suisse,ech_comm_allemagne_belgique,fioul_tac,fioul_cogen,fioul_autres,gaz_tac,gaz_cogen,gaz_ccg,gaz_autres,hydraulique_fil_eau_eclusee,hydraulique_lacs,hydraulique_step_turbinage,bioenergies_dechets,bioenergies_biomasse,bioenergies_biogaz,stockage_batterie,destockage_batterie,annee,mois,jour,minute,jour_semaine,nom_jour,saison,type_jour,renouvelable,part_renouvel_%
France,Données temps réel,2026-08-28,21,2026-08-28 21:30:00,44262.0,45000,43892,35.0,0.0,2412.0,37440.0,6188.0,5462.0,727.0,218.0,5580.0,-51.0,1069.0,-8685.0,30.0,-1136,-2775,-3659,-1103,233,0.0,35.0,0.0,0.0,97.0,2317.0,0.0,2908.0,1343.0,1329.0,445.0,323.0,301.0,-16.0,74.0,2026,8,28,30,4,Friday,été,Jour_de_semaine,11986.0,27.1
France,Données temps réel,2026-08-28,21,2026-08-28 21:45:00,43477.0,44500,43371,35.0,0.0,2429.0,37441.0,6120.0,5515.0,605.0,220.0,5339.0,-47.0,1068.0,-9446.0,30.0,-1136,-2775,-3659,-854,290,0.0,35.0,0.0,0.0,108.0,2323.0,0.0,2826.0,1133.0,1379.0,447.0,320.0,301.0,-9.0,328.0,2026,8,28,45,4,Friday,été,Jour_de_semaine,11679.0,26.9
France,Données temps réel,2026-08-28,22,2026-08-28 22:00:00,43089.0,44000,42849,35.0,0.0,2438.0,37433.0,6039.0,5527.0,512.0,215.0,4993.0,-52.0,1069.0,-9124.0,31.0,-943,-2775,-3640,-1030,1522,0.0,35.0,0.0,0.0,103.0,2337.0,0.0,2816.0,1151.0,1026.0,446.0,322.0,301.0,-10.0,53.0,2026,8,28,0,4,Friday,été,Jour_de_semaine,11247.0,26.1
France,Données temps réel,2026-08-28,22,2026-08-28 22:15:00,43533.0,44600,43421,35.0,0.0,2451.0,37373.0,5899.0,5502.0,397.0,0.0,4338.0,-53.0,1071.0,-7816.0,31.0,-943,-2775,-3623,-881,1520,0.0,35.0,0.0,0.0,97.0,2356.0,0.0,2768.0,831.0,739.0,448.0,323.0,301.0,-21.0,257.0,2026,8,28,15,4,Friday,été,Jour_de_semaine,10237.0,23.5
France,Données temps réel,2026-08-28,22,2026-08-28 22:30:00,43408.0,45200,43992,35.0,0.0,2446.0,36702.0,5858.0,5484.0,374.0,0.0,4476.0,-54.0,1068.0,-7034.0,32.0,-943,-2775,-3488,-855,2041,0.0,35.0,0.0,0.0,97.0,2350.0,0.0,2794.0,721.0,960.0,446.0,321.0,301.0,-93.0,4.0,2026,8,28,30,4,Friday,été,Jour_de_semaine,10334.0,23.8
France,Données temps réel,2026-08-28,22,2026-08-28 22:45:00,44333.0,45600,44349,35.0,0.0,2467.0,36005.0,5832.0,5507.0,324.0,0.0,4780.0,-1.0,1068.0,-5842.0,32.0,-943,-2775,-3550,-888,2396,0.0,35.0,0.0,0.0,108.0,2361.0,0.0,2764.0,733.0,1284.0,445.0,322.0,301.0,-41.0,30.0,2026,8,28,45,4,Friday,été,Jour_de_semaine,10612.0,23.9
France,Données temps réel,2026-08-28,23,2026-08-28 23:00:00,43176.0,46000,44705,36.0,0.0,2312.0,35546.0,5923.0,5626.0,297.0,0.0,4319.0,-1.0,1068.0,-6028.0,31.0,-382,-2775,-3319,-1857,3223,1.0,35.0,0.0,0.0,108.0,2205.0,0.0,2772.0,717.0,829.0,445.0,322.0,301.0,-8.0,10.0,2026,8,28,0,4,Friday,été,Jour_de_semaine,10242.0,23.7
France,Données temps réel,2026-08-28,23,2026-08-28 23:15:00,42706.0,45100,43909,36.0,0.0,1326.0,35327.0,6071.0,5747.0,324.0,0.0,4170.0,0.0,1068.0,-5350.0,23.0,-382,-2775,-3337,-1830,3361,1.0,35.0,0.0,0.0,109.0,1219.0,0.0,2731.0,846.0,593.0,445.0,322.0,301.0,-12.0,73.0,2026,8,28,15,4,Friday,été,Jour_de_semaine,10241.0,24.0
France,Données temps réel,2026-08-28,23,2026-08-28 23:30:00,42339.0,44200,43112,36.0,0.0,918.0,35311.0,6250.0,5900.0,349.0,0.0,4077.0,-22.0,1066.0,-5319.0,20.0,-382,-2775,-3291,-1843,3419,1.0,35.0,0.0,0.0,97.0,822.0,0.0,2783.0,934.0,361.0,446.0,319.0,301.0,-9.0,33.0,2026,8,28,30,4,Friday,été,Jour_de_semaine,10327.0,24.4
France,Données temps réel,2026-08-28,23,2026-08-28 23:45:00,42010.0,43050,42188,36.0,0.0,871.0,35202.0,6275.0,5836.0,439.0,0.0,4082.0,-25.0,1068.0,-5558.0,19.0,-382,-2775,-3276,-1837,2902,1.0,35.0,0.0,0.0,98.0,776.0,0.0,2812.0,1016.0,253.0,446.0,322.0,301.0,-9.0,69.0,2026,8,28,45,4,Friday,été,Jour_de_semaine,10357.0,24.7
France,Données temps réel,2026-08-29,0,2026-08-29 00:00:00,41643.0,41900,41263,36.0,0.0,816.0,35220.0,6460.0,5908.0,552.0,0.0,4139.0,-25.0,1066.0,-6078.0,19.0,-73,-2960,-2704,-1771,1696,1.0,35.0,0.0,0.0,98.0,721.0,0.0,2858.0,996.0,285.0,445.0,321.0,301.0,-4.0,14.0,2026,8,29,0,5,Saturday,été,Weekend,10599.0,25.5
France,Données temps réel,2026-08-29,0,2026-08-29 00:15:00,41334.0,41250,40932,36.0,0.0,688.0,35218.0,6597.0,5983.0,614.0,0.0,4365.0,-441.0,1069.0,-6344.0,18.0,-73,-2960,-2704,-1793,1163,1.0,35.0,0.0,0.0,105.0,585.0,0.0,2830.0,1104.0,430.0,445.0,323.0,301.0,-2.0,151.0,2026,8,29,15,5,Saturday,été,Weekend,10962.0,26.5
France,Données temps réel,2026-08-29,0,2026-08-29 00:30:00,40313.0,40600,40600,37.0,0.0,485.0,35049.0,6715.0,6057.0,657.0,0.0,4335.0,-428.0,1066.0,-7116.0,16.0,-73,-2960,-2672,-1803,595,2.0,35.0,0.0,0.0,105.0,382.0,0.0,2845.0,1110.0,380.0,442.0,323.0,301.0,-7.0,178.0,2026,8,29,30,5,Saturday,été,Weekend,11050.0,27.4
France,Données temps réel,2026-08-29,0,2026-08-29 00:45:00,38824.0,39600,39600,37.0,0.0,503.0,34982.0,6849.0,6166.0,683.0,0.0,4120.0,-431.0,1065.0,-8292.0,16.0,-73,-2960,-2683,-1817,7,2.0,35.0,0.0,0.0,96.0,409.0,0.0,2799.0,1060.0,261.0,440.0,324.0,301.0,-69.0,61.0,2026,8,29,45,5,Saturday,été,Weekend,10969.0,28.3
France,Données temps réel,2026-08-29,1,2026-08-29 01:00:00,38286.0,38600,38600,37.0,0.0,509.0,34931.0,7132.0,6329.0,802.0,0.0,3959.0,-586.0,1066.0,-8778.0,16.0,398,-2960,-2704,-1857,-242,2.0,35.0,0.0,0.0,94.0,417.0,0.0,2840.0,813.0,306.0,443.0,323.0,301.0,-18.0,34.0,2026,8,29,0,5,Saturday,été,Weekend,11091.0,29.0
France,Données temps réel,2026-08-29,1,2026-08-29 01:15:00,38837.0,38650,38650,37.0,0.0,408.0,34935.0,7340.0,6502.0,838.0,0.0,4104.0,-349.0,1068.0,-8680.0,15.0,398,-2960,-2704,-1857,-762,2.0,35.0,0.0,0.0,94.0,315.0,0.0,2899.0,818.0,387.0,443.0,324.0,301.0,-71.0,45.0,2026,8,29,15,5,Saturday,été,Weekend,11444.0,29.5
France,Données temps réel,2026-08-29,1,2026-08-29 01:30:00,37889.0,38700,38700,37.0,0.0,299.0,34817.0,7479.0,6566.0,913.0,0.0,4104.0,-353.0,1068.0,-9413.0,14.0,398,-2960,-2704,-1848,-1076,2.0,35.0,0.0,0.0,94.0,207.0,0.0,2900.0,818.0,386.0,444.0,324.0,301.0,-149.0,0.0,2026,8,29,30,5,Saturday,été,Weekend,11583.0,30.6
France,Données temps réel,2026-08-29,1,2026-08-29 01:45:00,38035.0,38350,38350,37.0,0.0,298.0,34826.0,7449.0,6632.0,816.0,0.0,4037.0,-353.0,1071.0,-9272.0,14.0,398,-2960,-2704,-1833,-1517,2.0,35.0,0.0,0.0,94.0,206.0,0.0,2835.0,817.0,384.0,446.0,324.0,301.0,-57.0,0.0,2026,8,29,45,5,Saturday,été,Weekend,11486.0,30.2
France,Données temps réel,2026-08-29,2,2026-08-29 02:00:00,37078.0,38000,38000,37.0,0.0,292.0,34685.0,7502.0,6739.0,762.0,0.0,4049.0,-352.0,1071.0,-10107.0,14.0,-952,-2960,-2704,-1857,-943,2.0,35.0,0.0,0.0,94.0,199.0,0.0,2780.0,813.0,456.0,446.0,325.0,301.0,-98.0,0.0,2026,8,29,0,5,Saturday,été,Weekend,11551.0,31.2
France,Données temps réel,2026-08-29,2,2026-08-29 02:15:00,36717.0,37100,37100,34.0,0.0,265.0,34795.0,7590.0,6753.0,837.0,0.0,4012.0,-349.0,1065.0,-10654.0,14.0,-952,-2960,-2704,-1857,-1368,0.0,35.0,0.0,0.0,94.0,173.0,0.0,2742.0,785.0,485.0,440.0,324.0,301.0,-39.0,0.0,2026,8,29,15,5,Saturday,été,Weekend,11602.0,31.6
France,Données temps réel,2026-08-29,2,2026-08-29 02:30:00,35912.0,36200,36200,37.0,0.0,273.0,34657.0,7615.0,6847.0,768.0,0.0,3837.0,-326.0,1066.0,-11126.0,14.0,-952,-2960,-2704,-1857,-1712,2.0,35.0,0.0,0.0,94.0,181.0,0.0,2735.0,792.0,310.0,444.0,321.0,301.0,-121.0,2.0,2026,8,29,30,5,Saturday,été,Weekend,11452.0,31.9
France,Données temps réel,2026-08-29,2,2026-08-29 02:45:00,35434.0,35650,35650,36.0,0.0,268.0,34629.0,7554.0,6785.0,769.0,0.0,3769.0,-329.0,1071.0,-11471.0,14.0,-952,-2960,-2704,-1857,-2227,1.0,35.0,0.0,0.0,94.0,176.0,0.0,2700.0,762.0,307.0,446.0,324.0,301.0,-92.0,1.0,2026,8,29,45,5,Saturday,été,Weekend,11323.0,32.0
France,Données temps réel,2026-08-29,3,2026-08-29 03:00:00,34629.0,35100,35100,37.0,0.0,222.0,34721.0,7527.0,6780.0,747.0,0.0,3678.0,-758.0,1068.0,-11804.0,14.0,-1256,-2960,-2704,-1857,-2223,2.0,35.0,0.0,0.0,94.0,130.0,0.0,2700.0,769.0,210.0,442.0,326.0,301.0,-70.0,9.0,2026,8,29,0,5,Saturday,été,Weekend,11205.0,32.4
France,Données temps réel,2026-08-29,3,2026-08-29 03:15:00,34071.0,34650,34650,37.0,0.0,226.0,34732.0,7356.0,6624.0,732.0,0.0,3587.0,-757.0,1066.0,-12118.0,14.0,-1256,-2955,-2704,-1857,-2523,2.0,35.0,0.0,0.0,94.0,133.0,0.0,2668.0,709.0,210.0,440.0,326.0,301.0,-70.0,10.0,2026,8,29,15,5,Saturday,été,Weekend,10943.0,32.1
France,Données temps réel,2026-08-29,3,2026-08-29 03:30:00,33896.0,34200,34200,37.0,0.0,225.0,34756.0,7154.0,6496.0,658.0,0.0,3297.0,-761.0,1070.0,-11798.0,14.0,-1256,-2959,-2704,-1857,-2528,2.0,35.0,0.0,0.0,94.0,132.0,0.0,2659.0,634.0,4.0,445.0,324.0,301.0,-99.0,17.0,2026,8,29,30,5,Saturday,été,Weekend,10451.0,30.8
France,Données temps réel,2026-08-29,3,2026-08-29 03:45:00,33368.0,33900,33900,37.0,0.0,233.0,34791.0,7045.0,6380.0,665.0,0.0,3218.0,-970.0,1071.0,-11976.0,14.0,-1256,-2960,-2704,-1857,-2717,2.0,35.0,0.0,0.0,94.0,140.0,0.0,2644.0,570.0,3.0,448.0,322.0,301.0,-102.0,23.0,2026,8,29,45,5,Saturday,été,Weekend,10263.0,30.8
France,Données temps réel,2026-08-29,4,2026-08-29 04:00:00,33243.0,33600,33600,37.0,0.0,199.0,34774.0,6877.0,6199.0,678.0,0.0,3192.0,-812.0,1075.0,-11992.0,14.0,-2091,-2960,-2704,-1857,-2487,2.0,35.0,0.0,0.0,94.0,107.0,0.0,2635.0,553.0,3.0,449.0,326.0,301.0,-120.0,14.0,2026,8,29,0,5,Saturday,été,Weekend,10069.0,30.3
France,Données temps réel,2026-08-29,4,2026-08-29 04:15:00,32803.0,33350,33300,37.0,0.0,225.0,34753.0,6768.0,6037.0,731.0,0.0,3012.0,-813.0,1066.0,-12213.0,14.0,-2091,-2960,-2704,-1857,-2538,2.0,35.0,0.0,0.0,94.0,133.0,0.0,2605.0,403.0,3.0,439.0,326.0,301.0,-59.0,28.0,2026,8,29,15,5,Saturday,été,Weekend,9780.0,29.8
France,Données temps réel,2026-08-29,4,2026-08-29 04:30:00,32824.0,33100,33000,37.0,0.0,233.0,34785.0,6838.0,5987.0,851.0,0.0,2991.0,-811.0,1067.0,-12326.0,14.0,-2091,-2960,-2704,-1857,-2662,2.0,35.0,0.0,0.0,94.0,141.0,0.0,2552.0,435.0,4.0,441.0,326.0,301.0,-10.0,20.0,2026,8,29,30,5,Saturday,été,Weekend,9829.0,29.9
France,Données temps réel,2026-08-29,4,2026-08-29 04:45:00,32745.0,33100,33000,37.0,0.0,221.0,34792.0,6983.0,5925.0,1058.0,0.0,2962.0,-977.0,1067.0,-12354.0,14.0,-2091,-2960,-2704,-1857,-2734,2.0,35.0,0.0,0.0,94.0,128.0,0.0,2521.0,436.0,4.0,443.0,323.0,301.0,-4.0,20.0,2026,8,29,45,5,Saturday,été,Weekend,9945.0,30.4
France,Données temps réel,2026-08-29,5,2026-08-29 05:00:00,32896.0,33100,33000,37.0,0.0,238.0,34803.0,6999.0,5941.0,1058.0,0.0,2879.0,-973.0,1067.0,-12161.0,14.0,-1725,-2960,-2704,-1857,-2612,2.0,35.0,0.0,0.0,95.0,145.0,0.0,2452.0,423.0,4.0,444.0,323.0,301.0,-14.0,20.0,2026,8,29,0,5,Saturday,été,Weekend,9878.0,30.0
France,Données temps réel,2026-08-29,5,2026-08-29 05:15:00,32974.0,33300,33200,37.0,0.0,225.0,34852.0,6965.0,5831.0,1134.0,0.0,2830.0,-974.0,1069.0,-12037.0,14.0,-1725,-2960,-2704,-1857,-2579,2.0,35.0,0.0,0.0,95.0,132.0,0.0,2421.0,405.0,3.0,443.0,325.0,301.0,-4.0,12.0,2026,8,29,15,5,Saturday,été,Weekend,9795.0,29.7
France,Données temps réel,2026-08-29,5,2026-08-29 05:30:00,33355.0,33500,33400,37.0,0.0,257.0,34819.0,7059.0,5872.0,1187.0,0.0,2760.0,-977.0,1064.0,-11739.0,14.0,-1725,-2960,-2704,-1857,-2632,2.0,35.0,0.0,0.0,94.0,165.0,0.0,2354.0,402.0,4.0,437.0,326.0,301.0,-7.0,82.0,2026,8,29,30,5,Saturday,été,Weekend,9819.0,29.4
France,Données temps réel,2026-08-29,5,2026-08-29 05:45:00,33294.0,33700,33600,37.0,0.0,230.0,34863.0,6973.0,5725.0,1247.0,0.0,2731.0,-812.0,1069.0,-11796.0,14.0,-1725,-2960,-2704,-1857,-2446,2.0,35.0,0.0,0.0,94.0,137.0,0.0,2322.0,404.0,4.0,443.0,325.0,301.0,-9.0,10.0,2026,8,29,45,5,Saturday,été,Weekend,9704.0,29.1
France,Données temps réel,2026-08-29,6,2026-08-29 06:00:00,33639.0,33900,33800,37.0,0.0,253.0,34889.0,7016.0,5758.0,1259.0,219.0,2736.0,-808.0,1069.0,-11822.0,14.0,-2024,-2960,-2704,-1857,-1412,2.0,35.0,0.0,0.0,94.0,160.0,0.0,2324.0,407.0,4.0,445.0,323.0,301.0,-3.0,55.0,2026,8,29,0,5,Saturday,été,Weekend,9971.0,29.6
France,Données temps réel,2026-08-29,6,2026-08-29 06:15:00,34303.0,34100,34000,37.0,0.0,265.0,34889.0,6900.0,5769.0,1131.0,222.0,2735.0,-810.0,1067.0,-11031.0,15.0,-2024,-2960,-2704,-1857,-1560,2.0,35.0,0.0,0.0,95.0,173.0,0.0,2301.0,430.0,3.0,443.0,323.0,301.0,0.0,30.0,2026,8,29,15,5,Saturday,été,Weekend,9857.0,28.7
France,Données temps réel,2026-08-29,6,2026-08-29 06:30:00,34470.0,34300,34200,37.0,0.0,270.0,34903.0,7031.0,5862.0,1169.0,219.0,2738.0,-810.0,1066.0,-10985.0,15.0,-2024,-2960,-2704,-1857,-1896,2.0,35.0,0.0,0.0,95.0,177.0,0.0,2306.0,427.0,4.0,443.0,323.0,301.0,-11.0,12.0,2026,8,29,30,5,Saturday,été,Weekend,9988.0,29.0
France,Données temps réel,2026-08-29,6,2026-08-29 06:45:00,34344.0,34350,34250,37.0,0.0,221.0,34923.0,7119.0,6011.0,1108.0,223.0,2834.0,-809.0,1064.0,-11282.0,14.0,-2024,-2960,-2704,-1857,-1810,2.0,35.0,0.0,0.0,95.0,128.0,0.0,2350.0,441.0,43.0,439.0,324.0,301.0,-11.0,26.0,2026,8,29,45,5,Saturday,été,Weekend,10176.0,29.6
France,Données temps réel,2026-08-29,7,2026-08-29 07:00:00,34386.0,34400,34300,37.0,0.0,252.0,34918.0,7301.0,6118.0,1183.0,246.0,3068.0,-965.0,1055.0,-11530.0,14.0,-3201,-2960,-2874,-1857,-1003,2.0,35.0,0.0,0.0,95.0,159.0,0.0,2367.0,659.0,42.0,432.0,322.0,301.0,-4.0,10.0,2026,8,29,0,5,Saturday,été,Weekend,10615.0,30.9
France,Données temps réel,2026-08-29,7,2026-08-29 07:15:00,34321.0,34650,34600,37.0,0.0,279.0,34851.0,7787.0,6458.0,1329.0,346.0,3374.0,-968.0,1054.0,-12570.0,14.0,-3201,-2960,-2874,-1857,-1214,2.0,35.0,0.0,0.0,95.0,186.0,0.0,2377.0,881.0,116.0,434.0,319.0,301.0,-13.0,145.0,2026,8,29,15,5,Saturday,été,Weekend,11507.0,33.5
France,Données temps réel,2026-08-29,7,2026-08-29 07:30:00,34552.0,34900,34900,37.0,0.0,290.0,34818.0,8048.0,6652.0,1396.0,466.0,3372.0,-967.0,1056.0,-12646.0,14.0,-3201,-2960,-2874,-1857,-1262,2.0,35.0,0.0,0.0,98.0,194.0,0.0,2381.0,877.0,114.0,435.0,320.0,301.0,-10.0,88.0,2026,8,29,30,5,Saturday,été,Weekend,11886.0,34.4
France,Données temps réel,2026-08-29,7,2026-08-29 07:45:00,34847.0,35100,35100,37.0,0.0,280.0,34733.0,8080.0,6649.0,1431.0,765.0,3218.0,-967.0,1066.0,-12418.0,14.0,-3201,-2912,-2874,-1857,-1224,2.0,35.0,0.0,0.0,94.0,187.0,0.0,2355.0,757.0,107.0,443.0,323.0,301.0,-14.0,67.0,2026,8,29,45,5,Saturday,été,Weekend,12063.0,34.6
France,Données temps réel,2026-08-29,8,2026-08-29 08:00:00,35462.0,35300,35300,37.0,0.0,277.0,34664.0,7962.0,6505.0,1458.0,1246.0,3190.0,-963.0,1060.0,-11999.0,14.0,-3778,-2863,-2874,-1857,-708,2.0,35.0,0.0,0.0,94.0,184.0,0.0,2356.0,737.0,97.0,436.0,323.0,301.0,-15.0,3.0,2026,8,29,0,5,Saturday,été,Weekend,12398.0,35.0
France,Données temps réel,2026-08-29,8,2026-08-29 08:15:00,35816.0,35950,35950,36.0,0.0,307.0,34537.0,7881.0,6388.0,1493.0,2010.0,3384.0,-1470.0,1066.0,-11923.0,14.0,-3778,-2902,-2874,-1857,-701,1.0,35.0,0.0,0.0,101.0,207.0,0.0,2356.0,707.0,321.0,444.0,321.0,301.0,-12.0,1.0,2026,8,29,15,5,Saturday,été,Weekend,13275.0,37.1
France,Données temps réel,2026-08-29,8,2026-08-29 08:30:00,36379.0,36600,36600,37.0,0.0,271.0,34240.0,7923.0,6390.0,1533.0,2704.0,3207.0,-1466.0,1069.0,-11580.0,14.0,-3778,-2874,-2874,-1857,-679,2.0,35.0,0.0,0.0,94.0,179.0,0.0,2332.0,653.0,221.0,445.0,323.0,301.0,-26.0,0.0,2026,8,29,30,5,Saturday,été,Weekend,13834.0,38.0
France,Données temps réel,2026-08-29,8,2026-08-29 08:45:00,36930.0,37100,37100,37.0,0.0,302.0,34031.0,8134.0,6591.0,1543.0,3802.0,3297.0,-1627.0,1069.0,-12059.0,14.0,-3778,-2960,-2874,-1855,-81,2.0,35.0,0.0,0.0,95.0,209.0,0.0,2320.0,654.0,323.0,445.0,323.0,301.0,-55.0,1.0,2026,8,29,45,5,Saturday,été,Weekend,15233.0,41.2
France,Données temps réel,2026-08-29,9,2026-08-29 09:00:00,37554.0,37600,37600,37.0,0.0,253.0,33394.0,8203.0,6633.0,1570.0,4637.0,3222.0,-1693.0,1066.0,-11506.0,13.0,-3681,-2960,-2874,-1857,912,2.0,35.0,0.0,0.0,95.0,160.0,0.0,2336.0,551.0,334.0,442.0,324.0,301.0,-53.0,2.0,2026,8,29,0,5,Saturday,été,Weekend,16062.0,42.8
France,Données temps réel,2026-08-29,9,2026-08-29 09:15:00,38511.0,38250,38250,37.0,0.0,252.0,32664.0,8509.0,6908.0,1601.0,5778.0,2748.0,-1717.0,1074.0,-10712.0,13.0,-3681,-2940,-2874,-1857,401,2.0,35.0,0.0,0.0,95.0,159.0,0.0,2298.0,429.0,21.0,451.0,323.0,301.0,-118.0,0.0,2026,8,29,15,5,Saturday,été,Weekend,17035.0,44.2
France,Données temps réel,2026-08-29,9,2026-08-29 09:30:00,38716.0,38900,38900,37.0,0.0,228.0,32415.0,8804.0,7166.0,1638.0,6642.0,2721.0,-1562.0,1068.0,-11506.0,13.0,-3681,-2448,-2874,-1857,-645,2.0,35.0,0.0,0.0,95.0,135.0,0.0,2271.0,430.0,21.0,444.0,323.0,301.0,-125.0,0.0,2026,8,29,30,5,Saturday,été,Weekend,18167.0,46.9
France,Données temps réel,2026-08-29,9,2026-08-29 09:45:00,39298.0,39400,39400,37.0,0.0,223.0,32380.0,9018.0,7348.0,1670.0,7779.0,2950.0,-1577.0,1073.0,-12440.0,12.0,-3681,-2524,-2874,-1857,-1287,2.0,35.0,0.0,0.0,95.0,130.0,0.0,2257.0,672.0,21.0,450.0,322.0,301.0,-138.0,0.0,2026,8,29,45,5,Saturday,été,Weekend,19747.0,50.2
France,Données temps réel,2026-08-29,10,2026-08-29 10:00:00,39401.0,39900,39900,37.0,0.0,253.0,32465.0,9304.0,7653.0,1651.0,8560.0,2920.0,-1806.0,1064.0,-13158.0,12.0,-3828,-1519,-2874,-1785,-2725,2.0,35.0,0.0,0.0,94.0,161.0,0.0,2354.0,545.0,21.0,440.0,323.0,301.0,-234.0,0.0,2026,8,29,0,5,Saturday,été,Weekend,20784.0,52.7
France,Données temps réel,2026-08-29,10,2026-08-29 10:15:00,40415.0,39950,39950,37.0,0.0,264.0,32374.0,9676.0,8032.0,1643.0,9923.0,2923.0,-1926.0,1064.0,-13723.0,12.0,-3828,-1484,-2874,-1785,-2420,2.0,35.0,0.0,0.0,95.0,171.0,0.0,2363.0,540.0,20.0,440.0,324.0,301.0,-174.0,0.0,2026,8,29,15,5,Saturday,été,Weekend,22522.0,55.7
France,Données temps réel,2026-08-29,10,2026-08-29 10:30:00,40492.0,40000,40000,36.0,0.0,249.0,32510.0,8383.0,6718.0,1665.0,8481.0,3135.0,-1927.0,1070.0,-12748.0,12.0,-3828,-479,-2874,-1785,-1824,1.0,35.0,0.0,0.0,95.0,156.0,0.0,2354.0,662.0,120.0,449.0,321.0,301.0,-154.0,3.0,2026,8,29,30,5,Saturday,été,Weekend,19999.0,49.4
France,Données temps réel,2026-08-29,10,2026-08-29 10:45:00,40569.0,40250,40250,37.0,0.0,256.0,32026.0,7915.0,6195.0,1719.0,8494.0,2911.0,-1937.0,1073.0,-10339.0,13.0,-3828,-458,-2874,-1785,-1323,2.0,35.0,0.0,0.0,95.0,163.0,0.0,2288.0,524.0,99.0,450.0,323.0,301.0,-158.0,10.0,2026,8,29,45,5,Saturday,été,Weekend,19320.0,47.6
France,Données temps réel,2026-08-29,11,2026-08-29 11:00:00,41024.0,40500,40500,37.0,0.0,305.0,32008.0,7911.0,6242.0,1670.0,9589.0,2688.0,-2042.0,1064.0,-10367.0,13.0,-3778,500,-2874,-1557,-2554,2.0,35.0,0.0,0.0,95.0,212.0,0.0,2255.0,369.0,64.0,442.0,321.0,301.0,-169.0,1.0,2026,8,29,0,5,Saturday,été,Weekend,20188.0,49.2
France,Données temps réel,2026-08-29,11,2026-08-29 11:15:00,41554.0,40950,40950,36.0,0.0,305.0,31798.0,7973.0,6319.0,1653.0,10202.0,2565.0,-2033.0,1071.0,-10124.0,13.0,-3778,1480,-2874,-1557,-1819,1.0,35.0,0.0,0.0,94.0,213.0,0.0,2268.0,293.0,4.0,448.0,322.0,301.0,-261.0,23.0,2026,8,29,15,5,Saturday,été,Weekend,20740.0,49.9
France,Données temps réel,2026-08-29,11,2026-08-29 11:30:00,41979.0,41400,41400,37.0,0.0,241.0,31103.0,7859.0,6235.0,1624.0,10560.0,2568.0,-2032.0,1067.0,-9212.0,12.0,-3778,1558,-2874,-1557,-1573,2.0,35.0,0.0,0.0,94.0,149.0,0.0,2269.0,295.0,4.0,445.0,322.0,301.0,-248.0,37.0,2026,8,29,30,5,Saturday,été,Weekend,20987.0,50.0
France,Données temps réel,2026-08-29,11,2026-08-29 11:45:00,42932.0,41750,41800,37.0,0.0,242.0,30638.0,8189.0,6430.0,1758.0,10772.0,2614.0,-2032.0,1065.0,-8393.0,12.0,-3778,1519,-2874,-1557,-935,2.0,35.0,0.0,0.0,94.0,151.0,0.0,2330.0,280.0,3.0,444.0,321.0,301.0,-245.0,45.0,2026,8,29,45,5,Saturday,été,Weekend,21575.0,50.3
France,Données temps réel,2026-08-29,12,2026-08-29 12:00:00,43501.0,42100,42200,36.0,0.0,276.0,30477.0,8401.0,6542.0,1859.0,11070.0,2640.0,-2334.0,1068.0,-7924.0,12.0,-3578,663,-3238,-1570,-897,1.0,35.0,0.0,0.0,94.0,184.0,0.0,2329.0,306.0,4.0,448.0,320.0,301.0,-257.0,49.0,2026,8,29,0,5,Saturday,été,Weekend,22111.0,50.8
France,Données temps réel,2026-08-29,12,2026-08-29 12:15:00,43699.0,42200,42400,37.0,0.0,270.0,30278.0,8358.0,6469.0,1889.0,11195.0,2665.0,-2321.0,1067.0,-7756.0,12.0,-3578,987,-3238,-1593,-662,2.0,35.0,0.0,0.0,94.0,177.0,0.0,2350.0,311.0,3.0,448.0,319.0,301.0,-109.0,17.0,2026,8,29,15,5,Saturday,été,Weekend,22218.0,50.8
France,Données temps réel,2026-08-29,12,2026-08-29 12:30:00,44173.0,42300,42600,37.0,0.0,255.0,29975.0,8432.0,6555.0,1877.0,11404.0,2671.0,-2330.0,1047.0,-7241.0,12.0,-3578,1027,-3238,-1584,-697,2.0,35.0,0.0,0.0,95.0,163.0,0.0,2360.0,307.0,4.0,442.0,305.0,301.0,-108.0,32.0,2026,8,29,30,5,Saturday,été,Weekend,22507.0,51.0
France,Données temps réel,2026-08-29,12,2026-08-29 12:45:00,44529.0,42950,43300,37.0,0.0,270.0,29909.0,8610.0,6731.0,1879.0,11460.0,2675.0,-2325.0,1049.0,-7092.0,12.0,-3578,883,-3219,-1585,-911,2.0,35.0,0.0,0.0,94.0,177.0,0.0,2365.0,306.0,3.0,446.0,302.0,301.0,-95.0,32.0,2026,8,29,45,5,Saturday,été,Weekend,22745.0,51.1
France,Données temps réel,2026-08-29,13,2026-08-29 13:00:00,43738.0,43600,44000,37.0,0.0,270.0,29776.0,8477.0,6624.0,1852.0,11184.0,2694.0,-2479.0,1047.0,-7182.0,12.0,-3481,560,-3171,-1505,483,2.0,35.0,0.0,0.0,94.0,177.0,0.0,2380.0,311.0,3.0,444.0,302.0,301.0,-116.0,32.0,2026,8,29,0,5,Saturday,été,Weekend,22355.0,51.1
France,Données temps réel,2026-08-29,13,2026-08-29 13:15:00,43674.0,42950,43250,37.0,0.0,254.0,29427.0,8412.0,6534.0,1878.0,11466.0,2695.0,-2487.0,1050.0,-7168.0,12.0,-3481,451,-3171,-1495,33,2.0,35.0,0.0,0.0,94.0,161.0,0.0,2378.0,309.0,8.0,446.0,303.0,301.0,-25.0,15.0,2026,8,29,15,5,Saturday,été,Weekend,22573.0,51.7
France,Données temps réel,2026-08-29,13,2026-08-29 13:30:00,43031.0,42300,42500,37.0,0.0,237.0,29423.0,8545.0,6684.0,1861.0,11581.0,2723.0,-2650.0,1052.0,-7991.0,12.0,-3481,537,-3171,-1507,95,2.0,35.0,0.0,0.0,94.0,144.0,0.0,2408.0,308.0,8.0,450.0,302.0,301.0,-9.0,84.0,2026,8,29,30,5,Saturday,été,Weekend,22849.0,53.1
France,Données temps réel,2026-08-29,13,2026-08-29 13:45:00,42709.0,42050,42100,37.0,0.0,282.0,29242.0,8412.0,6540.0,1872.0,11547.0,2680.0,-2651.0,1049.0,-7873.0,13.0,-3481,621,-3171,-1505,30,2.0,35.0,0.0,0.0,94.0,190.0,0.0,2390.0,283.0,7.0,446.0,302.0,301.0,-18.0,3.0,2026,8,29,45,5,Saturday,été,Weekend,22639.0,53.0
France,Données temps réel,2026-08-29,14,2026-08-29 14:00:00,42895.0,41800,41700,37.0,0.0,243.0,29166.0,8601.0,6704.0,1898.0,11628.0,2711.0,-2573.0,1050.0,-7910.0,12.0,-3581,1186,-3238,-1135,-1099,2.0,35.0,0.0,0.0,94.0,151.0,0.0,2375.0,329.0,7.0,448.0,301.0,301.0,-59.0,1.0,2026,8,29,0,5,Saturday,été,Weekend,22940.0,53.5
France,Données temps réel,2026-08-29,14,2026-08-29 14:15:00,42874.0,42300,42150,36.0,0.0,215.0,29014.0,9014.0,7124.0,1890.0,12012.0,2728.0,-2570.0,1046.0,-8480.0,12.0,-3581,952,-3238,-1282,-1826,1.0,35.0,0.0,0.0,94.0,123.0,0.0,2357.0,324.0,47.0,445.0,300.0,301.0,-140.0,0.0,2026,8,29,15,5,Saturday,été,Weekend,23754.0,55.4
France,Données temps réel,2026-08-29,14,2026-08-29 14:30:00,42068.0,42800,42600,37.0,0.0,244.0,29096.0,9229.0,7355.0,1873.0,11693.0,2713.0,-2391.0,1050.0,-9566.0,12.0,-3581,1158,-3184,-1285,-2192,2.0,35.0,0.0,0.0,94.0,152.0,0.0,2335.0,327.0,50.0,449.0,300.0,301.0,-43.0,8.0,2026,8,29,30,5,Saturday,été,Weekend,23635.0,56.2
France,Données temps réel,2026-08-29,14,2026-08-29 14:45:00,42025.0,42400,42550,37.0,0.0,270.0,29138.0,9368.0,7491.0,1876.0,11575.0,2742.0,-2388.0,1046.0,-9721.0,12.0,-3581,1477,-3238,-1318,-2639,2.0,35.0,0.0,0.0,94.0,178.0,0.0,2353.0,337.0,52.0,445.0,300.0,301.0,-43.0,1.0,2026,8,29,45,5,Saturday,été,Weekend,23685.0,56.4
France,Données temps réel,2026-08-29,15,2026-08-29 15:00:00,41923.0,42000,42500,37.0,0.0,249.0,29014.0,9153.0,7267.0,1887.0,11422.0,2754.0,-2391.0,1050.0,-9326.0,12.0,-3481,2020,-3218,-1830,-2667,2.0,35.0,0.0,0.0,94.0,156.0,0.0,2359.0,338.0,57.0,449.0,301.0,301.0,-41.0,2.0,2026,8,29,0,5,Saturday,été,Weekend,23329.0,55.6
France,Données temps réel,2026-08-29,15,2026-08-29 15:15:00,42152.0,41650,42200,37.0,0.0,234.0,29485.0,9072.0,7213.0,1860.0,11232.0,2786.0,-1593.0,1046.0,-10099.0,12.0,-3481,2154,-3218,-1854,-3252,2.0,35.0,0.0,0.0,94.0,142.0,0.0,2369.0,356.0,61.0,444.0,301.0,301.0,-65.0,17.0,2026,8,29,15,5,Saturday,été,Weekend,23090.0,54.8
France,Données temps réel,2026-08-29,15,2026-08-29 15:30:00,41537.0,41300,41900,37.0,0.0,265.0,29891.0,8901.0,7143.0,1757.0,11062.0,2794.0,-1593.0,1052.0,-10889.0,12.0,-3481,2154,-3218,-1854,-3519,2.0,35.0,0.0,0.0,94.0,173.0,0.0,2354.0,400.0,40.0,449.0,302.0,301.0,-1.0,19.0,2026,8,29,30,5,Saturday,été,Weekend,22757.0,54.8
France,Données temps réel,2026-08-29,15,2026-08-29 15:45:00,41474.0,40750,41350,37.0,0.0,272.0,30365.0,8749.0,7111.0,1638.0,10804.0,2842.0,-1594.0,1046.0,-11022.0,12.0,-3481,2189,-3218,-1854,-4681,2.0,35.0,0.0,0.0,94.0,180.0,0.0,2413.0,421.0,8.0,446.0,300.0,301.0,-25.0,1.0,2026,8,29,45,5,Saturday,été,Weekend,22395.0,54.0
France,Données temps réel,2026-08-29,16,2026-08-29 16:00:00,41310.0,40200,40800,36.0,0.0,241.0,30451.0,8569.0,6975.0,1594.0,10495.0,2855.0,-1438.0,1040.0,-10931.0,12.0,-3433,1928,-3218,-1857,-3973,1.0,35.0,0.0,0.0,94.0,149.0,0.0,2435.0,370.0,49.0,448.0,291.0,301.0,-8.0,2.0,2026,8,29,0,5,Saturday,été,Weekend,21919.0,53.1
France,Données temps réel,2026-08-29,16,2026-08-29 16:15:00,41326.0,40050,40650,37.0,0.0,256.0,30871.0,8493.0,6801.0,1691.0,10214.0,3204.0,-1492.0,1042.0,-11056.0,12.0,-3433,2068,-3218,-1857,-4210,2.0,35.0,0.0,0.0,94.0,164.0,0.0,2430.0,371.0,403.0,449.0,293.0,301.0,-244.0,3.0,2026,8,29,15,5,Saturday,été,Weekend,21911.0,53.0
France,Données temps réel,2026-08-29,16,2026-08-29 16:30:00,40930.0,39900,40500,37.0,0.0,303.0,30957.0,8463.0,6836.0,1627.0,9780.0,3197.0,-1502.0,1040.0,-11152.0,13.0,-3433,2022,-3218,-1857,-4342,2.0,35.0,0.0,0.0,94.0,211.0,0.0,2348.0,369.0,481.0,442.0,298.0,301.0,-195.0,4.0,2026,8,29,30,5,Saturday,été,Weekend,21440.0,52.4
France,Données temps réel,2026-08-29,16,2026-08-29 16:45:00,40497.0,40100,40750,37.0,0.0,308.0,31197.0,8782.0,7092.0,1691.0,9394.0,3086.0,-1504.0,1044.0,-11572.0,13.0,-3433,2200,-3218,-1857,-4563,2.0,35.0,0.0,0.0,94.0,216.0,0.0,2395.0,364.0,326.0,445.0,298.0,301.0,-279.0,4.0,2026,8,29,45,5,Saturday,été,Weekend,21262.0,52.5
France,Données temps réel,2026-08-29,17,2026-08-29 17:00:00,40768.0,40300,41000,37.0,0.0,275.0,31427.0,8900.0,7140.0,1761.0,9004.0,3085.0,-1507.0,1036.0,-11380.0,12.0,-3430,2200,-3218,-1857,-5254,2.0,35.0,0.0,0.0,94.0,182.0,0.0,2317.0,355.0,413.0,436.0,299.0,301.0,-112.0,4.0,2026,8,29,0,5,Saturday,été,Weekend,20989.0,51.5
France,Données temps réel,2026-08-29,17,2026-08-29 17:15:00,40082.0,40050,40750,37.0,0.0,296.0,31933.0,9439.0,7690.0,1748.0,8505.0,2854.0,-1500.0,1048.0,-12294.0,12.0,-3430,2200,-3218,-1857,-5594,2.0,35.0,0.0,0.0,94.0,204.0,0.0,2296.0,369.0,188.0,443.0,304.0,301.0,-238.0,4.0,2026,8,29,15,5,Saturday,été,Weekend,20798.0,51.9
France,Données temps réel,2026-08-29,17,2026-08-29 17:30:00,40334.0,39800,40500,37.0,0.0,314.0,32412.0,9435.0,7779.0,1656.0,7919.0,2902.0,-1500.0,1053.0,-12254.0,13.0,-3430,2200,-3218,-1857,-6014,2.0,35.0,0.0,0.0,94.0,222.0,0.0,2257.0,382.0,264.0,448.0,304.0,301.0,-7.0,24.0,2026,8,29,30,5,Saturday,été,Weekend,20256.0,50.2
France,Données temps réel,2026-08-29,17,2026-08-29 17:45:00,40384.0,40150,40800,37.0,0.0,313.0,32981.0,9428.0,7825.0,1603.0,7308.0,3407.0,-1448.0,1049.0,-13115.0,12.0,-3430,1300,-3218,-1857,-5997,2.0,35.0,0.0,0.0,99.0,216.0,0.0,2234.0,649.0,525.0,445.0,302.0,301.0,-6.0,431.0,2026,8,29,45,5,Saturday,été,Weekend,20143.0,49.9
France,Données temps réel,2026-08-29,18,2026-08-29 18:00:00,41410.0,40500,41100,37.0,0.0,287.0,32885.0,10275.0,8681.0,1593.0,6651.0,3727.0,-1571.0,1041.0,-13654.0,12.0,-3531,337,-3309,-1857,-6124,2.0,35.0,0.0,0.0,105.0,184.0,0.0,2229.0,925.0,573.0,439.0,302.0,301.0,-1.0,116.0,2026,8,29,0,5,Saturday,été,Weekend,20653.0,49.9
France,Données temps réel,2026-08-29,18,2026-08-29 18:15:00,42583.0,40950,41500,37.0,0.0,267.0,33149.0,13525.0,11960.0,1565.0,6944.0,3605.0,-1566.0,1043.0,-14318.0,11.0,-3531,534,-3309,-1857,-6065,2.0,35.0,0.0,0.0,94.0,176.0,0.0,2334.0,1024.0,247.0,439.0,303.0,301.0,-131.0,5.0,2026,8,29,15,5,Saturday,été,Weekend,24074.0,56.5
France,Données temps réel,2026-08-29,18,2026-08-29 18:30:00,42771.0,41400,41900,37.0,0.0,273.0,33888.0,13580.0,12003.0,1577.0,6066.0,3637.0,-1557.0,1047.0,-14195.0,11.0,-3531,219,-3309,-1857,-5670,2.0,35.0,0.0,0.0,94.0,181.0,0.0,2343.0,1041.0,253.0,441.0,305.0,301.0,-10.0,6.0,2026,8,29,30,5,Saturday,été,Weekend,23283.0,54.4
France,Données temps réel,2026-08-29,18,2026-08-29 18:45:00,43162.0,41800,42250,37.0,0.0,241.0,34325.0,13420.0,11840.0,1580.0,5223.0,3605.0,-908.0,1051.0,-13848.0,11.0,-3531,900,-3309,-1857,-5481,2.0,35.0,0.0,0.0,94.0,149.0,0.0,2426.0,1137.0,42.0,444.0,306.0,301.0,-3.0,20.0,2026,8,29,45,5,Saturday,été,Weekend,22248.0,51.5
France,Données temps réel,2026-08-29,19,2026-08-29 19:00:00,43365.0,42200,42600,37.0,0.0,251.0,34262.0,13395.0,11862.0,1532.0,4062.0,4015.0,-319.0,1051.0,-13443.0,11.0,-3480,901,-3158,-1857,-5004,2.0,35.0,0.0,0.0,103.0,150.0,0.0,2486.0,1264.0,264.0,443.0,307.0,301.0,-17.0,73.0,2026,8,29,0,5,Saturday,été,Weekend,21472.0,49.5
France,Données temps réel,2026-08-29,19,2026-08-29 19:15:00,43421.0,42700,43050,66.0,0.0,314.0,34722.0,13170.0,11688.0,1481.0,3195.0,4548.0,-317.0,1048.0,-13319.0,12.0,-3480,535,-3158,-1857,-4913,31.0,35.0,0.0,0.0,124.0,191.0,0.0,2612.0,1391.0,546.0,441.0,306.0,301.0,-34.0,28.0,2026,8,29,15,5,Saturday,été,Weekend,20913.0,48.2
France,Données temps réel,2026-08-29,19,2026-08-29 19:30:00,43239.0,43200,43500,267.0,0.0,459.0,35007.0,13074.0,11579.0,1494.0,2279.0,5124.0,-316.0,1048.0,-13784.0,16.0,-3480,-400,-3158,-1857,-4441,232.0,35.0,0.0,161.0,133.0,165.0,0.0,2641.0,1394.0,1088.0,441.0,307.0,301.0,-16.0,98.0,2026,8,29,30,5,Saturday,été,Weekend,20477.0,47.4
France,Données temps réel,2026-08-29,19,2026-08-29 19:45:00,42934.0,42850,43100,266.0,0.0,423.0,35142.0,12999.0,11581.0,1418.0,1630.0,5551.0,-317.0,1045.0,-13815.0,16.0,-3480,-1203,-3074,-1857,-4104,231.0,35.0,0.0,154.0,125.0,144.0,0.0,2720.0,1555.0,1276.0,435.0,309.0,301.0,-3.0,16.0,2026,8,29,45,5,Saturday,été,Weekend,20180.0,47.0
France,Données temps réel,2026-08-29,20,2026-08-29 20:00:00,42529.0,42500,42700,265.0,0.0,434.0,35335.0,12996.0,11580.0,1416.0,1062.0,5998.0,-317.0,1047.0,-14334.0,16.0,-3507,-2200,-2874,-947,-4177,230.0,35.0,0.0,154.0,129.0,151.0,0.0,2804.0,1575.0,1619.0,439.0,308.0,301.0,-10.0,55.0,2026,8,29,0,5,Saturday,été,Weekend,20056.0,47.2
France,Données temps réel,2026-08-29,20,2026-08-29 20:15:00,42253.0,42150,42350,264.0,0.0,488.0,35413.0,12864.0,11496.0,1369.0,671.0,6262.0,-318.0,1047.0,-14775.0,16.0,-3507,-3052,-2874,-845,-4129,229.0,35.0,0.0,153.0,134.0,200.0,0.0,2842.0,1308.0,2112.0,439.0,307.0,301.0,-8.0,345.0,2026,8,29,15,5,Saturday,été,Weekend,19797.0,46.9
France,Données temps réel,2026-08-29,20,2026-08-29 20:30:00,41961.0,41800,42000,264.0,0.0,441.0,35496.0,12758.0,11466.0,1292.0,411.0,6364.0,-319.0,1045.0,-14828.0,16.0,-3507,-3052,-2874,-744,-3967,229.0,35.0,0.0,156.0,134.0,151.0,0.0,2913.0,1288.0,2163.0,438.0,306.0,301.0,-17.0,346.0,2026,8,29,30,5,Saturday,été,Weekend,19533.0,46.6
France,Données temps réel,2026-08-29,20,2026-08-29 20:45:00,41805.0,41650,41900,265.0,0.0,435.0,35581.0,12649.0,11359.0,1290.0,253.0,6049.0,-160.0,1040.0,-14624.0,16.0,-3507,-3052,-2874,-790,-4051,230.0,35.0,0.0,157.0,136.0,143.0,0.0,2875.0,1252.0,1922.0,432.0,307.0,301.0,-22.0,339.0,2026,8,29,45,5,Saturday,été,Weekend,18951.0,45.3
France,Données temps réel,2026-08-29,21,2026-08-29 21:00:00,42190.0,41500,41800,265.0,0.0,468.0,35619.0,12573.0,11300.0,1272.0,207.0,6098.0,-159.0,1043.0,-14260.0,16.0,-3433,-3052,-2874,-1514,-3003,230.0,35.0,0.0,158.0,136.0,174.0,0.0,2882.0,1265.0,1951.0,437.0,306.0,301.0,-6.0,343.0,2026,8,29,0,5,Saturday,été,Weekend,18878.0,44.7
France,Données temps réel,2026-08-29,21,2026-08-29 21:15:00,41844.0,41550,41850,265.0,0.0,475.0,35606.0,12338.0,11079.0,1259.0,216.0,6015.0,-160.0,1037.0,-14271.0,16.0,-3433,-3052,-2874,-1466,-3249,230.0,35.0,0.0,157.0,139.0,178.0,0.0,2862.0,1257.0,1896.0,431.0,306.0,301.0,-11.0,335.0,2026,8,29,15,5,Saturday,été,Weekend,18569.0,44.4
France,Données temps réel,2026-08-29,21,2026-08-29 21:30:00,41366.0,41600,41900,177.0,0.0,436.0,35643.0,12370.0,11027.0,1342.0,211.0,5871.0,-159.0,1038.0,-14530.0,15.0,-3433,-3052,-2874,-1341,-3261,142.0,35.0,0.0,160.0,134.0,142.0,0.0,2882.0,1269.0,1720.0,430.0,307.0,301.0,-26.0,335.0,2026,8,29,30,5,Saturday,été,Weekend,18452.0,44.6
France,Données temps réel,2026-08-29,21,2026-08-29 21:45:00,40874.0,40950,41150,176.0,0.0,428.0,35643.0,12328.0,10965.0,1363.0,212.0,5701.0,-159.0,1037.0,-14701.0,15.0,-3433,-3052,-2874,-1447,-3393,141.0,35.0,0.0,159.0,131.0,138.0,0.0,2892.0,1158.0,1652.0,430.0,307.0,301.0,-31.0,241.0,2026,8,29,45,5,Saturday,été,Weekend,18241.0,44.6
France,Données temps réel,2026-08-29,22,2026-08-29 22:00:00,40709.0,40300,40400,178.0,0.0,486.0,35614.0,12157.0,10817.0,1340.0,202.0,5358.0,-190.0,1046.0,-14119.0,16.0,-3457,-3052,-2874,-1410,-2402,143.0,35.0,0.0,160.0,133.0,192.0,0.0,2784.0,1091.0,1484.0,438.0,307.0,301.0,-24.0,1.0,2026,8,29,0,5,Saturday,été,Weekend,17717.0,43.5
France,Données temps réel,2026-08-29,22,2026-08-29 22:15:00,41059.0,40800,40850,177.0,0.0,477.0,35547.0,11708.0,10571.0,1136.0,0.0,5347.0,-213.0,1040.0,-13131.0,16.0,-3457,-3052,-2874,-1406,-2452,142.0,35.0,0.0,161.0,139.0,178.0,0.0,2745.0,1067.0,1535.0,433.0,306.0,301.0,-8.0,116.0,2026,8,29,15,5,Saturday,été,Weekend,17055.0,41.5
France,Données temps réel,2026-08-29,22,2026-08-29 22:30:00,41166.0,41300,41300,176.0,0.0,428.0,35624.0,11686.0,10567.0,1119.0,0.0,5251.0,-222.0,1049.0,-12791.0,15.0,-3457,-3052,-2874,-1312,-1806,141.0,35.0,0.0,161.0,136.0,131.0,0.0,2712.0,1042.0,1498.0,440.0,308.0,301.0,-35.0,1.0,2026,8,29,30,5,Saturday,été,Weekend,16937.0,41.1
France,Données temps réel,2026-08-29,22,2026-08-29 22:45:00,41842.0,41900,41800,176.0,0.0,432.0,35592.0,11578.0,10369.0,1209.0,0.0,5747.0,-221.0,1047.0,-12561.0,15.0,-3457,-3046,-2874,-1377,-1894,141.0,35.0,0.0,160.0,115.0,157.0,0.0,2707.0,1162.0,1879.0,439.0,307.0,301.0,-10.0,61.0,2026,8,29,45,5,Saturday,été,Weekend,17325.0,41.4
France,Données temps réel,2026-08-29,23,2026-08-29 23:00:00,41446.0,42500,42300,36.0,0.0,482.0,35620.0,11424.0,10289.0,1135.0,0.0,5462.0,-226.0,1047.0,-12382.0,14.0,-3435,-3052,-3057,-1857,-949,1.0,35.0,0.0,162.0,108.0,212.0,0.0,2708.0,1115.0,1638.0,438.0,308.0,301.0,-18.0,3.0,2026,8,29,0,5,Saturday,été,Weekend,16886.0,40.7
France,Données temps réel,2026-08-29,23,2026-08-29 23:15:00,40928.0,41900,42050,36.0,0.0,425.0,35663.0,11153.0,10091.0,1063.0,0.0,5135.0,-171.0,1057.0,-12403.0,14.0,-3435,-3052,-3254,-1857,-1114,1.0,35.0,0.0,162.0,108.0,155.0,0.0,2700.0,900.0,1535.0,448.0,308.0,301.0,-14.0,51.0,2026,8,29,15,5,Saturday,été,Weekend,16288.0,39.8
France,Données temps réel,2026-08-29,23,2026-08-29 23:30:00,40709.0,41300,41800,36.0,0.0,316.0,35644.0,11260.0,10104.0,1157.0,0.0,5007.0,-377.0,1044.0,-12215.0,13.0,-3435,-3052,-3378,-1851,-284,1.0,35.0,0.0,41.0,97.0,178.0,0.0,2744.0,914.0,1349.0,437.0,306.0,301.0,-8.0,4.0,2026,8,29,30,5,Saturday,été,Weekend,16267.0,40.0
France,Données temps réel,2026-08-29,23,2026-08-29 23:45:00,41072.0,40500,40750,36.0,0.0,726.0,35643.0,11186.0,9983.0,1203.0,0.0,4827.0,-378.0,1046.0,-12014.0,16.0,-3435,-3049,-3378,-1857,-779,1.0,35.0,0.0,0.0,109.0,619.0,0.0,2730.0,871.0,1226.0,438.0,308.0,301.0,-8.0,9.0,2026,8,29,45,5,Saturday,été,Weekend,16013.0,39.0
France,Données temps réel,2026-08-30,0,2026-08-30 00:00:00,40299.0,39700,39700,36.0,0.0,718.0,35583.0,11018.0,9707.0,1311.0,0.0,3909.0,-379.0,1048.0,-11615.0,16.0,-3434,-2960,-3826,-1792,1231,1.0,35.0,0.0,0.0,97.0,623.0,0.0,2714.0,713.0,482.0,440.0,307.0,301.0,-18.0,0.0,2026,8,30,0,6,Sunday,été,Weekend,14927.0,37.0
France,Données temps réel,2026-08-30,0,2026-08-30 00:15:00,40172.0,38950,38950,36.0,0.0,694.0,35588.0,10826.0,9511.0,1315.0,0.0,3627.0,-378.0,1052.0,-11338.0,16.0,-3434,-2960,-3826,-1788,622,1.0,35.0,0.0,0.0,105.0,591.0,0.0,2686.0,625.0,317.0,444.0,308.0,301.0,-2.0,69.0,2026,8,30,15,6,Sunday,été,Weekend,14453.0,36.0
France,Données temps réel,2026-08-30,0,2026-08-30 00:30:00,39207.0,38200,38200,36.0,0.0,699.0,35513.0,10587.0,9378.0,1209.0,0.0,3599.0,-378.0,1045.0,-11947.0,16.0,-3434,-2960,-3826,-1782,-444,1.0,35.0,0.0,0.0,106.0,595.0,0.0,2681.0,607.0,311.0,437.0,307.0,301.0,-3.0,57.0,2026,8,30,30,6,Sunday,été,Weekend,14186.0,36.2
France,Données temps réel,2026-08-30,0,2026-08-30 00:45:00,37538.0,37150,37150,35.0,0.0,312.0,35521.0,10366.0,9148.0,1217.0,0.0,3400.0,-539.0,1053.0,-12622.0,13.0,-3434,-2960,-3826,-1786,-541,0.0,35.0,0.0,0.0,95.0,219.0,0.0,2669.0,514.0,217.0,445.0,307.0,301.0,-28.0,42.0,2026,8,30,45,6,Sunday,été,Weekend,13766.0,36.7
France,Données temps réel,2026-08-30,1,2026-08-30 01:00:00,36994.0,36100,36100,36.0,0.0,301.0,35461.0,10252.0,9035.0,1217.0,0.0,3425.0,-539.0,1054.0,-12931.0,13.0,-3437,-2960,-3826,-1857,-75,1.0,35.0,0.0,0.0,94.0,208.0,0.0,2681.0,528.0,215.0,445.0,308.0,301.0,-104.0,41.0,2026,8,30,0,6,Sunday,été,Weekend,13677.0,37.0
France,Données temps réel,2026-08-30,1,2026-08-30 01:15:00,37469.0,36400,36400,36.0,0.0,258.0,35466.0,10061.0,8868.0,1192.0,0.0,3381.0,-538.0,1059.0,-12159.0,13.0,-3437,-2960,-3826,-1852,-401,1.0,35.0,0.0,0.0,95.0,165.0,0.0,2663.0,519.0,199.0,451.0,307.0,301.0,-103.0,9.0,2026,8,30,15,6,Sunday,été,Weekend,13442.0,35.9
France,Données temps réel,2026-08-30,1,2026-08-30 01:30:00,36716.0,36700,36700,37.0,0.0,247.0,35439.0,9999.0,8812.0,1186.0,0.0,3334.0,-539.0,1053.0,-12750.0,13.0,-3437,-2960,-3826,-1848,-350,2.0,35.0,0.0,0.0,95.0,154.0,0.0,2621.0,517.0,196.0,445.0,307.0,301.0,-103.0,1.0,2026,8,30,30,6,Sunday,été,Weekend,13333.0,36.3
France,Données temps réel,2026-08-30,1,2026-08-30 01:45:00,36802.0,36200,36200,36.0,0.0,300.0,35399.0,9976.0,8808.0,1168.0,0.0,3155.0,-377.0,1057.0,-12659.0,14.0,-3437,-2960,-3826,-1850,-734,1.0,35.0,0.0,0.0,95.0,207.0,0.0,2627.0,495.0,33.0,449.0,307.0,301.0,-83.0,0.0,2026,8,30,45,6,Sunday,été,Weekend,13131.0,35.7
France,Données temps réel,2026-08-30,2,2026-08-30 02:00:00,35956.0,35700,35700,36.0,0.0,232.0,35372.0,9813.0,8695.0,1118.0,0.0,3170.0,-377.0,1056.0,-13242.0,13.0,-3584,-2960,-3826,-1857,-514,1.0,35.0,0.0,0.0,94.0,139.0,0.0,2644.0,496.0,31.0,447.0,308.0,301.0,-102.0,0.0,2026,8,30,0,6,Sunday,été,Weekend,12983.0,36.1
France,Données temps réel,2026-08-30,2,2026-08-30 02:15:00,35729.0,35000,35000,35.0,0.0,224.0,35347.0,9530.0,8507.0,1023.0,0.0,3116.0,-582.0,1057.0,-12956.0,13.0,-3584,-2960,-3826,-1857,-1140,0.0,35.0,0.0,0.0,95.0,131.0,0.0,2646.0,438.0,31.0,449.0,307.0,301.0,-62.0,21.0,2026,8,30,15,6,Sunday,été,Weekend,12646.0,35.4
France,Données temps réel,2026-08-30,2,2026-08-30 02:30:00,34270.0,34300,34300,35.0,0.0,270.0,35351.0,8985.0,8140.0,844.0,0.0,3052.0,-581.0,1057.0,-13907.0,14.0,-3584,-2960,-3826,-1857,-1479,0.0,35.0,0.0,0.0,95.0,177.0,0.0,2621.0,427.0,3.0,448.0,308.0,301.0,-54.0,63.0,2026,8,30,30,6,Sunday,été,Weekend,12037.0,35.1
France,Données temps réel,2026-08-30,2,2026-08-30 02:45:00,33795.0,33750,34106,36.0,0.0,272.0,35364.0,8777.0,7930.0,847.0,0.0,3016.0,-582.0,1054.0,-14114.0,14.0,-3584,-2960,-3826,-1857,-1865,1.0,35.0,0.0,0.0,95.0,179.0,0.0,2586.0,426.0,4.0,446.0,307.0,301.0,-59.0,33.0,2026,8,30,45,6,Sunday,été,Weekend,11793.0,34.9
France,Données temps réel,2026-08-30,3,2026-08-30 03:00:00,33153.0,33200,33911,37.0,0.0,243.0,35275.0,8643.0,7776.0,867.0,0.0,3020.0,-579.0,1056.0,-14479.0,14.0,-3535,-2960,-4062,-1857,-2133,2.0,35.0,0.0,0.0,95.0,149.0,0.0,2588.0,428.0,3.0,448.0,308.0,301.0,-63.0,1.0,2026,8,30,0,6,Sunday,été,Weekend,11663.0,35.2
France,Données temps réel,2026-08-30,3,2026-08-30 03:15:00,32449.0,32850,33412,36.0,0.0,242.0,35436.0,8582.0,7685.0,897.0,0.0,2999.0,-580.0,1048.0,-15336.0,13.0,-3535,-2960,-4062,-1857,-2152,1.0,35.0,0.0,0.0,94.0,149.0,0.0,2570.0,426.0,3.0,440.0,308.0,301.0,-42.0,65.0,2026,8,30,15,6,Sunday,été,Weekend,11581.0,35.7
France,Données temps réel,2026-08-30,3,2026-08-30 03:30:00,32392.0,32500,32913,37.0,0.0,297.0,35434.0,8367.0,7480.0,887.0,0.0,3024.0,-577.0,1055.0,-15257.0,14.0,-3535,-2960,-4062,-1857,-2029,2.0,35.0,0.0,0.0,95.0,204.0,0.0,2594.0,427.0,3.0,447.0,308.0,301.0,-26.0,39.0,2026,8,30,30,6,Sunday,été,Weekend,11391.0,35.2
France,Données temps réel,2026-08-30,3,2026-08-30 03:45:00,32190.0,32100,32759,36.0,0.0,257.0,35343.0,8240.0,7313.0,928.0,0.0,3023.0,-580.0,1056.0,-15195.0,14.0,-3535,-2960,-4062,-1857,-2290,1.0,35.0,0.0,0.0,95.0,164.0,0.0,2593.0,426.0,4.0,449.0,307.0,301.0,-3.0,12.0,2026,8,30,45,6,Sunday,été,Weekend,11263.0,35.0
France,Données temps réel,2026-08-30,4,2026-08-30 04:00:00,31960.0,31700,32604,36.0,0.0,250.0,35510.0,8132.0,7192.0,940.0,0.0,3020.0,-787.0,1059.0,-15259.0,14.0,-3583,-2960,-4062,-1857,-2039,1.0,35.0,0.0,0.0,95.0,157.0,0.0,2599.0,418.0,3.0,451.0,307.0,301.0,-4.0,4.0,2026,8,30,0,6,Sunday,été,Weekend,11152.0,34.9
France,Données temps réel,2026-08-30,4,2026-08-30 04:15:00,31807.0,31500,32272,36.0,0.0,266.0,35535.0,7901.0,6960.0,941.0,0.0,2881.0,-788.0,1058.0,-15023.0,14.0,-3583,-2960,-4062,-1857,-2142,1.0,35.0,0.0,0.0,95.0,173.0,0.0,2571.0,306.0,3.0,450.0,307.0,301.0,-78.0,20.0,2026,8,30,15,6,Sunday,été,Weekend,10782.0,33.9
France,Données temps réel,2026-08-30,4,2026-08-30 04:30:00,31621.0,31300,31940,35.0,0.0,289.0,35511.0,7790.0,6854.0,937.0,0.0,2842.0,-784.0,1055.0,-15034.0,14.0,-3583,-2960,-4062,-1857,-1930,0.0,35.0,0.0,0.0,95.0,196.0,0.0,2532.0,307.0,3.0,447.0,308.0,301.0,-86.0,3.0,2026,8,30,30,6,Sunday,été,Weekend,10632.0,33.6
France,Données temps réel,2026-08-30,4,2026-08-30 04:45:00,31839.0,31300,31937,37.0,0.0,233.0,35535.0,7558.0,6661.0,897.0,0.0,2831.0,-950.0,1056.0,-14283.0,14.0,-3583,-2960,-4062,-1857,-1905,2.0,35.0,0.0,0.0,95.0,140.0,0.0,2518.0,309.0,4.0,448.0,308.0,301.0,-179.0,2.0,2026,8,30,45,6,Sunday,été,Weekend,10389.0,32.6
France,Données temps réel,2026-08-30,5,2026-08-30 05:00:00,31379.0,31300,31934,37.0,0.0,238.0,35679.0,7280.0,6392.0,888.0,0.0,2851.0,-945.0,1056.0,-14737.0,14.0,-3583,-2960,-4062,-1857,-1588,2.0,35.0,0.0,0.0,95.0,145.0,0.0,2538.0,310.0,3.0,448.0,307.0,301.0,-84.0,5.0,2026,8,30,0,6,Sunday,été,Weekend,10131.0,32.3
France,Données temps réel,2026-08-30,5,2026-08-30 05:15:00,31620.0,31400,32006,37.0,0.0,282.0,35690.0,7082.0,6205.0,877.0,0.0,2765.0,-947.0,1060.0,-14298.0,14.0,-3583,-2960,-4062,-1857,-1379,2.0,35.0,0.0,0.0,95.0,189.0,0.0,2456.0,306.0,3.0,452.0,307.0,301.0,-51.0,2.0,2026,8,30,15,6,Sunday,été,Weekend,9847.0,31.1
France,Données temps réel,2026-08-30,5,2026-08-30 05:30:00,31510.0,31500,32077,37.0,0.0,262.0,35679.0,6814.0,5950.0,864.0,0.0,2781.0,-948.0,1055.0,-14142.0,14.0,-3583,-2960,-4062,-1857,-1191,2.0,35.0,0.0,0.0,95.0,169.0,0.0,2442.0,335.0,3.0,447.0,307.0,301.0,-44.0,16.0,2026,8,30,30,6,Sunday,été,Weekend,9595.0,30.5
France,Données temps réel,2026-08-30,5,2026-08-30 05:45:00,31453.0,31550,32165,37.0,0.0,245.0,35637.0,6677.0,5722.0,955.0,0.0,2787.0,-786.0,1050.0,-14119.0,14.0,-3583,-2960,-4062,-1857,-1141,2.0,35.0,0.0,0.0,95.0,152.0,0.0,2395.0,389.0,3.0,442.0,307.0,301.0,-90.0,16.0,2026,8,30,45,6,Sunday,été,Weekend,9464.0,30.1
France,Données temps réel,2026-08-30,6,2026-08-30 06:00:00,31603.0,31600,32252,37.0,0.0,265.0,35647.0,6496.0,5509.0,988.0,203.0,2817.0,-792.0,1054.0,-14131.0,14.0,-3433,-2960,-4062,-1857,-1076,2.0,35.0,0.0,0.0,95.0,172.0,0.0,2362.0,451.0,3.0,446.0,308.0,301.0,-24.0,34.0,2026,8,30,0,6,Sunday,été,Weekend,9516.0,30.1
France,Données temps réel,2026-08-30,6,2026-08-30 06:15:00,31741.0,31950,32647,37.0,0.0,284.0,35647.0,6167.0,5375.0,792.0,205.0,2887.0,-789.0,1053.0,-13849.0,14.0,-3433,-2960,-4062,-1857,-894,2.0,35.0,0.0,0.0,95.0,191.0,0.0,2348.0,509.0,30.0,446.0,306.0,301.0,-6.0,106.0,2026,8,30,15,6,Sunday,été,Weekend,9259.0,29.2
France,Données temps réel,2026-08-30,6,2026-08-30 06:30:00,32048.0,32300,33042,37.0,0.0,232.0,35600.0,6010.0,5314.0,696.0,205.0,3177.0,-790.0,1050.0,-13514.0,14.0,-3433,-2960,-4062,-1857,-999,2.0,35.0,0.0,0.0,95.0,139.0,0.0,2338.0,518.0,322.0,443.0,305.0,301.0,-2.0,43.0,2026,8,30,30,6,Sunday,été,Weekend,9392.0,29.3
France,Données temps réel,2026-08-30,6,2026-08-30 06:45:00,32187.0,32150,32864,36.0,0.0,230.0,35708.0,5850.0,5198.0,652.0,206.0,3215.0,-791.0,1050.0,-13317.0,14.0,-3433,-2960,-4062,-1857,-613,1.0,35.0,0.0,0.0,95.0,137.0,0.0,2321.0,584.0,310.0,449.0,301.0,301.0,-9.0,9.0,2026,8,30,45,6,Sunday,été,Weekend,9271.0,28.8
France,Données temps réel,2026-08-30,7,2026-08-30 07:00:00,32035.0,32000,32685,37.0,0.0,273.0,35851.0,5686.0,5057.0,628.0,219.0,3027.0,-948.0,1054.0,-13168.0,14.0,-3434,-2960,-3852,-1857,-796,2.0,35.0,0.0,0.0,95.0,181.0,0.0,2344.0,579.0,103.0,452.0,302.0,301.0,-6.0,10.0,2026,8,30,0,6,Sunday,été,Weekend,8932.0,27.9
France,Données temps réel,2026-08-30,7,2026-08-30 07:15:00,31902.0,31950,32569,36.0,0.0,310.0,35853.0,5740.0,5060.0,680.0,307.0,2896.0,-949.0,1052.0,-13486.0,15.0,-3434,-2960,-3852,-1857,-719,1.0,35.0,0.0,0.0,95.0,217.0,0.0,2316.0,576.0,3.0,451.0,300.0,301.0,-11.0,158.0,2026,8,30,15,6,Sunday,été,Weekend,8943.0,28.0
France,Données temps réel,2026-08-30,7,2026-08-30 07:30:00,32072.0,31900,32452,37.0,0.0,259.0,35780.0,5639.0,5000.0,639.0,426.0,2903.0,-943.0,1043.0,-13085.0,14.0,-3434,-2960,-3852,-1857,-491,2.0,35.0,0.0,0.0,95.0,166.0,0.0,2330.0,570.0,3.0,443.0,299.0,301.0,-6.0,21.0,2026,8,30,30,6,Sunday,été,Weekend,8968.0,28.0
France,Données temps réel,2026-08-30,7,2026-08-30 07:45:00,32015.0,32000,32368,36.0,0.0,263.0,35782.0,5495.0,4806.0,688.0,708.0,2929.0,-1110.0,1052.0,-13130.0,14.0,-3434,-2960,-3852,-1857,-275,1.0,35.0,0.0,0.0,95.0,170.0,0.0,2354.0,571.0,4.0,452.0,299.0,301.0,-15.0,5.0,2026,8,30,45,6,Sunday,été,Weekend,9132.0,28.5
France,Données temps réel,2026-08-30,8,2026-08-30 08:00:00,32543.0,32100,32283,36.0,0.0,284.0,35604.0,5399.0,4693.0,706.0,1137.0,2873.0,-1117.0,1050.0,-12719.0,14.0,-3782,-2960,-3543,-1857,445,1.0,35.0,0.0,0.0,95.0,191.0,0.0,2327.0,543.0,3.0,451.0,299.0,301.0,-9.0,6.0,2026,8,30,0,6,Sunday,été,Weekend,9409.0,28.9
France,Données temps réel,2026-08-30,8,2026-08-30 08:15:00,33463.0,32700,32880,37.0,0.0,251.0,35282.0,5227.0,4511.0,716.0,1874.0,2817.0,-1621.0,1048.0,-11323.0,14.0,-3782,-2960,-3543,-1857,759,2.0,35.0,0.0,0.0,95.0,158.0,0.0,2307.0,410.0,100.0,448.0,300.0,301.0,-129.0,1.0,2026,8,30,15,6,Sunday,été,Weekend,9918.0,29.6
France,Données temps réel,2026-08-30,8,2026-08-30 08:30:00,33653.0,33300,33476,37.0,0.0,239.0,34963.0,4963.0,4281.0,682.0,2611.0,2808.0,-1612.0,1054.0,-11269.0,14.0,-3782,-2960,-3543,-1857,1152,2.0,35.0,0.0,0.0,95.0,146.0,0.0,2303.0,397.0,107.0,451.0,302.0,301.0,-140.0,1.0,2026,8,30,30,6,Sunday,été,Weekend,10382.0,30.9
France,Données temps réel,2026-08-30,8,2026-08-30 08:45:00,34223.0,34050,33822,37.0,0.0,281.0,34170.0,4677.0,4061.0,617.0,3620.0,2735.0,-1620.0,1057.0,-10571.0,14.0,-3782,-2960,-3543,-1857,936,2.0,35.0,0.0,0.0,95.0,188.0,0.0,2255.0,380.0,100.0,453.0,303.0,301.0,-162.0,0.0,2026,8,30,45,6,Sunday,été,Weekend,11032.0,32.2
France,Données temps réel,2026-08-30,9,2026-08-30 09:00:00,34853.0,34800,34168,37.0,0.0,312.0,34292.0,4556.0,3902.0,653.0,4602.0,2697.0,-1784.0,1057.0,-10665.0,14.0,-3849,-2600,-2705,-1857,39,2.0,35.0,0.0,0.0,95.0,219.0,0.0,2251.0,345.0,101.0,454.0,303.0,301.0,-252.0,2.0,2026,8,30,0,6,Sunday,été,Weekend,11855.0,34.0
France,Données temps réel,2026-08-30,9,2026-08-30 09:15:00,35347.0,35300,34642,36.0,0.0,304.0,33930.0,4485.0,3796.0,689.0,5555.0,2681.0,-2210.0,1052.0,-10333.0,14.0,-3849,-1600,-2705,-1857,-366,1.0,35.0,0.0,0.0,94.0,212.0,0.0,2222.0,295.0,164.0,449.0,302.0,301.0,-154.0,0.0,2026,8,30,15,6,Sunday,été,Weekend,12721.0,36.0
France,Données temps réel,2026-08-30,9,2026-08-30 09:30:00,35478.0,35800,35115,36.0,0.0,297.0,33777.0,4551.0,3801.0,750.0,6615.0,2928.0,-2297.0,1053.0,-11393.0,14.0,-3849,-635,-2705,-1857,-2892,1.0,35.0,0.0,0.0,94.0,205.0,0.0,2203.0,624.0,101.0,449.0,303.0,301.0,-101.0,12.0,2026,8,30,30,6,Sunday,été,Weekend,14094.0,39.7
France,Données temps réel,2026-08-30,9,2026-08-30 09:45:00,35831.0,36200,35484,37.0,0.0,298.0,33655.0,4407.0,3775.0,631.0,7728.0,2889.0,-2293.0,1053.0,-11800.0,14.0,-3849,274,-2705,-1857,-4327,2.0,35.0,0.0,0.0,94.0,206.0,0.0,2206.0,676.0,7.0,449.0,304.0,301.0,-42.0,13.0,2026,8,30,45,6,Sunday,été,Weekend,15024.0,41.9
France,Données temps réel,2026-08-30,10,2026-08-30 10:00:00,36392.0,36600,35853,36.0,0.0,309.0,33865.0,3657.0,3016.0,641.0,6797.0,3166.0,-2128.0,1057.0,-11157.0,14.0,-3806,-620,-2492,-1322,-828,1.0,35.0,0.0,0.0,94.0,217.0,0.0,2205.0,954.0,8.0,453.0,304.0,301.0,-156.0,5.0,2026,8,30,0,6,Sunday,été,Weekend,13620.0,37.4
France,Données temps réel,2026-08-30,10,2026-08-30 10:15:00,37153.0,37200,36408,36.0,0.0,261.0,33501.0,3272.0,2522.0,749.0,7234.0,2770.0,-2327.0,1059.0,-8651.0,14.0,-3806,-170,-2705,-1332,382,1.0,35.0,0.0,0.0,94.0,169.0,0.0,2118.0,644.0,8.0,452.0,306.0,301.0,-4.0,4.0,2026,8,30,15,6,Sunday,été,Weekend,13276.0,35.7
France,Données temps réel,2026-08-30,10,2026-08-30 10:30:00,37976.0,37800,36962,36.0,0.0,268.0,33265.0,3205.0,2375.0,830.0,7684.0,2494.0,-2339.0,1058.0,-7693.0,14.0,-3806,533,-2651,-1315,500,1.0,35.0,0.0,0.0,94.0,176.0,0.0,2108.0,378.0,8.0,452.0,306.0,301.0,-2.0,3.0,2026,8,30,30,6,Sunday,été,Weekend,13383.0,35.2
France,Données temps réel,2026-08-30,10,2026-08-30 10:45:00,38066.0,38150,37550,37.0,0.0,271.0,33042.0,2352.0,1959.0,394.0,7550.0,2368.0,-2346.0,1054.0,-6266.0,14.0,-3806,1008,-2590,-1250,1317,2.0,35.0,0.0,0.0,94.0,179.0,0.0,2082.0,280.0,7.0,448.0,305.0,301.0,-3.0,6.0,2026,8,30,45,6,Sunday,été,Weekend,12270.0,32.2
France,Données temps réel,2026-08-30,11,2026-08-30 11:00:00,38021.0,38500,38137,36.0,0.0,273.0,33153.0,1732.0,1619.0,114.0,7380.0,2391.0,-2342.0,1057.0,-5729.0,14.0,-3948,1700,-2674,-830,971,1.0,35.0,0.0,0.0,94.0,181.0,0.0,2097.0,287.0,8.0,451.0,306.0,301.0,-19.0,92.0,2026,8,30,0,6,Sunday,été,Weekend,11503.0,30.3
France,Données temps réel,2026-08-30,11,2026-08-30 11:15:00,38779.0,39250,38676,37.0,0.0,248.0,32676.0,1618.0,1506.0,112.0,7724.0,2366.0,-2345.0,1057.0,-4550.0,14.0,-3948,2069,-2669,-799,1358,2.0,35.0,0.0,0.0,94.0,156.0,0.0,2075.0,283.0,8.0,449.0,307.0,301.0,-57.0,6.0,2026,8,30,15,6,Sunday,été,Weekend,11708.0,30.2
France,Données temps réel,2026-08-30,11,2026-08-30 11:30:00,38935.0,40000,39214,36.0,0.0,249.0,32292.0,1592.0,1485.0,107.0,8041.0,2388.0,-2086.0,1060.0,-4621.0,14.0,-3948,2248,-2705,-703,847,1.0,35.0,0.0,0.0,94.0,157.0,0.0,2091.0,290.0,7.0,454.0,306.0,301.0,-98.0,84.0,2026,8,30,30,6,Sunday,été,Weekend,12021.0,30.9
France,Données temps réel,2026-08-30,11,2026-08-30 11:45:00,39434.0,41350,40357,36.0,0.0,276.0,32482.0,1646.0,1538.0,108.0,8345.0,2424.0,-2042.0,1058.0,-4737.0,14.0,-3948,2145,-2687,-739,1288,1.0,35.0,0.0,0.0,94.0,184.0,0.0,2119.0,297.0,8.0,450.0,307.0,301.0,-97.0,44.0,2026,8,30,45,6,Sunday,été,Weekend,12415.0,31.5
France,Données temps réel,2026-08-30,12,2026-08-30 12:00:00,40211.0,42700,41500,36.0,0.0,225.0,32479.0,1629.0,1514.0,115.0,8647.0,2489.0,-2044.0,1051.0,-4240.0,14.0,-3948,2135,-2848,-456,1149,1.0,35.0,0.0,0.0,94.0,134.0,0.0,2151.0,332.0,6.0,443.0,307.0,301.0,-100.0,39.0,2026,8,30,0,6,Sunday,été,Weekend,12765.0,31.7
France,Données temps réel,2026-08-30,12,2026-08-30 12:15:00,40786.0,42550,41450,37.0,0.0,240.0,32436.0,1632.0,1494.0,138.0,8829.0,2529.0,-2042.0,1059.0,-3886.0,14.0,-3948,1854,-2017,-507,725,2.0,35.0,0.0,0.0,94.0,147.0,0.0,2196.0,328.0,4.0,451.0,307.0,301.0,-51.0,4.0,2026,8,30,15,6,Sunday,été,Weekend,12990.0,31.8
France,Données temps réel,2026-08-30,12,2026-08-30 12:30:00,40446.0,42400,41400,36.0,0.0,237.0,32034.0,1620.0,1513.0,107.0,8751.0,2558.0,-2013.0,1058.0,-3773.0,14.0,-3948,2108,-2751,-418,1287,1.0,35.0,0.0,0.0,94.0,144.0,0.0,2228.0,327.0,3.0,451.0,307.0,301.0,-66.0,3.0,2026,8,30,30,6,Sunday,été,Weekend,12929.0,32.0
France,Données temps réel,2026-08-30,12,2026-08-30 12:45:00,40746.0,42950,42000,35.0,0.0,255.0,32108.0,1687.0,1579.0,108.0,8888.0,2584.0,-1838.0,1064.0,-4003.0,14.0,-3948,1830,-2090,-490,412,0.0,35.0,0.0,0.0,94.0,163.0,0.0,2248.0,331.0,5.0,457.0,306.0,301.0,-37.0,2.0,2026,8,30,45,6,Sunday,été,Weekend,13159.0,32.3
France,Données temps réel,2026-08-30,13,2026-08-30 13:00:00,40265.0,43500,42600,35.0,0.0,226.0,31873.0,1696.0,1584.0,111.0,9106.0,2632.0,-1991.0,1061.0,-4370.0,14.0,-4028,1862,-3180,-721,1604,0.0,35.0,0.0,0.0,94.0,134.0,0.0,2297.0,332.0,3.0,454.0,307.0,301.0,-5.0,2.0,2026,8,30,0,6,Sunday,été,Weekend,13434.0,33.4
France,Données temps réel,2026-08-30,13,2026-08-30 13:15:00,39608.0,42350,41550,35.0,0.0,270.0,31914.0,1648.0,1536.0,111.0,9126.0,2671.0,-2224.0,1057.0,-4887.0,14.0,-4028,1216,-3180,-714,1367,0.0,35.0,0.0,0.0,94.0,177.0,0.0,2337.0,331.0,3.0,450.0,307.0,301.0,-5.0,5.0,2026,8,30,15,6,Sunday,été,Weekend,13445.0,33.9
France,Données temps réel,2026-08-30,13,2026-08-30 13:30:00,38766.0,41200,40500,36.0,0.0,247.0,31906.0,1662.0,1554.0,108.0,9201.0,2673.0,-2224.0,1060.0,-5793.0,14.0,-4028,740,-3180,-706,1140,1.0,35.0,0.0,0.0,94.0,155.0,0.0,2341.0,329.0,3.0,453.0,306.0,301.0,-25.0,25.0,2026,8,30,30,6,Sunday,été,Weekend,13536.0,34.9
France,Données temps réel,2026-08-30,13,2026-08-30 13:45:00,38545.0,40900,40300,36.0,0.0,223.0,31879.0,1679.0,1574.0,105.0,9325.0,2737.0,-2225.0,1062.0,-6174.0,14.0,-4028,796,-3180,-713,1039,1.0,35.0,0.0,0.0,93.0,132.0,0.0,2360.0,330.0,47.0,455.0,307.0,301.0,-11.0,15.0,2026,8,30,45,6,Sunday,été,Weekend,13741.0,35.6
France,Données temps réel,2026-08-30,14,2026-08-30 14:00:00,38755.0,40600,40100,36.0,0.0,226.0,31883.0,1691.0,1576.0,115.0,9260.0,2759.0,-2230.0,1056.0,-5892.0,14.0,-3878,1454,-3117,-775,1257,1.0,35.0,0.0,0.0,94.0,134.0,0.0,2382.0,329.0,47.0,450.0,306.0,301.0,-114.0,82.0,2026,8,30,0,6,Sunday,été,Weekend,13710.0,35.4
France,Données temps réel,2026-08-30,14,2026-08-30 14:15:00,39168.0,41050,40650,36.0,0.0,216.0,32112.0,1688.0,1551.0,137.0,9279.0,2748.0,-2384.0,1052.0,-5492.0,14.0,-3878,1680,-3117,-830,922,1.0,35.0,0.0,0.0,94.0,125.0,0.0,2407.0,284.0,57.0,448.0,303.0,301.0,-86.0,1.0,2026,8,30,15,6,Sunday,été,Weekend,13715.0,35.0
France,Données temps réel,2026-08-30,14,2026-08-30 14:30:00,38738.0,41500,41200,36.0,0.0,251.0,32192.0,1752.0,1619.0,132.0,9126.0,2745.0,-2384.0,1052.0,-5908.0,14.0,-3878,1991,-3145,-839,867,1.0,35.0,0.0,0.0,93.0,159.0,0.0,2401.0,286.0,58.0,446.0,305.0,301.0,-123.0,1.0,2026,8,30,30,6,Sunday,été,Weekend,13623.0,35.2
France,Données temps réel,2026-08-30,14,2026-08-30 14:45:00,38853.0,41050,40850,36.0,0.0,219.0,32283.0,1752.0,1626.0,126.0,9031.0,2722.0,-2380.0,1055.0,-5699.0,14.0,-3878,2212,-3342,-885,471,1.0,35.0,0.0,0.0,93.0,127.0,0.0,2387.0,286.0,48.0,450.0,304.0,301.0,-164.0,1.0,2026,8,30,45,6,Sunday,été,Weekend,13505.0,34.8
France,Données temps réel,2026-08-30,15,2026-08-30 15:00:00,38813.0,40600,40500,36.0,0.0,229.0,32352.0,1793.0,1678.0,115.0,9035.0,2686.0,-2374.0,1055.0,-5810.0,14.0,-3878,2146,-3626,-1159,1419,1.0,35.0,0.0,0.0,93.0,137.0,0.0,2359.0,293.0,35.0,451.0,304.0,301.0,-189.0,1.0,2026,8,30,0,6,Sunday,été,Weekend,13514.0,34.8
France,Données temps réel,2026-08-30,15,2026-08-30 15:15:00,38948.0,40100,40100,36.0,0.0,216.0,32304.0,2021.0,1734.0,287.0,8862.0,2620.0,-1751.0,1056.0,-6066.0,14.0,-3878,2082,-3616,-1235,-36,1.0,35.0,0.0,0.0,93.0,125.0,0.0,2322.0,295.0,3.0,450.0,305.0,301.0,-350.0,1.0,2026,8,30,15,6,Sunday,été,Weekend,13503.0,34.7
France,Données temps réel,2026-08-30,15,2026-08-30 15:30:00,39761.0,39600,39700,36.0,0.0,245.0,32423.0,2846.0,2199.0,648.0,9876.0,2661.0,-1815.0,1056.0,-7536.0,13.0,-3878,2258,-3612,-1247,-1923,1.0,35.0,0.0,0.0,93.0,154.0,0.0,2338.0,319.0,3.0,450.0,305.0,301.0,-30.0,0.0,2026,8,30,30,6,Sunday,été,Weekend,15383.0,38.7
France,Données temps réel,2026-08-30,15,2026-08-30 15:45:00,39862.0,39150,39350,35.0,0.0,242.0,32537.0,3642.0,2684.0,958.0,10382.0,2709.0,-1649.0,1051.0,-8846.0,13.0,-3878,2261,-3623,-1366,-3150,0.0,35.0,0.0,0.0,94.0,150.0,0.0,2329.0,376.0,4.0,445.0,304.0,301.0,-240.0,0.0,2026,8,30,45,6,Sunday,été,Weekend,16733.0,42.0
France,Données temps réel,2026-08-30,16,2026-08-30 16:00:00,39069.0,38700,39000,35.0,0.0,226.0,32721.0,4207.0,3152.0,1054.0,10337.0,3433.0,-1492.0,1053.0,-11247.0,12.0,-3929,1741,-3626,-1857,-4442,0.0,35.0,0.0,0.0,94.0,134.0,0.0,2328.0,595.0,510.0,447.0,305.0,301.0,-204.0,0.0,2026,8,30,0,6,Sunday,été,Weekend,17977.0,46.0
France,Données temps réel,2026-08-30,16,2026-08-30 16:15:00,38904.0,38300,38700,35.0,0.0,254.0,33308.0,4647.0,3527.0,1121.0,10141.0,3727.0,-1491.0,1056.0,-12439.0,12.0,-3929,1599,-3626,-1857,-4365,0.0,35.0,0.0,0.0,94.0,162.0,0.0,2394.0,596.0,737.0,451.0,304.0,301.0,-334.0,0.0,2026,8,30,15,6,Sunday,été,Weekend,18515.0,47.6
France,Données temps réel,2026-08-30,16,2026-08-30 16:30:00,38478.0,37900,38400,35.0,0.0,259.0,33708.0,4421.0,3430.0,991.0,9535.0,3784.0,-1492.0,1058.0,-12682.0,13.0,-3929,2185,-3626,-1857,-4674,0.0,35.0,0.0,0.0,94.0,167.0,0.0,2411.0,620.0,753.0,452.0,305.0,301.0,-148.0,0.0,2026,8,30,30,6,Sunday,été,Weekend,17740.0,46.1
France,Données temps réel,2026-08-30,16,2026-08-30 16:45:00,38762.0,38200,38800,35.0,0.0,283.0,34070.0,4409.0,3523.0,886.0,9145.0,3628.0,-1490.0,1059.0,-12308.0,13.0,-3929,2345,-3626,-1857,-4696,0.0,35.0,0.0,0.0,93.0,191.0,0.0,2404.0,737.0,487.0,453.0,305.0,301.0,-71.0,3.0,2026,8,30,45,6,Sunday,été,Weekend,17182.0,44.3
France,Données temps réel,2026-08-30,17,2026-08-30 17:00:00,38543.0,38500,39200,35.0,0.0,248.0,34255.0,4561.0,3589.0,972.0,8422.0,3489.0,-1419.0,1054.0,-12028.0,13.0,-3927,2264,-3625,-1857,-4540,0.0,35.0,0.0,0.0,94.0,157.0,0.0,2393.0,745.0,350.0,448.0,305.0,301.0,-73.0,0.0,2026,8,30,0,6,Sunday,été,Weekend,16472.0,42.7
France,Données temps réel,2026-08-30,17,2026-08-30 17:15:00,38615.0,38550,39150,35.0,0.0,267.0,34558.0,4955.0,3793.0,1162.0,7752.0,3504.0,-1419.0,1050.0,-12066.0,13.0,-3927,2400,-3625,-1857,-4618,0.0,35.0,0.0,0.0,93.0,175.0,0.0,2450.0,715.0,339.0,447.0,302.0,301.0,-21.0,1.0,2026,8,30,15,6,Sunday,été,Weekend,16211.0,42.0
France,Données temps réel,2026-08-30,17,2026-08-30 17:30:00,39521.0,38600,39100,35.0,0.0,231.0,34738.0,5301.0,4048.0,1252.0,7226.0,3752.0,-1669.0,1048.0,-12375.0,12.0,-3927,1611,-3625,-1857,-4690,0.0,35.0,0.0,0.0,94.0,140.0,0.0,2402.0,995.0,356.0,448.0,299.0,301.0,-9.0,2.0,2026,8,30,30,6,Sunday,été,Weekend,16279.0,41.2
France,Données temps réel,2026-08-30,17,2026-08-30 17:45:00,40718.0,39350,39750,36.0,0.0,231.0,34813.0,7000.0,5689.0,1311.0,8535.0,3735.0,-1984.0,1057.0,-12806.0,12.0,-3927,2333,-3625,-1857,-4718,1.0,35.0,0.0,0.0,94.0,139.0,0.0,2377.0,1005.0,353.0,452.0,304.0,301.0,-6.0,4.0,2026,8,30,45,6,Sunday,été,Weekend,19270.0,47.3
France,Données temps réel,2026-08-30,18,2026-08-30 18:00:00,40877.0,40100,40400,36.0,0.0,268.0,34777.0,7212.0,5827.0,1386.0,7642.0,3596.0,-1630.0,1053.0,-12079.0,12.0,-3929,2400,-2977,-1670,-5674,1.0,35.0,0.0,0.0,94.0,176.0,0.0,2333.0,924.0,339.0,448.0,305.0,301.0,-2.0,4.0,2026,8,30,0,6,Sunday,été,Weekend,18450.0,45.1
France,Données temps réel,2026-08-30,18,2026-08-30 18:15:00,40953.0,40750,40950,36.0,0.0,445.0,35343.0,7125.0,5641.0,1484.0,6666.0,3797.0,-1217.0,1055.0,-12305.0,14.0,-3929,2400,-2977,-1656,-5661,1.0,35.0,0.0,0.0,94.0,353.0,0.0,2403.0,1044.0,349.0,451.0,304.0,301.0,-3.0,12.0,2026,8,30,15,6,Sunday,été,Weekend,17588.0,42.9
France,Données temps réel,2026-08-30,18,2026-08-30 18:30:00,41129.0,41400,41500,36.0,0.0,995.0,35520.0,6995.0,5503.0,1492.0,5719.0,3731.0,-492.0,1050.0,-12443.0,18.0,-3929,2400,-2977,-1662,-5452,1.0,35.0,0.0,0.0,99.0,898.0,0.0,2394.0,1276.0,61.0,449.0,300.0,301.0,-2.0,20.0,2026,8,30,30,6,Sunday,été,Weekend,16445.0,40.0
France,Données temps réel,2026-08-30,18,2026-08-30 18:45:00,42170.0,42000,42150,36.0,0.0,1266.0,35711.0,6977.0,5498.0,1479.0,4858.0,4797.0,-158.0,1057.0,-12386.0,20.0,-3929,2400,-2977,-1630,-4662,1.0,35.0,0.0,0.0,109.0,1159.0,0.0,2390.0,1663.0,745.0,452.0,305.0,301.0,-5.0,17.0,2026,8,30,45,6,Sunday,été,Weekend,16632.0,39.4
France,Données temps réel,2026-08-30,19,2026-08-30 19:00:00,42668.0,42600,42800,33.0,0.0,1553.0,35612.0,6729.0,5205.0,1524.0,3838.0,4917.0,-319.0,1057.0,-10765.0,23.0,-3878,2400,-2951,-1726,-5080,0.0,35.0,0.0,98.0,125.0,1330.0,0.0,2453.0,1662.0,802.0,451.0,306.0,301.0,-3.0,17.0,2026,8,30,0,6,Sunday,été,Weekend,15484.0,36.3
France,Données temps réel,2026-08-30,19,2026-08-30 19:15:00,42777.0,43050,43250,139.0,0.0,1669.0,35679.0,6707.0,5141.0,1566.0,3020.0,6533.0,-318.0,1057.0,-11716.0,25.0,-3878,2400,-2951,-1798,-5060,104.0,35.0,0.0,155.0,127.0,1388.0,0.0,2513.0,1935.0,2085.0,451.0,305.0,301.0,-4.0,14.0,2026,8,30,15,6,Sunday,été,Weekend,16260.0,38.0
France,Données temps réel,2026-08-30,19,2026-08-30 19:30:00,42988.0,43500,43700,412.0,0.0,2003.0,35757.0,6729.0,5187.0,1542.0,2133.0,6870.0,-320.0,1056.0,-11660.0,31.0,-3878,2400,-2951,-1820,-4731,377.0,35.0,0.0,153.0,127.0,1723.0,0.0,2560.0,1959.0,2352.0,450.0,306.0,301.0,-4.0,13.0,2026,8,30,30,6,Sunday,été,Weekend,15732.0,36.6
France,Données temps réel,2026-08-30,19,2026-08-30 19:45:00,42998.0,43250,43300,409.0,0.0,2321.0,35871.0,6368.0,4839.0,1528.0,1588.0,7278.0,-161.0,1050.0,-11728.0,33.0,-3878,2200,-2951,-1799,-4701,374.0,35.0,0.0,153.0,127.0,2041.0,0.0,2726.0,1937.0,2614.0,443.0,307.0,301.0,-10.0,13.0,2026,8,30,45,6,Sunday,été,Weekend,15234.0,35.4
France,Données temps réel,2026-08-30,20,2026-08-30 20:00:00,42569.0,43000,42900,408.0,0.0,2536.0,35902.0,6266.0,4811.0,1454.0,1037.0,7503.0,-319.0,1051.0,-11821.0,35.0,-3069,1200,-2977,-1566,-5081,373.0,35.0,0.0,155.0,134.0,2246.0,0.0,2748.0,1908.0,2846.0,443.0,307.0,301.0,-5.0,13.0,2026,8,30,0,6,Sunday,été,Weekend,14806.0,34.8
France,Données temps réel,2026-08-30,20,2026-08-30 20:15:00,42233.0,42650,42600,404.0,0.0,2624.0,35940.0,6563.0,4859.0,1704.0,669.0,7711.0,-160.0,1052.0,-12636.0,36.0,-3069,270,-2977,-1445,-4506,369.0,35.0,0.0,156.0,138.0,2330.0,0.0,2885.0,2112.0,2715.0,446.0,306.0,301.0,-14.0,80.0,2026,8,30,15,6,Sunday,été,Weekend,14943.0,35.4
France,Données temps réel,2026-08-30,20,2026-08-30 20:30:00,41945.0,42300,42300,408.0,0.0,2770.0,35966.0,6860.0,5257.0,1604.0,387.0,7520.0,-160.0,1051.0,-13150.0,37.0,-3069,-1082,-2977,-1441,-3694,373.0,35.0,0.0,157.0,138.0,2475.0,0.0,2878.0,2098.0,2544.0,445.0,306.0,301.0,-16.0,311.0,2026,8,30,30,6,Sunday,été,Weekend,14767.0,35.2
France,Données temps réel,2026-08-30,20,2026-08-30 20:45:00,42130.0,42300,42350,199.0,0.0,2958.0,35945.0,6719.0,5380.0,1339.0,251.0,7529.0,-161.0,1047.0,-12655.0,36.0,-3069,-1909,-2977,-1501,-3075,164.0,35.0,0.0,158.0,137.0,2663.0,0.0,2926.0,2012.0,2592.0,440.0,306.0,301.0,-12.0,309.0,2026,8,30,45,6,Sunday,été,Weekend,14499.0,34.4
France,Données temps réel,2026-08-30,21,2026-08-30 21:00:00,42184.0,42300,42400,34.0,0.0,3058.0,35956.0,6864.0,5576.0,1288.0,224.0,7524.0,-159.0,1048.0,-12668.0,34.0,-1933,-1598,-2997,-1620,-4313,0.0,35.0,0.0,158.0,138.0,2762.0,0.0,2953.0,1972.0,2599.0,442.0,306.0,301.0,-6.0,311.0,2026,8,30,0,6,Sunday,été,Weekend,14612.0,34.6
France,Données temps réel,2026-08-30,21,2026-08-30 21:15:00,42241.0,41850,42050,36.0,0.0,3078.0,35968.0,6997.0,5732.0,1265.0,217.0,7417.0,-159.0,1047.0,-12746.0,34.0,-1933,-2344,-2997,-1632,-4284,1.0,35.0,0.0,159.0,140.0,2779.0,0.0,3018.0,1862.0,2538.0,440.0,306.0,301.0,-5.0,392.0,2026,8,30,15,6,Sunday,été,Weekend,14631.0,34.6
France,Données temps réel,2026-08-30,21,2026-08-30 21:30:00,41648.0,41400,41700,35.0,0.0,3081.0,36017.0,7306.0,5809.0,1496.0,220.0,7146.0,-160.0,1050.0,-13355.0,34.0,-1933,-2671,-2997,-1670,-4591,0.0,35.0,0.0,161.0,139.0,2781.0,0.0,2995.0,1739.0,2412.0,442.0,307.0,301.0,-21.0,331.0,2026,8,30,30,6,Sunday,été,Weekend,14672.0,35.2
France,Données temps réel,2026-08-30,21,2026-08-30 21:45:00,41217.0,40650,41000,36.0,0.0,3089.0,36005.0,7497.0,6003.0,1493.0,222.0,7004.0,-161.0,1049.0,-13908.0,34.0,-1933,-2534,-2997,-1771,-5209,1.0,35.0,0.0,161.0,137.0,2792.0,0.0,2876.0,1705.0,2423.0,441.0,307.0,301.0,-15.0,400.0,2026,8,30,45,6,Sunday,été,Weekend,14723.0,35.7
France,Données temps réel,2026-08-30,22,2026-08-30 22:00:00,40867.0,39900,40300,35.0,0.0,3095.0,36052.0,7886.0,6191.0,1695.0,217.0,7004.0,0.0,1047.0,-14614.0,34.0,-1914,-2410,-2997,-1856,-4814,0.0,35.0,0.0,161.0,136.0,2797.0,0.0,2900.0,1823.0,2280.0,440.0,307.0,301.0,-17.0,164.0,2026,8,30,0,6,Sunday,été,Weekend,15107.0,37.0
France,Données temps réel,2026-08-30,22,2026-08-30 22:15:00,41100.0,40450,40900,36.0,0.0,3106.0,36062.0,7871.0,6146.0,1725.0,0.0,6666.0,-1.0,1045.0,-14079.0,34.0,-1914,-2775,-2997,-1825,-4828,1.0,35.0,0.0,161.0,140.0,2805.0,0.0,2888.0,1857.0,1921.0,437.0,307.0,301.0,-2.0,397.0,2026,8,30,15,6,Sunday,été,Weekend,14537.0,35.4
France,Données temps réel,2026-08-30,22,2026-08-30 22:30:00,41105.0,41000,41500,35.0,0.0,3083.0,36075.0,8207.0,6466.0,1742.0,0.0,6334.0,-17.0,1049.0,-13832.0,34.0,-1914,-2113,-2997,-1857,-4714,0.0,35.0,0.0,162.0,131.0,2790.0,0.0,2876.0,1764.0,1694.0,442.0,307.0,301.0,-20.0,191.0,2026,8,30,30,6,Sunday,été,Weekend,14541.0,35.4
France,Données temps réel,2026-08-30,22,2026-08-30 22:45:00,41800.0,41350,41900,36.0,0.0,3120.0,36092.0,8761.0,7064.0,1697.0,0.0,6347.0,-36.0,1049.0,-13657.0,34.0,-1914,-2179,-2997,-1783,-5192,1.0,35.0,0.0,161.0,137.0,2822.0,0.0,2909.0,1659.0,1779.0,442.0,306.0,301.0,-9.0,98.0,2026,8,30,45,6,Sunday,été,Weekend,15108.0,36.1
France,Données temps réel,2026-08-30,23,2026-08-30 23:00:00,41197.0,41700,42300,36.0,0.0,3112.0,36100.0,9338.0,7634.0,1704.0,0.0,5709.0,-50.0,1046.0,-14097.0,34.0,-2367,-2217,-3019,-1852,-4068,1.0,35.0,0.0,161.0,129.0,2822.0,0.0,2929.0,1664.0,1116.0,438.0,307.0,301.0,-9.0,13.0,2026,8,30,0,6,Sunday,été,Weekend,15047.0,36.5
France,Données temps réel,2026-08-30,23,2026-08-30 23:15:00,41296.0,41400,42050,37.0,0.0,2826.0,36468.0,9903.0,8120.0,1783.0,0.0,4957.0,-47.0,1050.0,-13910.0,32.0,-2367,-2395,-3019,-1857,-4294,2.0,35.0,0.0,0.0,100.0,2728.0,0.0,2754.0,1453.0,751.0,442.0,307.0,301.0,-13.0,26.0,2026,8,30,15,6,Sunday,été,Weekend,14860.0,36.0
France,Données temps réel,2026-08-30,23,2026-08-30 23:30:00,40317.0,41100,41800,36.0,0.0,2525.0,36488.0,10082.0,8212.0,1869.0,0.0,4554.0,-53.0,1046.0,-14336.0,30.0,-2367,-2391,-3019,-1857,-3878,1.0,35.0,0.0,0.0,98.0,2429.0,0.0,2817.0,1277.0,460.0,440.0,305.0,301.0,-38.0,14.0,2026,8,30,30,6,Sunday,été,Weekend,14636.0,36.3
France,Données temps réel,2026-08-30,23,2026-08-30 23:45:00,40139.0,40800,41150,35.0,0.0,1976.0,36479.0,10471.0,8582.0,1889.0,0.0,4314.0,-26.0,1041.0,-14079.0,25.0,-2367,-2353,-3019,-1857,-4455,0.0,35.0,0.0,0.0,102.0,1876.0,0.0,2761.0,1088.0,465.0,433.0,307.0,301.0,-70.0,0.0,2026,8,30,45,6,Sunday,été,Weekend,14785.0,36.8
France,Données temps réel,2026-08-31,0,2026-08-31 00:00:00,39556.0,40500,40500,37.0,0.0,1862.0,36548.0,10627.0,8781.0,1846.0,0.0,4549.0,-3.0,1043.0,-15089.0,24.0,-3877,-601,-2857,-1856,-4234,2.0,35.0,0.0,0.0,102.0,1762.0,0.0,2707.0,1045.0,797.0,436.0,307.0,301.0,-17.0,0.0,2026,8,31,0,0,Monday,été,Jour_de_semaine,15176.0,38.4
France,Données temps réel,2026-08-31,0,2026-08-31 00:15:00,39533.0,39400,39400,37.0,0.0,1954.0,36527.0,10614.0,8821.0,1793.0,0.0,3951.0,-238.0,1043.0,-14363.0,25.0,-3877,-1807,-2857,-1857,-3590,2.0,35.0,0.0,0.0,94.0,1862.0,0.0,2420.0,698.0,833.0,436.0,307.0,301.0,-2.0,10.0,2026,8,31,15,0,Monday,été,Jour_de_semaine,14565.0,36.8
France,Données temps réel,2026-08-31,0,2026-08-31 00:30:00,38317.0,38300,38300,37.0,0.0,1284.0,36551.0,10755.0,8986.0,1769.0,0.0,3703.0,-236.0,1042.0,-14810.0,20.0,-3877,-1537,-2857,-1857,-4430,2.0,35.0,0.0,0.0,94.0,1192.0,0.0,2440.0,687.0,576.0,435.0,307.0,301.0,-19.0,10.0,2026,8,31,30,0,Monday,été,Jour_de_semaine,14458.0,37.7
France,Données temps réel,2026-08-31,0,2026-08-31 00:45:00,36982.0,37500,37500,37.0,0.0,699.0,36509.0,10972.0,9143.0,1829.0,0.0,3425.0,-249.0,1040.0,-15355.0,16.0,-3877,-2212,-2857,-1856,-4410,2.0,35.0,0.0,0.0,94.0,606.0,0.0,2433.0,678.0,314.0,434.0,305.0,301.0,-104.0,10.0,2026,8,31,45,0,Monday,été,Jour_de_semaine,14397.0,38.9
France,Données temps réel,2026-08-31,1,2026-08-31 01:00:00,36717.0,36700,36700,37.0,0.0,441.0,36496.0,11216.0,9344.0,1873.0,0.0,3342.0,-248.0,1045.0,-15628.0,14.0,-3928,-1468,-2857,-1857,-4506,2.0,35.0,0.0,0.0,94.0,349.0,0.0,2452.0,679.0,210.0,437.0,307.0,301.0,-6.0,21.0,2026,8,31,0,0,Monday,été,Jour_de_semaine,14558.0,39.6
France,Données temps réel,2026-08-31,1,2026-08-31 01:15:00,36869.0,36850,36850,35.0,0.0,439.0,35998.0,11481.0,9593.0,1887.0,0.0,3285.0,-12.0,1049.0,-15435.0,14.0,-3928,-2022,-2857,-1857,-4480,0.0,35.0,0.0,0.0,94.0,347.0,0.0,2390.0,688.0,207.0,441.0,307.0,301.0,-2.0,31.0,2026,8,31,15,0,Monday,été,Jour_de_semaine,14766.0,40.0
France,Données temps réel,2026-08-31,1,2026-08-31 01:30:00,36271.0,37000,37000,37.0,0.0,446.0,36133.0,11687.0,9756.0,1931.0,0.0,3096.0,-415.0,1050.0,-15713.0,14.0,-3928,-1985,-2857,-1857,-4399,2.0,35.0,0.0,0.0,95.0,353.0,0.0,2401.0,689.0,5.0,442.0,307.0,301.0,-55.0,7.0,2026,8,31,30,0,Monday,été,Jour_de_semaine,14783.0,40.8
France,Données temps réel,2026-08-31,1,2026-08-31 01:45:00,36222.0,36450,36450,37.0,0.0,475.0,36283.0,11749.0,9816.0,1934.0,0.0,3059.0,-418.0,1046.0,-15941.0,14.0,-3928,-2594,-2857,-1857,-4258,2.0,35.0,0.0,0.0,94.0,382.0,0.0,2413.0,642.0,4.0,439.0,307.0,301.0,-76.0,8.0,2026,8,31,45,0,Monday,été,Jour_de_semaine,14808.0,40.9
France,Données temps réel,2026-08-31,2,2026-08-31 02:00:00,35502.0,35900,35900,37.0,0.0,484.0,36185.0,11772.0,9820.0,1952.0,0.0,2981.0,-623.0,1048.0,-16142.0,14.0,-3729,-1953,-2857,-1857,-4802,2.0,35.0,0.0,0.0,94.0,392.0,0.0,2407.0,566.0,8.0,441.0,306.0,301.0,-243.0,4.0,2026,8,31,0,0,Monday,été,Jour_de_semaine,14753.0,41.6
France,Données temps réel,2026-08-31,2,2026-08-31 02:15:00,35358.0,35250,35250,37.0,0.0,531.0,36039.0,11695.0,9762.0,1932.0,0.0,2836.0,-1362.0,1050.0,-15350.0,15.0,-3729,-2192,-2857,-1857,-4817,2.0,35.0,0.0,0.0,94.0,439.0,0.0,2379.0,450.0,7.0,442.0,307.0,301.0,-117.0,1.0,2026,8,31,15,0,Monday,été,Jour_de_semaine,14531.0,41.1
France,Données temps réel,2026-08-31,2,2026-08-31 02:30:00,34597.0,34600,34600,37.0,0.0,502.0,36022.0,11747.0,9812.0,1935.0,0.0,2854.0,-1687.0,1049.0,-15793.0,15.0,-3729,-2358,-2857,-1857,-4580,2.0,35.0,0.0,0.0,94.0,409.0,0.0,2394.0,454.0,7.0,440.0,308.0,301.0,-132.0,0.0,2026,8,31,30,0,Monday,été,Jour_de_semaine,14601.0,42.2
France,Données temps réel,2026-08-31,2,2026-08-31 02:45:00,34190.0,34150,34150,36.0,0.0,445.0,35900.0,11653.0,9712.0,1941.0,0.0,2745.0,-2094.0,1043.0,-15427.0,14.0,-3729,-2449,-2857,-1857,-4820,1.0,35.0,0.0,0.0,94.0,353.0,0.0,2308.0,430.0,7.0,435.0,308.0,301.0,-111.0,0.0,2026,8,31,45,0,Monday,été,Jour_de_semaine,14398.0,42.1
France,Données temps réel,2026-08-31,3,2026-08-31 03:00:00,33521.0,33700,33700,36.0,0.0,490.0,36006.0,11674.0,9738.0,1937.0,0.0,2728.0,-2262.0,1041.0,-16017.0,14.0,-3529,-2470,-2756,-1857,-5115,1.0,35.0,0.0,0.0,94.0,397.0,0.0,2313.0,408.0,7.0,432.0,308.0,301.0,-175.0,2.0,2026,8,31,0,0,Monday,été,Jour_de_semaine,14402.0,43.0
France,Données temps réel,2026-08-31,3,2026-08-31 03:15:00,33330.0,33300,33300,36.0,0.0,497.0,35952.0,11671.0,9729.0,1942.0,0.0,2719.0,-2327.0,1046.0,-15955.0,15.0,-3529,-2491,-2756,-1857,-5222,1.0,35.0,0.0,0.0,94.0,405.0,0.0,2314.0,399.0,7.0,439.0,307.0,301.0,-309.0,0.0,2026,8,31,15,0,Monday,été,Jour_de_semaine,14390.0,43.2
France,Données temps réel,2026-08-31,3,2026-08-31 03:30:00,32892.0,32900,32900,37.0,0.0,477.0,35974.0,11626.0,9752.0,1874.0,0.0,2695.0,-2322.0,1048.0,-16344.0,14.0,-3529,-2510,-2756,-1857,-5313,2.0,35.0,0.0,0.0,94.0,385.0,0.0,2287.0,401.0,7.0,439.0,308.0,301.0,-298.0,0.0,2026,8,31,30,0,Monday,été,Jour_de_semaine,14321.0,43.5
France,Données temps réel,2026-08-31,3,2026-08-31 03:45:00,32878.0,32950,32950,37.0,0.0,565.0,35891.0,11863.0,9983.0,1880.0,0.0,2674.0,-2320.0,1050.0,-16521.0,15.0,-3529,-2688,-2756,-1857,-5311,2.0,35.0,0.0,0.0,94.0,472.0,0.0,2267.0,400.0,7.0,442.0,307.0,301.0,-359.0,0.0,2026,8,31,45,0,Monday,été,Jour_de_semaine,14537.0,44.2
France,Données temps réel,2026-08-31,4,2026-08-31 04:00:00,32732.0,33000,33000,37.0,0.0,479.0,35943.0,12062.0,10179.0,1883.0,0.0,2734.0,-2320.0,1053.0,-16792.0,14.0,-3429,-2546,-2756,-1857,-5684,2.0,35.0,0.0,0.0,94.0,386.0,0.0,2256.0,472.0,7.0,446.0,306.0,301.0,-465.0,3.0,2026,8,31,0,0,Monday,été,Jour_de_semaine,14796.0,45.2
France,Données temps réel,2026-08-31,4,2026-08-31 04:15:00,32977.0,33050,33050,37.0,0.0,480.0,36038.0,12222.0,10335.0,1887.0,0.0,2716.0,-2318.0,1052.0,-16817.0,14.0,-3429,-2677,-2756,-1857,-5691,2.0,35.0,0.0,0.0,97.0,384.0,0.0,2242.0,467.0,8.0,444.0,307.0,301.0,-428.0,0.0,2026,8,31,15,0,Monday,été,Jour_de_semaine,14938.0,45.3
France,Données temps réel,2026-08-31,4,2026-08-31 04:30:00,32873.0,33100,33100,36.0,0.0,483.0,36109.0,12054.0,10217.0,1837.0,0.0,2730.0,-2314.0,1054.0,-16855.0,14.0,-3429,-2713,-2756,-1857,-5720,1.0,35.0,0.0,0.0,96.0,388.0,0.0,2246.0,475.0,9.0,445.0,308.0,301.0,-424.0,0.0,2026,8,31,30,0,Monday,été,Jour_de_semaine,14784.0,45.0
France,Données temps réel,2026-08-31,4,2026-08-31 04:45:00,33237.0,33400,33400,37.0,0.0,485.0,36052.0,12145.0,10352.0,1793.0,0.0,2819.0,-2313.0,1058.0,-16768.0,14.0,-3429,-2738,-2756,-1857,-5675,2.0,35.0,0.0,0.0,96.0,390.0,0.0,2246.0,566.0,7.0,449.0,308.0,301.0,-277.0,2.0,2026,8,31,45,0,Monday,été,Jour_de_semaine,14964.0,45.0
France,Données temps réel,2026-08-31,5,2026-08-31 05:00:00,33515.0,33700,33700,37.0,0.0,484.0,36140.0,12105.0,10306.0,1798.0,0.0,2794.0,-2306.0,1056.0,-16568.0,14.0,-3429,-2423,-2756,-1857,-5998,2.0,35.0,0.0,0.0,96.0,390.0,0.0,2230.0,556.0,8.0,447.0,308.0,301.0,-228.0,2.0,2026,8,31,0,0,Monday,été,Jour_de_semaine,14899.0,44.5
France,Données temps réel,2026-08-31,5,2026-08-31 05:15:00,34288.0,34400,34400,37.0,0.0,590.0,36144.0,12106.0,10382.0,1723.0,0.0,3335.0,-2237.0,1047.0,-16624.0,15.0,-3429,-2291,-2756,-1857,-6098,2.0,35.0,0.0,0.0,94.0,498.0,0.0,2340.0,571.0,424.0,438.0,308.0,301.0,-124.0,16.0,2026,8,31,15,0,Monday,été,Jour_de_semaine,15441.0,45.0
France,Données temps réel,2026-08-31,5,2026-08-31 05:30:00,34625.0,35100,35100,37.0,0.0,588.0,36149.0,12145.0,10370.0,1775.0,0.0,3315.0,-2239.0,1040.0,-16333.0,15.0,-3429,-2181,-2756,-1857,-5999,2.0,35.0,0.0,0.0,94.0,496.0,0.0,2346.0,545.0,425.0,432.0,308.0,301.0,-97.0,21.0,2026,8,31,30,0,Monday,été,Jour_de_semaine,15460.0,44.6
France,Données temps réel,2026-08-31,5,2026-08-31 05:45:00,35070.0,35800,35800,37.0,0.0,665.0,36216.0,12181.0,10362.0,1819.0,0.0,3364.0,-2227.0,1041.0,-16259.0,15.0,-3429,-2126,-2756,-1857,-5971,2.0,35.0,0.0,0.0,94.0,573.0,0.0,2349.0,594.0,421.0,432.0,309.0,301.0,-6.0,58.0,2026,8,31,45,0,Monday,été,Jour_de_semaine,15545.0,44.3
France,Données temps réel,2026-08-31,6,2026-08-31 06:00:00,36215.0,36500,36500,37.0,0.0,633.0,36087.0,12248.0,10442.0,1806.0,209.0,3370.0,-1774.0,1050.0,-15656.0,15.0,-3389,-1994,-2756,-1857,-5887,2.0,35.0,0.0,0.0,95.0,540.0,0.0,2350.0,601.0,419.0,441.0,308.0,301.0,-7.0,18.0,2026,8,31,0,0,Monday,été,Jour_de_semaine,15827.0,43.7
France,Données temps réel,2026-08-31,6,2026-08-31 06:15:00,37185.0,37450,37300,37.0,0.0,706.0,36218.0,12286.0,10528.0,1758.0,217.0,3025.0,-617.0,1045.0,-15948.0,16.0,-3389,-2213,-2756,-1857,-6119,2.0,35.0,0.0,0.0,108.0,600.0,0.0,2305.0,716.0,3.0,437.0,307.0,301.0,-4.0,220.0,2026,8,31,15,0,Monday,été,Jour_de_semaine,15528.0,41.8
France,Données temps réel,2026-08-31,6,2026-08-31 06:30:00,38175.0,38400,38100,37.0,0.0,650.0,36253.0,12385.0,10626.0,1760.0,219.0,4162.0,0.0,1042.0,-16845.0,15.0,-3389,-1971,-2756,-1857,-5877,2.0,35.0,0.0,0.0,101.0,550.0,0.0,2271.0,1138.0,754.0,436.0,306.0,301.0,-4.0,275.0,2026,8,31,30,0,Monday,été,Jour_de_semaine,16766.0,43.9
France,Données temps réel,2026-08-31,6,2026-08-31 06:45:00,38955.0,39100,38800,37.0,0.0,701.0,36298.0,12169.0,10504.0,1665.0,223.0,4459.0,-13.0,1045.0,-16107.0,15.0,-3389,-1501,-2756,-1857,-5834,2.0,35.0,0.0,0.0,97.0,607.0,0.0,2298.0,1116.0,1045.0,437.0,307.0,301.0,-4.0,146.0,2026,8,31,45,0,Monday,été,Jour_de_semaine,16851.0,43.3
France,Données temps réel,2026-08-31,7,2026-08-31 07:00:00,39601.0,39800,39500,37.0,0.0,712.0,36310.0,11929.0,10323.0,1606.0,234.0,4547.0,-9.0,1049.0,-15352.0,16.0,-2832,-2322,-3346,-1857,-3981,2.0,35.0,0.0,0.0,98.0,615.0,0.0,2273.0,1075.0,1199.0,440.0,308.0,301.0,-6.0,151.0,2026,8,31,0,0,Monday,été,Jour_de_semaine,16710.0,42.2
France,Données temps réel,2026-08-31,7,2026-08-31 07:15:00,40171.0,40600,40300,37.0,0.0,726.0,36264.0,12156.0,10476.0,1680.0,319.0,4425.0,-12.0,1055.0,-14962.0,16.0,-2832,-2433,-3346,-1857,-3795,2.0,35.0,0.0,0.0,109.0,619.0,0.0,2273.0,1138.0,1014.0,447.0,308.0,301.0,-13.0,176.0,2026,8,31,15,0,Monday,été,Jour_de_semaine,16900.0,42.1
France,Données temps réel,2026-08-31,7,2026-08-31 07:30:00,41218.0,41400,41100,37.0,0.0,722.0,36304.0,12126.0,10444.0,1681.0,437.0,4488.0,-9.0,1049.0,-14160.0,16.0,-2832,-2406,-3346,-1857,-3684,2.0,35.0,0.0,0.0,109.0,615.0,0.0,2254.0,1217.0,1017.0,441.0,307.0,301.0,-2.0,226.0,2026,8,31,30,0,Monday,été,Jour_de_semaine,17051.0,41.4
France,Données temps réel,2026-08-31,7,2026-08-31 07:45:00,41806.0,42300,41950,37.0,0.0,761.0,36322.0,11855.0,10243.0,1612.0,727.0,4730.0,0.0,1030.0,-13929.0,16.0,-2832,-2581,-3346,-1828,-3146,2.0,35.0,0.0,0.0,109.0,654.0,0.0,2278.0,1184.0,1267.0,421.0,308.0,301.0,-4.0,279.0,2026,8,31,45,0,Monday,été,Jour_de_semaine,17312.0,41.4
France,Données temps réel,2026-08-31,8,2026-08-31 08:00:00,42419.0,43200,42800,36.0,0.0,764.0,36259.0,11726.0,10106.0,1620.0,1160.0,4891.0,0.0,1027.0,-13766.0,15.0,-2808,-2494,-3342,-1663,-3059,1.0,35.0,0.0,0.0,108.0,658.0,0.0,2291.0,1183.0,1417.0,418.0,309.0,301.0,0.0,323.0,2026,8,31,0,0,Monday,été,Jour_de_semaine,17777.0,41.9
France,Données temps réel,2026-08-31,8,2026-08-31 08:15:00,43156.0,43550,43150,37.0,0.0,640.0,36237.0,11692.0,10028.0,1664.0,1868.0,4858.0,0.0,1023.0,-13467.0,14.0,-2808,-2160,-3342,-1697,-3020,2.0,35.0,0.0,0.0,102.0,540.0,0.0,2279.0,1210.0,1368.0,412.0,310.0,301.0,-2.0,270.0,2026,8,31,15,0,Monday,été,Jour_de_semaine,18418.0,42.7
France,Données temps réel,2026-08-31,8,2026-08-31 08:30:00,44010.0,43900,43500,37.0,0.0,551.0,36223.0,11708.0,10125.0,1582.0,2596.0,4261.0,0.0,1027.0,-12630.0,14.0,-2808,-1600,-3342,-1703,-2727,2.0,35.0,0.0,0.0,98.0,455.0,0.0,2262.0,1151.0,848.0,417.0,309.0,301.0,-17.0,256.0,2026,8,31,30,0,Monday,été,Jour_de_semaine,18565.0,42.2
France,Données temps réel,2026-08-31,8,2026-08-31 08:45:00,44463.0,44350,43900,37.0,0.0,585.0,36194.0,11719.0,10171.0,1547.0,3672.0,4048.0,-1.0,1029.0,-12953.0,14.0,-2808,-504,-3342,-1857,-4510,2.0,35.0,0.0,0.0,98.0,489.0,0.0,2261.0,1043.0,743.0,421.0,308.0,301.0,-23.0,157.0,2026,8,31,45,0,Monday,été,Jour_de_semaine,19439.0,43.7
France,Données temps réel,2026-08-31,9,2026-08-31 09:00:00,44873.0,44800,44300,37.0,0.0,530.0,36161.0,12068.0,10499.0,1569.0,4553.0,3488.0,-7.0,1029.0,-12897.0,13.0,-3581,-559,-3649,-1186,-3798,2.0,35.0,0.0,0.0,98.0,434.0,0.0,2239.0,984.0,266.0,421.0,307.0,301.0,-148.0,58.0,2026,8,31,0,0,Monday,été,Jour_de_semaine,20109.0,44.8
France,Données temps réel,2026-08-31,9,2026-08-31 09:15:00,45437.0,45350,44850,37.0,0.0,537.0,36207.0,11917.0,10446.0,1471.0,5649.0,3331.0,-333.0,1031.0,-12985.0,13.0,-3581,-588,-3649,-1384,-4049,2.0,35.0,0.0,0.0,94.0,445.0,0.0,2169.0,809.0,353.0,423.0,308.0,301.0,-17.0,64.0,2026,8,31,15,0,Monday,été,Jour_de_semaine,20897.0,46.0
France,Données temps réel,2026-08-31,9,2026-08-31 09:30:00,45563.0,45900,45400,36.0,0.0,509.0,36212.0,11975.0,10505.0,1471.0,6696.0,3218.0,-742.0,1026.0,-13330.0,13.0,-3581,-611,-3649,-1451,-4480,1.0,35.0,0.0,0.0,94.0,416.0,0.0,2194.0,883.0,141.0,418.0,307.0,301.0,-39.0,3.0,2026,8,31,30,0,Monday,été,Jour_de_semaine,21889.0,48.0
France,Données temps réel,2026-08-31,9,2026-08-31 09:45:00,46095.0,46150,45650,37.0,0.0,496.0,36268.0,12181.0,10744.0,1437.0,7867.0,3082.0,-903.0,1028.0,-13932.0,12.0,-3581,-885,-3649,-1517,-4479,2.0,35.0,0.0,0.0,94.0,404.0,0.0,2165.0,714.0,203.0,421.0,307.0,301.0,-30.0,3.0,2026,8,31,45,0,Monday,été,Jour_de_semaine,23130.0,50.2
France,Données temps réel,2026-08-31,10,2026-08-31 10:00:00,46687.0,46400,45900,37.0,0.0,217.0,36299.0,12150.0,10752.0,1398.0,9130.0,3076.0,-1145.0,1027.0,-14084.0,10.0,-3431,-751,-3645,-1857,-4753,2.0,35.0,0.0,0.0,95.0,125.0,0.0,2159.0,683.0,235.0,419.0,307.0,301.0,-22.0,3.0,2026,8,31,0,0,Monday,été,Jour_de_semaine,24356.0,52.2
France,Données temps réel,2026-08-31,10,2026-08-31 10:15:00,47308.0,46500,45950,37.0,0.0,275.0,35944.0,12188.0,10822.0,1366.0,10224.0,2851.0,-1304.0,1023.0,-13965.0,10.0,-3431,-1093,-3645,-1857,-4948,2.0,35.0,0.0,0.0,94.0,182.0,0.0,2083.0,725.0,43.0,415.0,307.0,301.0,-109.0,145.0,2026,8,31,15,0,Monday,été,Jour_de_semaine,25263.0,53.4
France,Données temps réel,2026-08-31,10,2026-08-31 10:30:00,47576.0,46600,46000,36.0,0.0,292.0,35677.0,12216.0,10844.0,1372.0,11416.0,2756.0,-1344.0,1027.0,-14553.0,10.0,-3431,-1861,-3645,-1857,-4338,1.0,35.0,0.0,0.0,94.0,200.0,0.0,2079.0,657.0,20.0,419.0,307.0,301.0,-97.0,151.0,2026,8,31,30,0,Monday,été,Jour_de_semaine,26388.0,55.5
France,Données temps réel,2026-08-31,10,2026-08-31 10:45:00,48185.0,46950,46350,37.0,0.0,297.0,35551.0,12430.0,11156.0,1274.0,12483.0,2745.0,-1346.0,1024.0,-15025.0,10.0,-3431,-1990,-3645,-1857,-4132,2.0,35.0,0.0,0.0,94.0,205.0,0.0,2102.0,621.0,22.0,417.0,307.0,301.0,-122.0,111.0,2026,8,31,45,0,Monday,été,Jour_de_semaine,27658.0,57.4
France,Données temps réel,2026-08-31,11,2026-08-31 11:00:00,48569.0,47300,46700,37.0,0.0,291.0,35230.0,12364.0,11164.0,1199.0,13158.0,2632.0,-1429.0,1025.0,-14610.0,10.0,-3579,-1886,-3645,-1857,-4534,2.0,35.0,0.0,0.0,94.0,198.0,0.0,2018.0,592.0,22.0,417.0,307.0,301.0,-126.0,0.0,2026,8,31,0,0,Monday,été,Jour_de_semaine,28154.0,58.0
France,Données temps réel,2026-08-31,11,2026-08-31 11:15:00,48670.0,47600,46950,37.0,0.0,302.0,34667.0,12519.0,11367.0,1152.0,13933.0,2628.0,-1424.0,1027.0,-14854.0,10.0,-3579,-1579,-3645,-1857,-4666,2.0,35.0,0.0,0.0,94.0,210.0,0.0,2005.0,599.0,24.0,419.0,307.0,301.0,-169.0,3.0,2026,8,31,15,0,Monday,été,Jour_de_semaine,29080.0,59.7
France,Données temps réel,2026-08-31,11,2026-08-31 11:30:00,49171.0,47900,47200,36.0,0.0,302.0,34471.0,12548.0,11466.0,1082.0,14568.0,2711.0,-1430.0,1027.0,-14861.0,10.0,-3579,-1926,-3645,-1857,-4489,1.0,35.0,0.0,0.0,94.0,209.0,0.0,2014.0,656.0,42.0,420.0,306.0,301.0,-202.0,2.0,2026,8,31,30,0,Monday,été,Jour_de_semaine,29827.0,60.7
France,Données temps réel,2026-08-31,11,2026-08-31 11:45:00,49327.0,48550,47850,37.0,0.0,307.0,34368.0,12440.0,11395.0,1045.0,15031.0,2705.0,-1436.0,1028.0,-15071.0,10.0,-3579,-2205,-3645,-1857,-3981,2.0,35.0,0.0,0.0,94.0,215.0,0.0,2012.0,657.0,36.0,422.0,306.0,301.0,-84.0,1.0,2026,8,31,45,0,Monday,été,Jour_de_semaine,30176.0,61.2
France,Données temps réel,2026-08-31,12,2026-08-31 12:00:00,49730.0,49200,48500,35.0,0.0,272.0,34160.0,12674.0,11577.0,1097.0,15335.0,2666.0,-1378.0,1026.0,-14922.0,10.0,-3531,-1828,-3926,-1857,-4534,0.0,35.0,0.0,0.0,94.0,180.0,0.0,2018.0,644.0,4.0,421.0,304.0,301.0,-137.0,1.0,2026,8,31,0,0,Monday,été,Jour_de_semaine,30675.0,61.7
France,Données temps réel,2026-08-31,12,2026-08-31 12:15:00,49967.0,48950,49300,35.0,0.0,290.0,34507.0,12600.0,11465.0,1134.0,16260.0,2691.0,-1167.0,1026.0,-15963.0,10.0,-3531,-2414,-3926,-1857,-4143,0.0,35.0,0.0,0.0,94.0,197.0,0.0,1978.0,706.0,8.0,420.0,306.0,301.0,-312.0,3.0,2026,8,31,15,0,Monday,été,Jour_de_semaine,31551.0,63.1
France,Données temps réel,2026-08-31,12,2026-08-31 12:30:00,50076.0,48700,50100,36.0,0.0,286.0,34322.0,12614.0,11462.0,1152.0,16631.0,2607.0,-1169.0,1031.0,-15969.0,10.0,-3531,-2486,-3926,-1857,-3871,1.0,35.0,0.0,0.0,94.0,194.0,0.0,1984.0,615.0,8.0,425.0,305.0,301.0,-312.0,3.0,2026,8,31,30,0,Monday,été,Jour_de_semaine,31852.0,63.6
France,Données temps réel,2026-08-31,12,2026-08-31 12:45:00,50248.0,49150,50650,36.0,0.0,276.0,34339.0,12625.0,11518.0,1107.0,16531.0,2687.0,-1164.0,1032.0,-15848.0,10.0,-3531,-1300,-3926,-1857,-3893,1.0,35.0,0.0,0.0,94.0,184.0,0.0,2114.0,566.0,7.0,427.0,304.0,301.0,-312.0,3.0,2026,8,31,45,0,Monday,été,Jour_de_semaine,31843.0,63.4
France,Données temps réel,2026-08-31,13,2026-08-31 13:00:00,49579.0,49600,51200,36.0,0.0,307.0,34301.0,10033.0,8932.0,1101.0,13025.0,2729.0,-1163.0,1031.0,-13884.0,11.0,-3504,-146,-3926,-1857,-997,1.0,35.0,0.0,0.0,94.0,215.0,0.0,2142.0,580.0,8.0,426.0,304.0,301.0,-315.0,4.0,2026,8,31,0,0,Monday,été,Jour_de_semaine,25787.0,52.0
France,Données temps réel,2026-08-31,13,2026-08-31 13:15:00,48841.0,49100,50600,35.0,0.0,311.0,34321.0,8568.0,7469.0,1099.0,14752.0,2767.0,-862.0,1031.0,-11995.0,11.0,-3504,-586,-3926,-1857,-1101,0.0,35.0,0.0,0.0,94.0,219.0,0.0,2164.0,596.0,8.0,427.0,304.0,301.0,-89.0,3.0,2026,8,31,15,0,Monday,été,Jour_de_semaine,26087.0,53.4
France,Données temps réel,2026-08-31,13,2026-08-31 13:30:00,48640.0,48600,50000,36.0,0.0,300.0,34268.0,8512.0,7451.0,1061.0,14576.0,2575.0,-864.0,1031.0,-11760.0,11.0,-3504,-755,-3926,-1857,-1144,1.0,35.0,0.0,0.0,94.0,208.0,0.0,2192.0,377.0,7.0,427.0,303.0,301.0,-34.0,2.0,2026,8,31,30,0,Monday,été,Jour_de_semaine,25663.0,52.8
France,Données temps réel,2026-08-31,13,2026-08-31 13:45:00,48862.0,48600,49950,36.0,0.0,324.0,34356.0,8482.0,7403.0,1079.0,14575.0,2638.0,-1068.0,1025.0,-11401.0,11.0,-3504,-749,-3926,-1857,-876,1.0,35.0,0.0,0.0,94.0,232.0,0.0,2240.0,391.0,8.0,428.0,297.0,301.0,-106.0,2.0,2026,8,31,45,0,Monday,été,Jour_de_semaine,25695.0,52.6
France,Données temps réel,2026-08-31,14,2026-08-31 14:00:00,49023.0,48600,49900,36.0,0.0,340.0,34391.0,8331.0,7265.0,1067.0,14566.0,2636.0,-1072.0,1016.0,-11036.0,11.0,-3582,-550,-3926,-1857,-170,1.0,35.0,0.0,0.0,94.0,248.0,0.0,2238.0,391.0,7.0,418.0,298.0,301.0,-188.0,3.0,2026,8,31,0,0,Monday,été,Jour_de_semaine,25533.0,52.1
France,Données temps réel,2026-08-31,14,2026-08-31 14:15:00,49633.0,49100,50300,36.0,0.0,312.0,34310.0,8320.0,7268.0,1051.0,14581.0,2852.0,-1139.0,1005.0,-10558.0,11.0,-3582,-707,-3926,-1857,-291,1.0,35.0,0.0,0.0,94.0,220.0,0.0,2221.0,530.0,101.0,401.0,304.0,301.0,-85.0,1.0,2026,8,31,15,0,Monday,été,Jour_de_semaine,25753.0,51.9
France,Données temps réel,2026-08-31,14,2026-08-31 14:30:00,49440.0,49600,50700,36.0,0.0,330.0,34440.0,8435.0,7326.0,1109.0,14930.0,2884.0,-1140.0,1004.0,-11447.0,11.0,-3582,-235,-3926,-1857,-1015,1.0,35.0,0.0,0.0,94.0,239.0,0.0,2209.0,521.0,155.0,399.0,305.0,301.0,-33.0,2.0,2026,8,31,30,0,Monday,été,Jour_de_semaine,26249.0,53.1
France,Données temps réel,2026-08-31,14,2026-08-31 14:45:00,49433.0,49350,50350,36.0,0.0,325.0,34388.0,8611.0,7428.0,1183.0,14769.0,2873.0,-1138.0,1005.0,-11488.0,11.0,-3582,-677,-3926,-1857,-435,1.0,35.0,0.0,0.0,93.0,234.0,0.0,2213.0,520.0,140.0,402.0,302.0,301.0,-4.0,58.0,2026,8,31,45,0,Monday,été,Jour_de_semaine,26253.0,53.1
France,Données temps réel,2026-08-31,15,2026-08-31 15:00:00,48972.0,49100,50000,36.0,0.0,438.0,34388.0,8636.0,7471.0,1166.0,14548.0,2852.0,-1137.0,1003.0,-11906.0,11.0,-3632,-469,-3988,-1857,-1221,1.0,35.0,0.0,0.0,94.0,347.0,0.0,2227.0,528.0,96.0,401.0,302.0,301.0,-14.0,129.0,2026,8,31,0,0,Monday,été,Jour_de_semaine,26036.0,53.2
France,Données temps réel,2026-08-31,15,2026-08-31 15:15:00,48484.0,48950,49750,36.0,0.0,510.0,34559.0,8465.0,7325.0,1141.0,14243.0,2758.0,-903.0,1010.0,-12165.0,12.0,-3632,-286,-3988,-1857,-1204,1.0,35.0,0.0,0.0,94.0,418.0,0.0,2231.0,478.0,49.0,408.0,301.0,301.0,-89.0,61.0,2026,8,31,15,0,Monday,été,Jour_de_semaine,25466.0,52.5
France,Données temps réel,2026-08-31,15,2026-08-31 15:30:00,47920.0,48800,49500,35.0,0.0,477.0,34136.0,8466.0,7466.0,1000.0,13855.0,2732.0,-900.0,1010.0,-11776.0,12.0,-3632,-217,-3988,-1857,-1245,0.0,35.0,0.0,0.0,94.0,385.0,0.0,2217.0,472.0,44.0,411.0,298.0,301.0,-116.0,2.0,2026,8,31,30,0,Monday,été,Jour_de_semaine,25053.0,52.3
France,Données temps réel,2026-08-31,15,2026-08-31 15:45:00,47093.0,48500,49150,35.0,0.0,535.0,34238.0,8099.0,7241.0,858.0,13513.0,2936.0,-731.0,1012.0,-12300.0,13.0,-3632,27,-3988,-1857,-1829,0.0,35.0,0.0,0.0,99.0,437.0,0.0,2207.0,455.0,274.0,412.0,299.0,301.0,-244.0,2.0,2026,8,31,45,0,Monday,été,Jour_de_semaine,24548.0,52.1
France,Données temps réel,2026-08-31,16,2026-08-31 16:00:00,47321.0,48200,48800,35.0,0.0,555.0,33860.0,8153.0,7285.0,868.0,13576.0,2960.0,-735.0,1019.0,-11996.0,13.0,-3638,-229,-4190,-1857,-1552,0.0,35.0,0.0,0.0,99.0,458.0,0.0,2184.0,591.0,185.0,419.0,299.0,301.0,-104.0,1.0,2026,8,31,0,0,Monday,été,Jour_de_semaine,24689.0,52.2
France,Données temps réel,2026-08-31,16,2026-08-31 16:15:00,47217.0,48200,48700,35.0,0.0,595.0,34020.0,8281.0,7419.0,862.0,13320.0,2916.0,-732.0,1027.0,-12066.0,13.0,-3638,-126,-4135,-1857,-2146,0.0,35.0,0.0,0.0,99.0,498.0,0.0,2242.0,609.0,65.0,425.0,301.0,301.0,-179.0,1.0,2026,8,31,15,0,Monday,été,Jour_de_semaine,24517.0,51.9
France,Données temps réel,2026-08-31,16,2026-08-31 16:30:00,46816.0,48200,48600,35.0,0.0,770.0,34381.0,8706.0,7849.0,857.0,13033.0,3000.0,-802.0,1024.0,-14512.0,14.0,-3638,-1140,-3927,-1857,-5220,0.0,35.0,0.0,0.0,102.0,670.0,0.0,2200.0,691.0,109.0,421.0,303.0,301.0,-5.0,26.0,2026,8,31,30,0,Monday,été,Jour_de_semaine,24739.0,52.8
France,Données temps réel,2026-08-31,16,2026-08-31 16:45:00,46693.0,47900,48200,35.0,0.0,710.0,34647.0,11588.0,10737.0,851.0,15551.0,2831.0,-1198.0,1029.0,-16756.0,13.0,-3638,-1062,-3720,-1857,-5188,0.0,35.0,0.0,0.0,94.0,618.0,0.0,2240.0,583.0,8.0,425.0,303.0,301.0,-184.0,27.0,2026,8,31,45,0,Monday,été,Jour_de_semaine,29970.0,64.2
France,Données temps réel,2026-08-31,17,2026-08-31 17:00:00,46156.0,47600,47800,35.0,0.0,719.0,34410.0,11586.0,10742.0,844.0,12655.0,2823.0,-1198.0,1021.0,-15882.0,13.0,-3978,-375,-3687,-1841,-6110,0.0,35.0,0.0,0.0,94.0,626.0,0.0,2243.0,573.0,8.0,423.0,297.0,301.0,-26.0,13.0,2026,8,31,0,0,Monday,été,Jour_de_semaine,27064.0,58.6
France,Données temps réel,2026-08-31,17,2026-08-31 17:15:00,46315.0,47400,47450,35.0,0.0,726.0,34830.0,11744.0,10920.0,824.0,12004.0,2952.0,-1190.0,1031.0,-15823.0,13.0,-3978,189,-3687,-1857,-6076,0.0,35.0,0.0,0.0,94.0,634.0,0.0,2282.0,636.0,34.0,431.0,299.0,301.0,-2.0,8.0,2026,8,31,15,0,Monday,été,Jour_de_semaine,26700.0,57.6
France,Données temps réel,2026-08-31,17,2026-08-31 17:30:00,46471.0,47200,47100,35.0,0.0,761.0,34944.0,11507.0,10714.0,793.0,11080.0,3017.0,-1195.0,1036.0,-14715.0,14.0,-3978,800,-3687,-1857,-5806,0.0,35.0,0.0,0.0,94.0,669.0,0.0,2255.0,711.0,51.0,430.0,305.0,301.0,-3.0,5.0,2026,8,31,30,0,Monday,été,Jour_de_semaine,25604.0,55.1
France,Données temps réel,2026-08-31,17,2026-08-31 17:45:00,46388.0,47500,46650,35.0,0.0,892.0,35008.0,11159.0,10386.0,774.0,10129.0,3386.0,-787.0,1027.0,-14497.0,15.0,-3978,800,-3687,-1857,-4934,0.0,35.0,0.0,0.0,97.0,797.0,0.0,2269.0,777.0,341.0,424.0,302.0,301.0,-1.0,36.0,2026,8,31,45,0,Monday,été,Jour_de_semaine,24674.0,53.2
France,Données temps réel,2026-08-31,18,2026-08-31 18:00:00,46890.0,47800,46200,35.0,0.0,1009.0,35038.0,11039.0,10244.0,796.0,9355.0,3509.0,-788.0,1037.0,-13361.0,16.0,-4026,1800,-3616,-1855,-4642,0.0,35.0,0.0,0.0,104.0,907.0,0.0,2227.0,780.0,502.0,432.0,305.0,301.0,-4.0,21.0,2026,8,31,0,0,Monday,été,Jour_de_semaine,23903.0,51.0
France,Données temps réel,2026-08-31,18,2026-08-31 18:15:00,47156.0,48100,46500,35.0,0.0,886.0,34949.0,10560.0,9777.0,783.0,8092.0,4428.0,-489.0,1032.0,-12358.0,15.0,-4026,1800,-3616,-1857,-4325,0.0,35.0,0.0,0.0,96.0,791.0,0.0,2330.0,880.0,1218.0,433.0,298.0,301.0,-1.0,22.0,2026,8,31,15,0,Monday,été,Jour_de_semaine,23080.0,48.9
France,Données temps réel,2026-08-31,18,2026-08-31 18:30:00,47755.0,48400,46800,35.0,0.0,1287.0,35096.0,10149.0,9382.0,767.0,7009.0,4900.0,-487.0,1032.0,-11317.0,18.0,-4026,1800,-3616,-1821,-3693,0.0,35.0,0.0,0.0,105.0,1184.0,0.0,2336.0,1161.0,1403.0,430.0,301.0,301.0,-8.0,60.0,2026,8,31,30,0,Monday,été,Jour_de_semaine,22058.0,46.2
France,Données temps réel,2026-08-31,18,2026-08-31 18:45:00,48625.0,49000,47400,35.0,0.0,2088.0,35568.0,10042.0,8953.0,1089.0,5855.0,5250.0,0.0,1033.0,-11460.0,24.0,-4026,1800,-3616,-1637,-2659,0.0,35.0,0.0,0.0,107.0,1983.0,0.0,2402.0,1536.0,1311.0,430.0,302.0,301.0,-12.0,228.0,2026,8,31,45,0,Monday,été,Jour_de_semaine,21147.0,43.5
France,Données temps réel,2026-08-31,19,2026-08-31 19:00:00,48938.0,49600,48000,35.0,0.0,2719.0,35620.0,9375.0,8362.0,1013.0,4520.0,5609.0,0.0,1031.0,-10445.0,29.0,-1731,1800,-3616,-1688,-3241,0.0,35.0,0.0,0.0,107.0,2614.0,0.0,2361.0,1647.0,1601.0,430.0,300.0,301.0,0.0,475.0,2026,8,31,0,0,Monday,été,Jour_de_semaine,19504.0,39.9
France,Données temps réel,2026-08-31,19,2026-08-31 19:15:00,49509.0,49550,47900,35.0,0.0,2858.0,35627.0,8923.0,7843.0,1080.0,3564.0,5477.0,-5.0,1033.0,-8004.0,31.0,-1731,1800,-3616,-952,-3263,0.0,35.0,0.0,0.0,107.0,2753.0,0.0,2383.0,1612.0,1482.0,431.0,301.0,301.0,-12.0,13.0,2026,8,31,15,0,Monday,été,Jour_de_semaine,17964.0,36.3
France,Données temps réel,2026-08-31,19,2026-08-31 19:30:00,49183.0,49500,47800,35.0,0.0,3042.0,35668.0,8346.0,7313.0,1033.0,2474.0,5885.0,0.0,1039.0,-7313.0,33.0,-1731,1800,-3616,-958,-2978,0.0,35.0,0.0,0.0,107.0,2937.0,0.0,2466.0,1636.0,1783.0,430.0,308.0,301.0,0.0,10.0,2026,8,31,30,0,Monday,été,Jour_de_semaine,16705.0,34.0
France,Données temps réel,2026-08-31,19,2026-08-31 19:45:00,48827.0,48950,47800,35.0,0.0,3124.0,35677.0,7712.0,6711.0,1001.0,1757.0,6456.0,-1.0,1037.0,-6981.0,34.0,-1731,1286,-3616,-226,-1928,0.0,35.0,0.0,0.0,108.0,3018.0,0.0,2580.0,1931.0,1944.0,429.0,307.0,301.0,-1.0,13.0,2026,8,31,45,0,Monday,été,Jour_de_semaine,15925.0,32.6
France,Données temps réel,2026-08-31,20,2026-08-31 20:00:00,48291.0,48400,47800,35.0,0.0,3170.0,35649.0,6983.0,6016.0,967.0,1095.0,6521.0,0.0,1042.0,-6203.0,35.0,-1199,604,-3616,598,-2587,0.0,35.0,0.0,0.0,108.0,3064.0,0.0,2624.0,1854.0,2043.0,430.0,311.0,301.0,-7.0,7.0,2026,8,31,0,0,Monday,été,Jour_de_semaine,14599.0,30.2
France,Données temps réel,2026-08-31,20,2026-08-31 20:15:00,47811.0,47650,47000,35.0,0.0,3297.0,36238.0,6502.0,5511.0,991.0,648.0,6670.0,0.0,1037.0,-6614.0,36.0,-1199,-400,-3616,610,-1468,0.0,35.0,0.0,0.0,107.0,3191.0,0.0,2638.0,1841.0,2191.0,427.0,309.0,301.0,-12.0,10.0,2026,8,31,15,0,Monday,été,Jour_de_semaine,13820.0,28.9
France,Données temps réel,2026-08-31,20,2026-08-31 20:30:00,46757.0,46900,46200,35.0,0.0,3314.0,36270.0,5993.0,5027.0,965.0,370.0,6364.0,-1.0,1039.0,-6820.0,37.0,-1199,-1400,-3616,859,-301,0.0,35.0,0.0,0.0,107.0,3209.0,0.0,2625.0,1705.0,2034.0,427.0,311.0,301.0,-2.0,195.0,2026,8,31,30,0,Monday,été,Jour_de_semaine,12727.0,27.2
France,Données temps réel,2026-08-31,20,2026-08-31 20:45:00,46447.0,46600,45900,35.0,0.0,3302.0,36416.0,5460.0,4550.0,910.0,250.0,6245.0,0.0,1038.0,-6524.0,37.0,-1199,-2298,-3616,900,-198,0.0,35.0,0.0,0.0,108.0,3196.0,0.0,2637.0,1674.0,1934.0,427.0,310.0,301.0,-11.0,236.0,2026,8,31,45,0,Monday,été,Jour_de_semaine,11955.0,25.7
France,Données temps réel,2026-08-31,21,2026-08-31 21:00:00,46242.0,46300,45600,35.0,0.0,3315.0,36479.0,5139.0,4232.0,908.0,214.0,6191.0,0.0,1036.0,-6372.0,37.0,-1540,-2501,-3506,900,368,0.0,35.0,0.0,0.0,108.0,3208.0,0.0,2656.0,1767.0,1768.0,426.0,309.0,301.0,-5.0,208.0,2026,8,31,0,0,Monday,été,Jour_de_semaine,11544.0,25.0
France,Données temps réel,2026-08-31,21,2026-08-31 21:15:00,45989.0,45800,45050,36.0,0.0,3346.0,36432.0,4791.0,3928.0,863.0,210.0,6101.0,-1.0,1038.0,-6294.0,38.0,-1540,-2674,-3506,900,300,1.0,35.0,0.0,0.0,108.0,3240.0,0.0,2646.0,1706.0,1749.0,424.0,313.0,301.0,-10.0,343.0,2026,8,31,15,0,Monday,été,Jour_de_semaine,11102.0,24.1
France,Données temps réel,2026-08-31,21,2026-08-31 21:30:00,45185.0,45300,44500,36.0,0.0,3347.0,36485.0,4612.0,3764.0,848.0,223.0,5659.0,0.0,1035.0,-6456.0,38.0,-1540,-2562,-3506,900,599,1.0,35.0,0.0,0.0,108.0,3241.0,0.0,2607.0,1590.0,1461.0,423.0,311.0,301.0,-4.0,248.0,2026,8,31,30,0,Monday,été,Jour_de_semaine,10494.0,23.2
France,Données temps réel,2026-08-31,21,2026-08-31 21:45:00,44390.0,44650,43800,36.0,0.0,3324.0,36477.0,4473.0,3614.0,858.0,221.0,5371.0,0.0,1030.0,-6636.0,39.0,-1540,-2596,-3506,898,457,1.0,35.0,0.0,0.0,108.0,3218.0,0.0,2431.0,1527.0,1413.0,420.0,309.0,301.0,-15.0,111.0,2026,8,31,45,0,Monday,été,Jour_de_semaine,10065.0,22.7
France,Données temps réel,2026-08-31,22,2026-08-31 22:00:00,43700.0,44000,43100,36.0,0.0,3319.0,36491.0,4383.0,3519.0,864.0,218.0,5518.0,0.0,1033.0,-7297.0,38.0,-1244,-2369,-3506,828,671,1.0,35.0,0.0,0.0,108.0,3213.0,0.0,2423.0,1778.0,1316.0,421.0,312.0,301.0,-11.0,10.0,2026,8,31,0,0,Monday,été,Jour_de_semaine,10119.0,23.2
France,Données temps réel,2026-08-31,22,2026-08-31 22:15:00,44182.0,44350,43450,37.0,0.0,3292.0,36615.0,4262.0,3428.0,834.0,0.0,5418.0,0.0,1031.0,-6487.0,38.0,-1244,-1980,-3506,828,176,2.0,35.0,0.0,0.0,109.0,3185.0,0.0,2397.0,1543.0,1478.0,418.0,313.0,301.0,-2.0,17.0,2026,8,31,15,0,Monday,été,Jour_de_semaine,9680.0,21.9
France,Données temps réel,2026-08-31,22,2026-08-31 22:30:00,43831.0,44700,43800,37.0,0.0,3106.0,36676.0,4133.0,3334.0,799.0,0.0,5103.0,-1.0,1025.0,-6246.0,37.0,-1244,-1828,-3506,828,1627,2.0,35.0,0.0,0.0,108.0,3000.0,0.0,2387.0,1494.0,1222.0,416.0,309.0,301.0,-5.0,2.0,2026,8,31,30,0,Monday,été,Jour_de_semaine,9236.0,21.1
France,Données temps réel,2026-08-31,22,2026-08-31 22:45:00,44651.0,45100,44150,36.0,0.0,3099.0,36691.0,4139.0,3308.0,831.0,0.0,4693.0,-32.0,1025.0,-4993.0,37.0,-1244,-1843,-3506,828,1060,1.0,35.0,0.0,0.0,108.0,2993.0,0.0,2346.0,1375.0,973.0,414.0,310.0,301.0,-7.0,2.0,2026,8,31,45,0,Monday,été,Jour_de_semaine,8832.0,19.8
France,Données temps réel,2026-08-31,23,2026-08-31 23:00:00,43806.0,45500,44500,37.0,0.0,3221.0,36802.0,4134.0,3337.0,797.0,0.0,4505.0,-35.0,1018.0,-5863.0,38.0,-1479,-1295,-3280,722,808,2.0,35.0,0.0,0.0,108.0,3114.0,0.0,2327.0,1252.0,926.0,410.0,307.0,301.0,-13.0,1.0,2026,8,31,0,0,Monday,été,Jour_de_semaine,8639.0,19.7
France,Données temps réel,2026-08-31,23,2026-08-31 23:15:00,43493.0,44850,43750,37.0,0.0,3088.0,36828.0,3999.0,3214.0,784.0,0.0,4307.0,-46.0,1016.0,-5644.0,37.0,-1479,-1674,-3298,721,831,2.0,35.0,0.0,0.0,109.0,2981.0,0.0,2296.0,1137.0,874.0,413.0,302.0,301.0,-91.0,0.0,2026,8,31,15,0,Monday,été,Jour_de_semaine,8306.0,19.1
France,Données temps réel,2026-08-31,23,2026-08-31 23:30:00,42855.0,44200,43000,37.0,0.0,2825.0,36904.0,3911.0,3181.0,730.0,0.0,3709.0,-46.0,1019.0,-5459.0,36.0,-1479,-1924,-3298,759,1541,2.0,35.0,0.0,0.0,109.0,2718.0,0.0,2264.0,790.0,654.0,411.0,307.0,301.0,-43.0,0.0,2026,8,31,30,0,Monday,été,Jour_de_semaine,7620.0,17.8
France,Données temps réel,2026-08-31,23,2026-08-31 23:45:00,43183.0,42850,42250,37.0,0.0,2406.0,37021.0,3764.0,3050.0,714.0,0.0,3753.0,-43.0,1015.0,-4771.0,32.0,-1479,-2039,-3298,747,1315,2.0,35.0,0.0,0.0,108.0,2299.0,0.0,2250.0,816.0,687.0,408.0,305.0,301.0,-1.0,3.0,2026,8,31,45,0,Monday,été,Jour_de_semaine,7517.0,17.4
France,Données temps réel,2026-09-01,0,2026-09-01 00:00:00,42233.0,41500,41500,37.0,0.0,2350.0,37145.0,3649.0,2913.0,735.0,0.0,3685.0,0.0,1019.0,-5600.0,32.0,-1359,-2077,-3579,-43,1648,2.0,35.0,0.0,0.0,109.0,2243.0,0.0,2238.0,794.0,654.0,411.0,307.0,301.0,-51.0,1.0,2026,9,1,0,1,Tuesday,Automne,Jour_de_semaine,7334.0,17.4
France,Données temps réel,2026-09-01,0,2026-09-01 00:15:00,42256.0,40750,40750,37.0,0.0,2428.0,37201.0,3510.0,2766.0,744.0,0.0,3987.0,0.0,1016.0,-5956.0,32.0,-1359,-2775,-3579,-86,2311,2.0,35.0,0.0,0.0,109.0,2321.0,0.0,2234.0,976.0,778.0,408.0,307.0,301.0,-4.0,38.0,2026,9,1,15,1,Tuesday,Automne,Jour_de_semaine,7497.0,17.7
France,Données temps réel,2026-09-01,0,2026-09-01 00:30:00,41091.0,40000,40000,37.0,0.0,1817.0,37365.0,3424.0,2686.0,738.0,0.0,3321.0,-6.0,1017.0,-5867.0,28.0,-1359,-2775,-3579,-70,1925,2.0,35.0,0.0,0.0,105.0,1715.0,0.0,2216.0,947.0,157.0,411.0,305.0,301.0,-16.0,0.0,2026,9,1,30,1,Tuesday,Automne,Jour_de_semaine,6745.0,16.4
France,Données temps réel,2026-09-01,0,2026-09-01 00:45:00,39517.0,39000,39000,37.0,0.0,1181.0,37514.0,3275.0,2561.0,714.0,0.0,3260.0,-14.0,1014.0,-6553.0,22.0,-1359,-2775,-3579,-57,1968,2.0,35.0,0.0,0.0,106.0,1077.0,0.0,2174.0,928.0,157.0,408.0,305.0,301.0,-195.0,0.0,2026,9,1,45,1,Tuesday,Automne,Jour_de_semaine,6535.0,16.5
France,Données temps réel,2026-09-01,1,2026-09-01 01:00:00,38939.0,38000,38000,37.0,0.0,1007.0,37687.0,3123.0,2412.0,711.0,0.0,3140.0,-14.0,1018.0,-7028.0,21.0,-2043,-2775,-3579,-418,2273,2.0,35.0,0.0,0.0,97.0,912.0,0.0,2184.0,798.0,158.0,412.0,305.0,301.0,-33.0,2.0,2026,9,1,0,1,Tuesday,Automne,Jour_de_semaine,6263.0,16.1
France,Données temps réel,2026-09-01,1,2026-09-01 01:15:00,39206.0,38100,38100,37.0,0.0,987.0,37836.0,3041.0,2363.0,678.0,0.0,3303.0,-245.0,1016.0,-6771.0,21.0,-2043,-2775,-3579,-383,2431,2.0,35.0,0.0,0.0,109.0,881.0,0.0,2212.0,886.0,205.0,410.0,305.0,301.0,-3.0,5.0,2026,9,1,15,1,Tuesday,Automne,Jour_de_semaine,6344.0,16.2
France,Données temps réel,2026-09-01,1,2026-09-01 01:30:00,38735.0,38200,38200,37.0,0.0,768.0,37604.0,2942.0,2313.0,629.0,0.0,3326.0,-245.0,1020.0,-6703.0,19.0,-2043,-2775,-3579,-356,2475,2.0,35.0,0.0,0.0,109.0,661.0,0.0,2270.0,853.0,203.0,414.0,304.0,301.0,-13.0,0.0,2026,9,1,30,1,Tuesday,Automne,Jour_de_semaine,6268.0,16.2
France,Données temps réel,2026-09-01,1,2026-09-01 01:45:00,38594.0,37900,37900,37.0,0.0,731.0,37382.0,2775.0,2186.0,590.0,0.0,3157.0,-245.0,1013.0,-6251.0,19.0,-2043,-2775,-3579,-347,2097,2.0,35.0,0.0,0.0,108.0,625.0,0.0,2203.0,748.0,206.0,414.0,297.0,301.0,-8.0,4.0,2026,9,1,45,1,Tuesday,Automne,Jour_de_semaine,5932.0,15.4
France,Données temps réel,2026-09-01,2,2026-09-01 02:00:00,37691.0,37600,37600,37.0,0.0,575.0,37686.0,2632.0,2122.0,510.0,0.0,3117.0,-248.0,1009.0,-7103.0,17.0,-2042,-2775,-3579,-836,2250,2.0,35.0,0.0,0.0,108.0,468.0,0.0,2194.0,717.0,205.0,416.0,291.0,301.0,-13.0,0.0,2026,9,1,0,1,Tuesday,Automne,Jour_de_semaine,5749.0,15.3
France,Données temps réel,2026-09-01,2,2026-09-01 02:15:00,37646.0,36950,36950,37.0,0.0,578.0,37805.0,2528.0,2126.0,403.0,0.0,3095.0,-247.0,1004.0,-7157.0,17.0,-2042,-2775,-3579,-827,1857,2.0,35.0,0.0,0.0,108.0,471.0,0.0,2212.0,676.0,207.0,412.0,290.0,301.0,-4.0,7.0,2026,9,1,15,1,Tuesday,Automne,Jour_de_semaine,5623.0,14.9
France,Données temps réel,2026-09-01,2,2026-09-01 02:30:00,36855.0,36300,36300,37.0,0.0,118.0,37827.0,2410.0,2073.0,337.0,0.0,3023.0,-253.0,1009.0,-7312.0,13.0,-2042,-2775,-3579,-822,1621,2.0,35.0,0.0,0.0,106.0,13.0,0.0,2180.0,669.0,174.0,415.0,293.0,301.0,-8.0,6.0,2026,9,1,30,1,Tuesday,Automne,Jour_de_semaine,5433.0,14.7
France,Données temps réel,2026-09-01,2,2026-09-01 02:45:00,36189.0,35750,35750,37.0,0.0,97.0,37881.0,2338.0,2045.0,293.0,0.0,2904.0,-419.0,1013.0,-7600.0,13.0,-2042,-2775,-3579,-813,1354,2.0,35.0,0.0,0.0,99.0,0.0,0.0,2164.0,629.0,111.0,414.0,298.0,301.0,-66.0,5.0,2026,9,1,45,1,Tuesday,Automne,Jour_de_semaine,5242.0,14.5
France,Données temps réel,2026-09-01,3,2026-09-01 03:00:00,35664.0,35200,35200,37.0,0.0,139.0,37906.0,2277.0,2048.0,229.0,0.0,2901.0,-419.0,1013.0,-7948.0,13.0,-2070,-2775,-3548,-1306,1346,2.0,35.0,0.0,0.0,98.0,43.0,0.0,2163.0,627.0,111.0,414.0,297.0,301.0,-246.0,6.0,2026,9,1,0,1,Tuesday,Automne,Jour_de_semaine,5178.0,14.5
France,Données temps réel,2026-09-01,3,2026-09-01 03:15:00,35105.0,34950,34950,37.0,0.0,172.0,37935.0,2224.0,2012.0,212.0,0.0,2959.0,-420.0,1006.0,-8760.0,13.0,-2070,-2775,-3548,-1302,1233,2.0,35.0,0.0,0.0,99.0,75.0,0.0,2221.0,629.0,110.0,407.0,297.0,301.0,-70.0,23.0,2026,9,1,15,1,Tuesday,Automne,Jour_de_semaine,5183.0,14.8
France,Données temps réel,2026-09-01,3,2026-09-01 03:30:00,35100.0,34700,34700,37.0,0.0,235.0,37898.0,2207.0,1987.0,220.0,0.0,2946.0,-419.0,1003.0,-8727.0,14.0,-2070,-2775,-3548,-1300,1282,2.0,35.0,0.0,0.0,98.0,138.0,0.0,2243.0,594.0,109.0,406.0,296.0,301.0,-107.0,29.0,2026,9,1,30,1,Tuesday,Automne,Jour_de_semaine,5153.0,14.7
France,Données temps réel,2026-09-01,3,2026-09-01 03:45:00,34668.0,34550,34550,37.0,0.0,277.0,37928.0,2217.0,1989.0,228.0,0.0,2827.0,-430.0,999.0,-8906.0,14.0,-2070,-2775,-3548,-1288,1104,2.0,35.0,0.0,0.0,98.0,180.0,0.0,2245.0,473.0,109.0,405.0,293.0,301.0,-280.0,0.0,2026,9,1,45,1,Tuesday,Automne,Jour_de_semaine,5044.0,14.5
France,Données temps réel,2026-09-01,4,2026-09-01 04:00:00,34517.0,34400,34400,37.0,0.0,434.0,37866.0,2225.0,2015.0,210.0,0.0,2811.0,-423.0,1000.0,-9226.0,16.0,-1097,-2775,-3548,-1138,703,2.0,35.0,0.0,0.0,99.0,337.0,0.0,2235.0,468.0,108.0,406.0,293.0,301.0,-210.0,6.0,2026,9,1,0,1,Tuesday,Automne,Jour_de_semaine,5036.0,14.6
France,Données temps réel,2026-09-01,4,2026-09-01 04:15:00,34909.0,34400,34400,37.0,0.0,447.0,37798.0,2219.0,2022.0,197.0,0.0,2870.0,-421.0,1005.0,-8946.0,16.0,-1097,-2775,-3548,-1184,848,2.0,35.0,0.0,0.0,99.0,350.0,0.0,2238.0,488.0,144.0,411.0,292.0,301.0,-98.0,0.0,2026,9,1,15,1,Tuesday,Automne,Jour_de_semaine,5089.0,14.6
France,Données temps réel,2026-09-01,4,2026-09-01 04:30:00,34465.0,34400,34400,37.0,0.0,450.0,37200.0,2160.0,1975.0,184.0,0.0,2908.0,-423.0,1015.0,-8712.0,16.0,-1097,-2775,-3548,-1203,327,2.0,35.0,0.0,0.0,103.0,349.0,0.0,2232.0,530.0,145.0,419.0,295.0,301.0,-173.0,2.0,2026,9,1,30,1,Tuesday,Automne,Jour_de_semaine,5068.0,14.7
France,Données temps réel,2026-09-01,4,2026-09-01 04:45:00,34748.0,34750,34750,37.0,0.0,450.0,37673.0,2061.0,1902.0,158.0,0.0,2960.0,-586.0,1019.0,-8809.0,16.0,-1097,-2775,-3548,-1060,76,2.0,35.0,0.0,0.0,99.0,353.0,0.0,2297.0,521.0,142.0,421.0,297.0,301.0,-74.0,18.0,2026,9,1,45,1,Tuesday,Automne,Jour_de_semaine,5021.0,14.4
France,Données temps réel,2026-09-01,5,2026-09-01 05:00:00,35115.0,35100,35100,37.0,0.0,440.0,37908.0,2012.0,1849.0,163.0,0.0,2882.0,-584.0,1015.0,-8569.0,16.0,-601,-2775,-3548,-931,-792,2.0,35.0,0.0,0.0,97.0,345.0,0.0,2238.0,504.0,140.0,418.0,295.0,301.0,-65.0,40.0,2026,9,1,0,1,Tuesday,Automne,Jour_de_semaine,4894.0,13.9
France,Données temps réel,2026-09-01,5,2026-09-01 05:15:00,35787.0,35550,35550,36.0,0.0,547.0,38029.0,1926.0,1764.0,161.0,0.0,2917.0,-415.0,1016.0,-8434.0,17.0,-601,-2775,-3548,-959,-1060,1.0,35.0,0.0,0.0,109.0,440.0,0.0,2257.0,519.0,142.0,420.0,294.0,301.0,-7.0,175.0,2026,9,1,15,1,Tuesday,Automne,Jour_de_semaine,4843.0,13.5
France,Données temps réel,2026-09-01,5,2026-09-01 05:30:00,35895.0,36000,36000,36.0,0.0,823.0,38040.0,1888.0,1742.0,146.0,0.0,3053.0,-178.0,1013.0,-8879.0,20.0,-601,-2775,-3548,-1082,-1907,1.0,35.0,0.0,0.0,108.0,716.0,0.0,2305.0,545.0,204.0,418.0,294.0,301.0,-8.0,107.0,2026,9,1,30,1,Tuesday,Automne,Jour_de_semaine,4941.0,13.8
France,Données temps réel,2026-09-01,5,2026-09-01 05:45:00,36445.0,36600,36600,37.0,0.0,1594.0,38060.0,1883.0,1728.0,155.0,0.0,3239.0,-4.0,1015.0,-9520.0,26.0,-601,-2682,-3548,-805,-3466,2.0,35.0,0.0,0.0,105.0,1490.0,0.0,2358.0,675.0,206.0,421.0,293.0,301.0,-4.0,145.0,2026,9,1,45,1,Tuesday,Automne,Jour_de_semaine,5122.0,14.1
France,Données temps réel,2026-09-01,6,2026-09-01 06:00:00,37266.0,37200,37200,36.0,0.0,2597.0,38090.0,1885.0,1685.0,200.0,0.0,3978.0,0.0,1017.0,-10378.0,34.0,-949,-1800,-3548,-441,-3735,1.0,35.0,0.0,0.0,102.0,2496.0,0.0,2386.0,794.0,797.0,426.0,290.0,301.0,-14.0,57.0,2026,9,1,0,1,Tuesday,Automne,Jour_de_semaine,5863.0,15.7
France,Données temps réel,2026-09-01,6,2026-09-01 06:15:00,38422.0,38050,38050,37.0,0.0,2963.0,38082.0,1796.0,1613.0,182.0,0.0,4354.0,0.0,1014.0,-9920.0,37.0,-949,-1879,-3546,-402,-3003,2.0,35.0,0.0,0.0,109.0,2856.0,0.0,2490.0,1042.0,822.0,424.0,289.0,301.0,0.0,98.0,2026,9,1,15,1,Tuesday,Automne,Jour_de_semaine,6150.0,16.0
France,Données temps réel,2026-09-01,6,2026-09-01 06:30:00,39063.0,38900,38900,36.0,0.0,3075.0,38083.0,1736.0,1558.0,178.0,0.0,4774.0,0.0,1018.0,-9674.0,38.0,-949,-1486,-3548,-325,-3079,1.0,35.0,0.0,0.0,109.0,2967.0,0.0,2477.0,1383.0,914.0,425.0,292.0,301.0,-16.0,30.0,2026,9,1,30,1,Tuesday,Automne,Jour_de_semaine,6510.0,16.7
France,Données temps réel,2026-09-01,6,2026-09-01 06:45:00,39880.0,39400,39400,37.0,0.0,3219.0,38087.0,1692.0,1531.0,161.0,0.0,5515.0,0.0,1014.0,-9687.0,38.0,-949,-1461,-3548,-249,-2985,2.0,35.0,0.0,0.0,109.0,3112.0,0.0,2533.0,1845.0,1136.0,421.0,292.0,301.0,-8.0,12.0,2026,9,1,45,1,Tuesday,Automne,Jour_de_semaine,7207.0,18.1
France,Données temps réel,2026-09-01,7,2026-09-01 07:00:00,40894.0,39900,39900,36.0,0.0,3220.0,38104.0,1649.0,1504.0,145.0,250.0,5504.0,0.0,1025.0,-8894.0,38.0,-925,-1668,-3431,900,-2814,1.0,35.0,0.0,0.0,109.0,3113.0,0.0,2477.0,1783.0,1245.0,424.0,299.0,301.0,-11.0,12.0,2026,9,1,0,1,Tuesday,Automne,Jour_de_semaine,7403.0,18.1
France,Données temps réel,2026-09-01,7,2026-09-01 07:15:00,41714.0,40650,40650,37.0,0.0,3228.0,38114.0,1652.0,1508.0,144.0,317.0,5871.0,0.0,1025.0,-8609.0,38.0,-925,-2416,-3307,890,-1721,2.0,35.0,0.0,0.0,109.0,3121.0,0.0,2491.0,1870.0,1510.0,423.0,301.0,301.0,0.0,79.0,2026,9,1,15,1,Tuesday,Automne,Jour_de_semaine,7840.0,18.8
France,Données temps réel,2026-09-01,7,2026-09-01 07:30:00,42554.0,41400,41400,36.0,0.0,3235.0,38148.0,1674.0,1521.0,153.0,450.0,5766.0,0.0,1028.0,-7856.0,38.0,-925,-2675,-3455,880,-929,1.0,35.0,0.0,0.0,109.0,3128.0,0.0,2421.0,1831.0,1513.0,426.0,301.0,301.0,-7.0,83.0,2026,9,1,30,1,Tuesday,Automne,Jour_de_semaine,7890.0,18.5
France,Données temps réel,2026-09-01,7,2026-09-01 07:45:00,43154.0,42100,42550,36.0,0.0,3234.0,38130.0,1648.0,1508.0,139.0,774.0,5921.0,0.0,1024.0,-7673.0,38.0,-925,-2500,-3284,743,-362,1.0,35.0,0.0,0.0,109.0,3127.0,0.0,2456.0,1836.0,1630.0,424.0,299.0,301.0,-13.0,73.0,2026,9,1,45,1,Tuesday,Automne,Jour_de_semaine,8343.0,19.3
France,Données temps réel,2026-09-01,8,2026-09-01 08:00:00,43710.0,42800,43700,37.0,0.0,3228.0,38149.0,1527.0,1397.0,130.0,1245.0,5701.0,-1.0,1028.0,-7190.0,38.0,-2650,-1486,-3324,899,-588,2.0,35.0,0.0,0.0,102.0,3128.0,0.0,2477.0,1808.0,1416.0,427.0,299.0,301.0,-17.0,3.0,2026,9,1,0,1,Tuesday,Automne,Jour_de_semaine,8473.0,19.4
France,Données temps réel,2026-09-01,8,2026-09-01 08:15:00,44055.0,43500,44350,37.0,0.0,3235.0,38148.0,1481.0,1349.0,132.0,2038.0,5808.0,0.0,1010.0,-7811.0,37.0,-2650,-2414,-3449,900,241,2.0,35.0,0.0,0.0,109.0,3128.0,0.0,2485.0,1684.0,1639.0,421.0,288.0,301.0,-4.0,113.0,2026,9,1,15,1,Tuesday,Automne,Jour_de_semaine,9327.0,21.2
France,Données temps réel,2026-09-01,8,2026-09-01 08:30:00,44057.0,44200,45000,37.0,0.0,3291.0,38073.0,1353.0,1235.0,118.0,2850.0,5592.0,-1.0,1015.0,-8201.0,37.0,-2650,-1527,-3447,765,99,2.0,35.0,0.0,0.0,109.0,3184.0,0.0,2478.0,1618.0,1497.0,425.0,289.0,301.0,-1.0,50.0,2026,9,1,30,1,Tuesday,Automne,Jour_de_semaine,9795.0,22.2
France,Données temps réel,2026-09-01,8,2026-09-01 08:45:00,44250.0,44750,45500,36.0,0.0,3133.0,37974.0,1247.0,1143.0,105.0,4056.0,4829.0,-1.0,1011.0,-8071.0,36.0,-2650,-700,-3449,684,-243,1.0,35.0,0.0,0.0,107.0,3027.0,0.0,2401.0,1235.0,1193.0,422.0,287.0,301.0,-3.0,42.0,2026,9,1,45,1,Tuesday,Automne,Jour_de_semaine,10132.0,22.9
France,Données temps réel,2026-09-01,9,2026-09-01 09:00:00,44712.0,45300,46000,37.0,0.0,3053.0,37982.0,1109.0,1018.0,92.0,5106.0,4463.0,0.0,1010.0,-7897.0,35.0,-3112,-47,-3721,87,235,2.0,35.0,0.0,0.0,98.0,2957.0,0.0,2394.0,1125.0,945.0,423.0,286.0,301.0,-151.0,0.0,2026,9,1,0,1,Tuesday,Automne,Jour_de_semaine,10678.0,23.9
France,Données temps réel,2026-09-01,9,2026-09-01 09:15:00,45073.0,45450,46300,37.0,0.0,2391.0,37945.0,1010.0,910.0,100.0,6497.0,3915.0,-2.0,1010.0,-7586.0,29.0,-3112,-115,-3714,9,759,2.0,35.0,0.0,0.0,97.0,2297.0,0.0,2259.0,762.0,894.0,423.0,286.0,301.0,-143.0,0.0,2026,9,1,15,1,Tuesday,Automne,Jour_de_semaine,11422.0,25.3
France,Données temps réel,2026-09-01,9,2026-09-01 09:30:00,45183.0,45600,46600,37.0,0.0,1405.0,38038.0,920.0,824.0,96.0,7684.0,3559.0,0.0,1005.0,-7289.0,21.0,-3112,1000,-3721,23,-163,2.0,35.0,0.0,0.0,109.0,1298.0,0.0,2246.0,786.0,528.0,418.0,286.0,301.0,-177.0,0.0,2026,9,1,30,1,Tuesday,Automne,Jour_de_semaine,12163.0,26.9
France,Données temps réel,2026-09-01,9,2026-09-01 09:45:00,45484.0,45850,47000,37.0,0.0,829.0,38013.0,856.0,780.0,77.0,8937.0,2815.0,-17.0,1001.0,-6836.0,17.0,-3112,1900,-3721,-185,-1021,2.0,35.0,0.0,0.0,108.0,723.0,0.0,2129.0,527.0,159.0,414.0,285.0,301.0,-162.0,10.0,2026,9,1,45,1,Tuesday,Automne,Jour_de_semaine,12608.0,27.7
France,Données temps réel,2026-09-01,10,2026-09-01 10:00:00,45940.0,46100,47400,37.0,0.0,553.0,38021.0,843.0,775.0,68.0,10360.0,2838.0,-186.0,1011.0,-7452.0,14.0,-2981,1000,-3724,-1857,-590,2.0,35.0,0.0,0.0,108.0,447.0,0.0,2039.0,598.0,201.0,422.0,287.0,301.0,-94.0,11.0,2026,9,1,0,1,Tuesday,Automne,Jour_de_semaine,14041.0,30.6
France,Données temps réel,2026-09-01,10,2026-09-01 10:15:00,46007.0,46250,47700,37.0,0.0,664.0,37011.0,893.0,834.0,59.0,11645.0,3767.0,-348.0,1011.0,-9039.0,15.0,-2981,932,-3724,-1857,-662,2.0,35.0,0.0,0.0,116.0,550.0,0.0,1955.0,1386.0,426.0,423.0,287.0,301.0,-1.0,371.0,2026,9,1,15,1,Tuesday,Automne,Jour_de_semaine,16305.0,35.4
France,Données temps réel,2026-09-01,10,2026-09-01 10:30:00,46332.0,46400,48000,37.0,0.0,196.0,37013.0,933.0,877.0,56.0,13076.0,3530.0,-350.0,1010.0,-9126.0,11.0,-2981,886,-3724,-1857,-826,2.0,35.0,0.0,0.0,105.0,93.0,0.0,1943.0,1155.0,431.0,423.0,285.0,301.0,-10.0,23.0,2026,9,1,30,1,Tuesday,Automne,Jour_de_semaine,17539.0,37.9
France,Données temps réel,2026-09-01,10,2026-09-01 10:45:00,46895.0,46750,48500,37.0,0.0,198.0,36953.0,1009.0,951.0,58.0,14085.0,3438.0,-780.0,1009.0,-8987.0,11.0,-2981,1000,-3724,-1857,-1153,2.0,35.0,0.0,0.0,106.0,94.0,0.0,1918.0,1142.0,378.0,423.0,284.0,301.0,-69.0,2.0,2026,9,1,45,1,Tuesday,Automne,Jour_de_semaine,18532.0,39.5
France,Données temps réel,2026-09-01,11,2026-09-01 11:00:00,46677.0,47100,49000,37.0,0.0,199.0,36948.0,1105.0,1042.0,63.0,14739.0,3344.0,-1031.0,1002.0,-9566.0,11.0,-3562,783,-3724,-1857,-682,2.0,35.0,0.0,0.0,104.0,97.0,0.0,1942.0,1022.0,380.0,419.0,282.0,301.0,-101.0,1.0,2026,9,1,0,1,Tuesday,Automne,Jour_de_semaine,19188.0,41.1
France,Données temps réel,2026-09-01,11,2026-09-01 11:15:00,47415.0,47150,47900,37.0,0.0,199.0,36601.0,1146.0,1058.0,89.0,15817.0,3123.0,-1198.0,1008.0,-9425.0,11.0,-3562,532,-3663,-1857,-831,2.0,35.0,0.0,0.0,104.0,96.0,0.0,1910.0,687.0,526.0,423.0,284.0,301.0,-5.0,112.0,2026,9,1,15,1,Tuesday,Automne,Jour_de_semaine,20086.0,42.4
France,Données temps réel,2026-09-01,11,2026-09-01 11:30:00,47295.0,47200,46800,37.0,0.0,201.0,36615.0,1167.0,1070.0,97.0,16451.0,3067.0,-1201.0,1009.0,-10038.0,10.0,-3562,319,-3724,-1857,-686,2.0,35.0,0.0,0.0,104.0,98.0,0.0,1902.0,633.0,532.0,423.0,284.0,301.0,-43.0,31.0,2026,9,1,30,1,Tuesday,Automne,Jour_de_semaine,20685.0,43.7
France,Données temps réel,2026-09-01,11,2026-09-01 11:45:00,47989.0,48650,48150,37.0,0.0,249.0,36626.0,1172.0,1103.0,68.0,17122.0,3122.0,-1203.0,1012.0,-9855.0,11.0,-3562,83,-3724,-1852,-630,2.0,35.0,0.0,0.0,94.0,157.0,0.0,1875.0,740.0,507.0,424.0,286.0,301.0,-322.0,30.0,2026,9,1,45,1,Tuesday,Automne,Jour_de_semaine,21416.0,44.6
France,Données temps réel,2026-09-01,12,2026-09-01 12:00:00,48707.0,50100,49500,36.0,0.0,272.0,36475.0,1224.0,1173.0,51.0,17808.0,2828.0,-1201.0,1005.0,-9733.0,11.0,-1740,-683,-3916,-1857,-506,1.0,35.0,0.0,0.0,94.0,180.0,0.0,1893.0,448.0,487.0,419.0,285.0,301.0,-11.0,4.0,2026,9,1,0,1,Tuesday,Automne,Jour_de_semaine,21860.0,44.9
France,Données temps réel,2026-09-01,12,2026-09-01 12:15:00,48837.0,49950,49350,36.0,0.0,273.0,36309.0,1264.0,1204.0,61.0,18290.0,2451.0,-1203.0,1003.0,-9524.0,11.0,-1740,-1079,-3916,-1857,-566,1.0,35.0,0.0,0.0,94.0,180.0,0.0,1878.0,414.0,159.0,418.0,284.0,301.0,-65.0,3.0,2026,9,1,15,1,Tuesday,Automne,Jour_de_semaine,22005.0,45.1
France,Données temps réel,2026-09-01,12,2026-09-01 12:30:00,49071.0,49800,49200,36.0,0.0,292.0,36308.0,1254.0,1208.0,46.0,18718.0,2526.0,-1145.0,1011.0,-9875.0,11.0,-1740,-1052,-3916,-1857,-414,1.0,35.0,0.0,0.0,94.0,200.0,0.0,1893.0,469.0,164.0,423.0,286.0,301.0,-63.0,9.0,2026,9,1,30,1,Tuesday,Automne,Jour_de_semaine,22498.0,45.8
France,Données temps réel,2026-09-01,12,2026-09-01 12:45:00,48980.0,50100,49500,37.0,0.0,297.0,36400.0,1283.0,1250.0,33.0,18765.0,2559.0,-1518.0,1012.0,-9749.0,11.0,-1740,-1646,-3916,-1857,-511,2.0,35.0,0.0,0.0,94.0,205.0,0.0,1891.0,451.0,217.0,424.0,286.0,301.0,-106.0,1.0,2026,9,1,45,1,Tuesday,Automne,Jour_de_semaine,22607.0,46.2
France,Données temps réel,2026-09-01,13,2026-09-01 13:00:00,48323.0,50400,49800,37.0,0.0,300.0,36382.0,1315.0,1292.0,23.0,18837.0,2566.0,-1517.0,1009.0,-10517.0,11.0,-1952,-1203,-3916,-1857,-794,2.0,35.0,0.0,0.0,93.0,208.0,0.0,1912.0,398.0,256.0,423.0,285.0,301.0,-88.0,1.0,2026,9,1,0,1,Tuesday,Automne,Jour_de_semaine,22718.0,47.0
France,Données temps réel,2026-09-01,13,2026-09-01 13:15:00,48357.0,49600,49000,37.0,0.0,244.0,36320.0,1332.0,1297.0,35.0,18803.0,2377.0,-1518.0,1010.0,-10180.0,11.0,-1952,-1506,-3916,-1857,-895,2.0,35.0,0.0,0.0,94.0,152.0,0.0,1969.0,361.0,48.0,425.0,284.0,301.0,-68.0,0.0,2026,9,1,15,1,Tuesday,Automne,Jour_de_semaine,22512.0,46.6
France,Données temps réel,2026-09-01,13,2026-09-01 13:30:00,47609.0,48800,48200,37.0,0.0,242.0,36449.0,1362.0,1332.0,29.0,18776.0,2361.0,-1520.0,1015.0,-11006.0,11.0,-1952,-1684,-3916,-1857,-1087,2.0,35.0,0.0,0.0,94.0,150.0,0.0,1992.0,319.0,50.0,428.0,285.0,301.0,-106.0,1.0,2026,9,1,30,1,Tuesday,Automne,Jour_de_semaine,22499.0,47.3
France,Données temps réel,2026-09-01,13,2026-09-01 13:45:00,47843.0,48900,48250,36.0,0.0,265.0,36611.0,1330.0,1293.0,37.0,18829.0,2423.0,-1517.0,1017.0,-10946.0,11.0,-1952,-1591,-3916,-1857,-1021,1.0,35.0,0.0,0.0,93.0,174.0,0.0,2014.0,358.0,51.0,430.0,286.0,301.0,-205.0,1.0,2026,9,1,45,1,Tuesday,Automne,Jour_de_semaine,22582.0,47.2
France,Données temps réel,2026-09-01,14,2026-09-01 14:00:00,48207.0,49000,48300,36.0,0.0,309.0,36549.0,1340.0,1308.0,32.0,18881.0,2577.0,-1527.0,1014.0,-10818.0,11.0,-2418,-936,-3918,-1857,-232,1.0,35.0,0.0,0.0,102.0,208.0,0.0,2104.0,290.0,183.0,425.0,288.0,301.0,-153.0,0.0,2026,9,1,0,1,Tuesday,Automne,Jour_de_semaine,22798.0,47.3
France,Données temps réel,2026-09-01,14,2026-09-01 14:15:00,48570.0,49400,48700,36.0,0.0,269.0,36763.0,1371.0,1326.0,45.0,18562.0,2611.0,-1513.0,1015.0,-10556.0,11.0,-2418,-1070,-3918,-1857,-80,1.0,35.0,0.0,0.0,103.0,169.0,0.0,2094.0,367.0,150.0,428.0,286.0,301.0,-21.0,33.0,2026,9,1,15,1,Tuesday,Automne,Jour_de_semaine,22544.0,46.4
France,Données temps réel,2026-09-01,14,2026-09-01 14:30:00,48609.0,49800,49100,36.0,0.0,265.0,36588.0,1291.0,1233.0,58.0,18432.0,2636.0,-1522.0,1014.0,-9966.0,11.0,-2418,-1131,-3918,-1857,-11,1.0,35.0,0.0,0.0,102.0,164.0,0.0,2130.0,406.0,99.0,425.0,287.0,301.0,-169.0,7.0,2026,9,1,30,1,Tuesday,Automne,Jour_de_semaine,22359.0,46.0
France,Données temps réel,2026-09-01,14,2026-09-01 14:45:00,48177.0,49250,48600,36.0,0.0,308.0,36197.0,1256.0,1206.0,50.0,18219.0,2542.0,-1344.0,1012.0,-10056.0,11.0,-2418,-894,-3918,-1857,-289,1.0,35.0,0.0,0.0,102.0,207.0,0.0,2126.0,399.0,17.0,427.0,283.0,301.0,-16.0,25.0,2026,9,1,45,1,Tuesday,Automne,Jour_de_semaine,22017.0,45.7
France,Données temps réel,2026-09-01,15,2026-09-01 15:00:00,48025.0,48700,48100,36.0,0.0,289.0,35974.0,1274.0,1215.0,59.0,17907.0,2577.0,-1346.0,1015.0,-9503.0,11.0,-2347,-391,-3921,-1857,-448,1.0,35.0,0.0,0.0,102.0,188.0,0.0,2162.0,399.0,16.0,426.0,288.0,301.0,-202.0,6.0,2026,9,1,0,1,Tuesday,Automne,Jour_de_semaine,21758.0,45.3
France,Données temps réel,2026-09-01,15,2026-09-01 15:15:00,47485.0,48400,47800,36.0,0.0,271.0,35887.0,1220.0,1171.0,49.0,17377.0,2978.0,-1347.0,1013.0,-9878.0,11.0,-2347,51,-3921,-1857,-953,1.0,35.0,0.0,0.0,94.0,179.0,0.0,2154.0,560.0,263.0,425.0,286.0,301.0,-82.0,13.0,2026,9,1,15,1,Tuesday,Automne,Jour_de_semaine,21575.0,45.4
France,Données temps réel,2026-09-01,15,2026-09-01 15:30:00,47594.0,48100,47500,36.0,0.0,381.0,35927.0,1175.0,1129.0,46.0,17196.0,2827.0,-1344.0,1016.0,-9613.0,12.0,-2347,151,-3921,-1857,-1294,1.0,35.0,0.0,0.0,93.0,289.0,0.0,2155.0,656.0,16.0,428.0,287.0,301.0,-61.0,56.0,2026,9,1,30,1,Tuesday,Automne,Jour_de_semaine,21198.0,44.5
France,Données temps réel,2026-09-01,15,2026-09-01 15:45:00,47090.0,47600,47050,36.0,0.0,569.0,35940.0,1228.0,1176.0,52.0,16609.0,2817.0,-1342.0,1013.0,-9740.0,13.0,-2347,343,-3921,-1857,-1262,1.0,35.0,0.0,0.0,93.0,478.0,0.0,2148.0,656.0,13.0,424.0,287.0,301.0,-50.0,11.0,2026,9,1,45,1,Tuesday,Automne,Jour_de_semaine,20654.0,43.9
France,Données temps réel,2026-09-01,16,2026-09-01 16:00:00,46730.0,47100,46600,36.0,0.0,560.0,35754.0,1162.0,1090.0,72.0,16017.0,2671.0,-1349.0,1015.0,-9070.0,13.0,-3317,775,-4124,-1857,-771,1.0,35.0,0.0,0.0,93.0,468.0,0.0,2096.0,563.0,13.0,425.0,288.0,301.0,-74.0,11.0,2026,9,1,0,1,Tuesday,Automne,Jour_de_semaine,19850.0,42.5
France,Données temps réel,2026-09-01,16,2026-09-01 16:15:00,46287.0,46850,46400,36.0,0.0,581.0,36042.0,1215.0,1133.0,82.0,15161.0,3016.0,-1502.0,1015.0,-9145.0,14.0,-3317,1268,-4124,-1857,-1060,1.0,35.0,0.0,0.0,93.0,489.0,0.0,2162.0,513.0,341.0,426.0,288.0,301.0,-136.0,6.0,2026,9,1,15,1,Tuesday,Automne,Jour_de_semaine,19392.0,41.9
France,Données temps réel,2026-09-01,16,2026-09-01 16:30:00,46145.0,46600,46200,36.0,0.0,589.0,36104.0,1244.0,1169.0,75.0,14707.0,2940.0,-1276.0,1014.0,-9203.0,14.0,-3317,2047,-4124,-1857,-1634,1.0,35.0,0.0,0.0,94.0,497.0,0.0,2123.0,473.0,344.0,426.0,287.0,301.0,-18.0,9.0,2026,9,1,30,1,Tuesday,Automne,Jour_de_semaine,18891.0,40.9
France,Données temps réel,2026-09-01,16,2026-09-01 16:45:00,45805.0,46450,46050,36.0,0.0,568.0,36259.0,1216.0,1127.0,88.0,13826.0,3118.0,-1272.0,1014.0,-8976.0,14.0,-3317,2400,-4124,-1857,-2142,1.0,35.0,0.0,0.0,94.0,476.0,0.0,2200.0,564.0,354.0,427.0,285.0,301.0,-3.0,21.0,2026,9,1,45,1,Tuesday,Automne,Jour_de_semaine,18160.0,39.6
France,Données temps réel,2026-09-01,17,2026-09-01 17:00:00,45750.0,46300,45900,35.0,0.0,622.0,36122.0,1264.0,1156.0,108.0,13146.0,3537.0,-1075.0,1013.0,-8950.0,14.0,-2929,2400,-4157,-1857,-1640,0.0,35.0,0.0,0.0,102.0,522.0,0.0,2205.0,895.0,437.0,426.0,286.0,301.0,0.0,40.0,2026,9,1,0,1,Tuesday,Automne,Jour_de_semaine,17947.0,39.2
France,Données temps réel,2026-09-01,17,2026-09-01 17:15:00,45514.0,46100,45750,36.0,0.0,764.0,36572.0,1303.0,1164.0,138.0,12130.0,3627.0,-1304.0,1014.0,-8644.0,15.0,-2929,2400,-4157,-1857,-1658,1.0,35.0,0.0,0.0,96.0,671.0,0.0,2286.0,904.0,437.0,426.0,287.0,301.0,-12.0,29.0,2026,9,1,15,1,Tuesday,Automne,Jour_de_semaine,17060.0,37.5
France,Données temps réel,2026-09-01,17,2026-09-01 17:30:00,45890.0,45900,45600,36.0,0.0,1180.0,36851.0,1247.0,1119.0,128.0,11208.0,4015.0,-892.0,1018.0,-8798.0,19.0,-2929,2400,-4154,-1857,-1564,1.0,35.0,0.0,0.0,107.0,1075.0,0.0,2341.0,1147.0,527.0,430.0,287.0,301.0,-4.0,31.0,2026,9,1,30,1,Tuesday,Automne,Jour_de_semaine,16470.0,35.9
France,Données temps réel,2026-09-01,17,2026-09-01 17:45:00,46205.0,46300,46050,36.0,0.0,1851.0,36799.0,1279.0,1152.0,126.0,10241.0,3829.0,-404.0,1015.0,-8454.0,24.0,-2929,2400,-3947,-1819,-1620,1.0,35.0,0.0,0.0,107.0,1746.0,0.0,2365.0,1221.0,243.0,425.0,288.0,301.0,-10.0,25.0,2026,9,1,45,1,Tuesday,Automne,Jour_de_semaine,15349.0,33.2
France,Données temps réel,2026-09-01,18,2026-09-01 18:00:00,46975.0,46700,46500,36.0,0.0,2826.0,36792.0,1265.0,1149.0,116.0,9221.0,4401.0,-404.0,1012.0,-8186.0,31.0,-1908,2349,-3721,-1032,-3617,1.0,35.0,0.0,0.0,107.0,2721.0,0.0,2384.0,1205.0,812.0,422.0,289.0,301.0,-4.0,18.0,2026,9,1,0,1,Tuesday,Automne,Jour_de_semaine,14887.0,31.7
France,Données temps réel,2026-09-01,18,2026-09-01 18:15:00,47099.0,47000,47000,36.0,0.0,3172.0,37127.0,1214.0,1104.0,110.0,7929.0,4605.0,-2.0,1013.0,-7975.0,34.0,-1908,2400,-3721,-788,-2951,1.0,35.0,0.0,0.0,99.0,3075.0,0.0,2460.0,1111.0,1033.0,423.0,289.0,301.0,-21.0,3.0,2026,9,1,15,1,Tuesday,Automne,Jour_de_semaine,13748.0,29.2
France,Données temps réel,2026-09-01,18,2026-09-01 18:30:00,48028.0,47300,47500,36.0,0.0,3690.0,37320.0,1245.0,1118.0,127.0,6816.0,5514.0,-1.0,1018.0,-7611.0,38.0,-1908,2400,-3721,-602,-3281,1.0,35.0,0.0,0.0,107.0,3585.0,0.0,2458.0,1517.0,1538.0,427.0,290.0,301.0,-6.0,9.0,2026,9,1,30,1,Tuesday,Automne,Jour_de_semaine,13575.0,28.3
France,Données temps réel,2026-09-01,18,2026-09-01 18:45:00,48836.0,47850,48250,36.0,0.0,3994.0,37408.0,1187.0,1055.0,132.0,5625.0,6605.0,-2.0,1017.0,-7270.0,40.0,-1908,2400,-3721,107,-3032,1.0,35.0,0.0,0.0,107.0,3888.0,0.0,2560.0,2098.0,1947.0,427.0,289.0,301.0,-10.0,246.0,2026,9,1,45,1,Tuesday,Automne,Jour_de_semaine,13417.0,27.5
France,Données temps réel,2026-09-01,19,2026-09-01 19:00:00,49253.0,48400,49000,36.0,0.0,4126.0,37439.0,1145.0,1002.0,143.0,4339.0,6535.0,0.0,1022.0,-5459.0,42.0,-406,2400,-3721,377,-3249,1.0,35.0,0.0,0.0,108.0,4021.0,0.0,2560.0,1993.0,1982.0,430.0,291.0,301.0,-7.0,78.0,2026,9,1,0,1,Tuesday,Automne,Jour_de_semaine,12019.0,24.4
France,Données temps réel,2026-09-01,19,2026-09-01 19:15:00,49144.0,48250,48850,36.0,0.0,4211.0,37518.0,1136.0,1013.0,123.0,3317.0,6902.0,-1.0,1023.0,-5007.0,43.0,-406,2398,-3721,719,-3052,1.0,35.0,0.0,0.0,108.0,4106.0,0.0,2724.0,2128.0,2051.0,430.0,292.0,301.0,-3.0,13.0,2026,9,1,15,1,Tuesday,Automne,Jour_de_semaine,11355.0,23.1
France,Données temps réel,2026-09-01,19,2026-09-01 19:30:00,48816.0,48100,48700,36.0,0.0,4276.0,37598.0,1084.0,956.0,127.0,2322.0,7139.0,-1.0,1020.0,-4711.0,44.0,-406,2398,-3721,749,-3229,1.0,35.0,0.0,0.0,107.0,4171.0,0.0,2764.0,2157.0,2217.0,425.0,293.0,301.0,-3.0,60.0,2026,9,1,30,1,Tuesday,Automne,Jour_de_semaine,10545.0,21.6
France,Données temps réel,2026-09-01,19,2026-09-01 19:45:00,48185.0,47550,48150,36.0,0.0,4291.0,37626.0,1060.0,915.0,145.0,1635.0,7230.0,-1.0,1023.0,-4715.0,45.0,-406,1998,-3721,817,-2858,1.0,35.0,0.0,0.0,108.0,4185.0,0.0,2761.0,2320.0,2149.0,425.0,296.0,301.0,-9.0,12.0,2026,9,1,45,1,Tuesday,Automne,Jour_de_semaine,9925.0,20.6
France,Données temps réel,2026-09-01,20,2026-09-01 20:00:00,47978.0,47000,47600,36.0,0.0,4285.0,37672.0,1146.0,944.0,201.0,1023.0,7513.0,-1.0,1020.0,-4834.0,45.0,-198,998,-3708,-432,-2200,1.0,35.0,0.0,0.0,108.0,4179.0,0.0,2799.0,2535.0,2179.0,425.0,293.0,301.0,-3.0,122.0,2026,9,1,0,1,Tuesday,Automne,Jour_de_semaine,9682.0,20.2
France,Données temps réel,2026-09-01,20,2026-09-01 20:15:00,47363.0,46350,46950,36.0,0.0,4358.0,37680.0,1170.0,995.0,175.0,612.0,7878.0,0.0,1016.0,-5757.0,45.0,-198,-2,-3708,-128,-1490,1.0,35.0,0.0,0.0,110.0,4250.0,0.0,2826.0,2548.0,2504.0,419.0,296.0,301.0,-14.0,386.0,2026,9,1,15,1,Tuesday,Automne,Jour_de_semaine,9660.0,20.4
France,Données temps réel,2026-09-01,20,2026-09-01 20:30:00,46647.0,45700,46300,36.0,0.0,4362.0,37669.0,1168.0,1039.0,130.0,353.0,7837.0,0.0,1024.0,-6182.0,46.0,-198,-983,-3706,-69,-866,1.0,35.0,0.0,0.0,109.0,4254.0,0.0,2807.0,2535.0,2496.0,426.0,296.0,301.0,-12.0,394.0,2026,9,1,30,1,Tuesday,Automne,Jour_de_semaine,9358.0,20.1
France,Données temps réel,2026-09-01,20,2026-09-01 20:45:00,46460.0,45500,46150,36.0,0.0,4356.0,37823.0,1199.0,1035.0,164.0,234.0,7683.0,-1.0,1020.0,-6210.0,46.0,-198,-1849,-3536,-100,-517,1.0,35.0,0.0,0.0,109.0,4249.0,0.0,2805.0,2583.0,2294.0,424.0,294.0,301.0,-4.0,325.0,2026,9,1,45,1,Tuesday,Automne,Jour_de_semaine,9116.0,19.6
France,Données temps réel,2026-09-01,21,2026-09-01 21:00:00,46001.0,45300,46000,35.0,0.0,4377.0,37811.0,1239.0,1073.0,166.0,221.0,7543.0,0.0,1026.0,-6571.0,46.0,-135,-1909,-3324,444,-1649,0.0,35.0,0.0,0.0,109.0,4270.0,0.0,2795.0,2465.0,2283.0,430.0,295.0,301.0,-4.0,325.0,2026,9,1,0,1,Tuesday,Automne,Jour_de_semaine,9003.0,19.6
France,Données temps réel,2026-09-01,21,2026-09-01 21:15:00,45728.0,44900,45600,36.0,0.0,4400.0,37847.0,1295.0,1127.0,168.0,0.0,7274.0,0.0,1027.0,-6440.0,46.0,-135,-2475,-3324,432,-1088,1.0,35.0,0.0,0.0,109.0,4292.0,0.0,2794.0,2304.0,2176.0,428.0,298.0,301.0,-11.0,301.0,2026,9,1,15,1,Tuesday,Automne,Jour_de_semaine,8569.0,18.7
France,Données temps réel,2026-09-01,21,2026-09-01 21:30:00,45013.0,44500,45200,36.0,0.0,4395.0,37826.0,1306.0,1170.0,136.0,0.0,6840.0,0.0,1025.0,-6468.0,47.0,-135,-2475,-3324,593,-1277,1.0,35.0,0.0,0.0,109.0,4288.0,0.0,2769.0,2282.0,1789.0,426.0,298.0,301.0,-12.0,65.0,2026,9,1,30,1,Tuesday,Automne,Jour_de_semaine,8146.0,18.1
France,Données temps réel,2026-09-01,21,2026-09-01 21:45:00,44325.0,43800,44500,36.0,0.0,4412.0,37825.0,1294.0,1172.0,122.0,0.0,6518.0,0.0,1020.0,-6770.0,47.0,-135,-2775,-3324,534,-1326,1.0,35.0,0.0,0.0,109.0,4304.0,0.0,2648.0,2201.0,1670.0,425.0,294.0,301.0,-10.0,1.0,2026,9,1,45,1,Tuesday,Automne,Jour_de_semaine,7812.0,17.6
France,Données temps réel,2026-09-01,22,2026-09-01 22:00:00,43684.0,43100,43800,35.0,0.0,4384.0,37911.0,1364.0,1230.0,135.0,0.0,5993.0,0.0,1021.0,-6992.0,47.0,149,-2050,-2180,900,-3346,0.0,35.0,0.0,0.0,109.0,4277.0,0.0,2606.0,2167.0,1220.0,426.0,294.0,301.0,-36.0,3.0,2026,9,1,0,1,Tuesday,Automne,Jour_de_semaine,7357.0,16.8
France,Données temps réel,2026-09-01,22,2026-09-01 22:15:00,43877.0,43450,44150,37.0,0.0,4426.0,38015.0,1416.0,1270.0,146.0,0.0,6522.0,0.0,1023.0,-7540.0,47.0,149,-2247,-2349,900,-3430,2.0,35.0,0.0,0.0,110.0,4318.0,0.0,2633.0,2437.0,1452.0,427.0,295.0,301.0,-29.0,8.0,2026,9,1,15,1,Tuesday,Automne,Jour_de_semaine,7938.0,18.1
France,Données temps réel,2026-09-01,22,2026-09-01 22:30:00,44124.0,43800,44500,36.0,0.0,4384.0,38043.0,1476.0,1349.0,127.0,0.0,6508.0,0.0,1020.0,-7272.0,47.0,149,-1571,-2489,900,-2949,1.0,35.0,0.0,0.0,110.0,4276.0,0.0,2627.0,2411.0,1471.0,424.0,294.0,301.0,-72.0,3.0,2026,9,1,30,1,Tuesday,Automne,Jour_de_semaine,7984.0,18.1
France,Données temps réel,2026-09-01,22,2026-09-01 22:45:00,44617.0,44250,44950,37.0,0.0,4365.0,38059.0,1496.0,1391.0,105.0,0.0,6383.0,0.0,1014.0,-6602.0,47.0,149,-1637,-2397,900,-3461,2.0,35.0,0.0,0.0,110.0,4257.0,0.0,2593.0,2405.0,1386.0,423.0,289.0,301.0,-134.0,1.0,2026,9,1,45,1,Tuesday,Automne,Jour_de_semaine,7879.0,17.7
France,Données temps réel,2026-09-01,23,2026-09-01 23:00:00,43810.0,44700,45400,37.0,0.0,4337.0,38024.0,1535.0,1409.0,126.0,0.0,6108.0,0.0,1017.0,-7127.0,47.0,772,-1534,-3329,895,-2826,2.0,35.0,0.0,0.0,107.0,4232.0,0.0,2553.0,2322.0,1233.0,424.0,291.0,301.0,-121.0,0.0,2026,9,1,0,1,Tuesday,Automne,Jour_de_semaine,7643.0,17.4
France,Données temps réel,2026-09-01,23,2026-09-01 23:15:00,43604.0,44000,44700,37.0,0.0,4215.0,38072.0,1585.0,1451.0,134.0,0.0,5627.0,-39.0,1015.0,-6701.0,46.0,772,-2040,-3329,823,-2561,2.0,35.0,0.0,0.0,107.0,4109.0,0.0,2414.0,1996.0,1217.0,421.0,292.0,301.0,-229.0,22.0,2026,9,1,15,1,Tuesday,Automne,Jour_de_semaine,7212.0,16.5
France,Données temps réel,2026-09-01,23,2026-09-01 23:30:00,42874.0,43300,44000,37.0,0.0,4166.0,38086.0,1584.0,1457.0,127.0,0.0,5384.0,-45.0,1018.0,-7142.0,46.0,772,-1958,-3329,785,-2174,2.0,35.0,0.0,0.0,109.0,4058.0,0.0,2375.0,1923.0,1086.0,422.0,295.0,301.0,-213.0,0.0,2026,9,1,30,1,Tuesday,Automne,Jour_de_semaine,6968.0,16.3
France,Données temps réel,2026-09-01,23,2026-09-01 23:45:00,43101.0,42900,43250,37.0,0.0,4222.0,38168.0,1659.0,1525.0,134.0,0.0,4643.0,-58.0,1017.0,-6396.0,47.0,772,-2398,-3329,764,-1634,2.0,35.0,0.0,0.0,110.0,4114.0,0.0,2315.0,1330.0,998.0,420.0,295.0,301.0,-188.0,1.0,2026,9,1,45,1,Tuesday,Automne,Jour_de_semaine,6302.0,14.6
France,Données temps réel,2026-09-02,0,2026-09-02 00:00:00,42258.0,42500,42500,36.0,0.0,3994.0,38274.0,1642.0,1534.0,109.0,0.0,4392.0,-56.0,1012.0,-6818.0,45.0,1931,-2376,-3500,-132,-2343,1.0,35.0,0.0,0.0,109.0,3886.0,0.0,2301.0,1131.0,959.0,415.0,295.0,301.0,-217.0,0.0,2026,9,2,0,2,Wednesday,Automne,Jour_de_semaine,6034.0,14.3
France,Données temps réel,2026-09-02,0,2026-09-02 00:15:00,41884.0,41550,41550,37.0,0.0,4241.0,38282.0,1608.0,1525.0,83.0,0.0,4313.0,-58.0,1013.0,-7486.0,47.0,1931,-2737,-3501,-293,-2667,2.0,35.0,0.0,0.0,109.0,4134.0,0.0,2248.0,1225.0,840.0,419.0,294.0,301.0,-68.0,1.0,2026,9,2,15,2,Wednesday,Automne,Jour_de_semaine,5921.0,14.1
France,Données temps réel,2026-09-02,0,2026-09-02 00:30:00,40926.0,40600,40600,37.0,0.0,4126.0,38305.0,1550.0,1476.0,74.0,0.0,3985.0,-56.0,1012.0,-8079.0,47.0,1931,-2775,-3501,-350,-3588,2.0,35.0,0.0,0.0,109.0,4019.0,0.0,2238.0,1171.0,576.0,416.0,295.0,301.0,-64.0,111.0,2026,9,2,30,2,Wednesday,Automne,Jour_de_semaine,5535.0,13.5
France,Données temps réel,2026-09-02,0,2026-09-02 00:45:00,39711.0,39500,39500,37.0,0.0,4174.0,38400.0,1476.0,1405.0,72.0,0.0,3787.0,-13.0,1013.0,-9096.0,47.0,1931,-2769,-3501,-361,-4013,2.0,35.0,0.0,0.0,110.0,4066.0,0.0,2197.0,1062.0,528.0,417.0,295.0,301.0,-67.0,0.0,2026,9,2,45,2,Wednesday,Automne,Jour_de_semaine,5263.0,13.3
France,Données temps réel,2026-09-02,1,2026-09-02 01:00:00,39443.0,38400,38400,37.0,0.0,4197.0,38428.0,1446.0,1367.0,80.0,0.0,3759.0,-1.0,1014.0,-9370.0,47.0,1161,-2692,-3501,-514,-3073,2.0,35.0,0.0,0.0,109.0,4089.0,0.0,2195.0,1021.0,543.0,416.0,296.0,301.0,-67.0,1.0,2026,9,2,0,2,Wednesday,Automne,Jour_de_semaine,5205.0,13.2
France,Données temps réel,2026-09-02,1,2026-09-02 01:15:00,39646.0,38700,38700,37.0,0.0,4128.0,38434.0,1401.0,1302.0,99.0,0.0,3780.0,0.0,1021.0,-9168.0,47.0,1161,-2770,-3501,-524,-2997,2.0,35.0,0.0,0.0,109.0,4020.0,0.0,2179.0,1031.0,570.0,419.0,300.0,301.0,-2.0,16.0,2026,9,2,15,2,Wednesday,Automne,Jour_de_semaine,5181.0,13.1
France,Données temps réel,2026-09-02,1,2026-09-02 01:30:00,39001.0,39000,39000,37.0,0.0,3733.0,38396.0,1312.0,1232.0,80.0,0.0,3728.0,0.0,1013.0,-9227.0,44.0,1161,-2775,-3501,-496,-3134,2.0,35.0,0.0,0.0,109.0,3625.0,0.0,2157.0,1008.0,562.0,415.0,297.0,301.0,-4.0,14.0,2026,9,2,30,2,Wednesday,Automne,Jour_de_semaine,5040.0,12.9
France,Données temps réel,2026-09-02,1,2026-09-02 01:45:00,39005.0,38600,38600,37.0,0.0,3580.0,38427.0,1231.0,1165.0,66.0,0.0,3606.0,-9.0,1010.0,-8888.0,43.0,1161,-2767,-3501,-501,-2914,2.0,35.0,0.0,0.0,109.0,3472.0,0.0,2186.0,913.0,508.0,419.0,290.0,301.0,-2.0,13.0,2026,9,2,45,2,Wednesday,Automne,Jour_de_semaine,4837.0,12.4
France,Données temps réel,2026-09-02,2,2026-09-02 02:00:00,38311.0,38200,38200,37.0,0.0,3552.0,38422.0,1198.0,1114.0,83.0,0.0,3517.0,-175.0,1012.0,-9256.0,43.0,161,-2542,-3501,-354,-2571,2.0,35.0,0.0,0.0,109.0,3444.0,0.0,2179.0,863.0,475.0,418.0,292.0,301.0,-2.0,10.0,2026,9,2,0,2,Wednesday,Automne,Jour_de_semaine,4715.0,12.3
France,Données temps réel,2026-09-02,2,2026-09-02 02:15:00,37779.0,37350,37350,37.0,0.0,3678.0,38322.0,1161.0,1064.0,97.0,0.0,3477.0,-174.0,1013.0,-9737.0,44.0,161,-2358,-3501,-440,-3239,2.0,35.0,0.0,0.0,110.0,3570.0,0.0,2182.0,810.0,485.0,421.0,290.0,301.0,-2.0,6.0,2026,9,2,15,2,Wednesday,Automne,Jour_de_semaine,4638.0,12.3
France,Données temps réel,2026-09-02,2,2026-09-02 02:30:00,36857.0,36500,36500,36.0,0.0,3709.0,38346.0,1184.0,1089.0,95.0,0.0,3103.0,-256.0,1014.0,-10274.0,45.0,161,-2292,-3501,-600,-3786,1.0,35.0,0.0,0.0,109.0,3601.0,0.0,2198.0,626.0,279.0,423.0,290.0,301.0,-9.0,5.0,2026,9,2,30,2,Wednesday,Automne,Jour_de_semaine,4287.0,11.6
France,Données temps réel,2026-09-02,2,2026-09-02 02:45:00,36441.0,35950,35950,36.0,0.0,3707.0,38390.0,1185.0,1087.0,97.0,0.0,3024.0,-256.0,1015.0,-10653.0,45.0,161,-2312,-3501,-618,-4123,1.0,35.0,0.0,0.0,109.0,3600.0,0.0,2208.0,614.0,201.0,427.0,286.0,301.0,-10.0,7.0,2026,9,2,45,2,Wednesday,Automne,Jour_de_semaine,4209.0,11.6
France,Données temps réel,2026-09-02,3,2026-09-02 03:00:00,35853.0,35400,35400,37.0,0.0,3704.0,38409.0,1127.0,1050.0,77.0,0.0,2881.0,-263.0,1020.0,-11064.0,45.0,-127,-2205,-3539,-1018,-4101,2.0,35.0,0.0,0.0,109.0,3597.0,0.0,2237.0,627.0,17.0,427.0,291.0,301.0,-3.0,6.0,2026,9,2,0,2,Wednesday,Automne,Jour_de_semaine,4008.0,11.2
France,Données temps réel,2026-09-02,3,2026-09-02 03:15:00,35457.0,35150,35150,37.0,0.0,3693.0,38488.0,1082.0,1016.0,65.0,0.0,2898.0,-264.0,1020.0,-11495.0,45.0,-127,-2162,-3539,-1232,-4181,2.0,35.0,0.0,0.0,109.0,3585.0,0.0,2238.0,643.0,17.0,429.0,290.0,301.0,-4.0,2.0,2026,9,2,15,2,Wednesday,Automne,Jour_de_semaine,3980.0,11.2
France,Données temps réel,2026-09-02,3,2026-09-02 03:30:00,35339.0,34900,34900,36.0,0.0,3492.0,38452.0,1057.0,984.0,73.0,0.0,2885.0,-265.0,1022.0,-11283.0,43.0,-127,-2099,-3539,-1298,-4461,1.0,35.0,0.0,0.0,109.0,3384.0,0.0,2225.0,644.0,17.0,431.0,289.0,301.0,-55.0,1.0,2026,9,2,30,2,Wednesday,Automne,Jour_de_semaine,3942.0,11.2
France,Données temps réel,2026-09-02,3,2026-09-02 03:45:00,35077.0,34700,34700,37.0,0.0,3495.0,38491.0,1038.0,955.0,83.0,0.0,2795.0,-262.0,1016.0,-11529.0,43.0,-127,-2059,-3539,-1393,-4486,2.0,35.0,0.0,0.0,109.0,3387.0,0.0,2230.0,548.0,17.0,426.0,289.0,301.0,-4.0,1.0,2026,9,2,45,2,Wednesday,Automne,Jour_de_semaine,3833.0,10.9
France,Données temps réel,2026-09-02,4,2026-09-02 04:00:00,34917.0,34500,34500,37.0,0.0,3699.0,38482.0,1041.0,947.0,94.0,0.0,2734.0,-261.0,1019.0,-11710.0,45.0,-48,-1934,-3539,-1857,-4614,2.0,35.0,0.0,0.0,109.0,3592.0,0.0,2209.0,508.0,17.0,429.0,288.0,301.0,-125.0,1.0,2026,9,2,0,2,Wednesday,Automne,Jour_de_semaine,3775.0,10.8
France,Données temps réel,2026-09-02,4,2026-09-02 04:15:00,34978.0,34450,34450,37.0,0.0,3732.0,38498.0,1055.0,980.0,75.0,0.0,2788.0,-192.0,1017.0,-11945.0,45.0,-48,-1985,-3539,-1857,-4639,2.0,35.0,0.0,0.0,109.0,3624.0,0.0,2192.0,578.0,18.0,430.0,286.0,301.0,-12.0,1.0,2026,9,2,15,2,Wednesday,Automne,Jour_de_semaine,3843.0,11.0
France,Données temps réel,2026-09-02,4,2026-09-02 04:30:00,34827.0,34400,34400,37.0,0.0,3730.0,38505.0,1062.0,988.0,74.0,0.0,2787.0,-199.0,1019.0,-12094.0,45.0,-48,-2024,-3539,-1857,-4324,2.0,35.0,0.0,0.0,109.0,3622.0,0.0,2192.0,578.0,17.0,429.0,289.0,301.0,-19.0,0.0,2026,9,2,30,2,Wednesday,Automne,Jour_de_semaine,3849.0,11.1
France,Données temps réel,2026-09-02,4,2026-09-02 04:45:00,34880.0,34650,34650,37.0,0.0,3487.0,38516.0,1079.0,1001.0,78.0,0.0,2804.0,-196.0,1020.0,-11752.0,43.0,-48,-1975,-3539,-1857,-4234,2.0,35.0,0.0,0.0,109.0,3380.0,0.0,2244.0,543.0,17.0,429.0,289.0,301.0,-112.0,0.0,2026,9,2,45,2,Wednesday,Automne,Jour_de_semaine,3883.0,11.1
France,Données temps réel,2026-09-02,5,2026-09-02 05:00:00,35444.0,34900,34900,37.0,0.0,3486.0,38479.0,1124.0,1041.0,83.0,0.0,2827.0,-196.0,1018.0,-11303.0,43.0,-335,-1862,-3539,-1857,-3617,2.0,35.0,0.0,0.0,109.0,3379.0,0.0,2229.0,582.0,17.0,430.0,286.0,301.0,-27.0,0.0,2026,9,2,0,2,Wednesday,Automne,Jour_de_semaine,3951.0,11.1
France,Données temps réel,2026-09-02,5,2026-09-02 05:15:00,35946.0,35400,35400,37.0,0.0,3509.0,38516.0,1137.0,1057.0,80.0,0.0,3044.0,-193.0,1017.0,-11102.0,43.0,-335,-1712,-3539,-1857,-3492,2.0,35.0,0.0,0.0,109.0,3402.0,0.0,2261.0,766.0,18.0,429.0,287.0,301.0,-19.0,3.0,2026,9,2,15,2,Wednesday,Automne,Jour_de_semaine,4181.0,11.6
France,Données temps réel,2026-09-02,5,2026-09-02 05:30:00,36216.0,35900,35900,37.0,0.0,3652.0,38529.0,1222.0,1126.0,97.0,0.0,3136.0,-192.0,1016.0,-11142.0,44.0,-335,-1949,-3539,-1857,-3904,2.0,35.0,0.0,0.0,109.0,3544.0,0.0,2294.0,825.0,18.0,428.0,287.0,301.0,-42.0,1.0,2026,9,2,30,2,Wednesday,Automne,Jour_de_semaine,4358.0,12.0
France,Données temps réel,2026-09-02,5,2026-09-02 05:45:00,36998.0,36600,36600,37.0,0.0,4124.0,38526.0,1253.0,1125.0,128.0,0.0,3902.0,0.0,1013.0,-11743.0,47.0,-335,-1553,-3539,-1857,-4163,2.0,35.0,0.0,0.0,109.0,4016.0,0.0,2358.0,878.0,665.0,426.0,285.0,301.0,-113.0,2.0,2026,9,2,45,2,Wednesday,Automne,Jour_de_semaine,5155.0,13.9
France,Données temps réel,2026-09-02,6,2026-09-02 06:00:00,37642.0,37300,37300,37.0,0.0,4183.0,38507.0,1258.0,1171.0,87.0,0.0,4257.0,0.0,1021.0,-11555.0,47.0,597,-895,-3539,-1509,-5280,2.0,35.0,0.0,0.0,109.0,4076.0,0.0,2396.0,1129.0,732.0,426.0,293.0,301.0,-66.0,0.0,2026,9,2,0,2,Wednesday,Automne,Jour_de_semaine,5515.0,14.7
France,Données temps réel,2026-09-02,6,2026-09-02 06:15:00,38814.0,38200,38200,37.0,0.0,4210.0,38527.0,1230.0,1149.0,81.0,0.0,4653.0,-1.0,1024.0,-10873.0,47.0,597,-696,-3539,-1537,-5152,2.0,35.0,0.0,0.0,110.0,4102.0,0.0,2554.0,1308.0,791.0,429.0,293.0,301.0,0.0,8.0,2026,9,2,15,2,Wednesday,Automne,Jour_de_semaine,5883.0,15.2
France,Données temps réel,2026-09-02,6,2026-09-02 06:30:00,39777.0,39100,39100,37.0,0.0,4192.0,38523.0,1217.0,1130.0,88.0,0.0,4920.0,0.0,1018.0,-10130.0,46.0,597,165,-3539,-1574,-5398,2.0,35.0,0.0,0.0,110.0,4084.0,0.0,2656.0,1432.0,832.0,423.0,294.0,301.0,-9.0,9.0,2026,9,2,30,2,Wednesday,Automne,Jour_de_semaine,6137.0,15.4
France,Données temps réel,2026-09-02,6,2026-09-02 06:45:00,40376.0,39950,39950,37.0,0.0,4232.0,38553.0,1222.0,1116.0,106.0,0.0,5092.0,-1.0,1018.0,-9784.0,47.0,597,319,-3539,-1546,-5500,2.0,35.0,0.0,0.0,110.0,4124.0,0.0,2622.0,1617.0,852.0,422.0,294.0,301.0,0.0,9.0,2026,9,2,45,2,Wednesday,Automne,Jour_de_semaine,6314.0,15.6
France,Données temps réel,2026-09-02,7,2026-09-02 07:00:00,41119.0,40800,40800,37.0,0.0,4263.0,38532.0,1200.0,1097.0,103.0,234.0,6000.0,-1.0,1019.0,-10270.0,46.0,-909,-526,-3318,-645,-4272,2.0,35.0,0.0,0.0,110.0,4155.0,0.0,2574.0,1658.0,1768.0,425.0,292.0,301.0,-10.0,116.0,2026,9,2,0,2,Wednesday,Automne,Jour_de_semaine,7434.0,18.1
France,Données temps réel,2026-09-02,7,2026-09-02 07:15:00,41919.0,41250,41650,37.0,0.0,4284.0,38544.0,1230.0,1131.0,99.0,300.0,6157.0,-1.0,1016.0,-9866.0,46.0,-909,-1048,-3318,-642,-3421,2.0,35.0,0.0,0.0,110.0,4177.0,0.0,2629.0,1720.0,1808.0,423.0,292.0,301.0,-4.0,225.0,2026,9,2,15,2,Wednesday,Automne,Jour_de_semaine,7687.0,18.3
France,Données temps réel,2026-09-02,7,2026-09-02 07:30:00,42347.0,41700,42500,37.0,0.0,4267.0,38553.0,1245.0,1154.0,91.0,408.0,6248.0,-1.0,1022.0,-9587.0,46.0,-909,-1702,-3318,-652,-2753,2.0,35.0,0.0,0.0,110.0,4159.0,0.0,2580.0,1683.0,1985.0,427.0,293.0,301.0,-7.0,164.0,2026,9,2,30,2,Wednesday,Automne,Jour_de_semaine,7901.0,18.7
France,Données temps réel,2026-09-02,7,2026-09-02 07:45:00,43159.0,42350,43250,36.0,0.0,4282.0,38526.0,1284.0,1175.0,109.0,691.0,6346.0,0.0,1021.0,-9403.0,45.0,-909,-1748,-3318,-575,-2883,1.0,35.0,0.0,0.0,110.0,4174.0,0.0,2500.0,1586.0,2260.0,426.0,293.0,301.0,-7.0,385.0,2026,9,2,45,2,Wednesday,Automne,Jour_de_semaine,8321.0,19.3
France,Données temps réel,2026-09-02,8,2026-09-02 08:00:00,43585.0,43000,44000,37.0,0.0,4280.0,38542.0,1315.0,1194.0,121.0,1150.0,6031.0,-1.0,1026.0,-9020.0,45.0,-2033,-1,-3310,142,-3688,2.0,35.0,0.0,0.0,110.0,4172.0,0.0,2509.0,1715.0,1807.0,428.0,296.0,301.0,-2.0,230.0,2026,9,2,0,2,Wednesday,Automne,Jour_de_semaine,8496.0,19.5
France,Données temps réel,2026-09-02,8,2026-09-02 08:15:00,44381.0,43650,44450,37.0,0.0,4299.0,38554.0,1337.0,1216.0,121.0,1897.0,5696.0,-1.0,1022.0,-8796.0,45.0,-2033,-290,-3318,36,-3258,2.0,35.0,0.0,0.0,110.0,4191.0,0.0,2443.0,1564.0,1689.0,424.0,296.0,301.0,-3.0,340.0,2026,9,2,15,2,Wednesday,Automne,Jour_de_semaine,8930.0,20.1
France,Données temps réel,2026-09-02,8,2026-09-02 08:30:00,44990.0,44300,44900,37.0,0.0,4255.0,38567.0,1295.0,1178.0,118.0,2681.0,5417.0,-2.0,1017.0,-8551.0,44.0,-2033,28,-3318,3,-2789,2.0,35.0,0.0,0.0,109.0,4147.0,0.0,2438.0,1552.0,1428.0,419.0,298.0,301.0,-8.0,283.0,2026,9,2,30,2,Wednesday,Automne,Jour_de_semaine,9393.0,20.9
France,Données temps réel,2026-09-02,8,2026-09-02 08:45:00,45704.0,44700,45250,37.0,0.0,4048.0,38461.0,1269.0,1137.0,133.0,3807.0,4860.0,0.0,1020.0,-7832.0,42.0,-2033,868,-3318,-446,-3259,2.0,35.0,0.0,0.0,107.0,3942.0,0.0,2408.0,1520.0,932.0,423.0,296.0,301.0,-14.0,48.0,2026,9,2,45,2,Wednesday,Automne,Jour_de_semaine,9936.0,21.7
France,Données temps réel,2026-09-02,9,2026-09-02 09:00:00,45700.0,45100,45600,37.0,0.0,3590.0,38467.0,1232.0,1088.0,143.0,4918.0,4401.0,-164.0,1016.0,-7817.0,39.0,-4028,1440,-3530,-1320,-860,2.0,35.0,0.0,0.0,109.0,3483.0,0.0,2422.0,1456.0,523.0,421.0,294.0,301.0,-48.0,68.0,2026,9,2,0,2,Wednesday,Automne,Jour_de_semaine,10551.0,23.1
France,Données temps réel,2026-09-02,9,2026-09-02 09:15:00,46060.0,45500,46000,37.0,0.0,3569.0,38511.0,1195.0,1039.0,157.0,5889.0,4033.0,-163.0,1018.0,-8065.0,38.0,-4028,1493,-3530,-1789,98,2.0,35.0,0.0,0.0,110.0,3462.0,0.0,2217.0,1126.0,690.0,422.0,295.0,301.0,-8.0,44.0,2026,9,2,15,2,Wednesday,Automne,Jour_de_semaine,11117.0,24.1
France,Données temps réel,2026-09-02,9,2026-09-02 09:30:00,45971.0,45900,46400,36.0,0.0,2831.0,38402.0,1167.0,996.0,171.0,7017.0,3885.0,-163.0,1019.0,-8254.0,32.0,-4028,2140,-3530,-962,-1014,1.0,35.0,0.0,0.0,109.0,2724.0,0.0,2185.0,1002.0,698.0,423.0,295.0,301.0,-13.0,45.0,2026,9,2,30,2,Wednesday,Automne,Jour_de_semaine,12069.0,26.3
France,Données temps réel,2026-09-02,9,2026-09-02 09:45:00,46465.0,46200,46650,37.0,0.0,1437.0,38376.0,1123.0,932.0,191.0,8500.0,3633.0,-337.0,1018.0,-7350.0,21.0,-4028,2390,-3530,-1041,-811,2.0,35.0,0.0,0.0,109.0,1330.0,0.0,2162.0,861.0,610.0,421.0,296.0,301.0,-10.0,39.0,2026,9,2,45,2,Wednesday,Automne,Jour_de_semaine,13256.0,28.5
France,Données temps réel,2026-09-02,10,2026-09-02 10:00:00,46270.0,46500,46900,37.0,0.0,1168.0,38299.0,1075.0,891.0,184.0,9804.0,3092.0,-337.0,1014.0,-7915.0,19.0,-4028,2000,-3530,-1379,-1016,2.0,35.0,0.0,0.0,109.0,1061.0,0.0,2153.0,850.0,90.0,417.0,295.0,301.0,-6.0,40.0,2026,9,2,0,2,Wednesday,Automne,Jour_de_semaine,13971.0,30.2
France,Données temps réel,2026-09-02,10,2026-09-02 10:15:00,46821.0,46700,47050,37.0,0.0,1011.0,38245.0,1104.0,916.0,188.0,11421.0,2885.0,-501.0,1009.0,-8385.0,17.0,-4028,2000,-3530,-1540,-1075,2.0,35.0,0.0,0.0,94.0,919.0,0.0,2162.0,638.0,84.0,412.0,295.0,301.0,-31.0,27.0,2026,9,2,15,2,Wednesday,Automne,Jour_de_semaine,15410.0,32.9
France,Données temps réel,2026-09-02,10,2026-09-02 10:30:00,46864.0,46900,47200,37.0,0.0,997.0,38303.0,1186.0,960.0,226.0,12635.0,2824.0,-733.0,1007.0,-9321.0,17.0,-4028,2000,-3530,-1795,-1392,2.0,35.0,0.0,0.0,94.0,905.0,0.0,2153.0,589.0,83.0,411.0,295.0,301.0,-71.0,0.0,2026,9,2,30,2,Wednesday,Automne,Jour_de_semaine,16645.0,35.5
France,Données temps réel,2026-09-02,10,2026-09-02 10:45:00,47118.0,47200,47500,37.0,0.0,929.0,38253.0,1240.0,1012.0,229.0,13681.0,2877.0,-899.0,1009.0,-9846.0,16.0,-4028,2000,-3530,-1823,-1858,2.0,35.0,0.0,0.0,94.0,837.0,0.0,2088.0,521.0,268.0,414.0,294.0,301.0,-161.0,0.0,2026,9,2,45,2,Wednesday,Automne,Jour_de_semaine,17798.0,37.8
France,Données temps réel,2026-09-02,11,2026-09-02 11:00:00,47337.0,47500,47800,37.0,0.0,789.0,38275.0,1330.0,1094.0,236.0,14725.0,2834.0,-899.0,1007.0,-10584.0,15.0,-4028,2000,-3530,-1857,-2525,2.0,35.0,0.0,0.0,94.0,697.0,0.0,2041.0,521.0,272.0,411.0,295.0,301.0,-178.0,0.0,2026,9,2,0,2,Wednesday,Automne,Jour_de_semaine,18889.0,39.9
France,Données temps réel,2026-09-02,11,2026-09-02 11:15:00,47811.0,47800,48050,37.0,0.0,716.0,38163.0,1389.0,1168.0,220.0,15704.0,2665.0,-902.0,1011.0,-10660.0,14.0,-4028,1960,-3530,-1857,-2611,2.0,35.0,0.0,0.0,94.0,624.0,0.0,1994.0,508.0,163.0,414.0,295.0,301.0,-313.0,2.0,2026,9,2,15,2,Wednesday,Automne,Jour_de_semaine,19758.0,41.3
France,Données temps réel,2026-09-02,11,2026-09-02 11:30:00,48563.0,48100,48300,37.0,0.0,715.0,38157.0,1365.0,1150.0,215.0,16511.0,2668.0,-931.0,1008.0,-10545.0,14.0,-4028,1352,-3530,-1857,-2597,2.0,35.0,0.0,0.0,94.0,624.0,0.0,1986.0,515.0,168.0,412.0,294.0,301.0,-423.0,2.0,2026,9,2,30,2,Wednesday,Automne,Jour_de_semaine,20544.0,42.3
France,Données temps réel,2026-09-02,11,2026-09-02 11:45:00,48921.0,48600,48800,36.0,0.0,769.0,38166.0,1393.0,1181.0,213.0,17324.0,2550.0,-941.0,1009.0,-11197.0,14.0,-4028,1489,-3530,-1857,-2974,1.0,35.0,0.0,0.0,93.0,677.0,0.0,1961.0,424.0,164.0,413.0,294.0,301.0,-187.0,0.0,2026,9,2,45,2,Wednesday,Automne,Jour_de_semaine,21267.0,43.5
France,Données temps réel,2026-09-02,12,2026-09-02 12:00:00,49322.0,49100,49300,37.0,0.0,755.0,38125.0,1432.0,1193.0,239.0,18066.0,2513.0,-951.0,1011.0,-11341.0,14.0,-4028,414,-3699,-1857,-1883,2.0,35.0,0.0,0.0,93.0,663.0,0.0,2014.0,335.0,163.0,416.0,294.0,301.0,-326.0,2.0,2026,9,2,0,2,Wednesday,Automne,Jour_de_semaine,22011.0,44.6
France,Données temps réel,2026-09-02,12,2026-09-02 12:15:00,49046.0,49050,49250,36.0,0.0,727.0,38155.0,1455.0,1243.0,211.0,18475.0,2353.0,-1368.0,1012.0,-11642.0,13.0,-4028,431,-3699,-1857,-2046,1.0,35.0,0.0,0.0,94.0,635.0,0.0,1994.0,295.0,63.0,418.0,292.0,301.0,-158.0,2.0,2026,9,2,15,2,Wednesday,Automne,Jour_de_semaine,22283.0,45.4
France,Données temps réel,2026-09-02,12,2026-09-02 12:30:00,49504.0,49000,49200,37.0,0.0,723.0,38128.0,1484.0,1281.0,203.0,19024.0,2395.0,-1580.0,1011.0,-11328.0,13.0,-4028,685,-3699,-1857,-2083,2.0,35.0,0.0,0.0,93.0,632.0,0.0,1988.0,343.0,63.0,416.0,293.0,301.0,-389.0,0.0,2026,9,2,30,2,Wednesday,Automne,Jour_de_semaine,22903.0,46.3
France,Données temps réel,2026-09-02,12,2026-09-02 12:45:00,49494.0,49550,49750,37.0,0.0,759.0,38141.0,1485.0,1299.0,186.0,19245.0,2505.0,-1648.0,1010.0,-11813.0,14.0,-4028,333,-3699,-1857,-2288,2.0,35.0,0.0,0.0,93.0,667.0,0.0,2016.0,424.0,65.0,415.0,294.0,301.0,-225.0,0.0,2026,9,2,45,2,Wednesday,Automne,Jour_de_semaine,23235.0,46.9
France,Données temps réel,2026-09-02,13,2026-09-02 13:00:00,48877.0,50100,50300,37.0,0.0,668.0,37925.0,1487.0,1314.0,173.0,19571.0,2410.0,-1652.0,1013.0,-12177.0,13.0,-4028,53,-3699,-1857,-3183,2.0,35.0,0.0,0.0,94.0,576.0,0.0,1973.0,406.0,30.0,418.0,294.0,301.0,-405.0,0.0,2026,9,2,0,2,Wednesday,Automne,Jour_de_semaine,23468.0,48.0
France,Données temps réel,2026-09-02,13,2026-09-02 13:15:00,48822.0,49150,49350,37.0,0.0,674.0,38024.0,1617.0,1425.0,192.0,19885.0,2368.0,-1591.0,1009.0,-12951.0,13.0,-4028,-407,-3699,-1857,-3588,2.0,35.0,0.0,0.0,100.0,575.0,0.0,1922.0,403.0,42.0,414.0,293.0,301.0,-257.0,10.0,2026,9,2,15,2,Wednesday,Automne,Jour_de_semaine,23870.0,48.9
France,Données temps réel,2026-09-02,13,2026-09-02 13:30:00,48052.0,48200,48400,37.0,0.0,667.0,38170.0,1693.0,1515.0,178.0,19848.0,2263.0,-1593.0,1013.0,-13883.0,13.0,-4028,-643,-3699,-1857,-3653,2.0,35.0,0.0,0.0,93.0,576.0,0.0,1918.0,290.0,55.0,414.0,298.0,301.0,-243.0,81.0,2026,9,2,30,2,Wednesday,Automne,Jour_de_semaine,23804.0,49.5
France,Données temps réel,2026-09-02,13,2026-09-02 13:45:00,48409.0,48300,48500,37.0,0.0,690.0,38071.0,1758.0,1595.0,163.0,19989.0,2350.0,-1589.0,1010.0,-13684.0,13.0,-4028,-550,-3699,-1857,-3734,2.0,35.0,0.0,0.0,94.0,598.0,0.0,1946.0,264.0,140.0,414.0,295.0,301.0,-234.0,13.0,2026,9,2,45,2,Wednesday,Automne,Jour_de_semaine,24097.0,49.8
France,Données temps réel,2026-09-02,14,2026-09-02 14:00:00,49020.0,48400,48600,37.0,0.0,710.0,38105.0,1767.0,1620.0,146.0,20032.0,2429.0,-1590.0,1016.0,-13363.0,13.0,-4028,162,-3699,-1857,-3668,2.0,35.0,0.0,0.0,93.0,618.0,0.0,2023.0,268.0,138.0,416.0,299.0,301.0,-169.0,47.0,2026,9,2,0,2,Wednesday,Automne,Jour_de_semaine,24228.0,49.4
France,Données temps réel,2026-09-02,14,2026-09-02 14:15:00,49827.0,48500,48700,37.0,0.0,787.0,38182.0,1847.0,1692.0,155.0,19871.0,2347.0,-1585.0,1015.0,-12639.0,14.0,-4028,205,-3699,-1857,-3825,2.0,35.0,0.0,0.0,99.0,690.0,0.0,2062.0,271.0,14.0,414.0,299.0,301.0,-139.0,105.0,2026,9,2,15,2,Wednesday,Automne,Jour_de_semaine,24065.0,48.3
France,Données temps réel,2026-09-02,14,2026-09-02 14:30:00,49789.0,48600,48800,37.0,0.0,732.0,38046.0,1940.0,1775.0,165.0,19804.0,2499.0,-1590.0,1013.0,-12677.0,13.0,-4028,570,-3699,-1857,-3866,2.0,35.0,0.0,0.0,94.0,641.0,0.0,2068.0,417.0,14.0,411.0,300.0,301.0,-50.0,35.0,2026,9,2,30,2,Wednesday,Automne,Jour_de_semaine,24243.0,48.7
France,Données temps réel,2026-09-02,14,2026-09-02 14:45:00,49270.0,48200,48400,36.0,0.0,688.0,37884.0,1941.0,1779.0,163.0,19433.0,2495.0,-1522.0,1015.0,-12573.0,13.0,-4028,571,-3699,-1857,-3782,1.0,35.0,0.0,0.0,94.0,596.0,0.0,2112.0,368.0,15.0,413.0,301.0,301.0,-128.0,2.0,2026,9,2,45,2,Wednesday,Automne,Jour_de_semaine,23869.0,48.4
France,Données temps réel,2026-09-02,15,2026-09-02 15:00:00,48947.0,47800,48000,36.0,0.0,674.0,37919.0,1980.0,1830.0,149.0,19194.0,2507.0,-1524.0,1016.0,-12740.0,13.0,-3926,615,-3693,-1857,-3406,1.0,35.0,0.0,0.0,93.0,583.0,0.0,2113.0,380.0,14.0,413.0,301.0,301.0,-117.0,3.0,2026,9,2,0,2,Wednesday,Automne,Jour_de_semaine,23681.0,48.4
France,Données temps réel,2026-09-02,15,2026-09-02 15:15:00,48823.0,47450,47650,36.0,0.0,624.0,37944.0,2038.0,1883.0,155.0,18782.0,2533.0,-1519.0,1018.0,-12459.0,13.0,-3926,889,-3693,-1857,-3711,1.0,35.0,0.0,0.0,94.0,532.0,0.0,2104.0,416.0,14.0,416.0,301.0,301.0,-177.0,3.0,2026,9,2,15,2,Wednesday,Automne,Jour_de_semaine,23353.0,47.8
France,Données temps réel,2026-09-02,15,2026-09-02 15:30:00,48081.0,47100,47300,36.0,0.0,664.0,37430.0,2110.0,1965.0,146.0,18384.0,2579.0,-1516.0,1016.0,-12594.0,13.0,-3926,1052,-3693,-1857,-3873,1.0,35.0,0.0,0.0,94.0,572.0,0.0,2128.0,437.0,14.0,414.0,301.0,301.0,-48.0,22.0,2026,9,2,30,2,Wednesday,Automne,Jour_de_semaine,23073.0,48.0
France,Données temps réel,2026-09-02,15,2026-09-02 15:45:00,47959.0,46950,47600,36.0,0.0,668.0,37124.0,2181.0,2040.0,140.0,17916.0,2618.0,-1518.0,1017.0,-12006.0,13.0,-3926,1069,-3693,-1857,-3983,1.0,35.0,0.0,0.0,94.0,576.0,0.0,2154.0,448.0,15.0,416.0,299.0,301.0,-75.0,1.0,2026,9,2,45,2,Wednesday,Automne,Jour_de_semaine,22715.0,47.4
France,Données temps réel,2026-09-02,16,2026-09-02 16:00:00,47481.0,46800,47900,37.0,0.0,448.0,37143.0,2305.0,2020.0,285.0,17297.0,2742.0,-1279.0,948.0,-12172.0,11.0,-4028,1404,-3693,-1857,-3950,2.0,35.0,0.0,0.0,115.0,333.0,0.0,2423.0,318.0,1.0,403.0,243.0,301.0,-10.0,22.0,2026,9,2,0,2,Wednesday,Automne,Jour_de_semaine,22344.0,47.1
France,Données temps réel,2026-09-02,16,2026-09-02 16:15:00,47062.0,46450,47550,37.0,0.0,464.0,37143.0,2325.0,2040.0,285.0,16789.0,2794.0,-1279.0,948.0,-12172.0,12.0,-4028,1761,-3693,-1857,-3883,2.0,35.0,0.0,0.0,115.0,349.0,0.0,2421.0,334.0,39.0,403.0,243.0,301.0,-10.0,22.0,2026,9,2,15,2,Wednesday,Automne,Jour_de_semaine,21908.0,46.6
France,Données temps réel,2026-09-02,16,2026-09-02 16:30:00,46352.0,46100,47200,37.0,0.0,464.0,37143.0,2429.0,2144.0,285.0,15974.0,2795.0,-1279.0,948.0,-12172.0,12.0,-4028,2292,-3758,-1857,-3963,2.0,35.0,0.0,0.0,115.0,349.0,0.0,2422.0,334.0,39.0,403.0,243.0,301.0,-10.0,22.0,2026,9,2,30,2,Wednesday,Automne,Jour_de_semaine,21198.0,45.7
France,Données temps réel,2026-09-02,16,2026-09-02 16:45:00,47423.0,46000,47100,36.0,0.0,839.0,37023.0,2438.0,2322.0,116.0,15323.0,3353.0,-490.0,1019.0,-12139.0,15.0,-4028,2400,-3758,-1854,-3480,1.0,35.0,0.0,0.0,108.0,732.0,0.0,2235.0,804.0,313.0,419.0,299.0,301.0,-3.0,25.0,2026,9,2,45,2,Wednesday,Automne,Jour_de_semaine,21114.0,44.5
France,Données temps réel,2026-09-02,17,2026-09-02 17:00:00,47481.0,45900,47000,36.0,0.0,822.0,36707.0,2528.0,2407.0,120.0,14153.0,3280.0,-489.0,1015.0,-10557.0,15.0,-3249,2400,-3693,-1809,-3767,1.0,35.0,0.0,0.0,109.0,715.0,0.0,2221.0,770.0,290.0,415.0,299.0,301.0,-14.0,1.0,2026,9,2,0,2,Wednesday,Automne,Jour_de_semaine,19961.0,42.0
France,Données temps réel,2026-09-02,17,2026-09-02 17:15:00,47210.0,45900,47000,36.0,0.0,855.0,37128.0,2513.0,2394.0,119.0,13117.0,3657.0,-488.0,1016.0,-10622.0,15.0,-3249,2400,-3693,-1832,-3356,1.0,35.0,0.0,0.0,109.0,748.0,0.0,2366.0,996.0,295.0,417.0,298.0,301.0,-11.0,10.0,2026,9,2,15,2,Wednesday,Automne,Jour_de_semaine,19287.0,40.9
France,Données temps réel,2026-09-02,17,2026-09-02 17:30:00,47381.0,45900,47000,36.0,0.0,1512.0,37229.0,2499.0,2397.0,102.0,12061.0,3938.0,-487.0,1017.0,-10463.0,20.0,-3249,2400,-3693,-1847,-3964,1.0,35.0,0.0,0.0,109.0,1405.0,0.0,2402.0,1218.0,318.0,414.0,301.0,301.0,0.0,41.0,2026,9,2,30,2,Wednesday,Automne,Jour_de_semaine,18498.0,39.0
France,Données temps réel,2026-09-02,17,2026-09-02 17:45:00,47535.0,46500,47600,36.0,0.0,2203.0,37216.0,2527.0,2419.0,108.0,10900.0,4921.0,-502.0,1021.0,-10815.0,25.0,-3249,2400,-3693,-1847,-3398,1.0,35.0,0.0,0.0,102.0,2103.0,0.0,2419.0,1430.0,1073.0,414.0,306.0,301.0,0.0,29.0,2026,9,2,45,2,Wednesday,Automne,Jour_de_semaine,18348.0,38.6
France,Données temps réel,2026-09-02,18,2026-09-02 18:00:00,48254.0,47100,48200,36.0,0.0,2633.0,37211.0,2604.0,2472.0,132.0,9780.0,4931.0,-1.0,1020.0,-9987.0,29.0,-3100,2200,-3483,-188,-4233,1.0,35.0,0.0,0.0,100.0,2535.0,0.0,2394.0,1576.0,961.0,413.0,306.0,301.0,-4.0,31.0,2026,9,2,0,2,Wednesday,Automne,Jour_de_semaine,17315.0,35.9
France,Données temps réel,2026-09-02,18,2026-09-02 18:15:00,48406.0,47500,48550,36.0,0.0,3093.0,37181.0,2653.0,2509.0,144.0,8302.0,5144.0,-1.0,1015.0,-9015.0,32.0,-3100,2200,-3483,233,-4168,1.0,35.0,0.0,0.0,100.0,2995.0,0.0,2611.0,1567.0,966.0,411.0,303.0,301.0,-13.0,13.0,2026,9,2,15,2,Wednesday,Automne,Jour_de_semaine,16099.0,33.3
France,Données temps réel,2026-09-02,18,2026-09-02 18:30:00,49107.0,47900,48900,35.0,0.0,3882.0,37232.0,2543.0,2399.0,143.0,6929.0,6183.0,-1.0,1024.0,-8776.0,38.0,-3100,2200,-3483,277,-3937,0.0,35.0,0.0,0.0,100.0,3784.0,0.0,2674.0,1882.0,1628.0,415.0,308.0,301.0,-9.0,66.0,2026,9,2,30,2,Wednesday,Automne,Jour_de_semaine,15655.0,31.9
France,Données temps réel,2026-09-02,18,2026-09-02 18:45:00,49732.0,48700,49700,36.0,0.0,4052.0,37278.0,2514.0,2365.0,149.0,5812.0,6916.0,0.0,1025.0,-7923.0,39.0,-3100,2160,-3483,491,-3274,1.0,35.0,0.0,0.0,100.0,3954.0,0.0,2846.0,2108.0,1962.0,415.0,309.0,301.0,-2.0,25.0,2026,9,2,45,2,Wednesday,Automne,Jour_de_semaine,15242.0,30.6
France,Données temps réel,2026-09-02,19,2026-09-02 19:00:00,50257.0,49500,50500,35.0,0.0,4118.0,37251.0,2394.0,2230.0,164.0,4497.0,7495.0,0.0,1029.0,-6581.0,41.0,-176,2170,-3483,-830,-3397,0.0,35.0,0.0,0.0,100.0,4020.0,0.0,2922.0,2289.0,2285.0,418.0,310.0,301.0,-6.0,25.0,2026,9,2,0,2,Wednesday,Automne,Jour_de_semaine,14386.0,28.6
France,Données temps réel,2026-09-02,19,2026-09-02 19:15:00,50279.0,49500,50450,36.0,0.0,4162.0,37322.0,2273.0,2089.0,184.0,3461.0,7645.0,-1.0,1028.0,-5665.0,42.0,-176,2200,-3483,-585,-3168,1.0,35.0,0.0,0.0,100.0,4064.0,0.0,3046.0,2439.0,2160.0,414.0,313.0,301.0,-2.0,20.0,2026,9,2,15,2,Wednesday,Automne,Jour_de_semaine,13379.0,26.6
France,Données temps réel,2026-09-02,19,2026-09-02 19:30:00,50101.0,49500,50400,36.0,0.0,4233.0,37293.0,2244.0,2000.0,245.0,2426.0,8259.0,0.0,1027.0,-5435.0,42.0,-176,2200,-3483,-524,-2910,1.0,35.0,0.0,0.0,100.0,4135.0,0.0,3075.0,2509.0,2675.0,412.0,313.0,301.0,-4.0,24.0,2026,9,2,30,2,Wednesday,Automne,Jour_de_semaine,12929.0,25.8
France,Données temps réel,2026-09-02,19,2026-09-02 19:45:00,49360.0,48800,49650,36.0,0.0,4239.0,37351.0,2237.0,1880.0,358.0,1677.0,8497.0,-1.0,1031.0,-5742.0,43.0,-176,1500,-3483,-538,-2806,1.0,35.0,0.0,0.0,101.0,4141.0,0.0,3093.0,2675.0,2729.0,415.0,314.0,301.0,-11.0,46.0,2026,9,2,45,2,Wednesday,Automne,Jour_de_semaine,12411.0,25.1
France,Données temps réel,2026-09-02,20,2026-09-02 20:00:00,49017.0,48100,48900,36.0,0.0,4273.0,37350.0,2288.0,1860.0,428.0,1049.0,8438.0,0.0,1032.0,-5541.0,44.0,153,500,-3483,257,-2999,1.0,35.0,0.0,0.0,101.0,4174.0,0.0,3055.0,2664.0,2719.0,416.0,314.0,301.0,-1.0,94.0,2026,9,2,0,2,Wednesday,Automne,Jour_de_semaine,11775.0,24.0
France,Données temps réel,2026-09-02,20,2026-09-02 20:15:00,48420.0,47550,48300,36.0,0.0,4303.0,37371.0,2284.0,1769.0,515.0,610.0,8408.0,-1.0,1030.0,-6030.0,44.0,153,-467,-3483,303,-2794,1.0,35.0,0.0,0.0,100.0,4204.0,0.0,3077.0,2778.0,2554.0,414.0,314.0,301.0,-1.0,410.0,2026,9,2,15,2,Wednesday,Automne,Jour_de_semaine,11302.0,23.3
France,Données temps réel,2026-09-02,20,2026-09-02 20:30:00,47783.0,47000,47700,37.0,0.0,4297.0,37401.0,2232.0,1724.0,509.0,342.0,8193.0,0.0,1030.0,-6151.0,44.0,153,-1513,-3401,316,-2207,2.0,35.0,0.0,0.0,101.0,4198.0,0.0,3069.0,2586.0,2538.0,415.0,314.0,301.0,-13.0,417.0,2026,9,2,30,2,Wednesday,Automne,Jour_de_semaine,10767.0,22.5
France,Données temps réel,2026-09-02,20,2026-09-02 20:45:00,47619.0,46650,47300,37.0,0.0,4303.0,37446.0,2112.0,1676.0,437.0,243.0,8333.0,-1.0,1034.0,-6294.0,45.0,153,-2279,-3448,821,-2199,2.0,35.0,0.0,0.0,101.0,4204.0,0.0,3073.0,2592.0,2668.0,417.0,316.0,301.0,-7.0,414.0,2026,9,2,45,2,Wednesday,Automne,Jour_de_semaine,10688.0,22.4
France,Données temps réel,2026-09-02,21,2026-09-02 21:00:00,47400.0,46300,46900,37.0,0.0,4332.0,37446.0,2139.0,1714.0,425.0,228.0,8220.0,0.0,1034.0,-6442.0,45.0,583,-2107,-3172,201,-2416,2.0,35.0,0.0,0.0,101.0,4233.0,0.0,3062.0,2594.0,2564.0,417.0,316.0,301.0,-7.0,414.0,2026,9,2,0,2,Wednesday,Automne,Jour_de_semaine,10587.0,22.3
France,Données temps réel,2026-09-02,21,2026-09-02 21:15:00,46837.0,45750,46300,37.0,0.0,4357.0,37555.0,2175.0,1737.0,438.0,0.0,7875.0,0.0,1031.0,-6522.0,45.0,583,-2488,-3232,7,-2009,2.0,35.0,0.0,0.0,101.0,4258.0,0.0,2981.0,2367.0,2526.0,415.0,315.0,301.0,-2.0,333.0,2026,9,2,15,2,Wednesday,Automne,Jour_de_semaine,10050.0,21.5
France,Données temps réel,2026-09-02,21,2026-09-02 21:30:00,46169.0,45200,45700,37.0,0.0,4327.0,37746.0,2256.0,1798.0,458.0,0.0,7157.0,0.0,1029.0,-6669.0,45.0,583,-2500,-3232,263,-1681,2.0,35.0,0.0,0.0,101.0,4228.0,0.0,2964.0,2320.0,1873.0,414.0,314.0,301.0,-11.0,297.0,2026,9,2,30,2,Wednesday,Automne,Jour_de_semaine,9413.0,20.4
France,Données temps réel,2026-09-02,21,2026-09-02 21:45:00,45505.0,44400,44850,36.0,0.0,4284.0,37873.0,2321.0,1822.0,499.0,0.0,6655.0,-1.0,1019.0,-6722.0,45.0,583,-2775,-3232,296,-1526,1.0,35.0,0.0,0.0,101.0,4185.0,0.0,2859.0,2126.0,1669.0,405.0,313.0,301.0,-8.0,50.0,2026,9,2,45,2,Wednesday,Automne,Jour_de_semaine,8976.0,19.7
France,Données temps réel,2026-09-02,22,2026-09-02 22:00:00,45050.0,43600,44000,37.0,0.0,4332.0,38046.0,2391.0,1898.0,494.0,0.0,6449.0,0.0,1019.0,-7264.0,46.0,1173,-2637,-3232,601,-1816,2.0,35.0,0.0,0.0,101.0,4233.0,0.0,2851.0,2078.0,1519.0,404.0,314.0,301.0,-7.0,48.0,2026,9,2,0,2,Wednesday,Automne,Jour_de_semaine,8840.0,19.6
France,Données temps réel,2026-09-02,22,2026-09-02 22:15:00,45553.0,43850,44200,37.0,0.0,4295.0,38178.0,2397.0,1877.0,520.0,0.0,6073.0,0.0,1024.0,-6437.0,46.0,1173,-2664,-3232,563,-1992,2.0,35.0,0.0,0.0,101.0,4196.0,0.0,2828.0,1953.0,1291.0,410.0,312.0,301.0,-11.0,0.0,2026,9,2,15,2,Wednesday,Automne,Jour_de_semaine,8470.0,18.6
France,Données temps réel,2026-09-02,22,2026-09-02 22:30:00,45403.0,44100,44400,37.0,0.0,4221.0,38356.0,2418.0,1894.0,524.0,0.0,5490.0,0.0,1022.0,-6069.0,45.0,1173,-2420,-3232,599,-1168,2.0,35.0,0.0,0.0,101.0,4122.0,0.0,2827.0,1942.0,721.0,409.0,311.0,301.0,-72.0,1.0,2026,9,2,30,2,Wednesday,Automne,Jour_de_semaine,7908.0,17.4
France,Données temps réel,2026-09-02,22,2026-09-02 22:45:00,46339.0,44800,45050,37.0,0.0,4284.0,38439.0,2636.0,2036.0,599.0,0.0,5363.0,0.0,1025.0,-5302.0,46.0,1173,-2619,-3222,595,-1338,2.0,35.0,0.0,0.0,101.0,4185.0,0.0,2816.0,1835.0,712.0,411.0,313.0,301.0,-141.0,0.0,2026,9,2,45,2,Wednesday,Automne,Jour_de_semaine,7999.0,17.3
France,Données temps réel,2026-09-02,23,2026-09-02 23:00:00,45524.0,45500,45700,37.0,0.0,4239.0,38422.0,2854.0,2153.0,701.0,0.0,5297.0,0.0,1019.0,-6287.0,45.0,1817,-2775,-3008,-122,-2152,2.0,35.0,0.0,0.0,100.0,4141.0,0.0,2756.0,1830.0,711.0,404.0,313.0,301.0,-57.0,0.0,2026,9,2,0,2,Wednesday,Automne,Jour_de_semaine,8151.0,17.9
France,Données temps réel,2026-09-02,23,2026-09-02 23:15:00,44743.0,45050,45450,37.0,0.0,3898.0,38477.0,2869.0,2237.0,632.0,0.0,5182.0,0.0,1022.0,-6693.0,43.0,1817,-2775,-3008,-169,-1688,2.0,35.0,0.0,0.0,101.0,3799.0,0.0,2714.0,1769.0,699.0,408.0,313.0,301.0,-48.0,0.0,2026,9,2,15,2,Wednesday,Automne,Jour_de_semaine,8051.0,18.0
France,Données temps réel,2026-09-02,23,2026-09-02 23:30:00,44052.0,44600,45200,37.0,0.0,3324.0,38461.0,2948.0,2285.0,663.0,0.0,4220.0,-8.0,1027.0,-5941.0,39.0,1817,-2775,-3008,-144,-856,2.0,35.0,0.0,0.0,101.0,3225.0,0.0,2659.0,869.0,693.0,412.0,313.0,301.0,-14.0,0.0,2026,9,2,30,2,Wednesday,Automne,Jour_de_semaine,7168.0,16.3
France,Données temps réel,2026-09-02,23,2026-09-02 23:45:00,43970.0,43800,44100,37.0,0.0,3184.0,38465.0,3038.0,2430.0,607.0,0.0,3725.0,-35.0,1030.0,-5432.0,38.0,1817,-2719,-3008,-184,-1619,2.0,35.0,0.0,0.0,101.0,3086.0,0.0,2614.0,811.0,300.0,414.0,314.0,301.0,-42.0,2.0,2026,9,2,45,2,Wednesday,Automne,Jour_de_semaine,6763.0,15.4
France,Données temps réel,2026-09-03,0,2026-09-03 00:00:00,43131.0,43000,43000,37.0,0.0,2956.0,38498.0,3144.0,2530.0,614.0,0.0,3774.0,-50.0,1019.0,-6172.0,36.0,1135,-2775,-3305,-632,-1381,2.0,35.0,0.0,0.0,101.0,2857.0,0.0,2600.0,793.0,380.0,407.0,311.0,301.0,-75.0,0.0,2026,9,3,0,3,Thursday,Automne,Jour_de_semaine,6918.0,16.0
France,Données temps réel,2026-09-03,0,2026-09-03 00:15:00,42900.0,42000,42000,37.0,0.0,2815.0,38505.0,3198.0,2576.0,621.0,0.0,4334.0,-56.0,1023.0,-7044.0,35.0,1135,-2775,-3305,-669,-1887,2.0,35.0,0.0,0.0,101.0,2716.0,0.0,2585.0,921.0,828.0,410.0,312.0,301.0,-35.0,124.0,2026,9,3,15,3,Thursday,Automne,Jour_de_semaine,7532.0,17.6
France,Données temps réel,2026-09-03,0,2026-09-03 00:30:00,41664.0,41000,41000,37.0,0.0,2350.0,38550.0,3223.0,2619.0,604.0,0.0,4323.0,-56.0,1023.0,-7783.0,31.0,1135,-2775,-3305,-653,-2816,2.0,35.0,0.0,0.0,101.0,2251.0,0.0,2574.0,926.0,823.0,406.0,316.0,301.0,-10.0,10.0,2026,9,3,30,3,Thursday,Automne,Jour_de_semaine,7546.0,18.1
France,Données temps réel,2026-09-03,0,2026-09-03 00:45:00,40417.0,40050,40050,37.0,0.0,2010.0,38554.0,3335.0,2702.0,633.0,0.0,4278.0,-57.0,1026.0,-8751.0,28.0,1135,-2775,-3305,-668,-3758,2.0,35.0,0.0,0.0,100.0,1912.0,0.0,2572.0,923.0,783.0,409.0,316.0,301.0,-15.0,1.0,2026,9,3,45,3,Thursday,Automne,Jour_de_semaine,7613.0,18.8
France,Données temps réel,2026-09-03,1,2026-09-03 01:00:00,40000.0,39100,39100,37.0,0.0,1655.0,38595.0,3525.0,2774.0,751.0,0.0,4351.0,-57.0,1027.0,-9123.0,25.0,1445,-2775,-3305,-795,-3169,2.0,35.0,0.0,0.0,100.0,1557.0,0.0,2561.0,1013.0,777.0,411.0,315.0,301.0,-11.0,1.0,2026,9,3,0,3,Thursday,Automne,Jour_de_semaine,7876.0,19.7
France,Données temps réel,2026-09-03,1,2026-09-03 01:15:00,40501.0,39450,39450,37.0,0.0,1535.0,38625.0,3659.0,2927.0,732.0,0.0,4243.0,-57.0,1028.0,-8664.0,24.0,1445,-2775,-3305,-816,-3324,2.0,35.0,0.0,0.0,100.0,1437.0,0.0,2437.0,1022.0,785.0,411.0,316.0,301.0,-8.0,104.0,2026,9,3,15,3,Thursday,Automne,Jour_de_semaine,7902.0,19.5
France,Données temps réel,2026-09-03,1,2026-09-03 01:30:00,39672.0,39800,39800,37.0,0.0,1039.0,38613.0,3816.0,3065.0,751.0,0.0,3668.0,0.0,1027.0,-8529.0,20.0,1445,-2775,-3305,-796,-2878,2.0,35.0,0.0,0.0,100.0,941.0,0.0,2410.0,932.0,326.0,409.0,316.0,301.0,-7.0,8.0,2026,9,3,30,3,Thursday,Automne,Jour_de_semaine,7484.0,18.9
France,Données temps réel,2026-09-03,1,2026-09-03 01:45:00,39497.0,39400,39400,37.0,0.0,718.0,38633.0,3808.0,3077.0,730.0,0.0,3529.0,-2.0,1026.0,-8229.0,18.0,1445,-2775,-3305,-770,-2796,2.0,35.0,0.0,0.0,100.0,619.0,0.0,2410.0,837.0,282.0,409.0,315.0,301.0,-21.0,1.0,2026,9,3,45,3,Thursday,Automne,Jour_de_semaine,7337.0,18.6
France,Données temps réel,2026-09-03,2,2026-09-03 02:00:00,38902.0,39000,39000,37.0,0.0,282.0,38559.0,3851.0,3103.0,748.0,0.0,3280.0,-13.0,1027.0,-8120.0,14.0,1591,-2775,-3305,-1305,-2155,2.0,35.0,0.0,0.0,100.0,183.0,0.0,2318.0,838.0,124.0,411.0,315.0,301.0,-8.0,9.0,2026,9,3,0,3,Thursday,Automne,Jour_de_semaine,7131.0,18.3
France,Données temps réel,2026-09-03,2,2026-09-03 02:15:00,38550.0,38150,38500,37.0,0.0,286.0,38605.0,3933.0,3181.0,752.0,0.0,3102.0,-180.0,1026.0,-8237.0,14.0,1591,-2775,-3305,-1442,-2786,2.0,35.0,0.0,0.0,100.0,188.0,0.0,2331.0,678.0,93.0,411.0,314.0,301.0,-30.0,9.0,2026,9,3,15,3,Thursday,Automne,Jour_de_semaine,7035.0,18.2
France,Données temps réel,2026-09-03,2,2026-09-03 02:30:00,37631.0,37300,38000,37.0,0.0,314.0,38588.0,4075.0,3343.0,732.0,0.0,3094.0,-181.0,1032.0,-9267.0,14.0,1591,-2775,-3305,-1574,-3292,2.0,35.0,0.0,0.0,100.0,216.0,0.0,2391.0,638.0,65.0,414.0,316.0,301.0,-66.0,6.0,2026,9,3,30,3,Thursday,Automne,Jour_de_semaine,7169.0,19.1
France,Données temps réel,2026-09-03,2,2026-09-03 02:45:00,37041.0,36700,37350,37.0,0.0,319.0,38586.0,4336.0,3576.0,760.0,0.0,2763.0,-246.0,1035.0,-9721.0,14.0,1591,-2775,-3305,-1612,-3536,2.0,35.0,0.0,0.0,100.0,221.0,0.0,2285.0,414.0,64.0,417.0,317.0,301.0,-73.0,6.0,2026,9,3,45,3,Thursday,Automne,Jour_de_semaine,7099.0,19.2
France,Données temps réel,2026-09-03,3,2026-09-03 03:00:00,36603.0,36100,36700,37.0,0.0,318.0,38605.0,4483.0,3656.0,827.0,0.0,2785.0,-456.0,1029.0,-10133.0,14.0,1434,-2775,-3326,-1702,-3665,2.0,35.0,0.0,0.0,100.0,220.0,0.0,2301.0,420.0,64.0,412.0,315.0,301.0,-72.0,7.0,2026,9,3,0,3,Thursday,Automne,Jour_de_semaine,7268.0,19.9
France,Données temps réel,2026-09-03,3,2026-09-03 03:15:00,36268.0,35800,36450,37.0,0.0,312.0,38617.0,4482.0,3662.0,819.0,0.0,2764.0,-692.0,1025.0,-10221.0,14.0,1434,-2775,-3326,-1705,-3995,2.0,35.0,0.0,0.0,100.0,214.0,0.0,2298.0,401.0,64.0,409.0,315.0,301.0,-58.0,3.0,2026,9,3,15,3,Thursday,Automne,Jour_de_semaine,7246.0,20.0
France,Données temps réel,2026-09-03,3,2026-09-03 03:30:00,35894.0,35500,36200,37.0,0.0,318.0,38595.0,4558.0,3759.0,798.0,0.0,2772.0,-692.0,1030.0,-10634.0,14.0,1434,-2775,-3326,-1726,-4270,2.0,35.0,0.0,0.0,100.0,220.0,0.0,2324.0,384.0,64.0,414.0,316.0,301.0,-89.0,0.0,2026,9,3,30,3,Thursday,Automne,Jour_de_semaine,7330.0,20.4
France,Données temps réel,2026-09-03,3,2026-09-03 03:45:00,35843.0,35300,35900,37.0,0.0,325.0,38618.0,4508.0,3747.0,761.0,0.0,2784.0,-690.0,1035.0,-10687.0,14.0,1434,-2775,-3326,-1832,-4303,2.0,35.0,0.0,0.0,100.0,226.0,0.0,2318.0,389.0,78.0,420.0,314.0,301.0,-88.0,4.0,2026,9,3,45,3,Thursday,Automne,Jour_de_semaine,7292.0,20.3
France,Données temps réel,2026-09-03,4,2026-09-03 04:00:00,35804.0,35100,35600,37.0,0.0,297.0,38667.0,4522.0,3828.0,695.0,0.0,2791.0,-691.0,1036.0,-10683.0,14.0,1251,-2775,-3326,-1751,-4216,2.0,35.0,0.0,0.0,100.0,199.0,0.0,2326.0,386.0,79.0,420.0,314.0,301.0,-176.0,7.0,2026,9,3,0,3,Thursday,Automne,Jour_de_semaine,7313.0,20.4
France,Données temps réel,2026-09-03,4,2026-09-03 04:15:00,35874.0,35150,35650,37.0,0.0,321.0,38683.0,4594.0,3998.0,596.0,0.0,2810.0,-691.0,1031.0,-10658.0,14.0,1251,-2761,-3326,-1847,-4241,2.0,35.0,0.0,0.0,100.0,223.0,0.0,2286.0,446.0,78.0,417.0,313.0,301.0,-250.0,1.0,2026,9,3,15,3,Thursday,Automne,Jour_de_semaine,7404.0,20.6
France,Données temps réel,2026-09-03,4,2026-09-03 04:30:00,35556.0,35200,35700,37.0,0.0,323.0,38687.0,4586.0,4054.0,532.0,0.0,2755.0,-455.0,1042.0,-11189.0,14.0,1251,-2775,-3326,-1857,-4215,2.0,35.0,0.0,0.0,100.0,225.0,0.0,2250.0,427.0,78.0,426.0,315.0,301.0,-229.0,0.0,2026,9,3,30,3,Thursday,Automne,Jour_de_semaine,7341.0,20.6
France,Données temps réel,2026-09-03,4,2026-09-03 04:45:00,35663.0,35350,35850,37.0,0.0,329.0,38674.0,4513.0,3960.0,553.0,0.0,2740.0,-387.0,1034.0,-11028.0,14.0,1251,-2775,-3326,-1857,-4178,2.0,35.0,0.0,0.0,100.0,231.0,0.0,2242.0,433.0,64.0,418.0,314.0,301.0,-247.0,0.0,2026,9,3,45,3,Thursday,Automne,Jour_de_semaine,7253.0,20.3
France,Données temps réel,2026-09-03,5,2026-09-03 05:00:00,35966.0,35500,36000,37.0,0.0,518.0,38684.0,4711.0,4087.0,623.0,0.0,2708.0,-387.0,1034.0,-11107.0,16.0,1822,-2743,-3326,-1855,-4419,2.0,35.0,0.0,0.0,100.0,420.0,0.0,2235.0,409.0,64.0,418.0,315.0,301.0,-229.0,0.0,2026,9,3,0,3,Thursday,Automne,Jour_de_semaine,7419.0,20.6
France,Données temps réel,2026-09-03,5,2026-09-03 05:15:00,36588.0,36100,36550,37.0,0.0,535.0,38695.0,4743.0,4107.0,636.0,0.0,2800.0,-387.0,1031.0,-10809.0,16.0,1822,-2772,-3326,-1714,-4360,2.0,35.0,0.0,0.0,100.0,437.0,0.0,2311.0,424.0,64.0,416.0,313.0,301.0,-60.0,2.0,2026,9,3,15,3,Thursday,Automne,Jour_de_semaine,7543.0,20.6
France,Données temps réel,2026-09-03,5,2026-09-03 05:30:00,36987.0,36700,37100,37.0,0.0,541.0,38695.0,4968.0,4219.0,750.0,0.0,2825.0,-387.0,1028.0,-10654.0,16.0,1822,-2766,-3326,-1673,-4270,2.0,35.0,0.0,0.0,100.0,443.0,0.0,2320.0,442.0,63.0,415.0,312.0,301.0,-78.0,12.0,2026,9,3,30,3,Thursday,Automne,Jour_de_semaine,7793.0,21.1
France,Données temps réel,2026-09-03,5,2026-09-03 05:45:00,37485.0,37450,37750,37.0,0.0,553.0,38768.0,5099.0,4277.0,821.0,0.0,3007.0,-387.0,1030.0,-10626.0,16.0,1822,-2773,-3326,-1631,-4094,2.0,35.0,0.0,0.0,100.0,455.0,0.0,2324.0,618.0,65.0,414.0,314.0,301.0,-10.0,17.0,2026,9,3,45,3,Thursday,Automne,Jour_de_semaine,8106.0,21.6
France,Données temps réel,2026-09-03,6,2026-09-03 06:00:00,38554.0,38200,38400,37.0,0.0,712.0,38749.0,5140.0,4338.0,803.0,0.0,3144.0,-173.0,1031.0,-10109.0,17.0,2633,-2718,-3326,-1076,-5268,2.0,35.0,0.0,0.0,100.0,614.0,0.0,2391.0,662.0,90.0,416.0,314.0,301.0,-38.0,61.0,2026,9,3,0,3,Thursday,Automne,Jour_de_semaine,8284.0,21.5
France,Données temps réel,2026-09-03,6,2026-09-03 06:15:00,39771.0,39000,39400,37.0,0.0,1136.0,38799.0,5102.0,4310.0,792.0,0.0,3364.0,0.0,1029.0,-9740.0,21.0,2633,-2683,-3326,-1074,-5283,2.0,35.0,0.0,0.0,100.0,1037.0,0.0,2473.0,785.0,106.0,414.0,314.0,301.0,-4.0,49.0,2026,9,3,15,3,Thursday,Automne,Jour_de_semaine,8466.0,21.3
France,Données temps réel,2026-09-03,6,2026-09-03 06:30:00,40494.0,39800,40400,36.0,0.0,1085.0,38783.0,5042.0,4295.0,747.0,0.0,4357.0,0.0,1028.0,-9859.0,20.0,2633,-2727,-3326,-902,-5293,1.0,35.0,0.0,0.0,100.0,986.0,0.0,2551.0,793.0,1014.0,414.0,313.0,301.0,-3.0,26.0,2026,9,3,30,3,Thursday,Automne,Jour_de_semaine,9399.0,23.2
France,Données temps réel,2026-09-03,6,2026-09-03 06:45:00,41638.0,40300,41150,37.0,0.0,1074.0,38807.0,5127.0,4362.0,765.0,0.0,4851.0,0.0,1026.0,-9283.0,19.0,2633,-2497,-3326,-807,-5068,2.0,35.0,0.0,0.0,100.0,976.0,0.0,2648.0,966.0,1237.0,411.0,314.0,301.0,-7.0,7.0,2026,9,3,45,3,Thursday,Automne,Jour_de_semaine,9978.0,24.0
France,Données temps réel,2026-09-03,7,2026-09-03 07:00:00,42223.0,40800,41900,37.0,0.0,1388.0,38756.0,5244.0,4418.0,825.0,225.0,4882.0,0.0,1028.0,-9409.0,22.0,2462,-2734,-4036,455,-5388,2.0,35.0,0.0,0.0,100.0,1290.0,0.0,2664.0,1058.0,1160.0,413.0,314.0,301.0,-7.0,80.0,2026,9,3,0,3,Thursday,Automne,Jour_de_semaine,10351.0,24.5
France,Données temps réel,2026-09-03,7,2026-09-03 07:15:00,43090.0,41400,42700,37.0,0.0,1392.0,38758.0,5541.0,4701.0,840.0,300.0,5442.0,0.0,1030.0,-9758.0,22.0,2462,-2775,-4036,449,-4576,2.0,35.0,0.0,0.0,100.0,1294.0,0.0,2707.0,1439.0,1295.0,417.0,311.0,301.0,-5.0,354.0,2026,9,3,15,3,Thursday,Automne,Jour_de_semaine,11283.0,26.2
France,Données temps réel,2026-09-03,7,2026-09-03 07:30:00,43648.0,42000,43500,37.0,0.0,1334.0,37902.0,5712.0,4888.0,824.0,403.0,5627.0,0.0,1028.0,-8752.0,21.0,2462,-2775,-4016,481,-3995,2.0,35.0,0.0,0.0,100.0,1236.0,0.0,2732.0,1600.0,1295.0,415.0,312.0,301.0,0.0,358.0,2026,9,3,30,3,Thursday,Automne,Jour_de_semaine,11742.0,26.9
France,Données temps réel,2026-09-03,7,2026-09-03 07:45:00,44381.0,42700,44000,37.0,0.0,1337.0,37761.0,5809.0,5000.0,809.0,722.0,5469.0,0.0,1030.0,-8131.0,21.0,2462,-2775,-4036,491,-3062,2.0,35.0,0.0,0.0,100.0,1239.0,0.0,2727.0,1621.0,1121.0,413.0,316.0,301.0,-6.0,353.0,2026,9,3,45,3,Thursday,Automne,Jour_de_semaine,12000.0,27.0
France,Données temps réel,2026-09-03,8,2026-09-03 08:00:00,45122.0,43400,44500,37.0,0.0,1396.0,37678.0,5749.0,4926.0,823.0,1197.0,5216.0,0.0,1031.0,-7324.0,22.0,517,-2508,-3611,843,-2281,2.0,35.0,0.0,0.0,100.0,1299.0,0.0,2688.0,1319.0,1208.0,415.0,315.0,301.0,-3.0,146.0,2026,9,3,0,3,Thursday,Automne,Jour_de_semaine,12162.0,27.0
France,Données temps réel,2026-09-03,8,2026-09-03 08:15:00,45466.0,44200,45050,37.0,0.0,1375.0,37654.0,5663.0,4850.0,813.0,1990.0,5176.0,-1.0,1026.0,-7718.0,21.0,517,-1964,-4043,890,-2345,2.0,35.0,0.0,0.0,100.0,1277.0,0.0,2598.0,1217.0,1360.0,413.0,311.0,301.0,-4.0,269.0,2026,9,3,15,3,Thursday,Automne,Jour_de_semaine,12829.0,28.2
France,Données temps réel,2026-09-03,8,2026-09-03 08:30:00,45897.0,45000,45600,37.0,0.0,1316.0,37640.0,5479.0,4693.0,786.0,2893.0,4689.0,-1.0,1027.0,-7432.0,21.0,517,-2509,-4043,796,-1863,2.0,35.0,0.0,0.0,100.0,1218.0,0.0,2538.0,1114.0,1037.0,415.0,311.0,301.0,-10.0,260.0,2026,9,3,30,3,Thursday,Automne,Jour_de_semaine,13061.0,28.5
France,Données temps réel,2026-09-03,8,2026-09-03 08:45:00,46294.0,45500,45900,37.0,0.0,1322.0,37589.0,5205.0,4430.0,776.0,4097.0,4546.0,-1.0,1026.0,-7531.0,20.0,517,-2120,-4043,297,-2246,2.0,35.0,0.0,0.0,100.0,1224.0,0.0,2432.0,1076.0,1038.0,413.0,312.0,301.0,-7.0,13.0,2026,9,3,45,3,Thursday,Automne,Jour_de_semaine,13848.0,29.9
France,Données temps réel,2026-09-03,9,2026-09-03 09:00:00,46235.0,46000,46200,37.0,0.0,1360.0,37498.0,4977.0,4189.0,788.0,5151.0,4148.0,0.0,1026.0,-7973.0,21.0,-877,-1345,-4018,207,-2219,2.0,35.0,0.0,0.0,100.0,1262.0,0.0,2426.0,1059.0,663.0,413.0,311.0,301.0,-1.0,15.0,2026,9,3,0,3,Thursday,Automne,Jour_de_semaine,14276.0,30.9
France,Données temps réel,2026-09-03,9,2026-09-03 09:15:00,46658.0,46350,46200,37.0,0.0,937.0,37516.0,4826.0,4067.0,759.0,6539.0,3773.0,0.0,1028.0,-7994.0,17.0,-877,-600,-4018,-29,-2948,2.0,35.0,0.0,0.0,100.0,839.0,0.0,2281.0,1018.0,473.0,413.0,314.0,301.0,-12.0,10.0,2026,9,3,15,3,Thursday,Automne,Jour_de_semaine,15138.0,32.4
France,Données temps réel,2026-09-03,9,2026-09-03 09:30:00,46716.0,46700,46200,37.0,0.0,675.0,37500.0,4816.0,4025.0,791.0,7693.0,3261.0,-1.0,1028.0,-8253.0,15.0,-877,184,-4018,12,-3738,2.0,35.0,0.0,0.0,100.0,577.0,0.0,2285.0,894.0,82.0,414.0,313.0,301.0,-40.0,0.0,2026,9,3,30,3,Thursday,Automne,Jour_de_semaine,15770.0,33.8
France,Données temps réel,2026-09-03,9,2026-09-03 09:45:00,46792.0,47000,46750,37.0,0.0,666.0,37481.0,4859.0,4107.0,752.0,8965.0,3194.0,-163.0,1025.0,-9259.0,15.0,-877,800,-4018,-340,-4958,2.0,35.0,0.0,0.0,100.0,568.0,0.0,2155.0,853.0,187.0,410.0,314.0,301.0,-16.0,3.0,2026,9,3,45,3,Thursday,Automne,Jour_de_semaine,17018.0,36.4
France,Données temps réel,2026-09-03,10,2026-09-03 10:00:00,47383.0,47300,47300,37.0,0.0,651.0,37527.0,4878.0,4136.0,741.0,10197.0,3069.0,-165.0,1025.0,-9812.0,14.0,-2253,640,-4018,-574,-3636,2.0,35.0,0.0,0.0,100.0,553.0,0.0,2133.0,785.0,151.0,410.0,314.0,301.0,-23.0,1.0,2026,9,3,0,3,Thursday,Automne,Jour_de_semaine,18144.0,38.3
France,Données temps réel,2026-09-03,10,2026-09-03 10:15:00,47635.0,47450,47350,37.0,0.0,624.0,37602.0,4939.0,4192.0,747.0,11585.0,2910.0,-347.0,1027.0,-10591.0,14.0,-2253,289,-4018,-802,-4117,2.0,35.0,0.0,0.0,100.0,526.0,0.0,2080.0,693.0,137.0,412.0,314.0,301.0,-154.0,4.0,2026,9,3,15,3,Thursday,Automne,Jour_de_semaine,19434.0,40.8
France,Données temps réel,2026-09-03,10,2026-09-03 10:30:00,48059.0,47600,47400,36.0,0.0,642.0,37618.0,5035.0,4282.0,752.0,12650.0,2856.0,-714.0,1024.0,-11054.0,14.0,-2253,500,-4018,-1076,-4074,1.0,35.0,0.0,0.0,100.0,544.0,0.0,2046.0,675.0,135.0,414.0,309.0,301.0,-33.0,0.0,2026,9,3,30,3,Thursday,Automne,Jour_de_semaine,20541.0,42.7
France,Données temps réel,2026-09-03,10,2026-09-03 10:45:00,47859.0,47800,48000,37.0,0.0,672.0,37495.0,5045.0,4327.0,717.0,13652.0,2561.0,-947.0,1026.0,-11417.0,14.0,-2253,367,-4018,-1160,-4370,2.0,35.0,0.0,0.0,100.0,574.0,0.0,1955.0,540.0,66.0,412.0,313.0,301.0,-268.0,2.0,2026,9,3,45,3,Thursday,Automne,Jour_de_semaine,21258.0,44.4
France,Données temps réel,2026-09-03,11,2026-09-03 11:00:00,48000.0,48000,48600,37.0,0.0,678.0,37150.0,5224.0,4475.0,749.0,14420.0,2563.0,-968.0,1022.0,-12101.0,14.0,-3127,300,-4018,-1720,-3289,2.0,35.0,0.0,0.0,100.0,580.0,0.0,1946.0,550.0,68.0,410.0,311.0,301.0,-25.0,0.0,2026,9,3,0,3,Thursday,Automne,Jour_de_semaine,22207.0,46.3
France,Données temps réel,2026-09-03,11,2026-09-03 11:15:00,48050.0,48250,48750,36.0,0.0,628.0,36930.0,5322.0,4599.0,723.0,15247.0,2611.0,-1406.0,1024.0,-12339.0,13.0,-3127,270,-4018,-1704,-3670,1.0,35.0,0.0,0.0,100.0,530.0,0.0,1912.0,531.0,168.0,408.0,314.0,301.0,-4.0,2.0,2026,9,3,15,3,Thursday,Automne,Jour_de_semaine,23180.0,48.2
France,Données temps réel,2026-09-03,11,2026-09-03 11:30:00,48128.0,48500,48900,37.0,0.0,621.0,36890.0,5594.0,4842.0,753.0,15980.0,2620.0,-1401.0,1028.0,-13229.0,13.0,-3127,290,-4018,-1736,-3642,2.0,35.0,0.0,0.0,100.0,523.0,0.0,1913.0,535.0,172.0,412.0,315.0,301.0,-18.0,7.0,2026,9,3,30,3,Thursday,Automne,Jour_de_semaine,24194.0,50.3
France,Données temps réel,2026-09-03,11,2026-09-03 11:45:00,48949.0,49100,49400,37.0,0.0,535.0,36689.0,5741.0,4995.0,745.0,16592.0,2505.0,-1405.0,1026.0,-12746.0,12.0,-3127,269,-4018,-1771,-3430,2.0,35.0,0.0,0.0,100.0,438.0,0.0,1897.0,440.0,167.0,410.0,315.0,301.0,-25.0,1.0,2026,9,3,45,3,Thursday,Automne,Jour_de_semaine,24838.0,50.7
France,Données temps réel,2026-09-03,12,2026-09-03 12:00:00,49185.0,49700,49900,37.0,0.0,518.0,36618.0,5976.0,5251.0,725.0,17171.0,2415.0,-1377.0,1027.0,-13099.0,12.0,-3645,-427,-4044,-1857,-2873,2.0,35.0,0.0,0.0,100.0,420.0,0.0,1880.0,419.0,115.0,410.0,316.0,301.0,-101.0,0.0,2026,9,3,0,3,Thursday,Automne,Jour_de_semaine,25562.0,52.0
France,Données temps réel,2026-09-03,12,2026-09-03 12:15:00,49250.0,49650,49800,37.0,0.0,289.0,36884.0,6153.0,5449.0,704.0,17696.0,2357.0,-1622.0,1029.0,-13451.0,10.0,-3645,-833,-4044,-1857,-2765,2.0,35.0,0.0,0.0,100.0,191.0,0.0,1858.0,431.0,68.0,413.0,315.0,301.0,-134.0,14.0,2026,9,3,15,3,Thursday,Automne,Jour_de_semaine,26206.0,53.2
France,Données temps réel,2026-09-03,12,2026-09-03 12:30:00,49344.0,49600,49700,37.0,0.0,296.0,36648.0,6341.0,5656.0,685.0,18053.0,2338.0,-1625.0,1024.0,-13595.0,10.0,-3645,-932,-4044,-1857,-2704,2.0,35.0,0.0,0.0,100.0,199.0,0.0,1859.0,367.0,111.0,410.0,312.0,301.0,-177.0,4.0,2026,9,3,30,3,Thursday,Automne,Jour_de_semaine,26732.0,54.2
France,Données temps réel,2026-09-03,12,2026-09-03 12:45:00,49677.0,49900,49850,36.0,0.0,293.0,36186.0,6378.0,5739.0,639.0,18340.0,2313.0,-1626.0,1027.0,-13129.0,10.0,-3645,-1666,-4044,-1857,-2559,1.0,35.0,0.0,0.0,100.0,195.0,0.0,1844.0,360.0,109.0,414.0,312.0,301.0,-149.0,8.0,2026,9,3,45,3,Thursday,Automne,Jour_de_semaine,27031.0,54.4
France,Données temps réel,2026-09-03,13,2026-09-03 13:00:00,48952.0,50200,50000,37.0,0.0,277.0,36041.0,6295.0,5663.0,632.0,18622.0,2357.0,-1626.0,1025.0,-13877.0,10.0,-4018,-1418,-4044,-1857,-2560,2.0,35.0,0.0,0.0,100.0,179.0,0.0,1835.0,413.0,109.0,411.0,313.0,301.0,-204.0,5.0,2026,9,3,0,3,Thursday,Automne,Jour_de_semaine,27274.0,55.7
France,Données temps réel,2026-09-03,13,2026-09-03 13:15:00,48820.0,49850,49650,37.0,0.0,285.0,36100.0,6218.0,5624.0,594.0,18923.0,2344.0,-1629.0,1027.0,-14199.0,10.0,-4018,-1936,-4044,-1857,-2472,2.0,35.0,0.0,0.0,100.0,187.0,0.0,1830.0,406.0,108.0,410.0,315.0,301.0,-294.0,12.0,2026,9,3,15,3,Thursday,Automne,Jour_de_semaine,27485.0,56.3
France,Données temps réel,2026-09-03,13,2026-09-03 13:30:00,48312.0,49500,49300,37.0,0.0,306.0,36060.0,6283.0,5677.0,605.0,19024.0,2262.0,-1627.0,1028.0,-14748.0,10.0,-4018,-1705,-4044,-1857,-2584,2.0,35.0,0.0,0.0,100.0,208.0,0.0,1820.0,348.0,95.0,412.0,314.0,301.0,-321.0,10.0,2026,9,3,30,3,Thursday,Automne,Jour_de_semaine,27569.0,57.1
France,Données temps réel,2026-09-03,13,2026-09-03 13:45:00,48750.0,49600,49400,37.0,0.0,289.0,36100.0,6286.0,5713.0,573.0,19187.0,2227.0,-1622.0,1026.0,-14449.0,10.0,-4018,-1749,-4044,-1857,-2378,2.0,35.0,0.0,0.0,100.0,191.0,0.0,1814.0,348.0,65.0,411.0,314.0,301.0,-330.0,1.0,2026,9,3,45,3,Thursday,Automne,Jour_de_semaine,27700.0,56.8
France,Données temps réel,2026-09-03,14,2026-09-03 14:00:00,49031.0,49700,49500,37.0,0.0,294.0,36008.0,6414.0,5844.0,570.0,19152.0,2200.0,-1571.0,1031.0,-14207.0,10.0,-3917,-1910,-4044,-1857,-1738,2.0,35.0,0.0,0.0,100.0,196.0,0.0,1795.0,342.0,64.0,415.0,314.0,301.0,-325.0,0.0,2026,9,3,0,3,Thursday,Automne,Jour_de_semaine,27766.0,56.6
France,Données temps réel,2026-09-03,14,2026-09-03 14:15:00,49791.0,49900,49350,37.0,0.0,288.0,36153.0,6383.0,5797.0,586.0,19132.0,2268.0,-1798.0,1025.0,-13435.0,10.0,-3917,-2149,-4044,-1857,-1797,2.0,35.0,0.0,0.0,100.0,190.0,0.0,1792.0,413.0,64.0,410.0,314.0,301.0,-263.0,1.0,2026,9,3,15,3,Thursday,Automne,Jour_de_semaine,27783.0,55.8
France,Données temps réel,2026-09-03,14,2026-09-03 14:30:00,49703.0,50100,49200,37.0,0.0,308.0,36226.0,6210.0,5604.0,606.0,19168.0,2217.0,-1800.0,1021.0,-13523.0,10.0,-3917,-2339,-4044,-1857,-1352,2.0,35.0,0.0,0.0,101.0,208.0,0.0,1791.0,362.0,64.0,405.0,315.0,301.0,-163.0,3.0,2026,9,3,30,3,Thursday,Automne,Jour_de_semaine,27595.0,55.5
France,Données temps réel,2026-09-03,14,2026-09-03 14:45:00,49225.0,49850,49000,37.0,0.0,267.0,36298.0,6152.0,5612.0,540.0,18745.0,2189.0,-1798.0,1029.0,-13565.0,10.0,-3917,-2420,-4044,-1857,-1597,2.0,35.0,0.0,0.0,101.0,167.0,0.0,1804.0,371.0,14.0,413.0,315.0,301.0,-132.0,3.0,2026,9,3,45,3,Thursday,Automne,Jour_de_semaine,27086.0,55.0
France,Données temps réel,2026-09-03,15,2026-09-03 15:00:00,49080.0,49600,48800,37.0,0.0,285.0,36201.0,6092.0,5546.0,545.0,18416.0,2224.0,-1796.0,1028.0,-13395.0,10.0,-3566,-2409,-4044,-1857,-947,2.0,35.0,0.0,0.0,101.0,186.0,0.0,1881.0,328.0,15.0,414.0,313.0,301.0,-30.0,20.0,2026,9,3,0,3,Thursday,Automne,Jour_de_semaine,26732.0,54.5
France,Données temps réel,2026-09-03,15,2026-09-03 15:15:00,48995.0,49300,48550,37.0,0.0,472.0,36130.0,6083.0,5503.0,580.0,18120.0,2178.0,-1796.0,1023.0,-13157.0,11.0,-3566,-1925,-4044,-1857,-1507,2.0,35.0,0.0,0.0,101.0,372.0,0.0,1905.0,258.0,15.0,410.0,312.0,301.0,-99.0,6.0,2026,9,3,15,3,Thursday,Automne,Jour_de_semaine,26381.0,53.8
France,Données temps réel,2026-09-03,15,2026-09-03 15:30:00,48552.0,49000,48300,37.0,0.0,516.0,36183.0,5989.0,5425.0,563.0,17814.0,2199.0,-1796.0,1028.0,-13303.0,12.0,-3566,-1208,-4044,-1857,-1799,2.0,35.0,0.0,0.0,101.0,416.0,0.0,1931.0,253.0,14.0,415.0,312.0,301.0,-122.0,9.0,2026,9,3,30,3,Thursday,Automne,Jour_de_semaine,26002.0,53.6
France,Données temps réel,2026-09-03,15,2026-09-03 15:45:00,48456.0,48850,48150,37.0,0.0,498.0,36092.0,5924.0,5384.0,540.0,17475.0,2258.0,-1792.0,1027.0,-12931.0,12.0,-3566,-1212,-4044,-1857,-2030,2.0,35.0,0.0,0.0,101.0,399.0,0.0,1953.0,292.0,14.0,413.0,313.0,301.0,-134.0,1.0,2026,9,3,45,3,Thursday,Automne,Jour_de_semaine,25657.0,52.9
France,Données temps réel,2026-09-03,16,2026-09-03 16:00:00,48388.0,48700,48000,37.0,0.0,508.0,35907.0,5938.0,5394.0,544.0,16935.0,2205.0,-1798.0,1024.0,-12240.0,12.0,-3588,-1170,-4044,-1857,-1966,2.0,35.0,0.0,0.0,101.0,408.0,0.0,1931.0,259.0,15.0,410.0,313.0,301.0,-127.0,1.0,2026,9,3,0,3,Thursday,Automne,Jour_de_semaine,25078.0,51.8
France,Données temps réel,2026-09-03,16,2026-09-03 16:15:00,48173.0,48400,47750,37.0,0.0,627.0,36426.0,5619.0,5076.0,543.0,16309.0,2603.0,-1724.0,1022.0,-12624.0,13.0,-3588,-1122,-4044,-1857,-1870,2.0,35.0,0.0,0.0,100.0,529.0,0.0,1971.0,289.0,343.0,410.0,310.0,301.0,-121.0,0.0,2026,9,3,15,3,Thursday,Automne,Jour_de_semaine,24531.0,50.9
France,Données temps réel,2026-09-03,16,2026-09-03 16:30:00,47787.0,48100,47500,37.0,0.0,622.0,36495.0,5605.0,5029.0,576.0,15553.0,2659.0,-1691.0,1025.0,-12491.0,13.0,-3588,-574,-4044,-1857,-2347,2.0,35.0,0.0,0.0,100.0,524.0,0.0,2030.0,283.0,346.0,410.0,314.0,301.0,-25.0,0.0,2026,9,3,30,3,Thursday,Automne,Jour_de_semaine,23817.0,49.8
France,Données temps réel,2026-09-03,16,2026-09-03 16:45:00,47660.0,47900,47350,37.0,0.0,673.0,36641.0,5712.0,5101.0,611.0,14760.0,2717.0,-1684.0,1022.0,-12213.0,13.0,-3588,-99,-4044,-1857,-1938,2.0,35.0,0.0,0.0,100.0,575.0,0.0,2103.0,256.0,358.0,410.0,311.0,301.0,-16.0,12.0,2026,9,3,45,3,Thursday,Automne,Jour_de_semaine,23189.0,48.7
France,Données temps réel,2026-09-03,17,2026-09-03 17:00:00,47908.0,47700,47200,36.0,0.0,741.0,36589.0,5712.0,5092.0,620.0,13933.0,2787.0,-1691.0,1023.0,-11225.0,14.0,-2649,142,-4044,-1857,-2647,1.0,35.0,0.0,0.0,100.0,643.0,0.0,2097.0,330.0,360.0,411.0,311.0,301.0,-19.0,22.0,2026,9,3,0,3,Thursday,Automne,Jour_de_semaine,22432.0,46.8
France,Données temps réel,2026-09-03,17,2026-09-03 17:15:00,47584.0,47550,47100,37.0,0.0,789.0,36361.0,5671.0,5087.0,584.0,12936.0,2848.0,-1270.0,1024.0,-10796.0,15.0,-2649,500,-4044,-1857,-2348,2.0,35.0,0.0,0.0,100.0,691.0,0.0,2100.0,409.0,340.0,410.0,313.0,301.0,-26.0,11.0,2026,9,3,15,3,Thursday,Automne,Jour_de_semaine,21455.0,45.1
France,Données temps réel,2026-09-03,17,2026-09-03 17:30:00,48141.0,47400,47000,37.0,0.0,905.0,36824.0,5516.0,4995.0,522.0,11907.0,3047.0,-1030.0,1026.0,-10094.0,16.0,-2649,510,-4044,-1857,-2044,2.0,35.0,0.0,0.0,100.0,807.0,0.0,2104.0,583.0,360.0,412.0,313.0,301.0,-10.0,14.0,2026,9,3,30,3,Thursday,Automne,Jour_de_semaine,20470.0,42.5
France,Données temps réel,2026-09-03,17,2026-09-03 17:45:00,48065.0,47800,47450,37.0,0.0,893.0,37009.0,5428.0,4953.0,475.0,10806.0,3272.0,-212.0,1019.0,-10193.0,16.0,-2649,559,-4044,-1387,-1765,2.0,35.0,0.0,0.0,100.0,795.0,0.0,2135.0,812.0,326.0,409.0,309.0,301.0,-8.0,13.0,2026,9,3,45,3,Thursday,Automne,Jour_de_semaine,19506.0,40.6
France,Données temps réel,2026-09-03,18,2026-09-03 18:00:00,48939.0,48200,47900,37.0,0.0,918.0,37030.0,5339.0,4914.0,425.0,9597.0,3712.0,-2.0,1027.0,-8736.0,16.0,-2712,786,-4044,-249,-2425,2.0,35.0,0.0,0.0,100.0,821.0,0.0,2171.0,964.0,576.0,411.0,315.0,301.0,-1.0,19.0,2026,9,3,0,3,Thursday,Automne,Jour_de_semaine,18648.0,38.1
France,Données temps réel,2026-09-03,18,2026-09-03 18:15:00,49235.0,48850,48550,37.0,0.0,1206.0,37771.0,5243.0,4857.0,385.0,8334.0,4222.0,-1.0,1026.0,-8625.0,18.0,-2712,800,-4044,137,-1990,2.0,35.0,0.0,0.0,100.0,1108.0,0.0,2284.0,1047.0,891.0,410.0,315.0,301.0,0.0,24.0,2026,9,3,15,3,Thursday,Automne,Jour_de_semaine,17799.0,36.2
France,Données temps réel,2026-09-03,18,2026-09-03 18:30:00,49637.0,49500,49200,37.0,0.0,1588.0,37995.0,5132.0,4687.0,445.0,7005.0,4830.0,0.0,1026.0,-8022.0,21.0,-2712,800,-4044,192,-1840,2.0,35.0,0.0,0.0,100.0,1490.0,0.0,2351.0,1102.0,1376.0,412.0,312.0,301.0,-1.0,47.0,2026,9,3,30,3,Thursday,Automne,Jour_de_semaine,16967.0,34.2
France,Données temps réel,2026-09-03,18,2026-09-03 18:45:00,50853.0,50100,49850,37.0,0.0,1906.0,38260.0,5057.0,4592.0,465.0,5849.0,6053.0,0.0,1022.0,-7336.0,23.0,-2712,800,-4044,449,-1276,2.0,35.0,0.0,0.0,100.0,1807.0,0.0,2481.0,1260.0,2312.0,414.0,307.0,301.0,-9.0,15.0,2026,9,3,45,3,Thursday,Automne,Jour_de_semaine,16959.0,33.3
France,Données temps réel,2026-09-03,19,2026-09-03 19:00:00,51183.0,50700,50500,37.0,0.0,2393.0,38343.0,4887.0,4441.0,446.0,4445.0,6475.0,0.0,1021.0,-6428.0,27.0,-2119,1300,-4044,572,-1459,2.0,35.0,0.0,0.0,100.0,2295.0,0.0,2525.0,1396.0,2554.0,410.0,310.0,301.0,-2.0,14.0,2026,9,3,0,3,Thursday,Automne,Jour_de_semaine,15807.0,30.9
France,Données temps réel,2026-09-03,19,2026-09-03 19:15:00,51148.0,50450,50300,37.0,0.0,2908.0,38291.0,4754.0,4330.0,423.0,3347.0,6308.0,0.0,1022.0,-5527.0,31.0,-2119,1300,-4044,666,-688,2.0,35.0,0.0,0.0,100.0,2810.0,0.0,2735.0,1329.0,2244.0,409.0,312.0,301.0,-7.0,14.0,2026,9,3,15,3,Thursday,Automne,Jour_de_semaine,14409.0,28.2
France,Données temps réel,2026-09-03,19,2026-09-03 19:30:00,50848.0,50200,50100,37.0,0.0,3002.0,38302.0,4456.0,4084.0,371.0,2291.0,6830.0,0.0,1025.0,-5103.0,33.0,-2119,758,-4044,861,-544,2.0,35.0,0.0,0.0,100.0,2904.0,0.0,2795.0,1568.0,2467.0,413.0,311.0,301.0,-7.0,15.0,2026,9,3,30,3,Thursday,Automne,Jour_de_semaine,13577.0,26.7
France,Données temps réel,2026-09-03,19,2026-09-03 19:45:00,50346.0,49550,49450,37.0,0.0,3019.0,38275.0,4267.0,3874.0,392.0,1563.0,7590.0,0.0,1025.0,-5454.0,33.0,-2119,0,-4025,861,-499,2.0,35.0,0.0,0.0,100.0,2921.0,0.0,2862.0,1919.0,2808.0,413.0,311.0,301.0,0.0,26.0,2026,9,3,45,3,Thursday,Automne,Jour_de_semaine,13420.0,26.7
France,Données temps réel,2026-09-03,20,2026-09-03 20:00:00,49661.0,48900,48800,36.0,0.0,3025.0,38312.0,4078.0,3690.0,388.0,951.0,7835.0,-1.0,1021.0,-5656.0,33.0,-1571,-1000,-3940,821,1107,1.0,35.0,0.0,0.0,100.0,2927.0,0.0,2838.0,2183.0,2815.0,410.0,309.0,301.0,-7.0,69.0,2026,9,3,0,3,Thursday,Automne,Jour_de_semaine,12864.0,25.9
France,Données temps réel,2026-09-03,20,2026-09-03 20:15:00,49151.0,48200,48150,37.0,0.0,3048.0,38349.0,3913.0,3559.0,354.0,546.0,7655.0,0.0,1019.0,-5633.0,34.0,-1571,-2000,-3951,821,1732,2.0,35.0,0.0,0.0,100.0,2950.0,0.0,2841.0,2175.0,2639.0,408.0,309.0,301.0,-7.0,225.0,2026,9,3,15,3,Thursday,Automne,Jour_de_semaine,12114.0,24.6
France,Données temps réel,2026-09-03,20,2026-09-03 20:30:00,48634.0,47500,47500,37.0,0.0,3057.0,38401.0,3797.0,3403.0,394.0,315.0,7719.0,-1.0,1026.0,-6064.0,34.0,-1571,-2775,-3925,821,1732,2.0,35.0,0.0,0.0,100.0,2959.0,0.0,2828.0,2185.0,2707.0,414.0,310.0,301.0,-3.0,351.0,2026,9,3,30,3,Thursday,Automne,Jour_de_semaine,11831.0,24.3
France,Données temps réel,2026-09-03,20,2026-09-03 20:45:00,48317.0,47350,47900,37.0,0.0,3062.0,38395.0,3650.0,3262.0,388.0,219.0,7800.0,0.0,1025.0,-6216.0,34.0,-1571,-2725,-3883,821,1789,2.0,35.0,0.0,0.0,100.0,2964.0,0.0,2840.0,2222.0,2738.0,412.0,311.0,301.0,-3.0,351.0,2026,9,3,45,3,Thursday,Automne,Jour_de_semaine,11669.0,24.2
France,Données temps réel,2026-09-03,21,2026-09-03 21:00:00,47986.0,47200,48300,37.0,0.0,3076.0,38452.0,3545.0,3161.0,384.0,226.0,7689.0,0.0,1027.0,-6366.0,34.0,-1885,-2775,-3474,845,1269,2.0,35.0,0.0,0.0,100.0,2978.0,0.0,2833.0,2160.0,2697.0,416.0,309.0,301.0,-10.0,311.0,2026,9,3,0,3,Thursday,Automne,Jour_de_semaine,11460.0,23.9
France,Données temps réel,2026-09-03,21,2026-09-03 21:15:00,47402.0,46700,47750,37.0,0.0,3080.0,38512.0,3437.0,3087.0,350.0,0.0,7716.0,0.0,1022.0,-6746.0,34.0,-1885,-2775,-3620,845,1267,2.0,35.0,0.0,0.0,100.0,2982.0,0.0,2808.0,2207.0,2701.0,411.0,310.0,301.0,-18.0,362.0,2026,9,3,15,3,Thursday,Automne,Jour_de_semaine,11153.0,23.5
France,Données temps réel,2026-09-03,21,2026-09-03 21:30:00,46512.0,46200,47200,37.0,0.0,3084.0,38504.0,3438.0,3084.0,354.0,0.0,6711.0,-1.0,1019.0,-6577.0,35.0,-1885,-2775,-3867,845,1839,2.0,35.0,0.0,0.0,100.0,2986.0,0.0,2742.0,2085.0,1884.0,407.0,311.0,301.0,-12.0,310.0,2026,9,3,30,3,Thursday,Automne,Jour_de_semaine,10149.0,21.8
France,Données temps réel,2026-09-03,21,2026-09-03 21:45:00,45744.0,45550,46550,37.0,0.0,3092.0,38522.0,3422.0,3050.0,372.0,0.0,6026.0,0.0,1018.0,-6582.0,36.0,-1885,-2775,-3803,845,1840,2.0,35.0,0.0,0.0,100.0,2993.0,0.0,2657.0,1780.0,1588.0,407.0,310.0,301.0,-29.0,240.0,2026,9,3,45,3,Thursday,Automne,Jour_de_semaine,9448.0,20.7
France,Données temps réel,2026-09-03,22,2026-09-03 22:00:00,45091.0,44900,45900,37.0,0.0,2937.0,38522.0,3387.0,2978.0,409.0,0.0,5612.0,0.0,1014.0,-6346.0,35.0,-798,-2775,-3978,582,2522,2.0,35.0,0.0,0.0,100.0,2839.0,0.0,2629.0,1745.0,1238.0,404.0,309.0,301.0,-69.0,1.0,2026,9,3,0,3,Thursday,Automne,Jour_de_semaine,8999.0,20.0
France,Données temps réel,2026-09-03,22,2026-09-03 22:15:00,45616.0,45150,46200,37.0,0.0,2896.0,38526.0,3381.0,2935.0,446.0,0.0,5342.0,-1.0,1020.0,-5607.0,35.0,-798,-2775,-3977,459,2417,2.0,35.0,0.0,0.0,100.0,2798.0,0.0,2410.0,1592.0,1340.0,409.0,310.0,301.0,-1.0,25.0,2026,9,3,15,3,Thursday,Automne,Jour_de_semaine,8723.0,19.1
France,Données temps réel,2026-09-03,22,2026-09-03 22:30:00,45595.0,45400,46500,36.0,0.0,2897.0,38598.0,3340.0,2890.0,450.0,0.0,4881.0,0.0,1014.0,-5036.0,35.0,-798,-2775,-3912,532,3236,1.0,35.0,0.0,0.0,100.0,2799.0,0.0,2404.0,1222.0,1255.0,404.0,309.0,301.0,-135.0,1.0,2026,9,3,30,3,Thursday,Automne,Jour_de_semaine,8221.0,18.0
France,Données temps réel,2026-09-03,22,2026-09-03 22:45:00,46395.0,45850,46950,37.0,0.0,2904.0,38512.0,3386.0,2905.0,481.0,0.0,4778.0,0.0,1015.0,-4101.0,35.0,-798,-2774,-3926,520,3961,2.0,35.0,0.0,0.0,100.0,2806.0,0.0,2340.0,1183.0,1255.0,403.0,310.0,301.0,-137.0,2.0,2026,9,3,45,3,Thursday,Automne,Jour_de_semaine,8164.0,17.6
France,Données temps réel,2026-09-03,23,2026-09-03 23:00:00,45644.0,46300,47400,37.0,0.0,2299.0,38558.0,3486.0,2970.0,515.0,0.0,3948.0,0.0,1015.0,-3514.0,31.0,215,-2775,-3563,-318,3481,2.0,35.0,0.0,0.0,100.0,2201.0,0.0,2257.0,1120.0,571.0,403.0,310.0,301.0,-187.0,4.0,2026,9,3,0,3,Thursday,Automne,Jour_de_semaine,7434.0,16.3
France,Données temps réel,2026-09-03,23,2026-09-03 23:15:00,45105.0,45500,46500,36.0,0.0,1908.0,38557.0,3417.0,2862.0,554.0,0.0,4071.0,-2.0,1016.0,-3885.0,27.0,215,-2775,-3612,-369,3360,1.0,35.0,0.0,0.0,100.0,1810.0,0.0,2247.0,1179.0,645.0,405.0,310.0,301.0,-10.0,1.0,2026,9,3,15,3,Thursday,Automne,Jour_de_semaine,7488.0,16.6
France,Données temps réel,2026-09-03,23,2026-09-03 23:30:00,44722.0,44700,45600,37.0,0.0,1714.0,38569.0,3449.0,2852.0,598.0,0.0,3559.0,0.0,1016.0,-3463.0,26.0,215,-2775,-3582,-339,3874,2.0,35.0,0.0,0.0,100.0,1615.0,0.0,2172.0,1066.0,321.0,405.0,310.0,301.0,-159.0,0.0,2026,9,3,30,3,Thursday,Automne,Jour_de_semaine,7008.0,15.7
France,Données temps réel,2026-09-03,23,2026-09-03 23:45:00,44155.0,44350,44950,37.0,0.0,1284.0,38552.0,3401.0,2795.0,606.0,0.0,3529.0,-1.0,1015.0,-3673.0,23.0,215,-2775,-3520,-475,3294,2.0,35.0,0.0,0.0,100.0,1186.0,0.0,2157.0,964.0,408.0,405.0,309.0,301.0,-45.0,58.0,2026,9,3,45,3,Thursday,Automne,Jour_de_semaine,6930.0,15.7
France,Données temps réel,2026-09-04,0,2026-09-04 00:00:00,43416.0,44000,44300,37.0,0.0,1039.0,38558.0,3386.0,2762.0,624.0,0.0,3338.0,-25.0,1013.0,-3877.0,20.0,1445,-3200,-3837,-535,2413,2.0,35.0,0.0,0.0,100.0,940.0,0.0,2133.0,882.0,324.0,401.0,310.0,301.0,-54.0,2.0,2026,9,4,0,4,Friday,Automne,Jour_de_semaine,6724.0,15.5
France,Données temps réel,2026-09-04,0,2026-09-04 00:15:00,43149.0,43000,43150,37.0,0.0,877.0,38524.0,3253.0,2752.0,501.0,0.0,3378.0,-35.0,1021.0,-4114.0,19.0,1445,-3200,-3838,-545,1792,2.0,35.0,0.0,0.0,100.0,779.0,0.0,2116.0,932.0,330.0,409.0,310.0,301.0,-8.0,218.0,2026,9,4,15,4,Friday,Automne,Jour_de_semaine,6631.0,15.4
France,Données temps réel,2026-09-04,0,2026-09-04 00:30:00,41728.0,42000,42000,37.0,0.0,407.0,38565.0,3322.0,2820.0,502.0,0.0,3496.0,-54.0,1024.0,-5104.0,15.0,1445,-3200,-3821,-453,1094,2.0,35.0,0.0,0.0,100.0,309.0,0.0,2119.0,856.0,522.0,412.0,310.0,301.0,-29.0,64.0,2026,9,4,30,4,Friday,Automne,Jour_de_semaine,6818.0,16.3
France,Données temps réel,2026-09-04,0,2026-09-04 00:45:00,40986.0,41100,41100,37.0,0.0,458.0,38512.0,3290.0,2787.0,504.0,0.0,3242.0,-219.0,1024.0,-5331.0,16.0,1445,-3200,-3850,-467,774,2.0,35.0,0.0,0.0,100.0,360.0,0.0,2017.0,827.0,399.0,413.0,310.0,301.0,-29.0,1.0,2026,9,4,45,4,Friday,Automne,Jour_de_semaine,6532.0,15.9
France,Données temps réel,2026-09-04,1,2026-09-04 01:00:00,40595.0,40200,40200,37.0,0.0,317.0,38549.0,3240.0,2733.0,506.0,0.0,3003.0,-218.0,1027.0,-5323.0,14.0,1496,-3200,-3809,-916,1343,2.0,35.0,0.0,0.0,100.0,219.0,0.0,2022.0,772.0,209.0,416.0,310.0,301.0,-37.0,0.0,2026,9,4,0,4,Friday,Automne,Jour_de_semaine,6243.0,15.4
France,Données temps réel,2026-09-04,1,2026-09-04 01:15:00,40897.0,40450,40450,37.0,0.0,317.0,38577.0,3241.0,2779.0,462.0,0.0,3050.0,-219.0,1024.0,-5093.0,14.0,1496,-3200,-3891,-960,1140,2.0,35.0,0.0,0.0,100.0,218.0,0.0,2031.0,788.0,231.0,417.0,306.0,301.0,-74.0,38.0,2026,9,4,15,4,Friday,Automne,Jour_de_semaine,6291.0,15.4
France,Données temps réel,2026-09-04,1,2026-09-04 01:30:00,40317.0,40700,40700,37.0,0.0,304.0,38540.0,3329.0,2784.0,545.0,0.0,2707.0,-220.0,1023.0,-5339.0,14.0,1496,-3200,-3814,-944,1202,2.0,35.0,0.0,0.0,100.0,206.0,0.0,2009.0,683.0,15.0,413.0,309.0,301.0,-96.0,30.0,2026,9,4,30,4,Friday,Automne,Jour_de_semaine,6036.0,15.0
France,Données temps réel,2026-09-04,1,2026-09-04 01:45:00,40224.0,40400,40588,37.0,0.0,300.0,38484.0,3354.0,2770.0,584.0,0.0,2589.0,-229.0,1029.0,-5331.0,14.0,1496,-3200,-3806,-1141,920,2.0,35.0,0.0,0.0,100.0,202.0,0.0,1982.0,592.0,15.0,417.0,310.0,301.0,-31.0,23.0,2026,9,4,45,4,Friday,Automne,Jour_de_semaine,5943.0,14.8
France,Données temps réel,2026-09-04,2,2026-09-04 02:00:00,39500.0,40100,40476,37.0,0.0,312.0,38566.0,3358.0,2794.0,564.0,0.0,2568.0,-393.0,1033.0,-5989.0,15.0,845,-3200,-3700,-1444,1641,2.0,35.0,0.0,0.0,100.0,214.0,0.0,1975.0,577.0,16.0,421.0,311.0,301.0,-6.0,14.0,2026,9,4,0,4,Friday,Automne,Jour_de_semaine,5926.0,15.0
France,Données temps réel,2026-09-04,2,2026-09-04 02:15:00,39316.0,39450,39388,37.0,0.0,295.0,38468.0,3511.0,2845.0,666.0,0.0,2457.0,-215.0,1025.0,-6252.0,14.0,845,-3200,-3868,-1516,1693,2.0,35.0,0.0,0.0,100.0,197.0,0.0,1929.0,512.0,16.0,417.0,307.0,301.0,-11.0,1.0,2026,9,4,15,4,Friday,Automne,Jour_de_semaine,5968.0,15.2
France,Données temps réel,2026-09-04,2,2026-09-04 02:30:00,38332.0,38800,38300,37.0,0.0,288.0,37995.0,3407.0,2766.0,641.0,0.0,2457.0,-179.0,1028.0,-6696.0,15.0,845,-3200,-3895,-1585,1802,2.0,35.0,0.0,0.0,100.0,190.0,0.0,1930.0,512.0,15.0,418.0,308.0,301.0,-6.0,2.0,2026,9,4,30,4,Friday,Automne,Jour_de_semaine,5864.0,15.3
France,Données temps réel,2026-09-04,2,2026-09-04 02:45:00,37925.0,38250,37800,37.0,0.0,305.0,37544.0,3384.0,2770.0,615.0,0.0,2431.0,-627.0,1033.0,-6177.0,15.0,845,-3200,-3895,-1595,1257,2.0,35.0,0.0,0.0,100.0,207.0,0.0,1910.0,505.0,15.0,421.0,311.0,301.0,-8.0,3.0,2026,9,4,45,4,Friday,Automne,Jour_de_semaine,5815.0,15.3
France,Données temps réel,2026-09-04,3,2026-09-04 03:00:00,37171.0,37700,37300,37.0,0.0,306.0,37526.0,3479.0,2766.0,714.0,0.0,2425.0,-840.0,1030.0,-6781.0,15.0,814,-3200,-3600,-1608,842,2.0,35.0,0.0,0.0,100.0,208.0,0.0,1905.0,503.0,16.0,418.0,310.0,301.0,-12.0,2.0,2026,9,4,0,4,Friday,Automne,Jour_de_semaine,5904.0,15.9
France,Données temps réel,2026-09-04,3,2026-09-04 03:15:00,36896.0,37300,36950,37.0,0.0,279.0,37358.0,3471.0,2716.0,755.0,0.0,2463.0,-1070.0,1031.0,-6661.0,15.0,814,-3200,-3600,-1599,551,2.0,35.0,0.0,0.0,100.0,180.0,0.0,1897.0,551.0,15.0,420.0,310.0,301.0,-11.0,0.0,2026,9,4,15,4,Friday,Automne,Jour_de_semaine,5934.0,16.1
France,Données temps réel,2026-09-04,3,2026-09-04 03:30:00,36684.0,36900,36600,37.0,0.0,282.0,37105.0,3559.0,2745.0,814.0,0.0,2530.0,-1069.0,1031.0,-6779.0,15.0,814,-3200,-3600,-1567,217,2.0,35.0,0.0,0.0,100.0,184.0,0.0,1989.0,526.0,15.0,419.0,310.0,301.0,-11.0,0.0,2026,9,4,30,4,Friday,Automne,Jour_de_semaine,6089.0,16.6
France,Données temps réel,2026-09-04,3,2026-09-04 03:45:00,36253.0,36800,36600,36.0,0.0,266.0,37325.0,3480.0,2692.0,788.0,0.0,2451.0,-1233.0,1031.0,-7078.0,15.0,814,-3200,-3600,-1545,53,1.0,35.0,0.0,0.0,100.0,167.0,0.0,1999.0,436.0,16.0,419.0,310.0,301.0,-25.0,0.0,2026,9,4,45,4,Friday,Automne,Jour_de_semaine,5931.0,16.4
France,Données temps réel,2026-09-04,4,2026-09-04 04:00:00,35986.0,36700,36600,37.0,0.0,252.0,37630.0,3510.0,2707.0,803.0,0.0,2455.0,-1229.0,1039.0,-7663.0,14.0,1455,-3000,-3600,-1792,-480,2.0,35.0,0.0,0.0,100.0,153.0,0.0,2003.0,437.0,15.0,427.0,311.0,301.0,-47.0,3.0,2026,9,4,0,4,Friday,Automne,Jour_de_semaine,5965.0,16.6
France,Données temps réel,2026-09-04,4,2026-09-04 04:15:00,36118.0,36550,36500,37.0,0.0,245.0,37705.0,3608.0,2777.0,831.0,0.0,2391.0,-1393.0,1027.0,-7460.0,14.0,1455,-3000,-3600,-1755,-713,2.0,35.0,0.0,0.0,100.0,147.0,0.0,1983.0,391.0,16.0,414.0,311.0,301.0,-43.0,2.0,2026,9,4,15,4,Friday,Automne,Jour_de_semaine,5999.0,16.6
France,Données temps réel,2026-09-04,4,2026-09-04 04:30:00,35947.0,36400,36400,37.0,0.0,237.0,37716.0,3645.0,2786.0,860.0,0.0,2392.0,-1391.0,1033.0,-7675.0,14.0,1455,-3000,-3600,-1759,-836,2.0,35.0,0.0,0.0,100.0,139.0,0.0,1982.0,394.0,16.0,420.0,311.0,301.0,-47.0,1.0,2026,9,4,30,4,Friday,Automne,Jour_de_semaine,6037.0,16.8
France,Données temps réel,2026-09-04,4,2026-09-04 04:45:00,36070.0,36700,36500,37.0,0.0,282.0,37722.0,3729.0,2843.0,886.0,0.0,2418.0,-1389.0,1032.0,-7708.0,15.0,1455,-3000,-3600,-1759,-910,2.0,35.0,0.0,0.0,100.0,184.0,0.0,2010.0,393.0,15.0,419.0,311.0,301.0,-56.0,2.0,2026,9,4,45,4,Friday,Automne,Jour_de_semaine,6147.0,17.0
France,Données temps réel,2026-09-04,5,2026-09-04 05:00:00,36355.0,37000,36600,37.0,0.0,251.0,37743.0,3679.0,2897.0,781.0,0.0,2417.0,-1393.0,1031.0,-7387.0,14.0,1967,-3000,-3600,-1758,-1038,2.0,35.0,0.0,0.0,100.0,153.0,0.0,2011.0,390.0,15.0,419.0,311.0,301.0,-22.0,1.0,2026,9,4,0,4,Friday,Automne,Jour_de_semaine,6096.0,16.8
France,Données temps réel,2026-09-04,5,2026-09-04 05:15:00,37180.0,37550,37200,37.0,0.0,251.0,37777.0,3876.0,3005.0,871.0,0.0,2466.0,-1086.0,1029.0,-7099.0,14.0,1967,-3000,-3600,-1784,-841,2.0,35.0,0.0,0.0,100.0,153.0,0.0,2070.0,380.0,15.0,417.0,310.0,301.0,-74.0,3.0,2026,9,4,15,4,Friday,Automne,Jour_de_semaine,6342.0,17.1
France,Données temps réel,2026-09-04,5,2026-09-04 05:30:00,37374.0,38100,37800,37.0,0.0,264.0,37747.0,4035.0,3147.0,888.0,0.0,2482.0,-1089.0,1028.0,-7174.0,14.0,1967,-3000,-3600,-1791,-1363,2.0,35.0,0.0,0.0,100.0,165.0,0.0,2074.0,393.0,15.0,416.0,310.0,301.0,-7.0,54.0,2026,9,4,30,4,Friday,Automne,Jour_de_semaine,6517.0,17.4
France,Données temps réel,2026-09-04,5,2026-09-04 05:45:00,37870.0,38850,38550,37.0,0.0,289.0,37771.0,4080.0,3269.0,811.0,0.0,2587.0,-173.0,1028.0,-7814.0,14.0,1967,-3000,-3600,-1786,-1566,2.0,35.0,0.0,0.0,100.0,191.0,0.0,2089.0,483.0,15.0,416.0,311.0,301.0,-2.0,69.0,2026,9,4,45,4,Friday,Automne,Jour_de_semaine,6667.0,17.6
France,Données temps réel,2026-09-04,6,2026-09-04 06:00:00,38565.0,39600,39300,37.0,0.0,259.0,37761.0,4239.0,3419.0,820.0,0.0,3037.0,0.0,1025.0,-7782.0,14.0,2933,-3000,-3600,-1250,-1721,2.0,35.0,0.0,0.0,100.0,160.0,0.0,2073.0,582.0,382.0,414.0,309.0,301.0,-11.0,4.0,2026,9,4,0,4,Friday,Automne,Jour_de_semaine,7276.0,18.9
France,Données temps réel,2026-09-04,6,2026-09-04 06:15:00,40358.0,40750,40500,37.0,0.0,252.0,37867.0,4470.0,3666.0,803.0,0.0,3143.0,-2.0,1023.0,-6418.0,14.0,2933,-3000,-3600,-1291,-1291,2.0,35.0,0.0,0.0,100.0,154.0,0.0,2067.0,643.0,433.0,414.0,308.0,301.0,-14.0,2.0,2026,9,4,15,4,Friday,Automne,Jour_de_semaine,7613.0,18.9
France,Données temps réel,2026-09-04,6,2026-09-04 06:30:00,41129.0,41900,41700,37.0,0.0,284.0,37860.0,4640.0,3833.0,808.0,0.0,3363.0,0.0,1026.0,-6077.0,14.0,2933,-3000,-3600,-1281,-1594,2.0,35.0,0.0,0.0,100.0,186.0,0.0,2065.0,646.0,652.0,416.0,309.0,301.0,-6.0,3.0,2026,9,4,30,4,Friday,Automne,Jour_de_semaine,8003.0,19.5
France,Données temps réel,2026-09-04,6,2026-09-04 06:45:00,41913.0,42800,42400,37.0,0.0,259.0,37853.0,4708.0,3917.0,790.0,0.0,3834.0,-1.0,1025.0,-5791.0,13.0,2933,-3000,-3600,-1287,-1636,2.0,35.0,0.0,0.0,100.0,161.0,0.0,2231.0,933.0,670.0,414.0,310.0,301.0,-11.0,2.0,2026,9,4,45,4,Friday,Automne,Jour_de_semaine,8542.0,20.4
France,Données temps réel,2026-09-04,7,2026-09-04 07:00:00,42901.0,43700,43100,37.0,0.0,378.0,37872.0,4864.0,4090.0,773.0,218.0,4332.0,-1.0,1028.0,-5839.0,14.0,2668,-3000,-4044,-415,-874,2.0,35.0,0.0,0.0,100.0,280.0,0.0,2276.0,941.0,1116.0,415.0,311.0,301.0,0.0,14.0,2026,9,4,0,4,Friday,Automne,Jour_de_semaine,9414.0,21.9
France,Données temps réel,2026-09-04,7,2026-09-04 07:15:00,43996.0,44350,43700,37.0,0.0,416.0,37873.0,5176.0,4428.0,748.0,281.0,4539.0,0.0,1029.0,-5506.0,14.0,2668,-3000,-4041,-422,-663,2.0,35.0,0.0,0.0,100.0,317.0,0.0,2259.0,967.0,1313.0,416.0,312.0,301.0,-13.0,164.0,2026,9,4,15,4,Friday,Automne,Jour_de_semaine,9996.0,22.7
France,Données temps réel,2026-09-04,7,2026-09-04 07:30:00,44491.0,45000,44300,37.0,0.0,605.0,37886.0,5346.0,4584.0,762.0,370.0,4442.0,0.0,1024.0,-5551.0,16.0,2668,-3000,-4044,-429,-188,2.0,35.0,0.0,0.0,100.0,507.0,0.0,2257.0,1252.0,933.0,411.0,311.0,301.0,-1.0,335.0,2026,9,4,30,4,Friday,Automne,Jour_de_semaine,10158.0,22.8
France,Données temps réel,2026-09-04,7,2026-09-04 07:45:00,45076.0,45700,45000,37.0,0.0,819.0,37888.0,5398.0,4669.0,729.0,695.0,4316.0,0.0,1030.0,-5278.0,18.0,2668,-3000,-4044,-429,-134,2.0,35.0,0.0,0.0,100.0,721.0,0.0,2234.0,1252.0,830.0,418.0,311.0,301.0,-7.0,179.0,2026,9,4,45,4,Friday,Automne,Jour_de_semaine,10409.0,23.1
France,Données temps réel,2026-09-04,8,2026-09-04 08:00:00,45921.0,46400,45700,37.0,0.0,817.0,37888.0,5444.0,4714.0,730.0,1170.0,4531.0,-1.0,1030.0,-5155.0,17.0,830,-2900,-4044,-147,648,2.0,35.0,0.0,0.0,100.0,719.0,0.0,2204.0,1268.0,1058.0,417.0,312.0,301.0,-5.0,165.0,2026,9,4,0,4,Friday,Automne,Jour_de_semaine,11145.0,24.3
France,Données temps réel,2026-09-04,8,2026-09-04 08:15:00,46480.0,47050,46100,37.0,0.0,803.0,37865.0,5528.0,4785.0,743.0,1961.0,4789.0,0.0,1031.0,-5873.0,17.0,830,-2900,-4044,-75,710,2.0,35.0,0.0,0.0,100.0,705.0,0.0,2135.0,1225.0,1429.0,419.0,311.0,301.0,-2.0,343.0,2026,9,4,15,4,Friday,Automne,Jour_de_semaine,12278.0,26.4
France,Données temps réel,2026-09-04,8,2026-09-04 08:30:00,46762.0,47700,46500,37.0,0.0,832.0,37858.0,5553.0,4774.0,779.0,2859.0,3980.0,0.0,1028.0,-5385.0,17.0,830,-2900,-4044,-265,1133,2.0,35.0,0.0,0.0,100.0,734.0,0.0,2127.0,1054.0,799.0,416.0,311.0,301.0,-2.0,2.0,2026,9,4,30,4,Friday,Automne,Jour_de_semaine,12392.0,26.5
France,Données temps réel,2026-09-04,8,2026-09-04 08:45:00,47044.0,47850,46650,37.0,0.0,650.0,37872.0,5454.0,4682.0,772.0,4079.0,3840.0,0.0,1003.0,-5886.0,15.0,830,-2900,-4044,-360,763,2.0,35.0,0.0,0.0,100.0,552.0,0.0,2042.0,1072.0,727.0,392.0,310.0,301.0,-5.0,1.0,2026,9,4,45,4,Friday,Automne,Jour_de_semaine,13373.0,28.4
France,Données temps réel,2026-09-04,9,2026-09-04 09:00:00,47257.0,48000,46800,37.0,0.0,597.0,37765.0,5376.0,4570.0,806.0,5120.0,3560.0,0.0,999.0,-6189.0,15.0,-933,-2841,-4020,-1455,1818,2.0,35.0,0.0,0.0,100.0,499.0,0.0,2008.0,1146.0,407.0,386.0,311.0,301.0,-8.0,1.0,2026,9,4,0,4,Friday,Automne,Jour_de_semaine,14056.0,29.7
France,Données temps réel,2026-09-04,9,2026-09-04 09:15:00,47250.0,48350,47250,37.0,0.0,578.0,37768.0,5423.0,4642.0,780.0,6615.0,3500.0,-9.0,999.0,-7652.0,14.0,-933,-2900,-4044,-1715,1519,2.0,35.0,0.0,0.0,100.0,480.0,0.0,2009.0,1091.0,400.0,388.0,310.0,301.0,-8.0,0.0,2026,9,4,15,4,Friday,Automne,Jour_de_semaine,15538.0,32.9
France,Données temps réel,2026-09-04,9,2026-09-04 09:30:00,47778.0,48700,47700,37.0,0.0,555.0,37616.0,5639.0,4848.0,792.0,7777.0,3369.0,-175.0,997.0,-8017.0,14.0,-933,-2823,-4044,-1795,1371,2.0,35.0,0.0,0.0,100.0,457.0,0.0,1992.0,1002.0,376.0,387.0,308.0,301.0,-18.0,1.0,2026,9,4,30,4,Friday,Automne,Jour_de_semaine,16785.0,35.1
France,Données temps réel,2026-09-04,9,2026-09-04 09:45:00,47846.0,48850,47950,37.0,0.0,457.0,37647.0,5815.0,5024.0,792.0,9198.0,3184.0,-336.0,996.0,-9144.0,13.0,-933,-2900,-4044,-1498,414,2.0,35.0,0.0,0.0,100.0,359.0,0.0,1911.0,985.0,288.0,384.0,311.0,301.0,-8.0,1.0,2026,9,4,45,4,Friday,Automne,Jour_de_semaine,18197.0,38.0
France,Données temps réel,2026-09-04,10,2026-09-04 10:00:00,47939.0,49000,48200,37.0,0.0,455.0,37480.0,6211.0,5411.0,800.0,10529.0,2941.0,-552.0,995.0,-10150.0,12.0,-2688,-2899,-4044,-1857,1276,2.0,35.0,0.0,0.0,100.0,357.0,0.0,1925.0,882.0,135.0,383.0,311.0,301.0,-7.0,0.0,2026,9,4,0,4,Friday,Automne,Jour_de_semaine,19681.0,41.1
France,Données temps réel,2026-09-04,10,2026-09-04 10:15:00,48254.0,49050,48350,37.0,0.0,600.0,37530.0,6546.0,5729.0,816.0,11971.0,2744.0,-931.0,1006.0,-11239.0,13.0,-2688,-2262,-4044,-1855,-200,2.0,35.0,0.0,0.0,100.0,502.0,0.0,1873.0,727.0,143.0,394.0,311.0,301.0,-21.0,12.0,2026,9,4,15,4,Friday,Automne,Jour_de_semaine,21261.0,44.1
France,Données temps réel,2026-09-04,10,2026-09-04 10:30:00,48566.0,49100,48500,37.0,0.0,576.0,37279.0,7016.0,6201.0,816.0,13091.0,2594.0,-928.0,1006.0,-12043.0,13.0,-2688,-2609,-4044,-1857,-214,2.0,35.0,0.0,0.0,100.0,478.0,0.0,1895.0,579.0,121.0,397.0,308.0,301.0,-64.0,3.0,2026,9,4,30,4,Friday,Automne,Jour_de_semaine,22701.0,46.7
France,Données temps réel,2026-09-04,10,2026-09-04 10:45:00,48692.0,49250,48750,37.0,0.0,637.0,37266.0,7389.0,6579.0,810.0,14095.0,2497.0,-1090.0,1009.0,-13074.0,13.0,-2688,-2693,-4044,-1857,-945,2.0,35.0,0.0,0.0,109.0,530.0,0.0,1880.0,495.0,122.0,397.0,311.0,301.0,-74.0,1.0,2026,9,4,45,4,Friday,Automne,Jour_de_semaine,23981.0,49.3
France,Données temps réel,2026-09-04,11,2026-09-04 11:00:00,48997.0,49400,49000,36.0,0.0,676.0,36822.0,7803.0,6976.0,826.0,15000.0,2454.0,-1092.0,1009.0,-13649.0,13.0,-2380,-2661,-4044,-1857,-1587,1.0,35.0,0.0,0.0,110.0,568.0,0.0,1856.0,480.0,119.0,397.0,310.0,301.0,-62.0,1.0,2026,9,4,0,4,Friday,Automne,Jour_de_semaine,25257.0,51.5
France,Données temps réel,2026-09-04,11,2026-09-04 11:15:00,49333.0,49400,49000,37.0,0.0,495.0,36794.0,7794.0,7235.0,559.0,15805.0,2328.0,-1091.0,993.0,-13546.0,11.0,-2380,-2900,-4044,-1857,-1705,2.0,35.0,0.0,0.0,110.0,386.0,0.0,1846.0,463.0,19.0,382.0,310.0,301.0,-275.0,0.0,2026,9,4,15,4,Friday,Automne,Jour_de_semaine,25927.0,52.6
France,Données temps réel,2026-09-04,11,2026-09-04 11:30:00,49718.0,49400,49000,36.0,0.0,461.0,36413.0,7947.0,7385.0,562.0,16563.0,2329.0,-877.0,1003.0,-13890.0,11.0,-2380,-2891,-4044,-1857,-2317,1.0,35.0,0.0,0.0,109.0,354.0,0.0,1872.0,438.0,18.0,393.0,308.0,301.0,-265.0,0.0,2026,9,4,30,4,Friday,Automne,Jour_de_semaine,26839.0,54.0
France,Données temps réel,2026-09-04,11,2026-09-04 11:45:00,49879.0,49800,49400,37.0,0.0,437.0,36474.0,8111.0,7549.0,562.0,17247.0,2227.0,-1273.0,1002.0,-14111.0,11.0,-2380,-2786,-4044,-1856,-2598,2.0,35.0,0.0,0.0,109.0,331.0,0.0,1838.0,370.0,18.0,392.0,308.0,301.0,-271.0,0.0,2026,9,4,45,4,Friday,Automne,Jour_de_semaine,27585.0,55.3
France,Données temps réel,2026-09-04,12,2026-09-04 12:00:00,50121.0,50200,49800,37.0,0.0,506.0,36028.0,8174.0,7604.0,570.0,17922.0,2195.0,-1492.0,1008.0,-13993.0,11.0,-2314,-2900,-4044,-1857,-3671,2.0,35.0,0.0,0.0,109.0,399.0,0.0,1809.0,367.0,18.0,396.0,310.0,301.0,-264.0,2.0,2026,9,4,0,4,Friday,Automne,Jour_de_semaine,28291.0,56.4
France,Données temps réel,2026-09-04,12,2026-09-04 12:15:00,50439.0,50200,49800,36.0,0.0,514.0,35703.0,8382.0,7796.0,586.0,18770.0,2208.0,-1543.0,1006.0,-14503.0,11.0,-2314,-2900,-4044,-1857,-4052,1.0,35.0,0.0,0.0,109.0,408.0,0.0,1865.0,224.0,119.0,395.0,309.0,301.0,-135.0,2.0,2026,9,4,15,4,Friday,Automne,Jour_de_semaine,29360.0,58.2
France,Données temps réel,2026-09-04,12,2026-09-04 12:30:00,50907.0,50200,49800,37.0,0.0,494.0,35278.0,8459.0,7867.0,592.0,19273.0,2231.0,-1549.0,999.0,-14224.0,11.0,-2314,-2900,-4044,-1857,-3968,2.0,35.0,0.0,0.0,109.0,387.0,0.0,1857.0,246.0,129.0,391.0,307.0,301.0,-101.0,11.0,2026,9,4,30,4,Friday,Automne,Jour_de_semaine,29963.0,58.9
France,Données temps réel,2026-09-04,12,2026-09-04 12:45:00,50948.0,50750,50350,37.0,0.0,492.0,35293.0,8792.0,7958.0,834.0,19458.0,2170.0,-1627.0,1018.0,-14654.0,11.0,-2314,-2900,-4044,-1857,-4089,2.0,35.0,0.0,0.0,109.0,385.0,0.0,1826.0,222.0,122.0,407.0,310.0,301.0,-30.0,2.0,2026,9,4,45,4,Friday,Automne,Jour_de_semaine,30420.0,59.7
France,Données temps réel,2026-09-04,13,2026-09-04 13:00:00,50429.0,51300,50900,37.0,0.0,529.0,35184.0,8855.0,8097.0,758.0,19634.0,2182.0,-1630.0,1023.0,-15181.0,11.0,-4028,-2900,-4044,-1857,-4041,2.0,35.0,0.0,0.0,109.0,422.0,0.0,1811.0,288.0,84.0,413.0,309.0,301.0,-205.0,1.0,2026,9,4,0,4,Friday,Automne,Jour_de_semaine,30671.0,60.8
France,Données temps réel,2026-09-04,13,2026-09-04 13:15:00,49897.0,50650,50250,37.0,0.0,462.0,35315.0,9213.0,8378.0,834.0,19764.0,2274.0,-1635.0,1026.0,-16451.0,11.0,-4028,-2900,-4044,-1857,-4097,2.0,35.0,0.0,0.0,100.0,364.0,0.0,1799.0,456.0,19.0,417.0,307.0,301.0,-119.0,15.0,2026,9,4,15,4,Friday,Automne,Jour_de_semaine,31251.0,62.6
France,Données temps réel,2026-09-04,13,2026-09-04 13:30:00,49977.0,50000,49600,37.0,0.0,471.0,35040.0,9297.0,8413.0,884.0,19875.0,2248.0,-1641.0,1003.0,-15982.0,11.0,-4028,-2900,-4044,-1857,-4111,2.0,35.0,0.0,0.0,100.0,373.0,0.0,1816.0,413.0,18.0,397.0,305.0,301.0,-372.0,1.0,2026,9,4,30,4,Friday,Automne,Jour_de_semaine,31420.0,62.9
France,Données temps réel,2026-09-04,13,2026-09-04 13:45:00,49641.0,50100,49750,36.0,0.0,453.0,35116.0,9443.0,8592.0,851.0,19939.0,2231.0,-1634.0,1002.0,-16876.0,11.0,-4028,-2900,-4044,-1857,-4006,1.0,35.0,0.0,0.0,100.0,355.0,0.0,1803.0,410.0,18.0,393.0,308.0,301.0,-68.0,1.0,2026,9,4,45,4,Friday,Automne,Jour_de_semaine,31613.0,63.7
France,Données temps réel,2026-09-04,14,2026-09-04 14:00:00,50415.0,50200,49900,37.0,0.0,483.0,35121.0,9555.0,8702.0,854.0,19779.0,2199.0,-1643.0,1001.0,-15931.0,11.0,-3396,-2800,-4044,-1736,-3745,2.0,35.0,0.0,0.0,108.0,377.0,0.0,1760.0,420.0,18.0,392.0,308.0,301.0,-202.0,18.0,2026,9,4,0,4,Friday,Automne,Jour_de_semaine,31533.0,62.5
France,Données temps réel,2026-09-04,14,2026-09-04 14:15:00,51028.0,50600,50300,37.0,0.0,460.0,35245.0,9736.0,8841.0,896.0,19726.0,1933.0,-1613.0,1000.0,-15410.0,11.0,-3396,-2800,-4044,-1856,-3923,2.0,35.0,0.0,0.0,100.0,363.0,0.0,1731.0,183.0,18.0,395.0,303.0,301.0,-137.0,50.0,2026,9,4,15,4,Friday,Automne,Jour_de_semaine,31395.0,61.5
France,Données temps réel,2026-09-04,14,2026-09-04 14:30:00,51218.0,51000,50700,37.0,0.0,457.0,35294.0,9953.0,9021.0,932.0,19507.0,2016.0,-1626.0,1010.0,-15424.0,11.0,-3396,-2800,-4044,-1857,-3977,2.0,35.0,0.0,0.0,100.0,359.0,0.0,1723.0,231.0,61.0,404.0,304.0,301.0,-24.0,19.0,2026,9,4,30,4,Friday,Automne,Jour_de_semaine,31476.0,61.5
France,Données temps réel,2026-09-04,14,2026-09-04 14:45:00,50768.0,50750,50500,37.0,0.0,474.0,35385.0,9858.0,8938.0,919.0,19344.0,2037.0,-1619.0,1020.0,-16034.0,11.0,-3396,-2800,-4044,-1857,-4022,2.0,35.0,0.0,0.0,100.0,376.0,0.0,1730.0,233.0,74.0,412.0,306.0,301.0,-15.0,281.0,2026,9,4,45,4,Friday,Automne,Jour_de_semaine,31239.0,61.5
France,Données temps réel,2026-09-04,15,2026-09-04 15:00:00,50685.0,50500,50300,37.0,0.0,474.0,35115.0,9687.0,8930.0,757.0,18979.0,2090.0,-1579.0,1027.0,-15157.0,11.0,-2083,-2800,-4044,-1857,-4187,2.0,35.0,0.0,0.0,108.0,368.0,0.0,1776.0,242.0,72.0,420.0,305.0,301.0,-20.0,33.0,2026,9,4,0,4,Friday,Automne,Jour_de_semaine,30756.0,60.7
France,Données temps réel,2026-09-04,15,2026-09-04 15:15:00,51112.0,50000,49800,37.0,0.0,591.0,35596.0,9585.0,8944.0,641.0,18746.0,2109.0,-1496.0,1027.0,-15059.0,12.0,-2083,-2800,-4044,-1857,-4178,2.0,35.0,0.0,0.0,100.0,493.0,0.0,1806.0,253.0,50.0,422.0,304.0,301.0,-49.0,26.0,2026,9,4,15,4,Friday,Automne,Jour_de_semaine,30440.0,59.6
France,Données temps réel,2026-09-04,15,2026-09-04 15:30:00,50542.0,49500,49300,37.0,0.0,644.0,35783.0,9548.0,8952.0,595.0,18309.0,2057.0,-1492.0,1026.0,-15204.0,12.0,-2083,-2800,-4044,-1857,-4163,2.0,35.0,0.0,0.0,100.0,546.0,0.0,1764.0,275.0,18.0,418.0,307.0,301.0,-165.0,0.0,2026,9,4,30,4,Friday,Automne,Jour_de_semaine,29914.0,59.2
France,Données temps réel,2026-09-04,15,2026-09-04 15:45:00,50478.0,49300,49150,37.0,0.0,703.0,36021.0,9528.0,8863.0,665.0,17894.0,2125.0,-1556.0,1022.0,-14979.0,12.0,-2083,-2800,-4044,-1857,-4053,2.0,35.0,0.0,0.0,100.0,605.0,0.0,1805.0,305.0,15.0,416.0,305.0,301.0,-317.0,1.0,2026,9,4,45,4,Friday,Automne,Jour_de_semaine,29547.0,58.5
France,Données temps réel,2026-09-04,16,2026-09-04 16:00:00,49848.0,49100,49000,37.0,0.0,683.0,35805.0,9407.0,8766.0,640.0,17335.0,2165.0,-1566.0,1025.0,-14755.0,12.0,-2644,-2800,-4044,-1857,-3939,2.0,35.0,0.0,0.0,108.0,577.0,0.0,1800.0,349.0,16.0,417.0,306.0,301.0,-287.0,0.0,2026,9,4,0,4,Friday,Automne,Jour_de_semaine,28907.0,58.0
France,Données temps réel,2026-09-04,16,2026-09-04 16:15:00,49562.0,48750,48650,37.0,0.0,759.0,35974.0,9653.0,8932.0,721.0,16743.0,2388.0,-1558.0,1027.0,-15172.0,13.0,-2644,-2800,-4044,-1857,-3694,2.0,35.0,0.0,0.0,108.0,653.0,0.0,1960.0,413.0,15.0,418.0,308.0,301.0,-289.0,0.0,2026,9,4,15,4,Friday,Automne,Jour_de_semaine,28784.0,58.1
France,Données temps réel,2026-09-04,16,2026-09-04 16:30:00,48741.0,48400,48300,37.0,0.0,759.0,35506.0,9614.0,8962.0,652.0,15883.0,2758.0,-1563.0,1029.0,-15064.0,13.0,-2644,-2800,-4044,-1857,-3194,2.0,35.0,0.0,0.0,110.0,651.0,0.0,1957.0,454.0,347.0,419.0,308.0,301.0,-216.0,1.0,2026,9,4,30,4,Friday,Automne,Jour_de_semaine,28255.0,58.0
France,Données temps réel,2026-09-04,16,2026-09-04 16:45:00,48682.0,48300,48750,37.0,0.0,781.0,35522.0,9626.0,8956.0,670.0,15063.0,2748.0,-1557.0,1021.0,-14369.0,13.0,-2644,-2800,-4044,-1857,-2309,2.0,35.0,0.0,0.0,109.0,674.0,0.0,1969.0,438.0,341.0,411.0,308.0,301.0,-192.0,3.0,2026,9,4,45,4,Friday,Automne,Jour_de_semaine,27437.0,56.4
France,Données temps réel,2026-09-04,17,2026-09-04 17:00:00,48750.0,48200,49200,37.0,0.0,749.0,35691.0,9581.0,8882.0,699.0,14206.0,2791.0,-1559.0,1018.0,-13574.0,13.0,159,-2800,-4044,-2227,-2935,2.0,35.0,0.0,0.0,100.0,651.0,0.0,1993.0,450.0,348.0,408.0,308.0,301.0,-188.0,0.0,2026,9,4,0,4,Friday,Automne,Jour_de_semaine,26578.0,54.5
France,Données temps réel,2026-09-04,17,2026-09-04 17:15:00,49133.0,48000,48650,37.0,0.0,736.0,35743.0,9595.0,8871.0,724.0,13142.0,2817.0,-1555.0,1025.0,-12159.0,13.0,159,-2800,-4044,-2227,-1973,2.0,35.0,0.0,0.0,100.0,638.0,0.0,2086.0,540.0,191.0,415.0,308.0,301.0,-246.0,0.0,2026,9,4,15,4,Friday,Automne,Jour_de_semaine,25554.0,52.0
France,Données temps réel,2026-09-04,17,2026-09-04 17:30:00,49738.0,47800,48100,37.0,0.0,783.0,36183.0,9204.0,8524.0,679.0,11840.0,3063.0,-1489.0,1021.0,-10902.0,14.0,159,-2800,-4044,-2227,-1412,2.0,35.0,0.0,0.0,100.0,685.0,0.0,2133.0,579.0,352.0,411.0,308.0,301.0,-10.0,9.0,2026,9,4,30,4,Friday,Automne,Jour_de_semaine,24107.0,48.5
France,Données temps réel,2026-09-04,17,2026-09-04 17:45:00,49784.0,48400,48750,37.0,0.0,799.0,36473.0,8845.0,8122.0,723.0,10582.0,3144.0,-1120.0,1025.0,-9993.0,14.0,159,-2800,-4044,-2227,-504,2.0,35.0,0.0,0.0,100.0,701.0,0.0,2157.0,629.0,359.0,416.0,308.0,301.0,-15.0,7.0,2026,9,4,45,4,Friday,Automne,Jour_de_semaine,22571.0,45.3
France,Données temps réel,2026-09-04,18,2026-09-04 18:00:00,50127.0,49000,49400,37.0,0.0,952.0,36764.0,8886.0,8149.0,738.0,9327.0,3380.0,-1126.0,1025.0,-9120.0,16.0,1209,-2800,-4044,-2207,-246,2.0,35.0,0.0,0.0,100.0,854.0,0.0,2163.0,794.0,424.0,417.0,307.0,301.0,-14.0,16.0,2026,9,4,0,4,Friday,Automne,Jour_de_semaine,21593.0,43.1
France,Données temps réel,2026-09-04,18,2026-09-04 18:15:00,49964.0,49200,49600,37.0,0.0,745.0,36915.0,8935.0,8117.0,818.0,8175.0,3238.0,-638.0,1026.0,-8485.0,14.0,1209,-2800,-4044,-2227,432,2.0,35.0,0.0,0.0,100.0,647.0,0.0,2197.0,909.0,131.0,416.0,308.0,301.0,-2.0,20.0,2026,9,4,15,4,Friday,Automne,Jour_de_semaine,20348.0,40.7
France,Données temps réel,2026-09-04,18,2026-09-04 18:30:00,50640.0,49400,49800,37.0,0.0,784.0,37177.0,8951.0,8137.0,814.0,6940.0,3506.0,-638.0,1027.0,-7162.0,15.0,1209,-2800,-4044,-2227,946,2.0,35.0,0.0,0.0,100.0,686.0,0.0,2201.0,919.0,386.0,417.0,308.0,301.0,-6.0,24.0,2026,9,4,30,4,Friday,Automne,Jour_de_semaine,19397.0,38.3
France,Données temps réel,2026-09-04,18,2026-09-04 18:45:00,51055.0,49950,50400,37.0,0.0,959.0,37495.0,8720.0,7901.0,819.0,5744.0,3836.0,0.0,1029.0,-6844.0,16.0,1209,-2800,-4044,-2227,2290,2.0,35.0,0.0,0.0,100.0,861.0,0.0,2285.0,916.0,635.0,419.0,309.0,301.0,-3.0,82.0,2026,9,4,45,4,Friday,Automne,Jour_de_semaine,18300.0,35.8
France,Données temps réel,2026-09-04,19,2026-09-04 19:00:00,51587.0,50500,51000,37.0,0.0,759.0,37621.0,8602.0,7785.0,817.0,4284.0,4509.0,0.0,1032.0,-5267.0,15.0,1932,-2800,-4044,-1963,1731,2.0,35.0,0.0,0.0,100.0,661.0,0.0,2343.0,919.0,1247.0,421.0,310.0,301.0,-8.0,19.0,2026,9,4,0,4,Friday,Automne,Jour_de_semaine,17395.0,33.7
France,Données temps réel,2026-09-04,19,2026-09-04 19:15:00,51355.0,50200,50700,37.0,0.0,867.0,37728.0,8439.0,7552.0,886.0,3206.0,5089.0,0.0,1033.0,-5061.0,16.0,1932,-2800,-4044,-1984,2580,2.0,35.0,0.0,0.0,100.0,769.0,0.0,2510.0,1015.0,1565.0,422.0,310.0,301.0,-3.0,21.0,2026,9,4,15,4,Friday,Automne,Jour_de_semaine,16734.0,32.6
France,Données temps réel,2026-09-04,19,2026-09-04 19:30:00,51118.0,49900,50400,37.0,0.0,896.0,37786.0,8067.0,7260.0,807.0,2137.0,5370.0,-1.0,1034.0,-4220.0,17.0,1932,-2800,-4044,-1984,2967,2.0,35.0,0.0,0.0,100.0,798.0,0.0,2484.0,1022.0,1865.0,423.0,309.0,301.0,-7.0,21.0,2026,9,4,30,4,Friday,Automne,Jour_de_semaine,15574.0,30.5
France,Données temps réel,2026-09-04,19,2026-09-04 19:45:00,50944.0,49700,50200,37.0,0.0,923.0,38003.0,7656.0,6863.0,793.0,1446.0,5430.0,0.0,1035.0,-3600.0,17.0,1932,-2800,-4044,-1984,3240,2.0,35.0,0.0,0.0,100.0,824.0,0.0,2501.0,1052.0,1877.0,424.0,310.0,301.0,-5.0,22.0,2026,9,4,45,4,Friday,Automne,Jour_de_semaine,14532.0,28.5
France,Données temps réel,2026-09-04,20,2026-09-04 20:00:00,50139.0,49500,50000,37.0,0.0,909.0,38323.0,7334.0,6536.0,798.0,885.0,5479.0,0.0,1028.0,-3870.0,17.0,2371,-3100,-4044,-1858,2632,2.0,35.0,0.0,0.0,100.0,811.0,0.0,2496.0,1097.0,1886.0,417.0,309.0,301.0,-6.0,21.0,2026,9,4,0,4,Friday,Automne,Jour_de_semaine,13698.0,27.3
France,Données temps réel,2026-09-04,20,2026-09-04 20:15:00,49514.0,49250,49750,37.0,0.0,475.0,38426.0,6930.0,6298.0,632.0,506.0,5166.0,0.0,1037.0,-3402.0,14.0,2371,-3100,-4044,-1840,2774,2.0,35.0,0.0,0.0,100.0,377.0,0.0,2559.0,1171.0,1436.0,425.0,311.0,301.0,-8.0,347.0,2026,9,4,15,4,Friday,Automne,Jour_de_semaine,12602.0,25.5
France,Données temps réel,2026-09-04,20,2026-09-04 20:30:00,49000.0,49000,49500,37.0,0.0,289.0,38478.0,6653.0,6020.0,633.0,303.0,5269.0,-1.0,1035.0,-3337.0,13.0,2371,-3100,-4044,-1831,2871,2.0,35.0,0.0,0.0,100.0,191.0,0.0,2591.0,1296.0,1382.0,424.0,310.0,301.0,-7.0,283.0,2026,9,4,30,4,Friday,Automne,Jour_de_semaine,12225.0,24.9
France,Données temps réel,2026-09-04,20,2026-09-04 20:45:00,48922.0,48500,49000,37.0,0.0,259.0,38515.0,6255.0,5611.0,644.0,237.0,5129.0,-1.0,1039.0,-2886.0,13.0,2371,-3100,-4044,-1820,3001,2.0,35.0,0.0,0.0,100.0,161.0,0.0,2596.0,1255.0,1279.0,428.0,309.0,301.0,-10.0,349.0,2026,9,4,45,4,Friday,Automne,Jour_de_semaine,11621.0,23.8
France,Données temps réel,2026-09-04,21,2026-09-04 21:00:00,48366.0,48000,48500,37.0,0.0,263.0,38553.0,6123.0,5485.0,638.0,232.0,5062.0,0.0,1038.0,-3274.0,13.0,2370,-3100,-3869,-1718,2882,2.0,35.0,0.0,0.0,100.0,165.0,0.0,2554.0,1224.0,1284.0,429.0,307.0,301.0,-9.0,340.0,2026,9,4,0,4,Friday,Automne,Jour_de_semaine,11417.0,23.6
France,Données temps réel,2026-09-04,21,2026-09-04 21:15:00,47711.0,47500,47879,37.0,0.0,302.0,38579.0,5900.0,5259.0,641.0,0.0,5120.0,0.0,1042.0,-3647.0,13.0,2370,-3100,-3869,-1699,2826,2.0,35.0,0.0,0.0,100.0,204.0,0.0,2457.0,1293.0,1370.0,433.0,307.0,301.0,-11.0,390.0,2026,9,4,15,4,Friday,Automne,Jour_de_semaine,11020.0,23.1
France,Données temps réel,2026-09-04,21,2026-09-04 21:30:00,46873.0,47000,47258,37.0,0.0,305.0,38614.0,5729.0,5094.0,635.0,0.0,4619.0,0.0,1039.0,-3556.0,13.0,2370,-3100,-3869,-1681,2855,2.0,35.0,0.0,0.0,100.0,207.0,0.0,2413.0,1232.0,974.0,431.0,307.0,301.0,-9.0,96.0,2026,9,4,30,4,Friday,Automne,Jour_de_semaine,10348.0,22.1
France,Données temps réel,2026-09-04,21,2026-09-04 21:45:00,46059.0,46200,46741,37.0,0.0,277.0,38623.0,5756.0,5070.0,686.0,0.0,4036.0,0.0,1037.0,-3732.0,13.0,2370,-3100,-3869,-1682,2581,2.0,35.0,0.0,0.0,100.0,179.0,0.0,2311.0,883.0,842.0,429.0,306.0,301.0,-10.0,36.0,2026,9,4,45,4,Friday,Automne,Jour_de_semaine,9792.0,21.3
France,Données temps réel,2026-09-04,22,2026-09-04 22:00:00,45517.0,45400,46224,36.0,0.0,296.0,38628.0,5817.0,5133.0,684.0,0.0,3717.0,-1.0,1043.0,-4005.0,13.0,2573,-3100,-3869,-1133,2782,1.0,35.0,0.0,0.0,100.0,198.0,0.0,2287.0,771.0,659.0,436.0,306.0,301.0,-14.0,0.0,2026,9,4,0,4,Friday,Automne,Jour_de_semaine,9534.0,20.9
France,Données temps réel,2026-09-04,22,2026-09-04 22:15:00,46140.0,45750,46649,36.0,0.0,302.0,38643.0,5828.0,5112.0,716.0,0.0,3717.0,0.0,1038.0,-3430.0,13.0,2573,-3100,-3869,-1144,2657,1.0,35.0,0.0,0.0,100.0,204.0,0.0,2186.0,712.0,819.0,431.0,306.0,301.0,-7.0,13.0,2026,9,4,15,4,Friday,Automne,Jour_de_semaine,9545.0,20.7
France,Données temps réel,2026-09-04,22,2026-09-04 22:30:00,46468.0,46100,47073,37.0,0.0,304.0,38676.0,5901.0,5070.0,831.0,0.0,3601.0,-3.0,1040.0,-3023.0,14.0,2573,-3100,-3869,-1082,2948,2.0,35.0,0.0,0.0,100.0,205.0,0.0,2152.0,718.0,730.0,433.0,306.0,301.0,-66.0,2.0,2026,9,4,30,4,Friday,Automne,Jour_de_semaine,9502.0,20.4
France,Données temps réel,2026-09-04,22,2026-09-04 22:45:00,46935.0,46700,47522,37.0,0.0,290.0,38674.0,5469.0,4758.0,710.0,0.0,3998.0,-1.0,1043.0,-2813.0,13.0,2573,-3100,-3867,-1093,3001,2.0,35.0,0.0,0.0,100.0,192.0,0.0,2141.0,750.0,1107.0,435.0,306.0,301.0,-6.0,245.0,2026,9,4,45,4,Friday,Automne,Jour_de_semaine,9467.0,20.2
France,Données temps réel,2026-09-04,23,2026-09-04 23:00:00,45874.0,47300,47971,37.0,0.0,273.0,38696.0,5154.0,4535.0,619.0,0.0,3768.0,0.0,1042.0,-3094.0,13.0,2575,-3100,-3639,-1701,2748,2.0,35.0,0.0,0.0,100.0,174.0,0.0,2106.0,731.0,931.0,434.0,307.0,301.0,-17.0,17.0,2026,9,4,0,4,Friday,Automne,Jour_de_semaine,8922.0,19.4
France,Données temps réel,2026-09-04,23,2026-09-04 23:15:00,45427.0,46650,46745,37.0,0.0,255.0,38701.0,5077.0,4429.0,648.0,0.0,3603.0,0.0,1041.0,-3493.0,13.0,2575,-3100,-3642,-1785,2433,2.0,35.0,0.0,0.0,100.0,157.0,0.0,2070.0,733.0,800.0,433.0,307.0,301.0,-7.0,215.0,2026,9,4,15,4,Friday,Automne,Jour_de_semaine,8680.0,19.1
France,Données temps réel,2026-09-04,23,2026-09-04 23:30:00,44472.0,46000,45519,37.0,0.0,230.0,38663.0,4879.0,4285.0,594.0,0.0,3494.0,-1.0,1038.0,-3880.0,13.0,2575,-3100,-3642,-1739,2786,2.0,35.0,0.0,0.0,100.0,131.0,0.0,2054.0,681.0,759.0,430.0,307.0,301.0,-5.0,20.0,2026,9,4,30,4,Friday,Automne,Jour_de_semaine,8373.0,18.8
France,Données temps réel,2026-09-04,23,2026-09-04 23:45:00,44691.0,44950,44856,37.0,0.0,245.0,38630.0,5073.0,4496.0,576.0,0.0,3342.0,-10.0,1033.0,-3690.0,13.0,2575,-3100,-3642,-1710,2831,2.0,35.0,0.0,0.0,100.0,147.0,0.0,2064.0,537.0,741.0,425.0,306.0,301.0,-14.0,48.0,2026,9,4,45,4,Friday,Automne,Jour_de_semaine,8415.0,18.8
France,Données temps réel,2026-09-05,0,2026-09-05 00:00:00,43603.0,43900,44193,37.0,0.0,288.0,38543.0,4909.0,4357.0,552.0,0.0,2867.0,-453.0,1036.0,-3609.0,14.0,2221,-3145,-3688,-1753,3166,2.0,35.0,0.0,0.0,100.0,190.0,0.0,2031.0,545.0,291.0,428.0,306.0,301.0,-49.0,36.0,2026,9,5,0,5,Saturday,Automne,Weekend,7776.0,17.8
France,Données temps réel,2026-09-05,0,2026-09-05 00:15:00,43541.0,43150,43297,37.0,0.0,266.0,38020.0,4602.0,4027.0,575.0,0.0,2828.0,-454.0,1035.0,-2933.0,14.0,2221,-3145,-3688,-1746,2579,2.0,35.0,0.0,0.0,100.0,168.0,0.0,1954.0,615.0,260.0,427.0,307.0,301.0,-10.0,150.0,2026,9,5,15,5,Saturday,Automne,Weekend,7430.0,17.1
France,Données temps réel,2026-09-05,0,2026-09-05 00:30:00,41986.0,42400,42400,37.0,0.0,262.0,37634.0,4464.0,3929.0,535.0,0.0,3017.0,-454.0,1039.0,-4108.0,14.0,2221,-3145,-3688,-1762,2114,2.0,35.0,0.0,0.0,100.0,164.0,0.0,1968.0,788.0,261.0,431.0,306.0,301.0,-11.0,108.0,2026,9,5,30,5,Saturday,Automne,Weekend,7481.0,17.8
France,Données temps réel,2026-09-05,0,2026-09-05 00:45:00,40902.0,41350,41350,37.0,0.0,279.0,37661.0,4174.0,3705.0,469.0,0.0,3162.0,-802.0,1039.0,-4622.0,14.0,2221,-3145,-3688,-1747,2074,2.0,35.0,0.0,0.0,100.0,180.0,0.0,2003.0,897.0,261.0,433.0,305.0,301.0,-58.0,33.0,2026,9,5,45,5,Saturday,Automne,Weekend,7336.0,17.9
France,Données temps réel,2026-09-05,1,2026-09-05 01:00:00,40688.0,40300,40300,37.0,0.0,305.0,37658.0,3798.0,3304.0,493.0,0.0,3072.0,-806.0,1036.0,-4382.0,15.0,2571,-3145,-3688,-1857,2721,2.0,35.0,0.0,0.0,100.0,207.0,0.0,2007.0,801.0,264.0,429.0,306.0,301.0,-30.0,1.0,2026,9,5,0,5,Saturday,Automne,Weekend,6870.0,16.9
France,Données temps réel,2026-09-05,1,2026-09-05 01:15:00,40687.0,40150,40150,36.0,0.0,262.0,37538.0,3353.0,2874.0,479.0,0.0,2823.0,-971.0,1038.0,-3395.0,14.0,2571,-3145,-3688,-1857,2608,1.0,35.0,0.0,0.0,100.0,164.0,0.0,1985.0,822.0,15.0,431.0,306.0,301.0,-6.0,9.0,2026,9,5,15,5,Saturday,Automne,Weekend,6176.0,15.2
France,Données temps réel,2026-09-05,1,2026-09-05 01:30:00,40126.0,40000,40000,36.0,0.0,249.0,37508.0,3213.0,2703.0,510.0,0.0,2844.0,-979.0,1041.0,-3733.0,14.0,2571,-3145,-3688,-1857,2587,1.0,35.0,0.0,0.0,100.0,151.0,0.0,1992.0,836.0,15.0,432.0,308.0,301.0,-52.0,1.0,2026,9,5,30,5,Saturday,Automne,Weekend,6057.0,15.1
France,Données temps réel,2026-09-05,1,2026-09-05 01:45:00,39757.0,39600,39600,37.0,0.0,283.0,37344.0,3127.0,2675.0,452.0,0.0,2837.0,-1143.0,1038.0,-3649.0,15.0,2571,-3145,-3688,-1857,2402,2.0,35.0,0.0,0.0,100.0,184.0,0.0,1960.0,860.0,16.0,429.0,307.0,301.0,-116.0,2.0,2026,9,5,45,5,Saturday,Automne,Weekend,5964.0,15.0
France,Données temps réel,2026-09-05,2,2026-09-05 02:00:00,39095.0,39200,39200,37.0,0.0,303.0,37293.0,3070.0,2636.0,434.0,0.0,2820.0,-1136.0,1046.0,-4244.0,15.0,2422,-3145,-3688,-1857,1885,2.0,35.0,0.0,0.0,100.0,204.0,0.0,1973.0,831.0,15.0,439.0,305.0,301.0,-93.0,0.0,2026,9,5,0,5,Saturday,Automne,Weekend,5890.0,15.1
France,Données temps réel,2026-09-05,2,2026-09-05 02:15:00,38706.0,38450,38450,37.0,0.0,256.0,37289.0,2899.0,2456.0,443.0,0.0,2512.0,-1140.0,1045.0,-4221.0,15.0,2422,-3145,-3688,-1857,1620,2.0,35.0,0.0,0.0,100.0,157.0,0.0,1941.0,553.0,18.0,438.0,306.0,301.0,-10.0,41.0,2026,9,5,15,5,Saturday,Automne,Weekend,5411.0,14.0
France,Données temps réel,2026-09-05,2,2026-09-05 02:30:00,37750.0,37700,37700,36.0,0.0,259.0,37214.0,2893.0,2479.0,413.0,0.0,2417.0,-1360.0,1043.0,-4748.0,15.0,2422,-3145,-3688,-1857,1180,1.0,35.0,0.0,0.0,100.0,160.0,0.0,1875.0,523.0,18.0,436.0,306.0,301.0,-14.0,11.0,2026,9,5,30,5,Saturday,Automne,Weekend,5310.0,14.1
France,Données temps réel,2026-09-05,2,2026-09-05 02:45:00,37015.0,37050,37050,37.0,0.0,298.0,37249.0,2708.0,2313.0,396.0,0.0,2390.0,-1558.0,1036.0,-5155.0,15.0,2422,-3145,-3688,-1857,873,2.0,35.0,0.0,0.0,100.0,200.0,0.0,1856.0,516.0,18.0,430.0,305.0,301.0,-7.0,18.0,2026,9,5,45,5,Saturday,Automne,Weekend,5098.0,13.8
France,Données temps réel,2026-09-05,3,2026-09-05 03:00:00,36592.0,36400,36400,36.0,0.0,285.0,37205.0,2537.0,2143.0,394.0,0.0,2390.0,-1602.0,1045.0,-5184.0,15.0,2374,-3145,-3661,-1857,660,1.0,35.0,0.0,0.0,100.0,187.0,0.0,1861.0,510.0,19.0,438.0,306.0,301.0,-120.0,0.0,2026,9,5,0,5,Saturday,Automne,Weekend,4927.0,13.5
France,Données temps réel,2026-09-05,3,2026-09-05 03:15:00,35939.0,35950,35950,37.0,0.0,255.0,37068.0,2504.0,2080.0,424.0,0.0,2429.0,-1572.0,1034.0,-5752.0,15.0,2374,-3145,-3661,-1857,497,2.0,35.0,0.0,0.0,100.0,157.0,0.0,1827.0,584.0,18.0,427.0,306.0,301.0,-68.0,4.0,2026,9,5,15,5,Saturday,Automne,Weekend,4933.0,13.7
France,Données temps réel,2026-09-05,3,2026-09-05 03:30:00,35424.0,35500,35500,37.0,0.0,275.0,36700.0,2519.0,2079.0,439.0,0.0,2400.0,-1582.0,1045.0,-6056.0,15.0,2374,-3145,-3661,-1857,80,2.0,35.0,0.0,0.0,100.0,177.0,0.0,1805.0,576.0,18.0,437.0,306.0,301.0,-3.0,92.0,2026,9,5,30,5,Saturday,Automne,Weekend,4919.0,13.9
France,Données temps réel,2026-09-05,3,2026-09-05 03:45:00,35289.0,35100,35100,35.0,0.0,305.0,37295.0,2533.0,2110.0,423.0,0.0,2395.0,-1989.0,1037.0,-6371.0,15.0,2374,-3145,-3661,-1857,87,0.0,35.0,0.0,0.0,100.0,206.0,0.0,1795.0,582.0,18.0,429.0,307.0,301.0,-15.0,68.0,2026,9,5,45,5,Saturday,Automne,Weekend,4928.0,14.0
France,Données temps réel,2026-09-05,4,2026-09-05 04:00:00,35225.0,34700,34700,35.0,0.0,292.0,37350.0,2524.0,2129.0,395.0,0.0,2368.0,-1987.0,1037.0,-6355.0,15.0,2575,-3145,-3661,-1857,-294,0.0,35.0,0.0,0.0,100.0,194.0,0.0,1786.0,563.0,18.0,430.0,306.0,301.0,-40.0,1.0,2026,9,5,0,5,Saturday,Automne,Weekend,4892.0,13.9
France,Données temps réel,2026-09-05,4,2026-09-05 04:15:00,34992.0,34500,34500,35.0,0.0,274.0,37385.0,2569.0,2146.0,423.0,0.0,2534.0,-1988.0,1037.0,-6801.0,15.0,2575,-3145,-3661,-1857,-442,0.0,35.0,0.0,0.0,100.0,176.0,0.0,1752.0,764.0,18.0,429.0,307.0,301.0,-55.0,3.0,2026,9,5,15,5,Saturday,Automne,Weekend,5103.0,14.6
France,Données temps réel,2026-09-05,4,2026-09-05 04:30:00,34857.0,34300,34300,35.0,0.0,300.0,37333.0,2589.0,2179.0,410.0,0.0,2500.0,-1985.0,1049.0,-6914.0,15.0,2575,-3145,-3661,-1857,-593,0.0,35.0,0.0,0.0,100.0,201.0,0.0,1729.0,751.0,19.0,440.0,308.0,301.0,-49.0,0.0,2026,9,5,30,5,Saturday,Automne,Weekend,5089.0,14.6
France,Données temps réel,2026-09-05,4,2026-09-05 04:45:00,34917.0,34300,34300,35.0,0.0,300.0,37372.0,2633.0,2218.0,415.0,0.0,2530.0,-1982.0,1042.0,-6888.0,15.0,2575,-3145,-3661,-1857,-605,0.0,35.0,0.0,0.0,100.0,202.0,0.0,1756.0,756.0,18.0,433.0,308.0,301.0,-121.0,0.0,2026,9,5,45,5,Saturday,Automne,Weekend,5163.0,14.8
France,Données temps réel,2026-09-05,5,2026-09-05 05:00:00,34824.0,34300,34300,35.0,0.0,264.0,37351.0,2609.0,2170.0,439.0,0.0,2668.0,-1983.0,1039.0,-6979.0,15.0,2220,-3145,-3661,-1857,-537,0.0,35.0,0.0,0.0,100.0,166.0,0.0,1830.0,819.0,18.0,431.0,307.0,301.0,-180.0,0.0,2026,9,5,0,5,Saturday,Automne,Weekend,5277.0,15.2
France,Données temps réel,2026-09-05,5,2026-09-05 05:15:00,35073.0,34550,34550,35.0,0.0,256.0,37456.0,2593.0,2140.0,452.0,0.0,2771.0,-1628.0,1043.0,-7397.0,15.0,2220,-3145,-3661,-1857,-544,0.0,35.0,0.0,0.0,100.0,158.0,0.0,1949.0,804.0,18.0,432.0,309.0,301.0,-54.0,0.0,2026,9,5,15,5,Saturday,Automne,Weekend,5364.0,15.3
France,Données temps réel,2026-09-05,5,2026-09-05 05:30:00,34963.0,34800,34800,35.0,0.0,299.0,37416.0,2486.0,2044.0,442.0,0.0,2762.0,-1399.0,1033.0,-7626.0,15.0,2220,-3145,-3661,-1857,-414,0.0,35.0,0.0,0.0,100.0,201.0,0.0,1966.0,777.0,19.0,424.0,307.0,301.0,-43.0,0.0,2026,9,5,30,5,Saturday,Automne,Weekend,5248.0,15.0
France,Données temps réel,2026-09-05,5,2026-09-05 05:45:00,34927.0,35000,35000,35.0,0.0,263.0,37482.0,2561.0,2076.0,485.0,0.0,2679.0,-1324.0,1032.0,-7780.0,15.0,2220,-3145,-3661,-1857,-320,0.0,35.0,0.0,0.0,100.0,165.0,0.0,1989.0,672.0,18.0,424.0,307.0,301.0,-21.0,0.0,2026,9,5,45,5,Saturday,Automne,Weekend,5240.0,15.0
France,Données temps réel,2026-09-05,6,2026-09-05 06:00:00,35156.0,35200,35200,35.0,0.0,268.0,37514.0,2539.0,2099.0,440.0,0.0,2713.0,-1327.0,1027.0,-7593.0,15.0,2476,-3145,-3661,-1857,-376,0.0,35.0,0.0,0.0,100.0,170.0,0.0,1998.0,697.0,18.0,424.0,301.0,301.0,-21.0,2.0,2026,9,5,0,5,Saturday,Automne,Weekend,5252.0,14.9
France,Données temps réel,2026-09-05,6,2026-09-05 06:15:00,35696.0,35550,35550,35.0,0.0,294.0,37512.0,2473.0,2089.0,384.0,0.0,2714.0,-1292.0,1020.0,-7022.0,15.0,2476,-3145,-3661,-1857,-182,0.0,35.0,0.0,0.0,100.0,195.0,0.0,1987.0,673.0,54.0,419.0,300.0,301.0,-54.0,18.0,2026,9,5,15,5,Saturday,Automne,Weekend,5187.0,14.5
France,Données temps réel,2026-09-05,6,2026-09-05 06:30:00,35790.0,35900,35900,35.0,0.0,302.0,37530.0,2505.0,2121.0,384.0,0.0,2742.0,-1290.0,1026.0,-7071.0,15.0,2476,-3145,-3661,-1857,-247,0.0,35.0,0.0,0.0,100.0,204.0,0.0,1998.0,691.0,54.0,419.0,306.0,301.0,-7.0,19.0,2026,9,5,30,5,Saturday,Automne,Weekend,5247.0,14.7
France,Données temps réel,2026-09-05,6,2026-09-05 06:45:00,35972.0,35950,36000,35.0,0.0,296.0,37528.0,2460.0,2121.0,339.0,0.0,2799.0,-966.0,1027.0,-7191.0,15.0,2476,-3145,-3661,-1857,-226,0.0,35.0,0.0,0.0,100.0,198.0,0.0,2030.0,692.0,78.0,419.0,307.0,301.0,-33.0,18.0,2026,9,5,45,5,Saturday,Automne,Weekend,5259.0,14.6
France,Données temps réel,2026-09-05,7,2026-09-05 07:00:00,36373.0,36000,36100,35.0,0.0,282.0,37602.0,2477.0,2170.0,308.0,211.0,3067.0,-965.0,1031.0,-7366.0,15.0,2405,-3145,-3911,-1857,-862,0.0,35.0,0.0,0.0,100.0,184.0,0.0,2048.0,688.0,330.0,420.0,310.0,301.0,-16.0,17.0,2026,9,5,0,5,Saturday,Automne,Weekend,5755.0,15.8
France,Données temps réel,2026-09-05,7,2026-09-05 07:15:00,36335.0,36050,36150,35.0,0.0,297.0,37579.0,2609.0,2303.0,305.0,253.0,3286.0,-805.0,1031.0,-8025.0,15.0,2405,-3145,-3911,-1857,-677,0.0,35.0,0.0,0.0,100.0,198.0,0.0,2044.0,668.0,574.0,420.0,309.0,301.0,-9.0,88.0,2026,9,5,15,5,Saturday,Automne,Weekend,6148.0,16.9
France,Données temps réel,2026-09-05,7,2026-09-05 07:30:00,36410.0,36100,36200,36.0,0.0,293.0,37611.0,2711.0,2415.0,296.0,347.0,3236.0,-806.0,1032.0,-8152.0,15.0,2405,-3145,-3911,-1857,-613,1.0,35.0,0.0,0.0,100.0,195.0,0.0,2037.0,659.0,539.0,423.0,308.0,301.0,-3.0,105.0,2026,9,5,30,5,Saturday,Automne,Weekend,6294.0,17.3
France,Données temps réel,2026-09-05,7,2026-09-05 07:45:00,36706.0,36450,36500,35.0,0.0,296.0,37514.0,2629.0,2374.0,255.0,643.0,3261.0,-805.0,1035.0,-7884.0,15.0,2405,-3145,-3911,-1857,-716,0.0,35.0,0.0,0.0,100.0,197.0,0.0,2067.0,629.0,565.0,423.0,310.0,301.0,-28.0,11.0,2026,9,5,45,5,Saturday,Automne,Weekend,6533.0,17.8
France,Données temps réel,2026-09-05,8,2026-09-05 08:00:00,37618.0,36800,36800,35.0,0.0,298.0,37382.0,2614.0,2351.0,263.0,1088.0,3174.0,-805.0,1033.0,-7249.0,15.0,1255,-3145,-3911,-1857,1316,0.0,35.0,0.0,0.0,100.0,199.0,0.0,2035.0,601.0,538.0,421.0,311.0,301.0,-3.0,52.0,2026,9,5,0,5,Saturday,Automne,Weekend,6876.0,18.3
France,Données temps réel,2026-09-05,8,2026-09-05 08:15:00,38009.0,37500,37500,35.0,0.0,308.0,37221.0,2554.0,2272.0,282.0,1749.0,2831.0,-1127.0,1034.0,-6749.0,15.0,1255,-3145,-3911,-1857,1617,0.0,35.0,0.0,0.0,100.0,210.0,0.0,1979.0,432.0,420.0,422.0,311.0,301.0,-80.0,234.0,2026,9,5,15,5,Saturday,Automne,Weekend,7134.0,18.8
France,Données temps réel,2026-09-05,8,2026-09-05 08:30:00,38332.0,38200,38200,35.0,0.0,311.0,36703.0,2394.0,2119.0,275.0,2486.0,2792.0,-1131.0,1033.0,-6257.0,15.0,1255,-3145,-3911,-1857,2095,0.0,35.0,0.0,0.0,100.0,212.0,0.0,1955.0,430.0,406.0,424.0,307.0,301.0,-33.0,1.0,2026,9,5,30,5,Saturday,Automne,Weekend,7672.0,20.0
France,Données temps réel,2026-09-05,8,2026-09-05 08:45:00,38858.0,38850,38800,35.0,0.0,302.0,36091.0,2189.0,1907.0,282.0,3574.0,2803.0,-1291.0,1035.0,-5852.0,15.0,1255,-3145,-3911,-1857,2426,0.0,35.0,0.0,0.0,100.0,204.0,0.0,1882.0,409.0,512.0,424.0,309.0,301.0,-22.0,2.0,2026,9,5,45,5,Saturday,Automne,Weekend,8566.0,22.0
France,Données temps réel,2026-09-05,9,2026-09-05 09:00:00,39544.0,39500,39400,35.0,0.0,303.0,35730.0,1991.0,1735.0,256.0,4681.0,2757.0,-1310.0,1031.0,-5650.0,14.0,856,-3145,-4059,-1857,3890,0.0,35.0,0.0,0.0,100.0,205.0,0.0,1845.0,400.0,512.0,423.0,307.0,301.0,-22.0,3.0,2026,9,5,0,5,Saturday,Automne,Weekend,9429.0,23.8
France,Données temps réel,2026-09-05,9,2026-09-05 09:15:00,39793.0,40050,39950,35.0,0.0,306.0,35049.0,1747.0,1539.0,209.0,5513.0,2320.0,-1684.0,1030.0,-4485.0,15.0,856,-3145,-4059,-1857,3706,0.0,35.0,0.0,0.0,100.0,207.0,0.0,1743.0,329.0,248.0,421.0,308.0,301.0,-34.0,0.0,2026,9,5,15,5,Saturday,Automne,Weekend,9580.0,24.1
France,Données temps réel,2026-09-05,9,2026-09-05 09:30:00,39867.0,40600,40500,36.0,0.0,296.0,34608.0,1630.0,1439.0,191.0,6579.0,2349.0,-1690.0,1031.0,-4838.0,14.0,856,-3145,-4059,-1857,3536,1.0,35.0,0.0,0.0,100.0,198.0,0.0,1741.0,333.0,275.0,422.0,308.0,301.0,-128.0,0.0,2026,9,5,30,5,Saturday,Automne,Weekend,10558.0,26.5
France,Données temps réel,2026-09-05,9,2026-09-05 09:45:00,40069.0,41050,40950,36.0,0.0,262.0,34153.0,1605.0,1418.0,186.0,7902.0,2150.0,-1691.0,1032.0,-5328.0,14.0,856,-3145,-4059,-1857,2887,1.0,35.0,0.0,0.0,100.0,163.0,0.0,1760.0,321.0,70.0,423.0,308.0,301.0,-75.0,29.0,2026,9,5,45,5,Saturday,Automne,Weekend,11657.0,29.1
France,Données temps réel,2026-09-05,10,2026-09-05 10:00:00,40075.0,41500,41400,36.0,0.0,303.0,33337.0,1633.0,1459.0,174.0,9091.0,2094.0,-1681.0,1031.0,-5655.0,14.0,-61,-3145,-4059,-1857,3052,1.0,35.0,0.0,0.0,100.0,205.0,0.0,1723.0,322.0,49.0,422.0,308.0,301.0,-115.0,5.0,2026,9,5,0,5,Saturday,Automne,Weekend,12818.0,32.0
France,Données temps réel,2026-09-05,10,2026-09-05 10:15:00,40764.0,41850,41750,36.0,0.0,307.0,32752.0,1714.0,1524.0,189.0,10455.0,1981.0,-1919.0,1032.0,-5532.0,14.0,-61,-3145,-4059,-1857,2556,1.0,35.0,0.0,0.0,100.0,209.0,0.0,1703.0,263.0,15.0,423.0,307.0,301.0,-62.0,6.0,2026,9,5,15,5,Saturday,Automne,Weekend,14150.0,34.7
France,Données temps réel,2026-09-05,10,2026-09-05 10:30:00,41050.0,42200,42100,36.0,0.0,276.0,32421.0,1738.0,1573.0,165.0,11831.0,1921.0,-1929.0,1030.0,-6231.0,13.0,-61,-3145,-4059,-1857,1922,1.0,35.0,0.0,0.0,100.0,178.0,0.0,1673.0,233.0,15.0,421.0,308.0,301.0,-39.0,2.0,2026,9,5,30,5,Saturday,Automne,Weekend,15490.0,37.7
France,Données temps réel,2026-09-05,10,2026-09-05 10:45:00,41511.0,42400,42300,37.0,0.0,297.0,32336.0,1758.0,1612.0,146.0,12992.0,1929.0,-1919.0,1033.0,-6930.0,13.0,-61,-3145,-4059,-1857,1288,2.0,35.0,0.0,0.0,100.0,199.0,0.0,1641.0,224.0,64.0,425.0,306.0,301.0,-20.0,3.0,2026,9,5,45,5,Saturday,Automne,Weekend,16679.0,40.2
France,Données temps réel,2026-09-05,11,2026-09-05 11:00:00,41376.0,42600,42500,37.0,0.0,304.0,32258.0,1827.0,1695.0,132.0,13823.0,1945.0,-1986.0,1033.0,-7693.0,13.0,-1462,-3145,-4059,-1857,2661,2.0,35.0,0.0,0.0,100.0,206.0,0.0,1685.0,196.0,65.0,423.0,308.0,301.0,-168.0,0.0,2026,9,5,0,5,Saturday,Automne,Weekend,17595.0,42.5
France,Données temps réel,2026-09-05,11,2026-09-05 11:15:00,42100.0,43200,43100,37.0,0.0,279.0,32330.0,1718.0,1629.0,89.0,15100.0,1801.0,-1985.0,1034.0,-7871.0,13.0,-1462,-3145,-4059,-1857,2456,2.0,35.0,0.0,0.0,100.0,181.0,0.0,1676.0,108.0,16.0,425.0,308.0,301.0,-342.0,0.0,2026,9,5,15,5,Saturday,Automne,Weekend,18619.0,44.2
France,Données temps réel,2026-09-05,11,2026-09-05 11:30:00,42402.0,43800,43700,36.0,0.0,273.0,32102.0,1634.0,1564.0,70.0,16146.0,1776.0,-1989.0,1032.0,-8254.0,12.0,-1462,-3145,-4059,-1857,2085,1.0,35.0,0.0,0.0,100.0,175.0,0.0,1663.0,98.0,15.0,421.0,310.0,301.0,-355.0,0.0,2026,9,5,30,5,Saturday,Automne,Weekend,19556.0,46.1
France,Données temps réel,2026-09-05,11,2026-09-05 11:45:00,42987.0,44500,44400,36.0,0.0,295.0,31957.0,1585.0,1513.0,71.0,16977.0,1748.0,-1992.0,1032.0,-8300.0,12.0,-1462,-3145,-4059,-1857,1785,1.0,35.0,0.0,0.0,100.0,197.0,0.0,1650.0,83.0,15.0,423.0,308.0,301.0,-355.0,5.0,2026,9,5,45,5,Saturday,Automne,Weekend,20310.0,47.2
France,Données temps réel,2026-09-05,12,2026-09-05 12:00:00,43396.0,45200,45100,37.0,0.0,314.0,32023.0,1547.0,1482.0,65.0,17486.0,1777.0,-1984.0,1029.0,-8797.0,12.0,-1871,-3145,-3835,-1857,2499,2.0,35.0,0.0,0.0,100.0,216.0,0.0,1678.0,84.0,15.0,425.0,303.0,301.0,-36.0,1.0,2026,9,5,0,5,Saturday,Automne,Weekend,20810.0,48.0
France,Données temps réel,2026-09-05,12,2026-09-05 12:15:00,43417.0,45350,45350,37.0,0.0,282.0,31322.0,1564.0,1514.0,50.0,18042.0,1767.0,-2003.0,1028.0,-8601.0,12.0,-1871,-3145,-3835,-1857,2485,2.0,35.0,0.0,0.0,100.0,184.0,0.0,1673.0,78.0,15.0,423.0,304.0,301.0,-23.0,4.0,2026,9,5,15,5,Saturday,Automne,Weekend,21373.0,49.2
France,Données temps réel,2026-09-05,12,2026-09-05 12:30:00,43689.0,45500,45600,37.0,0.0,314.0,31082.0,1501.0,1466.0,35.0,18603.0,1802.0,-1996.0,1023.0,-8616.0,12.0,-1871,-3145,-3835,-1857,2578,2.0,35.0,0.0,0.0,100.0,215.0,0.0,1679.0,106.0,16.0,419.0,302.0,301.0,-62.0,3.0,2026,9,5,30,5,Saturday,Automne,Weekend,21906.0,50.1
France,Données temps réel,2026-09-05,12,2026-09-05 12:45:00,44079.0,46100,45650,36.0,0.0,362.0,31144.0,1479.0,1453.0,26.0,18878.0,1802.0,-1927.0,1021.0,-8621.0,13.0,-1871,-3145,-3835,-1857,1806,1.0,35.0,0.0,0.0,100.0,264.0,0.0,1678.0,108.0,15.0,419.0,301.0,301.0,-105.0,11.0,2026,9,5,45,5,Saturday,Automne,Weekend,22159.0,50.3
France,Données temps réel,2026-09-05,13,2026-09-05 13:00:00,43758.0,46700,45700,37.0,0.0,375.0,31177.0,1440.0,1431.0,10.0,19122.0,1785.0,-1935.0,1024.0,-9174.0,13.0,-2263,-3145,-3835,-1857,2339,2.0,35.0,0.0,0.0,100.0,276.0,0.0,1671.0,98.0,15.0,419.0,304.0,301.0,-103.0,10.0,2026,9,5,0,5,Saturday,Automne,Weekend,22347.0,51.1
France,Données temps réel,2026-09-05,13,2026-09-05 13:15:00,43303.0,45800,44850,36.0,0.0,393.0,31083.0,1362.0,1356.0,5.0,19320.0,1784.0,-1959.0,1028.0,-9701.0,13.0,-2263,-3145,-3835,-1857,1985,1.0,35.0,0.0,0.0,100.0,294.0,0.0,1671.0,97.0,15.0,422.0,305.0,301.0,-63.0,24.0,2026,9,5,15,5,Saturday,Automne,Weekend,22466.0,51.9
France,Données temps réel,2026-09-05,13,2026-09-05 13:30:00,43138.0,44900,44000,36.0,0.0,487.0,31324.0,1160.0,1150.0,10.0,15534.0,1825.0,-1952.0,1032.0,-8820.0,15.0,-2263,-3145,-3835,-1857,4956,1.0,35.0,0.0,0.0,100.0,389.0,0.0,1667.0,100.0,58.0,422.0,309.0,301.0,-231.0,8.0,2026,9,5,30,5,Saturday,Automne,Weekend,18519.0,42.9
France,Données temps réel,2026-09-05,13,2026-09-05 13:45:00,43071.0,44850,44000,35.0,0.0,514.0,31219.0,1034.0,1026.0,8.0,14722.0,1948.0,-1965.0,1039.0,-6987.0,15.0,-2263,-3145,-3835,-1857,5337,0.0,35.0,0.0,0.0,100.0,415.0,0.0,1654.0,98.0,195.0,422.0,316.0,301.0,-166.0,0.0,2026,9,5,45,5,Saturday,Automne,Weekend,17704.0,41.1
France,Données temps réel,2026-09-05,14,2026-09-05 14:00:00,43337.0,44800,44000,35.0,0.0,482.0,31169.0,1008.0,1001.0,7.0,16338.0,1926.0,-1970.0,1035.0,-7594.0,14.0,-2352,-3145,-3835,-1857,2587,0.0,35.0,0.0,0.0,100.0,384.0,0.0,1640.0,97.0,189.0,420.0,314.0,301.0,-112.0,0.0,2026,9,5,0,5,Saturday,Automne,Weekend,19272.0,44.5
France,Données temps réel,2026-09-05,14,2026-09-05 14:15:00,43690.0,45650,44900,36.0,0.0,484.0,31514.0,1065.0,1058.0,7.0,16640.0,1833.0,-1958.0,1034.0,-7820.0,14.0,-2352,-3145,-3835,-1857,5748,1.0,35.0,0.0,0.0,100.0,386.0,0.0,1662.0,111.0,60.0,420.0,312.0,301.0,-394.0,20.0,2026,9,5,15,5,Saturday,Automne,Weekend,19538.0,44.7
France,Données temps réel,2026-09-05,14,2026-09-05 14:30:00,44043.0,46500,45800,36.0,0.0,498.0,30933.0,1014.0,1009.0,5.0,16079.0,1843.0,-1380.0,1031.0,-6071.0,15.0,-2352,-3145,-3835,-1857,5829,1.0,35.0,0.0,0.0,100.0,400.0,0.0,1639.0,158.0,45.0,417.0,313.0,301.0,-264.0,9.0,2026,9,5,30,5,Saturday,Automne,Weekend,18936.0,43.0
France,Données temps réel,2026-09-05,14,2026-09-05 14:45:00,43847.0,45950,45250,36.0,0.0,505.0,30556.0,964.0,950.0,14.0,15592.0,1808.0,-1385.0,1029.0,-5081.0,15.0,-2352,-3145,-3835,-1857,5352,1.0,35.0,0.0,0.0,100.0,406.0,0.0,1636.0,157.0,15.0,415.0,312.0,301.0,-69.0,8.0,2026,9,5,45,5,Saturday,Automne,Weekend,18364.0,41.9
France,Données temps réel,2026-09-05,15,2026-09-05 15:00:00,43211.0,45400,44700,36.0,0.0,469.0,30548.0,1056.0,1039.0,17.0,15532.0,1776.0,-1452.0,1031.0,-6783.0,15.0,-3145,-3145,-3861,-1857,1689,1.0,35.0,0.0,0.0,100.0,370.0,0.0,1640.0,121.0,15.0,412.0,317.0,301.0,-44.0,8.0,2026,9,5,0,5,Saturday,Automne,Weekend,18364.0,42.5
France,Données temps réel,2026-09-05,15,2026-09-05 15:15:00,42575.0,45050,44400,35.0,0.0,481.0,30888.0,1394.0,1377.0,17.0,19479.0,1810.0,-1465.0,1026.0,-9623.0,13.0,-3145,-3145,-3861,-1857,1856,0.0,35.0,0.0,0.0,100.0,383.0,0.0,1634.0,160.0,16.0,410.0,315.0,301.0,-295.0,32.0,2026,9,5,15,5,Saturday,Automne,Weekend,22683.0,53.3
France,Données temps réel,2026-09-05,15,2026-09-05 15:30:00,42038.0,44700,44100,35.0,0.0,506.0,30879.0,1484.0,1458.0,26.0,17984.0,1844.0,-2023.0,1029.0,-9573.0,14.0,-3145,-3145,-3861,-1857,1474,0.0,35.0,0.0,0.0,100.0,408.0,0.0,1636.0,192.0,16.0,411.0,317.0,301.0,-146.0,19.0,2026,9,5,30,5,Saturday,Automne,Weekend,21312.0,50.7
France,Données temps réel,2026-09-05,15,2026-09-05 15:45:00,41955.0,44500,43950,34.0,0.0,482.0,30720.0,1531.0,1491.0,40.0,17577.0,1856.0,-1973.0,1027.0,-9297.0,14.0,-3145,-3145,-3861,-1857,1142,0.0,35.0,0.0,0.0,100.0,383.0,0.0,1637.0,203.0,15.0,411.0,315.0,301.0,-12.0,12.0,2026,9,5,45,5,Saturday,Automne,Weekend,20964.0,50.0
France,Données temps réel,2026-09-05,16,2026-09-05 16:00:00,41791.0,44300,43800,35.0,0.0,431.0,30941.0,1545.0,1497.0,48.0,17136.0,2015.0,-1970.0,1026.0,-9375.0,14.0,-3735,-3145,-3861,-1857,3058,0.0,35.0,0.0,0.0,100.0,333.0,0.0,1679.0,321.0,15.0,410.0,315.0,301.0,-4.0,12.0,2026,9,5,0,5,Saturday,Automne,Weekend,20696.0,49.5
France,Données temps réel,2026-09-05,16,2026-09-05 16:15:00,41656.0,43850,43400,35.0,0.0,424.0,30922.0,1496.0,1457.0,39.0,16440.0,2250.0,-1967.0,1028.0,-8968.0,14.0,-3735,-3145,-3861,-1857,2294,0.0,35.0,0.0,0.0,100.0,326.0,0.0,1721.0,411.0,118.0,412.0,315.0,301.0,-12.0,8.0,2026,9,5,15,5,Saturday,Automne,Weekend,20186.0,48.5
France,Données temps réel,2026-09-05,16,2026-09-05 16:30:00,41541.0,43400,43000,35.0,0.0,548.0,31571.0,1494.0,1454.0,41.0,15720.0,2384.0,-1899.0,1031.0,-9379.0,15.0,-3735,-3145,-3861,-1857,1991,0.0,35.0,0.0,0.0,100.0,449.0,0.0,1735.0,425.0,223.0,413.0,317.0,301.0,-1.0,37.0,2026,9,5,30,5,Saturday,Automne,Weekend,19598.0,47.2
France,Données temps réel,2026-09-05,16,2026-09-05 16:45:00,41401.0,43550,42450,35.0,0.0,613.0,31785.0,1577.0,1538.0,39.0,15434.0,2486.0,-1899.0,1035.0,-9681.0,15.0,-3735,-3145,-3861,-1857,2669,0.0,35.0,0.0,0.0,100.0,515.0,0.0,1800.0,460.0,225.0,414.0,319.0,301.0,-2.0,19.0,2026,9,5,45,5,Saturday,Automne,Weekend,19497.0,47.1
France,Données temps réel,2026-09-05,17,2026-09-05 17:00:00,41562.0,43700,41900,35.0,0.0,638.0,32168.0,1638.0,1576.0,62.0,14350.0,2512.0,-1898.0,1036.0,-8912.0,16.0,-4028,-3145,-3699,-1857,3977,0.0,35.0,0.0,0.0,100.0,540.0,0.0,1798.0,489.0,225.0,416.0,318.0,301.0,-13.0,7.0,2026,9,5,0,5,Saturday,Automne,Weekend,18500.0,44.5
France,Données temps réel,2026-09-05,17,2026-09-05 17:15:00,41786.0,43650,41900,35.0,0.0,638.0,32443.0,1666.0,1583.0,83.0,13404.0,2665.0,-1284.0,1034.0,-8787.0,16.0,-4028,-3145,-3699,-1857,3766,0.0,35.0,0.0,0.0,100.0,540.0,0.0,1838.0,554.0,273.0,417.0,316.0,301.0,-28.0,0.0,2026,9,5,15,5,Saturday,Automne,Weekend,17735.0,42.4
France,Données temps réel,2026-09-05,17,2026-09-05 17:30:00,42010.0,43600,41900,35.0,0.0,740.0,33734.0,1702.0,1599.0,103.0,12340.0,2813.0,-1284.0,1031.0,-9101.0,16.0,-4028,-3145,-3699,-1857,4034,0.0,35.0,0.0,0.0,100.0,642.0,0.0,1896.0,552.0,365.0,414.0,315.0,301.0,-13.0,14.0,2026,9,5,30,5,Saturday,Automne,Weekend,16855.0,40.1
France,Données temps réel,2026-09-05,17,2026-09-05 17:45:00,42563.0,43850,42150,35.0,0.0,715.0,34001.0,1685.0,1595.0,90.0,11198.0,2888.0,-659.0,1036.0,-8288.0,16.0,-4028,-2526,-3699,-1857,3655,0.0,35.0,0.0,0.0,100.0,617.0,0.0,1934.0,632.0,322.0,420.0,315.0,301.0,-47.0,0.0,2026,9,5,45,5,Saturday,Automne,Weekend,15771.0,37.1
France,Données temps réel,2026-09-05,18,2026-09-05 18:00:00,43029.0,44100,42400,35.0,0.0,698.0,34606.0,1640.0,1549.0,91.0,9848.0,3071.0,-673.0,1034.0,-7229.0,16.0,-4028,-1400,-2874,-1857,4562,0.0,35.0,0.0,0.0,100.0,600.0,0.0,1915.0,716.0,441.0,418.0,315.0,301.0,-11.0,11.0,2026,9,5,0,5,Saturday,Automne,Weekend,14559.0,33.8
France,Données temps réel,2026-09-05,18,2026-09-05 18:15:00,43027.0,44900,43250,35.0,0.0,727.0,35170.0,1614.0,1502.0,111.0,8470.0,3169.0,-16.0,1034.0,-7162.0,17.0,-4028,-549,-2874,-1857,4145,0.0,35.0,0.0,0.0,100.0,628.0,0.0,2030.0,750.0,390.0,414.0,319.0,301.0,-17.0,2.0,2026,9,5,15,5,Saturday,Automne,Weekend,13253.0,30.8
France,Données temps réel,2026-09-05,18,2026-09-05 18:30:00,43269.0,45700,44100,35.0,0.0,871.0,35618.0,1564.0,1468.0,96.0,7022.0,3615.0,-12.0,1037.0,-6520.0,18.0,-4028,40,-2874,-1857,3652,0.0,35.0,0.0,0.0,100.0,773.0,0.0,2051.0,763.0,801.0,420.0,316.0,301.0,-3.0,42.0,2026,9,5,30,5,Saturday,Automne,Weekend,12201.0,28.2
France,Données temps réel,2026-09-05,18,2026-09-05 18:45:00,43964.0,46050,44450,35.0,0.0,961.0,35955.0,1507.0,1419.0,88.0,5781.0,3921.0,-13.0,1031.0,-5344.0,19.0,-4028,826,-2874,-1670,3321,0.0,35.0,0.0,0.0,100.0,863.0,0.0,2158.0,817.0,946.0,417.0,312.0,301.0,-2.0,133.0,2026,9,5,45,5,Saturday,Automne,Weekend,11209.0,25.5
France,Données temps réel,2026-09-05,19,2026-09-05 19:00:00,44109.0,46400,44800,35.0,0.0,1040.0,36256.0,1449.0,1371.0,78.0,4334.0,5074.0,-1.0,1042.0,-5147.0,20.0,-4018,-100,-2874,-1312,4257,0.0,35.0,0.0,0.0,100.0,942.0,0.0,2195.0,879.0,2000.0,420.0,320.0,301.0,0.0,30.0,2026,9,5,0,5,Saturday,Automne,Weekend,10857.0,24.6
France,Données temps réel,2026-09-05,19,2026-09-05 19:15:00,44432.0,46300,44750,35.0,0.0,1225.0,36512.0,1399.0,1309.0,90.0,3195.0,5548.0,-1.0,1039.0,-4548.0,22.0,-4018,-662,-2874,-752,4782,0.0,35.0,0.0,0.0,100.0,1127.0,0.0,2297.0,1159.0,2092.0,418.0,320.0,301.0,-1.0,29.0,2026,9,5,15,5,Saturday,Automne,Weekend,10142.0,22.8
France,Données temps réel,2026-09-05,19,2026-09-05 19:30:00,44400.0,46200,44700,35.0,0.0,1209.0,36522.0,1332.0,1250.0,82.0,2124.0,5703.0,0.0,1041.0,-3606.0,22.0,-4018,-949,-2874,-576,4902,0.0,35.0,0.0,0.0,100.0,1111.0,0.0,2357.0,1314.0,2033.0,421.0,319.0,301.0,-1.0,42.0,2026,9,5,30,5,Saturday,Automne,Weekend,9159.0,20.6
France,Données temps réel,2026-09-05,19,2026-09-05 19:45:00,44175.0,45700,44250,35.0,0.0,1261.0,37253.0,1348.0,1273.0,75.0,1439.0,5941.0,-1.0,1042.0,-4171.0,22.0,-4018,-1323,-2874,-267,4946,0.0,35.0,0.0,0.0,100.0,1163.0,0.0,2419.0,1416.0,2106.0,424.0,317.0,301.0,-2.0,30.0,2026,9,5,45,5,Saturday,Automne,Weekend,8728.0,19.8
France,Données temps réel,2026-09-05,20,2026-09-05 20:00:00,44257.0,45200,43800,35.0,0.0,1260.0,37515.0,1350.0,1268.0,82.0,886.0,6225.0,-1.0,1045.0,-4072.0,22.0,-4027,-2000,-2874,451,5586,0.0,35.0,0.0,0.0,100.0,1161.0,0.0,2430.0,1519.0,2277.0,424.0,319.0,301.0,-10.0,26.0,2026,9,5,0,5,Saturday,Automne,Weekend,8461.0,19.1
France,Données temps réel,2026-09-05,20,2026-09-05 20:15:00,43933.0,44950,43600,35.0,0.0,1329.0,37585.0,1406.0,1304.0,102.0,517.0,6204.0,-1.0,1047.0,-4490.0,23.0,-4027,-2813,-2874,455,5438,0.0,35.0,0.0,0.0,100.0,1231.0,0.0,2468.0,1620.0,2116.0,425.0,321.0,301.0,-15.0,316.0,2026,9,5,15,5,Saturday,Automne,Weekend,8127.0,18.5
France,Données temps réel,2026-09-05,20,2026-09-05 20:30:00,43980.0,44700,43400,35.0,0.0,1383.0,37618.0,1374.0,1263.0,111.0,295.0,6159.0,-1.0,1048.0,-4151.0,24.0,-4027,-3062,-2874,593,5272,0.0,35.0,0.0,0.0,100.0,1285.0,0.0,2465.0,1580.0,2114.0,426.0,321.0,301.0,-14.0,234.0,2026,9,5,30,5,Saturday,Automne,Weekend,7828.0,17.8
France,Données temps réel,2026-09-05,20,2026-09-05 20:45:00,43875.0,44600,43350,35.0,0.0,1383.0,37646.0,1450.0,1337.0,114.0,242.0,6179.0,0.0,1048.0,-4406.0,24.0,-4027,-3128,-2874,597,5137,0.0,35.0,0.0,0.0,100.0,1285.0,0.0,2494.0,1577.0,2108.0,426.0,320.0,301.0,-19.0,318.0,2026,9,5,45,5,Saturday,Automne,Weekend,7871.0,17.9
France,Données temps réel,2026-09-05,21,2026-09-05 21:00:00,43648.0,44500,43300,35.0,0.0,1432.0,37667.0,1732.0,1577.0,155.0,230.0,6223.0,0.0,1044.0,-4918.0,24.0,-4027,-2912,-3694,682,4609,0.0,35.0,0.0,0.0,100.0,1334.0,0.0,2502.0,1578.0,2143.0,422.0,321.0,301.0,-5.0,209.0,2026,9,5,0,5,Saturday,Automne,Weekend,8185.0,18.8
France,Données temps réel,2026-09-05,21,2026-09-05 21:15:00,42951.0,43900,42700,35.0,0.0,1233.0,37786.0,2021.0,1837.0,185.0,0.0,6588.0,-1.0,1047.0,-6098.0,22.0,-4027,-3145,-3694,617,4461,0.0,35.0,0.0,0.0,100.0,1135.0,0.0,2448.0,1777.0,2363.0,422.0,323.0,301.0,-11.0,352.0,2026,9,5,15,5,Saturday,Automne,Weekend,8609.0,20.0
France,Données temps réel,2026-09-05,21,2026-09-05 21:30:00,42436.0,43300,42100,35.0,0.0,1229.0,37958.0,2324.0,2086.0,238.0,0.0,6297.0,0.0,1044.0,-6765.0,22.0,-4027,-3145,-3694,669,4276,0.0,35.0,0.0,0.0,100.0,1131.0,0.0,2342.0,1694.0,2260.0,423.0,320.0,301.0,-24.0,338.0,2026,9,5,30,5,Saturday,Automne,Weekend,8621.0,20.3
France,Données temps réel,2026-09-05,21,2026-09-05 21:45:00,41920.0,43100,41950,35.0,0.0,1229.0,38099.0,2575.0,2303.0,272.0,0.0,6282.0,-1.0,1049.0,-7129.0,22.0,-4027,-3145,-3694,692,3641,0.0,35.0,0.0,0.0,100.0,1131.0,0.0,2323.0,1719.0,2240.0,426.0,322.0,301.0,-219.0,1.0,2026,9,5,45,5,Saturday,Automne,Weekend,8857.0,21.1
France,Données temps réel,2026-09-05,22,2026-09-05 22:00:00,41264.0,42900,41800,35.0,0.0,1261.0,38119.0,2751.0,2468.0,283.0,0.0,6232.0,-1.0,1042.0,-8163.0,22.0,-4027,-3145,-3855,319,4739,0.0,35.0,0.0,0.0,100.0,1163.0,0.0,2313.0,1717.0,2201.0,421.0,320.0,301.0,-12.0,2.0,2026,9,5,0,5,Saturday,Automne,Weekend,8983.0,21.8
France,Données temps réel,2026-09-05,22,2026-09-05 22:15:00,41842.0,43450,42400,36.0,0.0,875.0,38109.0,2824.0,2524.0,300.0,0.0,5686.0,0.0,1039.0,-6927.0,19.0,-4027,-3145,-3855,328,4349,1.0,35.0,0.0,0.0,100.0,777.0,0.0,2327.0,1555.0,1804.0,422.0,316.0,301.0,-16.0,216.0,2026,9,5,15,5,Saturday,Automne,Weekend,8510.0,20.3
France,Données temps réel,2026-09-05,22,2026-09-05 22:30:00,42114.0,44000,43000,36.0,0.0,833.0,38140.0,2944.0,2595.0,349.0,0.0,5739.0,0.0,1039.0,-6687.0,18.0,-4027,-3145,-3855,394,5129,1.0,35.0,0.0,0.0,100.0,735.0,0.0,2299.0,1574.0,1866.0,418.0,320.0,301.0,-12.0,86.0,2026,9,5,30,5,Saturday,Automne,Weekend,8683.0,20.6
France,Données temps réel,2026-09-05,22,2026-09-05 22:45:00,42859.0,44200,43250,36.0,0.0,838.0,38114.0,2949.0,2564.0,386.0,0.0,5683.0,-1.0,1048.0,-5863.0,19.0,-4027,-3145,-3855,391,4790,1.0,35.0,0.0,0.0,100.0,740.0,0.0,2299.0,1536.0,1848.0,424.0,323.0,301.0,-51.0,107.0,2026,9,5,45,5,Saturday,Automne,Weekend,8632.0,20.1
France,Données temps réel,2026-09-05,23,2026-09-05 23:00:00,41962.0,44400,43500,36.0,0.0,858.0,38148.0,3074.0,2637.0,437.0,0.0,5469.0,0.0,1046.0,-6703.0,19.0,-4028,-3145,-3628,-534,5784,1.0,35.0,0.0,0.0,100.0,760.0,0.0,2297.0,1384.0,1788.0,424.0,321.0,301.0,-16.0,52.0,2026,9,5,0,5,Saturday,Automne,Weekend,8543.0,20.4
France,Données temps réel,2026-09-05,23,2026-09-05 23:15:00,41869.0,44000,43000,36.0,0.0,1217.0,38160.0,3205.0,2737.0,468.0,0.0,4705.0,0.0,1047.0,-6548.0,22.0,-4028,-3145,-3628,-588,5463,1.0,35.0,0.0,0.0,100.0,1118.0,0.0,2246.0,1207.0,1253.0,425.0,321.0,301.0,-16.0,64.0,2026,9,5,15,5,Saturday,Automne,Weekend,7910.0,18.9
France,Données temps réel,2026-09-05,23,2026-09-05 23:30:00,41405.0,43600,42500,36.0,0.0,1230.0,38198.0,3254.0,2814.0,440.0,0.0,4014.0,-1.0,1046.0,-6366.0,22.0,-4028,-3145,-3628,-521,5571,1.0,35.0,0.0,0.0,100.0,1131.0,0.0,2193.0,1029.0,792.0,422.0,322.0,301.0,-12.0,9.0,2026,9,5,30,5,Saturday,Automne,Weekend,7268.0,17.6
France,Données temps réel,2026-09-05,23,2026-09-05 23:45:00,41389.0,42250,41550,36.0,0.0,1274.0,38166.0,3353.0,2895.0,458.0,0.0,3954.0,-2.0,1046.0,-6418.0,23.0,-4028,-3145,-3628,-503,5050,1.0,35.0,0.0,0.0,100.0,1176.0,0.0,2163.0,1013.0,778.0,421.0,323.0,301.0,-18.0,0.0,2026,9,5,45,5,Saturday,Automne,Weekend,7307.0,17.7
France,Données temps réel,2026-09-06,0,2026-09-06 00:00:00,40906.0,40900,40600,36.0,0.0,1267.0,37758.0,3445.0,2966.0,479.0,0.0,3954.0,0.0,1051.0,-6609.0,23.0,-3914,-3145,-3311,59,3820,1.0,35.0,0.0,0.0,100.0,1169.0,0.0,2146.0,1019.0,789.0,426.0,323.0,301.0,-3.0,9.0,2026,9,6,0,6,Sunday,Automne,Weekend,7399.0,18.1
France,Données temps réel,2026-09-06,0,2026-09-06 00:15:00,40536.0,40050,39900,36.0,0.0,983.0,37752.0,3377.0,2885.0,492.0,0.0,3851.0,-1.0,1054.0,-6666.0,21.0,-3914,-3145,-3411,104,3358,1.0,35.0,0.0,0.0,100.0,884.0,0.0,2079.0,900.0,872.0,428.0,325.0,301.0,-9.0,160.0,2026,9,6,15,6,Sunday,Automne,Weekend,7228.0,17.8
France,Données temps réel,2026-09-06,0,2026-09-06 00:30:00,39343.0,39200,39200,36.0,0.0,881.0,37760.0,3306.0,2880.0,427.0,0.0,3731.0,-1.0,1051.0,-7496.0,20.0,-3914,-3145,-3411,89,2637,1.0,35.0,0.0,0.0,100.0,783.0,0.0,2067.0,830.0,835.0,428.0,322.0,301.0,-4.0,80.0,2026,9,6,30,6,Sunday,Automne,Weekend,7037.0,17.9
France,Données temps réel,2026-09-06,0,2026-09-06 00:45:00,38045.0,38800,38800,37.0,0.0,572.0,37824.0,3223.0,2820.0,403.0,0.0,3335.0,-14.0,1048.0,-8016.0,17.0,-3914,-3145,-3411,101,2466,2.0,35.0,0.0,0.0,100.0,474.0,0.0,1979.0,811.0,544.0,423.0,324.0,301.0,-5.0,43.0,2026,9,6,45,6,Sunday,Automne,Weekend,6558.0,17.2
France,Données temps réel,2026-09-06,1,2026-09-06 01:00:00,37444.0,38400,38400,37.0,0.0,248.0,37867.0,3267.0,2827.0,440.0,0.0,3202.0,-180.0,1056.0,-8098.0,14.0,-4028,-3145,-3411,-198,3016,2.0,35.0,0.0,0.0,100.0,150.0,0.0,1924.0,742.0,536.0,432.0,323.0,301.0,-3.0,48.0,2026,9,6,0,6,Sunday,Automne,Weekend,6469.0,17.3
France,Données temps réel,2026-09-06,1,2026-09-06 01:15:00,37921.0,37850,37850,37.0,0.0,234.0,37886.0,3308.0,2837.0,472.0,0.0,3123.0,-214.0,1050.0,-7542.0,14.0,-4028,-3145,-3411,-228,2837,2.0,35.0,0.0,0.0,100.0,136.0,0.0,1880.0,735.0,508.0,426.0,323.0,301.0,-2.0,42.0,2026,9,6,15,6,Sunday,Automne,Weekend,6431.0,17.0
France,Données temps réel,2026-09-06,1,2026-09-06 01:30:00,36919.0,37300,37300,37.0,0.0,216.0,37933.0,3367.0,2884.0,483.0,0.0,2828.0,-208.0,1051.0,-8312.0,14.0,-4028,-3145,-3411,-184,2837,2.0,35.0,0.0,0.0,100.0,117.0,0.0,1855.0,710.0,263.0,427.0,322.0,301.0,-6.0,16.0,2026,9,6,30,6,Sunday,Automne,Weekend,6195.0,16.8
France,Données temps réel,2026-09-06,1,2026-09-06 01:45:00,36761.0,37100,37100,37.0,0.0,254.0,38036.0,3503.0,2969.0,535.0,0.0,2742.0,-220.0,1050.0,-8644.0,14.0,-4028,-3145,-3411,-243,2470,2.0,35.0,0.0,0.0,100.0,156.0,0.0,1848.0,704.0,190.0,426.0,322.0,301.0,-9.0,15.0,2026,9,6,45,6,Sunday,Automne,Weekend,6245.0,17.0
France,Données temps réel,2026-09-06,2,2026-09-06 02:00:00,36035.0,36900,36900,37.0,0.0,225.0,37961.0,3498.0,2971.0,527.0,0.0,2583.0,-226.0,1051.0,-9103.0,14.0,-4028,-3145,-3411,-883,2450,2.0,35.0,0.0,0.0,100.0,127.0,0.0,1847.0,635.0,100.0,425.0,324.0,301.0,-6.0,16.0,2026,9,6,0,6,Sunday,Automne,Weekend,6081.0,16.9
France,Données temps réel,2026-09-06,2,2026-09-06 02:15:00,35684.0,36000,36000,37.0,0.0,225.0,37958.0,3515.0,3015.0,499.0,0.0,2721.0,-54.0,1044.0,-9759.0,14.0,-4028,-3145,-3411,-959,1839,2.0,35.0,0.0,0.0,100.0,127.0,0.0,1818.0,785.0,118.0,422.0,321.0,301.0,-6.0,4.0,2026,9,6,15,6,Sunday,Automne,Weekend,6236.0,17.5
France,Données temps réel,2026-09-06,2,2026-09-06 02:30:00,34875.0,35100,35100,37.0,0.0,253.0,38016.0,3511.0,2989.0,521.0,0.0,2658.0,-65.0,1050.0,-10550.0,14.0,-4028,-3145,-3411,-946,1378,2.0,35.0,0.0,0.0,100.0,155.0,0.0,1810.0,766.0,81.0,429.0,320.0,301.0,-37.0,2.0,2026,9,6,30,6,Sunday,Automne,Weekend,6169.0,17.7
France,Données temps réel,2026-09-06,2,2026-09-06 02:45:00,34259.0,34450,34450,118.0,0.0,246.0,38005.0,3544.0,2975.0,569.0,0.0,2678.0,-272.0,1041.0,-11102.0,16.0,-4028,-3145,-3411,-880,843,83.0,35.0,0.0,0.0,100.0,149.0,0.0,1786.0,774.0,118.0,425.0,315.0,301.0,-5.0,5.0,2026,9,6,45,6,Sunday,Automne,Weekend,6222.0,18.2
France,Données temps réel,2026-09-06,3,2026-09-06 03:00:00,33656.0,33800,33800,146.0,0.0,254.0,37888.0,3662.0,3007.0,655.0,0.0,2595.0,-476.0,1045.0,-11417.0,16.0,-4028,-2900,-3672,-1699,597,111.0,35.0,0.0,0.0,100.0,156.0,0.0,1773.0,753.0,69.0,426.0,318.0,301.0,-42.0,2.0,2026,9,6,0,6,Sunday,Automne,Weekend,6257.0,18.6
France,Données temps réel,2026-09-06,3,2026-09-06 03:15:00,33278.0,33500,33500,148.0,0.0,247.0,37972.0,3780.0,3090.0,690.0,0.0,2598.0,-474.0,1043.0,-12020.0,16.0,-4028,-2900,-3672,-1698,420,113.0,35.0,0.0,0.0,100.0,149.0,0.0,1741.0,740.0,117.0,420.0,321.0,301.0,-17.0,2.0,2026,9,6,15,6,Sunday,Automne,Weekend,6378.0,19.2
France,Données temps réel,2026-09-06,3,2026-09-06 03:30:00,32955.0,33200,33200,151.0,0.0,240.0,37973.0,3919.0,3226.0,693.0,0.0,2656.0,-483.0,1044.0,-12377.0,16.0,-4028,-2900,-3672,-1614,-93,116.0,35.0,0.0,0.0,100.0,142.0,0.0,1758.0,778.0,120.0,427.0,316.0,301.0,-166.0,2.0,2026,9,6,30,6,Sunday,Automne,Weekend,6575.0,20.0
France,Données temps réel,2026-09-06,3,2026-09-06 03:45:00,32775.0,33000,33000,149.0,0.0,234.0,38007.0,4020.0,3384.0,636.0,0.0,2587.0,-485.0,1045.0,-12699.0,16.0,-4028,-2900,-3672,-1598,-477,114.0,35.0,0.0,0.0,100.0,136.0,0.0,1736.0,700.0,151.0,425.0,319.0,301.0,-86.0,3.0,2026,9,6,45,6,Sunday,Automne,Weekend,6607.0,20.2
France,Données temps réel,2026-09-06,4,2026-09-06 04:00:00,32446.0,32800,32800,148.0,0.0,218.0,37940.0,4226.0,3572.0,653.0,0.0,2429.0,-483.0,1046.0,-12959.0,16.0,-2991,-2900,-3672,-2227,-1088,113.0,35.0,0.0,0.0,100.0,120.0,0.0,1774.0,639.0,15.0,425.0,320.0,301.0,-120.0,2.0,2026,9,6,0,6,Sunday,Automne,Weekend,6655.0,20.5
France,Données temps réel,2026-09-06,4,2026-09-06 04:15:00,32424.0,32700,32700,147.0,0.0,211.0,38071.0,4341.0,3597.0,744.0,0.0,2375.0,-483.0,1046.0,-13147.0,16.0,-2991,-2900,-3672,-2227,-1301,112.0,35.0,0.0,0.0,100.0,113.0,0.0,1727.0,632.0,15.0,425.0,320.0,301.0,-137.0,0.0,2026,9,6,15,6,Sunday,Automne,Weekend,6716.0,20.7
France,Données temps réel,2026-09-06,4,2026-09-06 04:30:00,32275.0,32600,32600,147.0,0.0,232.0,38119.0,4456.0,3821.0,635.0,0.0,2367.0,-634.0,1044.0,-13439.0,16.0,-2991,-2900,-3672,-2217,-1405,112.0,35.0,0.0,0.0,100.0,133.0,0.0,1725.0,627.0,15.0,424.0,319.0,301.0,-18.0,3.0,2026,9,6,30,6,Sunday,Automne,Weekend,6823.0,21.1
France,Données temps réel,2026-09-06,4,2026-09-06 04:45:00,31927.0,32400,32400,150.0,0.0,205.0,38080.0,4508.0,3921.0,587.0,0.0,2318.0,-635.0,1047.0,-13715.0,16.0,-2991,-2900,-3672,-2227,-1530,115.0,35.0,0.0,0.0,100.0,107.0,0.0,1759.0,543.0,15.0,426.0,320.0,301.0,-32.0,2.0,2026,9,6,45,6,Sunday,Automne,Weekend,6826.0,21.4
France,Données temps réel,2026-09-06,5,2026-09-06 05:00:00,31913.0,32200,32200,148.0,0.0,216.0,38078.0,4642.0,4046.0,597.0,0.0,2311.0,-636.0,1048.0,-13865.0,16.0,-1971,-2900,-3672,-2227,-2562,113.0,35.0,0.0,0.0,100.0,117.0,0.0,1756.0,539.0,15.0,426.0,321.0,301.0,-30.0,2.0,2026,9,6,0,6,Sunday,Automne,Weekend,6953.0,21.8
France,Données temps réel,2026-09-06,5,2026-09-06 05:15:00,32018.0,32350,32350,151.0,0.0,222.0,38084.0,4910.0,4182.0,728.0,0.0,2330.0,-634.0,1052.0,-14095.0,16.0,-1971,-2900,-3672,-2227,-2678,116.0,35.0,0.0,0.0,100.0,124.0,0.0,1754.0,561.0,15.0,430.0,321.0,301.0,-4.0,4.0,2026,9,6,15,6,Sunday,Automne,Weekend,7240.0,22.6
France,Données temps réel,2026-09-06,5,2026-09-06 05:30:00,32098.0,32500,32500,148.0,0.0,204.0,38086.0,4967.0,4227.0,740.0,0.0,2315.0,-635.0,1044.0,-14001.0,15.0,-1971,-2900,-3672,-2227,-2692,113.0,35.0,0.0,0.0,100.0,106.0,0.0,1764.0,536.0,15.0,424.0,320.0,301.0,-38.0,9.0,2026,9,6,30,6,Sunday,Automne,Weekend,7282.0,22.7
France,Données temps réel,2026-09-06,5,2026-09-06 05:45:00,31992.0,32600,32600,151.0,0.0,220.0,38058.0,4954.0,4351.0,603.0,0.0,2296.0,-624.0,1045.0,-14065.0,16.0,-1971,-2900,-3672,-2227,-2825,116.0,35.0,0.0,0.0,100.0,122.0,0.0,1779.0,501.0,15.0,424.0,320.0,301.0,-47.0,6.0,2026,9,6,45,6,Sunday,Automne,Weekend,7250.0,22.7
France,Données temps réel,2026-09-06,6,2026-09-06 06:00:00,32278.0,32700,32700,161.0,0.0,222.0,38103.0,5047.0,4482.0,564.0,0.0,2382.0,-625.0,1043.0,-14132.0,16.0,-451,-2900,-3672,-2227,-4324,126.0,35.0,0.0,0.0,100.0,124.0,0.0,1777.0,488.0,117.0,424.0,318.0,301.0,-14.0,94.0,2026,9,6,0,6,Sunday,Automne,Weekend,7429.0,23.0
France,Données temps réel,2026-09-06,6,2026-09-06 06:15:00,32643.0,32900,32900,162.0,0.0,221.0,38091.0,5144.0,4674.0,471.0,0.0,2525.0,-627.0,1047.0,-13951.0,16.0,-451,-2900,-3672,-2227,-4187,127.0,35.0,0.0,0.0,100.0,123.0,0.0,1843.0,524.0,158.0,425.0,321.0,301.0,-1.0,33.0,2026,9,6,15,6,Sunday,Automne,Weekend,7669.0,23.5
France,Données temps réel,2026-09-06,6,2026-09-06 06:30:00,32627.0,33100,33100,161.0,0.0,215.0,38109.0,5153.0,4752.0,401.0,0.0,2581.0,-627.0,1046.0,-14007.0,15.0,-451,-2900,-3672,-2227,-4138,126.0,35.0,0.0,0.0,100.0,117.0,0.0,1857.0,508.0,216.0,424.0,321.0,301.0,-14.0,11.0,2026,9,6,30,6,Sunday,Automne,Weekend,7734.0,23.7
France,Données temps réel,2026-09-06,6,2026-09-06 06:45:00,32744.0,33100,33100,161.0,0.0,218.0,38060.0,5176.0,4823.0,353.0,0.0,2705.0,-625.0,1046.0,-13969.0,15.0,-451,-2900,-3672,-2227,-4175,126.0,35.0,0.0,0.0,100.0,120.0,0.0,1901.0,510.0,294.0,425.0,319.0,301.0,-28.0,0.0,2026,9,6,45,6,Sunday,Automne,Weekend,7881.0,24.1
France,Données temps réel,2026-09-06,7,2026-09-06 07:00:00,32876.0,33100,33100,105.0,0.0,220.0,38097.0,5132.0,4832.0,301.0,214.0,2679.0,-623.0,1044.0,-14006.0,15.0,-288,-2900,-3705,-2227,-4579,70.0,35.0,0.0,0.0,100.0,122.0,0.0,1892.0,613.0,174.0,422.0,321.0,301.0,-1.0,14.0,2026,9,6,0,6,Sunday,Automne,Weekend,8025.0,24.4
France,Données temps réel,2026-09-06,7,2026-09-06 07:15:00,32976.0,33150,33150,37.0,0.0,226.0,38044.0,5270.0,4933.0,337.0,249.0,2700.0,-626.0,1039.0,-14046.0,13.0,-288,-2900,-3705,-2227,-4467,2.0,35.0,0.0,0.0,100.0,128.0,0.0,1877.0,625.0,197.0,419.0,318.0,301.0,-9.0,96.0,2026,9,6,15,6,Sunday,Automne,Weekend,8219.0,24.9
France,Données temps réel,2026-09-06,7,2026-09-06 07:30:00,33023.0,33200,33200,37.0,0.0,218.0,38069.0,5507.0,5078.0,430.0,356.0,2724.0,-625.0,1048.0,-14436.0,13.0,-288,-2900,-3705,-2227,-4073,2.0,35.0,0.0,0.0,100.0,119.0,0.0,1895.0,631.0,198.0,426.0,321.0,301.0,-13.0,139.0,2026,9,6,30,6,Sunday,Automne,Weekend,8587.0,26.0
France,Données temps réel,2026-09-06,7,2026-09-06 07:45:00,33331.0,33500,33500,37.0,0.0,222.0,38050.0,5701.0,5211.0,489.0,632.0,2705.0,-950.0,1045.0,-14202.0,13.0,-288,-2900,-3705,-2223,-3841,2.0,35.0,0.0,0.0,100.0,124.0,0.0,1887.0,620.0,199.0,424.0,320.0,301.0,-34.0,126.0,2026,9,6,45,6,Sunday,Automne,Weekend,9038.0,27.1
France,Données temps réel,2026-09-06,8,2026-09-06 08:00:00,33557.0,33800,33800,37.0,0.0,213.0,38015.0,5509.0,5011.0,499.0,1070.0,2688.0,-952.0,1047.0,-14083.0,13.0,-323,-3145,-3705,-2227,-3046,2.0,35.0,0.0,0.0,100.0,115.0,0.0,1881.0,609.0,198.0,425.0,321.0,301.0,-59.0,71.0,2026,9,6,0,6,Sunday,Automne,Weekend,9267.0,27.6
France,Données temps réel,2026-09-06,8,2026-09-06 08:15:00,34185.0,34450,34450,37.0,0.0,238.0,36539.0,5618.0,5081.0,537.0,1740.0,2885.0,-1315.0,1045.0,-12644.0,13.0,-323,-3145,-3665,-2227,-2356,2.0,35.0,0.0,0.0,100.0,140.0,0.0,1897.0,592.0,396.0,422.0,322.0,301.0,-43.0,85.0,2026,9,6,15,6,Sunday,Automne,Weekend,10243.0,30.0
France,Données temps réel,2026-09-06,8,2026-09-06 08:30:00,34300.0,35100,35100,36.0,0.0,225.0,35742.0,5509.0,4987.0,521.0,2438.0,2880.0,-1310.0,1044.0,-12251.0,13.0,-323,-3145,-3665,-2227,-2274,1.0,35.0,0.0,0.0,100.0,127.0,0.0,1884.0,597.0,398.0,421.0,322.0,301.0,-58.0,47.0,2026,9,6,30,6,Sunday,Automne,Weekend,10827.0,31.6
France,Données temps réel,2026-09-06,8,2026-09-06 08:45:00,34816.0,35650,35650,36.0,0.0,223.0,35358.0,5371.0,4836.0,535.0,3464.0,2823.0,-1309.0,1047.0,-12233.0,13.0,-323,-3145,-3665,-2227,-1825,1.0,35.0,0.0,0.0,100.0,124.0,0.0,1842.0,582.0,399.0,425.0,321.0,301.0,-64.0,99.0,2026,9,6,45,6,Sunday,Automne,Weekend,11658.0,33.5
France,Données temps réel,2026-09-06,9,2026-09-06 09:00:00,35865.0,36200,36200,37.0,0.0,241.0,35028.0,5081.0,4513.0,569.0,4538.0,2674.0,-1315.0,1046.0,-11380.0,13.0,-1622,-3145,-3458,-2227,39,2.0,35.0,0.0,0.0,100.0,143.0,0.0,1843.0,530.0,301.0,423.0,322.0,301.0,-105.0,20.0,2026,9,6,0,6,Sunday,Automne,Weekend,12293.0,34.3
France,Données temps réel,2026-09-06,9,2026-09-06 09:15:00,36366.0,36400,36400,37.0,0.0,224.0,34165.0,4582.0,4048.0,533.0,5691.0,2191.0,-1482.0,1045.0,-10195.0,13.0,-1622,-3145,-3458,-2227,243,2.0,35.0,0.0,0.0,100.0,126.0,0.0,1783.0,393.0,15.0,425.0,319.0,301.0,-91.0,200.0,2026,9,6,15,6,Sunday,Automne,Weekend,12464.0,34.3
France,Données temps réel,2026-09-06,9,2026-09-06 09:30:00,36404.0,36600,36600,37.0,0.0,234.0,33384.0,4200.0,3602.0,598.0,6273.0,2145.0,-1485.0,1043.0,-9295.0,14.0,-1622,-3143,-3458,-2227,741,2.0,35.0,0.0,0.0,100.0,136.0,0.0,1759.0,367.0,19.0,422.0,319.0,301.0,-130.0,0.0,2026,9,6,30,6,Sunday,Automne,Weekend,12618.0,34.7
France,Données temps réel,2026-09-06,9,2026-09-06 09:45:00,37174.0,36800,36800,35.0,0.0,229.0,32633.0,3899.0,3168.0,731.0,7543.0,2042.0,-1502.0,1041.0,-8647.0,13.0,-1622,-3143,-3458,-2227,1868,0.0,35.0,0.0,0.0,100.0,130.0,0.0,1741.0,282.0,19.0,421.0,319.0,301.0,-104.0,6.0,2026,9,6,45,6,Sunday,Automne,Weekend,13484.0,36.3
France,Données temps réel,2026-09-06,10,2026-09-06 10:00:00,37453.0,37000,37000,37.0,0.0,288.0,32731.0,3544.0,2828.0,716.0,8611.0,2052.0,-1959.0,1041.0,-8802.0,14.0,-3441,-3145,-3458,-2227,4046,2.0,35.0,0.0,0.0,100.0,190.0,0.0,1769.0,264.0,18.0,420.0,319.0,301.0,-100.0,11.0,2026,9,6,0,6,Sunday,Automne,Weekend,14207.0,37.9
France,Données temps réel,2026-09-06,10,2026-09-06 10:15:00,38383.0,37850,37850,36.0,0.0,227.0,32567.0,3193.0,2599.0,594.0,9733.0,1955.0,-1980.0,1040.0,-8193.0,13.0,-3441,-3145,-3458,-2227,3945,1.0,35.0,0.0,0.0,100.0,129.0,0.0,1708.0,229.0,18.0,418.0,320.0,301.0,-193.0,0.0,2026,9,6,15,6,Sunday,Automne,Weekend,14881.0,38.8
France,Données temps réel,2026-09-06,10,2026-09-06 10:30:00,38880.0,38700,38700,33.0,0.0,230.0,32346.0,3132.0,2568.0,563.0,10747.0,1911.0,-1981.0,1039.0,-8366.0,13.0,-3441,-3145,-3458,-2227,3564,0.0,35.0,0.0,0.0,100.0,132.0,0.0,1705.0,187.0,18.0,419.0,318.0,301.0,-213.0,4.0,2026,9,6,30,6,Sunday,Automne,Weekend,15790.0,40.6
France,Données temps réel,2026-09-06,10,2026-09-06 10:45:00,39035.0,38950,38950,37.0,0.0,231.0,32727.0,2907.0,2421.0,486.0,11818.0,1834.0,-1972.0,1040.0,-9400.0,13.0,-3441,-3145,-3458,-2202,2915,2.0,35.0,0.0,0.0,100.0,133.0,0.0,1695.0,120.0,19.0,421.0,318.0,301.0,-191.0,6.0,2026,9,6,45,6,Sunday,Automne,Weekend,16559.0,42.4
France,Données temps réel,2026-09-06,11,2026-09-06 11:00:00,39866.0,39200,39200,35.0,0.0,247.0,32665.0,2672.0,2213.0,460.0,12741.0,1844.0,-1972.0,1038.0,-9218.0,13.0,-3585,-3145,-2928,-2227,2901,0.0,35.0,0.0,0.0,100.0,149.0,0.0,1705.0,121.0,18.0,419.0,318.0,301.0,-190.0,2.0,2026,9,6,0,6,Sunday,Automne,Weekend,17257.0,43.3
France,Données temps réel,2026-09-06,11,2026-09-06 11:15:00,40446.0,39700,39700,37.0,0.0,230.0,32382.0,2517.0,2110.0,406.0,13667.0,1780.0,-1793.0,1034.0,-9120.0,12.0,-3585,-3145,-3066,-2227,3738,2.0,35.0,0.0,0.0,100.0,132.0,0.0,1690.0,71.0,18.0,422.0,311.0,301.0,-288.0,0.0,2026,9,6,15,6,Sunday,Automne,Weekend,17964.0,44.4
France,Données temps réel,2026-09-06,11,2026-09-06 11:30:00,40729.0,40200,40200,33.0,0.0,240.0,32404.0,2082.0,1680.0,402.0,11352.0,1762.0,-1795.0,1039.0,-7698.0,13.0,-3585,-3044,-2927,-1939,4869,0.0,35.0,0.0,0.0,100.0,142.0,0.0,1668.0,75.0,18.0,423.0,315.0,301.0,-323.0,0.0,2026,9,6,30,6,Sunday,Automne,Weekend,15196.0,37.3
France,Données temps réel,2026-09-06,11,2026-09-06 11:45:00,41323.0,41550,41550,35.0,0.0,231.0,32615.0,1993.0,1561.0,432.0,11082.0,1836.0,-1492.0,1039.0,-6993.0,13.0,-3585,-3000,-2908,-1857,4775,0.0,35.0,0.0,0.0,100.0,133.0,0.0,1658.0,64.0,114.0,422.0,316.0,301.0,-125.0,0.0,2026,9,6,45,6,Sunday,Automne,Weekend,14911.0,36.1
France,Données temps réel,2026-09-06,12,2026-09-06 12:00:00,42277.0,42900,42900,37.0,0.0,230.0,32146.0,2008.0,1596.0,413.0,12804.0,1827.0,-1493.0,1034.0,-6280.0,13.0,-2630,-3119,-2856,-1286,4759,2.0,35.0,0.0,0.0,100.0,132.0,0.0,1650.0,64.0,114.0,415.0,318.0,301.0,-37.0,2.0,2026,9,6,0,6,Sunday,Automne,Weekend,16639.0,39.4
France,Données temps réel,2026-09-06,12,2026-09-06 12:15:00,42991.0,42800,42800,36.0,0.0,234.0,31895.0,1958.0,1540.0,418.0,13064.0,1712.0,-1498.0,1042.0,-5447.0,13.0,-2630,-3119,-2856,-1215,4911,1.0,35.0,0.0,0.0,100.0,136.0,0.0,1630.0,64.0,18.0,423.0,317.0,301.0,-9.0,5.0,2026,9,6,15,6,Sunday,Automne,Weekend,16734.0,38.9
France,Données temps réel,2026-09-06,12,2026-09-06 12:30:00,43359.0,42700,42700,34.0,0.0,229.0,32018.0,1905.0,1498.0,407.0,13474.0,1687.0,-1671.0,1038.0,-5354.0,13.0,-2630,-3119,-2856,-1005,5468,0.0,35.0,0.0,0.0,100.0,131.0,0.0,1604.0,64.0,18.0,419.0,318.0,301.0,-6.0,6.0,2026,9,6,30,6,Sunday,Automne,Weekend,17066.0,39.4
France,Données temps réel,2026-09-06,12,2026-09-06 12:45:00,43500.0,43250,43250,34.0,0.0,255.0,31532.0,1756.0,1402.0,354.0,13531.0,1674.0,-1905.0,1043.0,-4295.0,13.0,-2630,-3119,-2856,-1045,5272,0.0,35.0,0.0,0.0,100.0,157.0,0.0,1592.0,64.0,18.0,421.0,321.0,301.0,-136.0,12.0,2026,9,6,45,6,Sunday,Automne,Weekend,16961.0,39.0
France,Données temps réel,2026-09-06,13,2026-09-06 13:00:00,42864.0,43800,43800,37.0,0.0,229.0,31027.0,1668.0,1317.0,351.0,13716.0,1685.0,-1912.0,1042.0,-4382.0,13.0,-3410,-3119,-2860,-802,6100,2.0,35.0,0.0,0.0,100.0,131.0,0.0,1602.0,64.0,18.0,420.0,321.0,301.0,-253.0,7.0,2026,9,6,0,6,Sunday,Automne,Weekend,17069.0,39.8
France,Données temps réel,2026-09-06,13,2026-09-06 13:15:00,42737.0,42650,42650,37.0,0.0,232.0,31023.0,1601.0,1210.0,391.0,13942.0,1706.0,-1908.0,1043.0,-4704.0,13.0,-3410,-3119,-2861,-778,6472,2.0,35.0,0.0,0.0,100.0,134.0,0.0,1624.0,64.0,18.0,421.0,321.0,301.0,-252.0,17.0,2026,9,6,15,6,Sunday,Automne,Weekend,17249.0,40.4
France,Données temps réel,2026-09-06,13,2026-09-06 13:30:00,42344.0,41500,41500,37.0,0.0,227.0,30611.0,1492.0,1078.0,414.0,13618.0,1745.0,-1905.0,1041.0,-4321.0,13.0,-3410,-3119,-2867,-722,5965,2.0,35.0,0.0,0.0,100.0,129.0,0.0,1613.0,113.0,18.0,420.0,319.0,301.0,-218.0,17.0,2026,9,6,30,6,Sunday,Automne,Weekend,16855.0,39.8
France,Données temps réel,2026-09-06,13,2026-09-06 13:45:00,42500.0,41600,41600,37.0,0.0,250.0,30401.0,1329.0,975.0,354.0,13826.0,1732.0,-1906.0,1038.0,-4154.0,13.0,-3410,-3119,-2870,-717,6004,2.0,35.0,0.0,0.0,100.0,152.0,0.0,1603.0,111.0,18.0,419.0,318.0,301.0,-55.0,3.0,2026,9,6,45,6,Sunday,Automne,Weekend,16887.0,39.7
France,Données temps réel,2026-09-06,14,2026-09-06 14:00:00,42702.0,41700,41700,37.0,0.0,229.0,30506.0,1119.0,896.0,223.0,13523.0,1718.0,-1918.0,1043.0,-3420.0,13.0,-1795,-3119,-2863,-606,6356,2.0,35.0,0.0,0.0,100.0,131.0,0.0,1587.0,113.0,18.0,424.0,318.0,301.0,-138.0,7.0,2026,9,6,0,6,Sunday,Automne,Weekend,16360.0,38.3
France,Données temps réel,2026-09-06,14,2026-09-06 14:15:00,43843.0,42200,42200,37.0,0.0,228.0,30576.0,919.0,800.0,119.0,13463.0,1745.0,-1921.0,1037.0,-2162.0,13.0,-1795,-3119,-2885,-700,6245,2.0,35.0,0.0,0.0,100.0,130.0,0.0,1602.0,124.0,19.0,417.0,319.0,301.0,-78.0,0.0,2026,9,6,15,6,Sunday,Automne,Weekend,16127.0,36.8
France,Données temps réel,2026-09-06,14,2026-09-06 14:30:00,43720.0,42700,42700,37.0,0.0,234.0,30541.0,915.0,798.0,117.0,13709.0,1771.0,-1927.0,1042.0,-2383.0,13.0,-1795,-3119,-2873,-673,6259,2.0,35.0,0.0,0.0,100.0,136.0,0.0,1587.0,127.0,57.0,421.0,320.0,301.0,-217.0,0.0,2026,9,6,30,6,Sunday,Automne,Weekend,16395.0,37.5
France,Données temps réel,2026-09-06,14,2026-09-06 14:45:00,43476.0,42250,42250,36.0,0.0,211.0,30716.0,843.0,759.0,84.0,13428.0,1776.0,-1932.0,1040.0,-2574.0,13.0,-1795,-3119,-2856,-730,5595,1.0,35.0,0.0,0.0,100.0,113.0,0.0,1588.0,130.0,58.0,425.0,313.0,301.0,-76.0,9.0,2026,9,6,45,6,Sunday,Automne,Weekend,16047.0,36.9
France,Données temps réel,2026-09-06,15,2026-09-06 15:00:00,42936.0,41800,41800,36.0,0.0,229.0,30651.0,822.0,760.0,62.0,13306.0,1786.0,-1938.0,1039.0,-2984.0,13.0,-1748,-3119,-3637,-1927,7092,1.0,35.0,0.0,0.0,100.0,131.0,0.0,1590.0,140.0,56.0,420.0,317.0,301.0,-10.0,2.0,2026,9,6,0,6,Sunday,Automne,Weekend,15914.0,37.1
France,Données temps réel,2026-09-06,15,2026-09-06 15:15:00,42780.0,41500,41500,36.0,0.0,228.0,30884.0,823.0,770.0,54.0,13215.0,1892.0,-1938.0,1044.0,-3384.0,13.0,-1748,-3119,-3637,-1932,5741,1.0,35.0,0.0,0.0,100.0,130.0,0.0,1626.0,136.0,130.0,426.0,317.0,301.0,-19.0,1.0,2026,9,6,15,6,Sunday,Automne,Weekend,15930.0,37.2
France,Données temps réel,2026-09-06,15,2026-09-06 15:30:00,42026.0,41200,41200,36.0,0.0,246.0,31322.0,870.0,795.0,75.0,13337.0,1890.0,-1946.0,1046.0,-5367.0,13.0,-1748,-3119,-3637,-2105,3228,1.0,35.0,0.0,0.0,100.0,147.0,0.0,1642.0,129.0,119.0,427.0,317.0,301.0,-26.0,18.0,2026,9,6,30,6,Sunday,Automne,Weekend,16097.0,38.3
France,Données temps réel,2026-09-06,15,2026-09-06 15:45:00,41416.0,41200,41600,36.0,0.0,214.0,31805.0,1094.0,995.0,100.0,15008.0,1818.0,-1939.0,1039.0,-7640.0,12.0,-1748,-2955,-3637,-2061,2959,1.0,35.0,0.0,0.0,100.0,115.0,0.0,1648.0,154.0,16.0,421.0,317.0,301.0,-21.0,4.0,2026,9,6,45,6,Sunday,Automne,Weekend,17920.0,43.3
France,Données temps réel,2026-09-06,16,2026-09-06 16:00:00,41694.0,41200,42000,36.0,0.0,219.0,31916.0,1008.0,948.0,59.0,14730.0,1943.0,-1960.0,1040.0,-7220.0,12.0,-1646,-1980,-3869,-2029,3192,1.0,35.0,0.0,0.0,100.0,121.0,0.0,1693.0,223.0,28.0,420.0,319.0,301.0,-22.0,5.0,2026,9,6,0,6,Sunday,Automne,Weekend,17681.0,42.4
France,Données temps réel,2026-09-06,16,2026-09-06 16:15:00,41159.0,40750,41450,35.0,0.0,283.0,32055.0,981.0,925.0,56.0,14037.0,2317.0,-2014.0,1041.0,-7565.0,13.0,-1646,-1000,-3993,-2062,2246,0.0,35.0,0.0,0.0,100.0,185.0,0.0,1731.0,316.0,269.0,420.0,320.0,301.0,-10.0,0.0,2026,9,6,15,6,Sunday,Automne,Weekend,17335.0,42.1
France,Données temps réel,2026-09-06,16,2026-09-06 16:30:00,41242.0,40300,40900,36.0,0.0,348.0,33154.0,962.0,940.0,22.0,13445.0,2334.0,-2012.0,1042.0,-8004.0,13.0,-1646,0,-3993,-1977,132,1.0,35.0,0.0,0.0,100.0,250.0,0.0,1726.0,439.0,169.0,421.0,320.0,301.0,-64.0,1.0,2026,9,6,30,6,Sunday,Automne,Weekend,16741.0,40.6
France,Données temps réel,2026-09-06,16,2026-09-06 16:45:00,41029.0,40500,41000,36.0,0.0,409.0,33946.0,1031.0,931.0,100.0,12545.0,2557.0,-2008.0,1041.0,-8453.0,14.0,-1646,680,-3993,-2141,-1754,1.0,35.0,0.0,0.0,100.0,311.0,0.0,1803.0,532.0,221.0,421.0,319.0,301.0,-88.0,14.0,2026,9,6,45,6,Sunday,Automne,Weekend,16133.0,39.3
France,Données temps réel,2026-09-06,17,2026-09-06 17:00:00,41010.0,40700,41100,36.0,0.0,403.0,34409.0,1123.0,1039.0,83.0,11812.0,2733.0,-1998.0,1010.0,-8524.0,14.0,-1218,349,-3993,-2227,-1819,1.0,35.0,0.0,0.0,100.0,304.0,0.0,1820.0,666.0,247.0,420.0,288.0,301.0,-8.0,16.0,2026,9,6,0,6,Sunday,Automne,Weekend,15668.0,38.2
France,Données temps réel,2026-09-06,17,2026-09-06 17:15:00,41183.0,41100,41400,36.0,0.0,521.0,35858.0,1147.0,1039.0,108.0,10898.0,2941.0,-1527.0,1007.0,-9713.0,14.0,-1218,1000,-3993,-2227,-3909,1.0,35.0,0.0,0.0,100.0,423.0,0.0,1851.0,833.0,258.0,419.0,287.0,301.0,-3.0,19.0,2026,9,6,15,6,Sunday,Automne,Weekend,14986.0,36.4
France,Données temps réel,2026-09-06,17,2026-09-06 17:30:00,41144.0,41500,41700,36.0,0.0,686.0,36721.0,1224.0,1090.0,134.0,9850.0,3215.0,-1300.0,1008.0,-10647.0,16.0,-1218,2000,-3993,-2227,-4943,1.0,35.0,0.0,0.0,101.0,587.0,0.0,1869.0,1058.0,288.0,417.0,290.0,301.0,0.0,354.0,2026,9,6,30,6,Sunday,Automne,Weekend,14289.0,34.7
France,Données temps réel,2026-09-06,17,2026-09-06 17:45:00,41967.0,42500,42550,36.0,0.0,737.0,36907.0,1340.0,1135.0,206.0,9017.0,3190.0,-45.0,1011.0,-10306.0,16.0,-1218,2500,-3735,-1979,-4854,1.0,35.0,0.0,0.0,100.0,638.0,0.0,1913.0,1052.0,225.0,419.0,291.0,301.0,-1.0,83.0,2026,9,6,45,6,Sunday,Automne,Weekend,13547.0,32.3
France,Données temps réel,2026-09-06,18,2026-09-06 18:00:00,42384.0,43500,43400,36.0,0.0,801.0,36678.0,1530.0,1229.0,301.0,7939.0,3668.0,-64.0,1012.0,-9326.0,17.0,-1190,2500,-3595,-2227,-4308,1.0,35.0,0.0,0.0,101.0,702.0,0.0,1886.0,1196.0,586.0,417.0,294.0,301.0,-1.0,111.0,2026,9,6,0,6,Sunday,Automne,Weekend,13137.0,31.0
France,Données temps réel,2026-09-06,18,2026-09-06 18:15:00,43085.0,43750,43550,36.0,0.0,928.0,37479.0,1489.0,1234.0,254.0,6705.0,4155.0,-17.0,1041.0,-8743.0,18.0,-1190,2500,-3416,-2201,-4148,1.0,35.0,0.0,0.0,101.0,829.0,0.0,2120.0,1166.0,869.0,424.0,316.0,301.0,-8.0,22.0,2026,9,6,15,6,Sunday,Automne,Weekend,12349.0,28.7
France,Données temps réel,2026-09-06,18,2026-09-06 18:30:00,43799.0,44000,43700,36.0,0.0,1250.0,37768.0,1337.0,1219.0,117.0,5511.0,5285.0,0.0,1036.0,-8791.0,21.0,-1190,2500,-3506,-2226,-3897,1.0,35.0,0.0,0.0,101.0,1151.0,0.0,2187.0,1262.0,1836.0,418.0,317.0,301.0,-12.0,381.0,2026,9,6,30,6,Sunday,Automne,Weekend,12133.0,27.7
France,Données temps réel,2026-09-06,18,2026-09-06 18:45:00,44813.0,44850,44450,36.0,0.0,1329.0,37834.0,1287.0,1164.0,123.0,4621.0,6151.0,0.0,1038.0,-7906.0,21.0,-1190,2000,-3573,-2227,-3315,1.0,35.0,0.0,0.0,101.0,1231.0,0.0,2281.0,1812.0,2058.0,420.0,316.0,301.0,-5.0,429.0,2026,9,6,45,6,Sunday,Automne,Weekend,12059.0,26.9
France,Données temps réel,2026-09-06,19,2026-09-06 19:00:00,45001.0,45700,45200,29.0,0.0,1695.0,37776.0,1337.0,1198.0,139.0,3530.0,6923.0,0.0,1038.0,-7761.0,24.0,-356,1350,-3738,-930,-3476,0.0,35.0,0.0,0.0,129.0,1567.0,0.0,2336.0,2128.0,2459.0,419.0,318.0,301.0,-3.0,438.0,2026,9,6,0,6,Sunday,Automne,Weekend,11790.0,26.2
France,Données temps réel,2026-09-06,19,2026-09-06 19:15:00,45649.0,45950,45350,281.0,0.0,1900.0,37865.0,1541.0,1264.0,276.0,2558.0,6896.0,0.0,1036.0,-6433.0,30.0,-356,1348,-3782,-782,-3048,246.0,35.0,0.0,0.0,129.0,1773.0,0.0,2419.0,2135.0,2341.0,419.0,316.0,301.0,-7.0,12.0,2026,9,6,15,6,Sunday,Automne,Weekend,10995.0,24.1
France,Données temps réel,2026-09-06,19,2026-09-06 19:30:00,45407.0,46200,45500,348.0,0.0,1922.0,37885.0,1450.0,1290.0,160.0,1714.0,7148.0,-1.0,1039.0,-6106.0,31.0,-356,1346,-3690,-802,-3017,313.0,35.0,0.0,0.0,129.0,1794.0,0.0,2599.0,2096.0,2454.0,419.0,318.0,301.0,-4.0,12.0,2026,9,6,30,6,Sunday,Automne,Weekend,10312.0,22.7
France,Données temps réel,2026-09-06,19,2026-09-06 19:45:00,45534.0,45600,44900,344.0,0.0,1987.0,37909.0,1369.0,1275.0,93.0,1168.0,7898.0,0.0,1044.0,-6370.0,32.0,-356,696,-3747,-811,-2169,309.0,35.0,0.0,0.0,131.0,1857.0,0.0,2643.0,2480.0,2775.0,422.0,320.0,301.0,-3.0,192.0,2026,9,6,45,6,Sunday,Automne,Weekend,10435.0,22.9
France,Données temps réel,2026-09-06,20,2026-09-06 20:00:00,45191.0,45000,44300,346.0,0.0,1991.0,37897.0,1402.0,1318.0,84.0,758.0,7579.0,-1.0,1040.0,-6114.0,32.0,1123,563,-3448,-224,-3747,311.0,35.0,0.0,0.0,131.0,1862.0,0.0,2655.0,2402.0,2522.0,420.0,319.0,301.0,-10.0,304.0,2026,9,6,0,6,Sunday,Automne,Weekend,9739.0,21.6
France,Données temps réel,2026-09-06,20,2026-09-06 20:15:00,44901.0,44400,43700,351.0,0.0,2001.0,37863.0,1528.0,1413.0,114.0,462.0,7751.0,0.0,1048.0,-6494.0,32.0,1123,-500,-3731,-297,-2155,316.0,35.0,0.0,0.0,131.0,1872.0,0.0,2787.0,2332.0,2632.0,428.0,319.0,301.0,-17.0,409.0,2026,9,6,15,6,Sunday,Automne,Weekend,9741.0,21.7
France,Données temps réel,2026-09-06,20,2026-09-06 20:30:00,45254.0,43800,43100,352.0,0.0,2013.0,37929.0,1696.0,1551.0,145.0,276.0,7768.0,-1.0,1041.0,-6220.0,32.0,1123,-1500,-3750,-242,-1224,317.0,35.0,0.0,0.0,131.0,1884.0,0.0,2791.0,2359.0,2618.0,419.0,321.0,301.0,-9.0,410.0,2026,9,6,30,6,Sunday,Automne,Weekend,9740.0,21.5
France,Données temps réel,2026-09-06,20,2026-09-06 20:45:00,45272.0,43650,42950,354.0,0.0,2015.0,37931.0,1772.0,1632.0,140.0,231.0,7554.0,-1.0,1050.0,-5884.0,33.0,1123,-2567,-3676,-317,-700,319.0,35.0,0.0,0.0,131.0,1886.0,0.0,2813.0,2111.0,2630.0,426.0,323.0,301.0,-31.0,283.0,2026,9,6,45,6,Sunday,Automne,Weekend,9557.0,21.1
France,Données temps réel,2026-09-06,21,2026-09-06 21:00:00,44785.0,43500,42800,358.0,0.0,2042.0,37915.0,2034.0,1888.0,146.0,227.0,7351.0,0.0,1056.0,-6388.0,33.0,1386,-2807,-3458,-712,-468,323.0,35.0,0.0,0.0,131.0,1913.0,0.0,2832.0,2143.0,2377.0,432.0,322.0,301.0,-21.0,212.0,2026,9,6,0,6,Sunday,Automne,Weekend,9612.0,21.5
France,Données temps réel,2026-09-06,21,2026-09-06 21:15:00,44660.0,43350,43500,359.0,0.0,2036.0,37953.0,2232.0,2051.0,181.0,0.0,7257.0,0.0,1055.0,-6441.0,33.0,1386,-2942,-3846,-934,213,324.0,35.0,0.0,0.0,132.0,1907.0,0.0,2711.0,2134.0,2412.0,428.0,325.0,301.0,-55.0,263.0,2026,9,6,15,6,Sunday,Automne,Weekend,9489.0,21.2
France,Données temps réel,2026-09-06,21,2026-09-06 21:30:00,44063.0,43200,44200,167.0,0.0,2011.0,37976.0,2376.0,2169.0,207.0,0.0,7145.0,-1.0,1052.0,-6345.0,30.0,1386,-3105,-3745,-1112,306,132.0,35.0,0.0,0.0,101.0,1912.0,0.0,2728.0,2088.0,2329.0,425.0,325.0,301.0,-319.0,2.0,2026,9,6,30,6,Sunday,Automne,Weekend,9521.0,21.6
France,Données temps réel,2026-09-06,21,2026-09-06 21:45:00,43189.0,42800,43700,30.0,0.0,2022.0,37984.0,2588.0,2308.0,280.0,0.0,6807.0,0.0,1044.0,-7074.0,28.0,1386,-2960,-3815,-1106,-197,0.0,35.0,0.0,0.0,101.0,1923.0,0.0,2651.0,1750.0,2405.0,417.0,326.0,301.0,-213.0,1.0,2026,9,6,45,6,Sunday,Automne,Weekend,9395.0,21.8
France,Données temps réel,2026-09-06,22,2026-09-06 22:00:00,42401.0,42400,43200,33.0,0.0,2037.0,37970.0,2847.0,2344.0,503.0,0.0,6717.0,0.0,1048.0,-8224.0,28.0,943,-2660,-3925,-254,183,0.0,35.0,0.0,0.0,101.0,1938.0,0.0,2585.0,1796.0,2336.0,420.0,327.0,301.0,-26.0,0.0,2026,9,6,0,6,Sunday,Automne,Weekend,9564.0,22.6
France,Données temps réel,2026-09-06,22,2026-09-06 22:15:00,43352.0,42900,43700,34.0,0.0,2011.0,37971.0,3258.0,2505.0,754.0,0.0,5675.0,-1.0,1049.0,-6631.0,28.0,943,-2747,-3966,-271,-103,0.0,35.0,0.0,0.0,101.0,1912.0,0.0,2493.0,1219.0,1963.0,420.0,328.0,301.0,-16.0,3.0,2026,9,6,15,6,Sunday,Automne,Weekend,8933.0,20.6
France,Données temps réel,2026-09-06,22,2026-09-06 22:30:00,43263.0,43400,44200,34.0,0.0,1797.0,38016.0,3396.0,2678.0,719.0,0.0,5499.0,-1.0,1045.0,-6477.0,26.0,943,-2776,-3988,-99,1086,0.0,35.0,0.0,0.0,101.0,1698.0,0.0,2442.0,1145.0,1913.0,419.0,325.0,301.0,-47.0,1.0,2026,9,6,30,6,Sunday,Automne,Weekend,8895.0,20.6
France,Données temps réel,2026-09-06,22,2026-09-06 22:45:00,44005.0,43800,44600,34.0,0.0,1345.0,37981.0,3737.0,2902.0,835.0,0.0,5632.0,0.0,1046.0,-5680.0,22.0,943,-2849,-3983,-4,990,0.0,35.0,0.0,0.0,101.0,1246.0,0.0,2420.0,1156.0,2056.0,422.0,323.0,301.0,-90.0,1.0,2026,9,6,45,6,Sunday,Automne,Weekend,9369.0,21.3
France,Données temps réel,2026-09-06,23,2026-09-06 23:00:00,43234.0,44200,45000,34.0,0.0,1209.0,38023.0,4111.0,3108.0,1003.0,0.0,5323.0,0.0,1052.0,-6154.0,21.0,1365,-2525,-4006,-490,-206,0.0,35.0,0.0,0.0,101.0,1110.0,0.0,2396.0,1121.0,1806.0,426.0,324.0,301.0,-364.0,1.0,2026,9,6,0,6,Sunday,Automne,Weekend,9434.0,21.8
France,Données temps réel,2026-09-06,23,2026-09-06 23:15:00,42681.0,43400,44250,34.0,0.0,961.0,38007.0,4070.0,3067.0,1003.0,0.0,5111.0,0.0,1045.0,-6389.0,19.0,1365,-2648,-4006,-603,-319,0.0,35.0,0.0,0.0,101.0,862.0,0.0,2317.0,1062.0,1733.0,420.0,324.0,301.0,-160.0,2.0,2026,9,6,15,6,Sunday,Automne,Weekend,9181.0,21.5
France,Données temps réel,2026-09-06,23,2026-09-06 23:30:00,41973.0,42600,43500,36.0,0.0,869.0,38020.0,4051.0,3021.0,1030.0,0.0,4234.0,-1.0,1049.0,-6112.0,19.0,1365,-2445,-4006,-530,193,1.0,35.0,0.0,0.0,101.0,770.0,0.0,2260.0,988.0,986.0,425.0,323.0,301.0,-177.0,6.0,2026,9,6,30,6,Sunday,Automne,Weekend,8285.0,19.7
France,Données temps réel,2026-09-06,23,2026-09-06 23:45:00,42252.0,41900,42950,34.0,0.0,1233.0,38031.0,4152.0,3095.0,1057.0,0.0,4052.0,0.0,1049.0,-6083.0,22.0,1365,-2813,-4006,-646,188,0.0,35.0,0.0,0.0,101.0,1135.0,0.0,2259.0,849.0,944.0,425.0,322.0,301.0,-219.0,5.0,2026,9,6,45,6,Sunday,Automne,Weekend,8204.0,19.4
France,Données temps réel,2026-09-07,0,2026-09-07 00:00:00,41605.0,41200,42400,32.0,0.0,1188.0,38013.0,4304.0,3239.0,1064.0,0.0,3875.0,0.0,1050.0,-6695.0,22.0,1119,-3145,-3657,-837,315,0.0,35.0,0.0,0.0,101.0,1089.0,0.0,2173.0,842.0,859.0,425.0,324.0,301.0,-161.0,1.0,2026,9,7,0,0,Monday,Automne,Jour_de_semaine,8179.0,19.7
France,Données temps réel,2026-09-07,0,2026-09-07 00:15:00,41452.0,40650,41250,32.0,0.0,1197.0,37994.0,4394.0,3321.0,1074.0,0.0,3545.0,0.0,1048.0,-6678.0,22.0,1119,-3145,-3657,-962,-462,0.0,35.0,0.0,0.0,101.0,1097.0,0.0,2066.0,850.0,628.0,421.0,326.0,301.0,-78.0,0.0,2026,9,7,15,0,Monday,Automne,Jour_de_semaine,7939.0,19.2
France,Données temps réel,2026-09-07,0,2026-09-07 00:30:00,39928.0,40100,40100,31.0,0.0,1194.0,38010.0,4226.0,3374.0,853.0,0.0,3329.0,0.0,1044.0,-7871.0,22.0,1119,-3145,-3657,-909,-706,0.0,35.0,0.0,0.0,101.0,1095.0,0.0,2066.0,876.0,387.0,416.0,326.0,301.0,-33.0,0.0,2026,9,7,30,0,Monday,Automne,Jour_de_semaine,7555.0,18.9
France,Données temps réel,2026-09-07,0,2026-09-07 00:45:00,38465.0,39550,39550,32.0,0.0,522.0,38039.0,4221.0,3508.0,713.0,0.0,3119.0,-9.0,1051.0,-8496.0,16.0,1119,-3145,-3657,-843,-1516,0.0,35.0,0.0,0.0,101.0,423.0,0.0,2049.0,878.0,192.0,426.0,324.0,301.0,-14.0,1.0,2026,9,7,45,0,Monday,Automne,Jour_de_semaine,7340.0,19.1
France,Données temps réel,2026-09-07,1,2026-09-07 01:00:00,38195.0,39000,39000,34.0,0.0,496.0,37997.0,4267.0,3583.0,685.0,0.0,2937.0,-10.0,1051.0,-8467.0,16.0,553,-2900,-3657,-1248,-569,0.0,35.0,0.0,0.0,101.0,397.0,0.0,1996.0,814.0,128.0,425.0,324.0,301.0,-109.0,0.0,2026,9,7,0,0,Monday,Automne,Jour_de_semaine,7204.0,18.9
France,Données temps réel,2026-09-07,1,2026-09-07 01:15:00,38368.0,38950,38950,32.0,0.0,464.0,38014.0,4404.0,3730.0,674.0,0.0,2973.0,-9.0,1051.0,-8432.0,16.0,553,-2900,-3657,-1431,-747,0.0,35.0,0.0,0.0,101.0,365.0,0.0,1963.0,903.0,106.0,425.0,325.0,301.0,-132.0,6.0,2026,9,7,15,0,Monday,Automne,Jour_de_semaine,7377.0,19.2
France,Données temps réel,2026-09-07,1,2026-09-07 01:30:00,37888.0,38900,38900,34.0,0.0,490.0,38010.0,4398.0,3731.0,667.0,0.0,2862.0,-10.0,1046.0,-8813.0,16.0,553,-2900,-3657,-1429,-659,0.0,35.0,0.0,0.0,101.0,391.0,0.0,1960.0,867.0,35.0,421.0,323.0,301.0,-133.0,6.0,2026,9,7,30,0,Monday,Automne,Jour_de_semaine,7260.0,19.2
France,Données temps réel,2026-09-07,1,2026-09-07 01:45:00,37549.0,38650,38650,36.0,0.0,470.0,38015.0,4309.0,3723.0,586.0,0.0,2840.0,-8.0,1052.0,-9100.0,16.0,553,-2900,-3657,-1393,-1530,1.0,35.0,0.0,0.0,101.0,370.0,0.0,1955.0,829.0,56.0,424.0,326.0,301.0,-66.0,5.0,2026,9,7,45,0,Monday,Automne,Jour_de_semaine,7149.0,19.0
France,Données temps réel,2026-09-07,2,2026-09-07 02:00:00,36874.0,38400,38400,34.0,0.0,468.0,38016.0,4219.0,3699.0,520.0,0.0,2806.0,-13.0,1049.0,-9645.0,16.0,7,-2900,-3657,-1628,-1417,0.0,35.0,0.0,0.0,101.0,369.0,0.0,1947.0,817.0,42.0,423.0,325.0,301.0,-65.0,6.0,2026,9,7,0,0,Monday,Automne,Jour_de_semaine,7025.0,19.1
France,Données temps réel,2026-09-07,2,2026-09-07 02:15:00,36516.0,37700,37700,34.0,0.0,502.0,37999.0,4191.0,3637.0,554.0,0.0,2863.0,-27.0,1050.0,-10078.0,16.0,7,-2900,-3657,-1608,-1721,0.0,35.0,0.0,0.0,101.0,403.0,0.0,1930.0,858.0,75.0,427.0,321.0,301.0,-25.0,7.0,2026,9,7,15,0,Monday,Automne,Jour_de_semaine,7054.0,19.3
France,Données temps réel,2026-09-07,2,2026-09-07 02:30:00,35858.0,37000,37000,36.0,0.0,533.0,38037.0,4377.0,3729.0,648.0,0.0,2803.0,-363.0,1048.0,-10584.0,16.0,7,-2900,-3657,-1697,-2206,1.0,35.0,0.0,0.0,101.0,434.0,0.0,1893.0,855.0,55.0,423.0,323.0,301.0,-34.0,6.0,2026,9,7,30,0,Monday,Automne,Jour_de_semaine,7180.0,20.0
France,Données temps réel,2026-09-07,2,2026-09-07 02:45:00,35011.0,36350,36350,35.0,0.0,456.0,38013.0,4453.0,3713.0,740.0,0.0,2793.0,-429.0,1046.0,-11334.0,16.0,7,-2900,-3657,-1584,-2842,0.0,35.0,0.0,0.0,101.0,357.0,0.0,1897.0,852.0,45.0,422.0,322.0,301.0,-24.0,3.0,2026,9,7,45,0,Monday,Automne,Jour_de_semaine,7246.0,20.7
France,Données temps réel,2026-09-07,3,2026-09-07 03:00:00,34673.0,35700,35700,36.0,0.0,463.0,38009.0,4621.0,3872.0,749.0,0.0,2776.0,-430.0,1050.0,-11798.0,16.0,-428,-2900,-3743,-1756,-2986,1.0,35.0,0.0,0.0,101.0,364.0,0.0,1897.0,822.0,57.0,425.0,323.0,301.0,-65.0,10.0,2026,9,7,0,0,Monday,Automne,Jour_de_semaine,7397.0,21.3
France,Données temps réel,2026-09-07,3,2026-09-07 03:15:00,34353.0,35400,35400,36.0,0.0,523.0,38039.0,4637.0,3895.0,742.0,0.0,2637.0,-440.0,1048.0,-12057.0,16.0,-428,-2900,-3743,-1751,-3307,1.0,35.0,0.0,0.0,101.0,424.0,0.0,1884.0,697.0,55.0,424.0,323.0,301.0,-82.0,14.0,2026,9,7,15,0,Monday,Automne,Jour_de_semaine,7274.0,21.2
France,Données temps réel,2026-09-07,3,2026-09-07 03:30:00,34175.0,35100,35100,36.0,0.0,557.0,38018.0,4664.0,3937.0,727.0,0.0,2693.0,-448.0,1055.0,-12350.0,17.0,-428,-2900,-3743,-1747,-3351,1.0,35.0,0.0,0.0,101.0,458.0,0.0,1934.0,703.0,56.0,429.0,325.0,301.0,-52.0,2.0,2026,9,7,30,0,Monday,Automne,Jour_de_semaine,7357.0,21.5
France,Données temps réel,2026-09-07,3,2026-09-07 03:45:00,33990.0,34900,34900,35.0,0.0,550.0,38035.0,4958.0,4274.0,684.0,0.0,2664.0,-448.0,1051.0,-12742.0,16.0,-428,-2900,-3743,-1733,-3418,0.0,35.0,0.0,0.0,101.0,451.0,0.0,1952.0,675.0,37.0,426.0,324.0,301.0,-114.0,0.0,2026,9,7,45,0,Monday,Automne,Jour_de_semaine,7622.0,22.4
France,Données temps réel,2026-09-07,4,2026-09-07 04:00:00,33793.0,34700,34700,35.0,0.0,554.0,38027.0,4890.0,4361.0,529.0,0.0,2655.0,-456.0,1054.0,-12751.0,17.0,-477,-2900,-3743,-1752,-3048,0.0,35.0,0.0,0.0,101.0,454.0,0.0,1949.0,672.0,35.0,428.0,324.0,301.0,-213.0,0.0,2026,9,7,0,0,Monday,Automne,Jour_de_semaine,7545.0,22.3
France,Données temps réel,2026-09-07,4,2026-09-07 04:15:00,33955.0,34800,34800,37.0,0.0,647.0,37797.0,4799.0,4341.0,458.0,0.0,2641.0,-221.0,1055.0,-12782.0,18.0,-477,-2900,-3743,-1721,-2985,2.0,35.0,0.0,0.0,101.0,548.0,0.0,1915.0,680.0,46.0,429.0,325.0,301.0,-18.0,1.0,2026,9,7,15,0,Monday,Automne,Jour_de_semaine,7440.0,21.9
France,Données temps réel,2026-09-07,4,2026-09-07 04:30:00,33787.0,34900,34900,35.0,0.0,716.0,37338.0,4648.0,4255.0,393.0,0.0,2693.0,-219.0,1064.0,-12386.0,18.0,-477,-2900,-3743,-1703,-3307,0.0,35.0,0.0,0.0,101.0,617.0,0.0,1923.0,722.0,49.0,437.0,326.0,301.0,-102.0,1.0,2026,9,7,30,0,Monday,Automne,Jour_de_semaine,7341.0,21.7
France,Données temps réel,2026-09-07,4,2026-09-07 04:45:00,33711.0,35200,35200,37.0,0.0,946.0,37365.0,4582.0,4200.0,382.0,0.0,2785.0,-223.0,1061.0,-12797.0,20.0,-477,-2900,-3743,-1691,-3223,2.0,35.0,0.0,0.0,101.0,847.0,0.0,2002.0,730.0,54.0,434.0,326.0,301.0,-46.0,2.0,2026,9,7,45,0,Monday,Automne,Jour_de_semaine,7367.0,21.9
France,Données temps réel,2026-09-07,5,2026-09-07 05:00:00,34295.0,35500,35500,37.0,0.0,881.0,37341.0,4728.0,4279.0,449.0,0.0,2800.0,-229.0,1061.0,-12335.0,20.0,711,-2900,-3743,-1140,-4136,2.0,35.0,0.0,0.0,101.0,782.0,0.0,1977.0,771.0,52.0,435.0,324.0,301.0,-25.0,36.0,2026,9,7,0,0,Monday,Automne,Jour_de_semaine,7528.0,22.0
France,Données temps réel,2026-09-07,5,2026-09-07 05:15:00,35287.0,36100,36100,35.0,0.0,756.0,37381.0,4852.0,4394.0,458.0,0.0,2838.0,-57.0,1055.0,-11569.0,19.0,711,-2900,-3743,-1270,-3795,0.0,35.0,0.0,0.0,101.0,656.0,0.0,2011.0,783.0,45.0,433.0,321.0,301.0,-9.0,6.0,2026,9,7,15,0,Monday,Automne,Jour_de_semaine,7690.0,21.8
France,Données temps réel,2026-09-07,5,2026-09-07 05:30:00,35656.0,36700,36700,37.0,0.0,760.0,37404.0,4900.0,4446.0,454.0,0.0,3054.0,-59.0,1057.0,-11496.0,18.0,711,-2900,-3743,-1300,-3839,2.0,35.0,0.0,0.0,101.0,661.0,0.0,2062.0,933.0,59.0,433.0,322.0,301.0,-8.0,8.0,2026,9,7,30,0,Monday,Automne,Jour_de_semaine,7954.0,22.3
France,Données temps réel,2026-09-07,5,2026-09-07 05:45:00,36456.0,37500,37500,37.0,0.0,1557.0,37443.0,4832.0,4348.0,484.0,0.0,3268.0,-62.0,1061.0,-11685.0,25.0,711,-2900,-3743,-1331,-4385,2.0,35.0,0.0,0.0,101.0,1457.0,0.0,2062.0,1056.0,150.0,436.0,324.0,301.0,-13.0,21.0,2026,9,7,45,0,Monday,Automne,Jour_de_semaine,8100.0,22.2
France,Données temps réel,2026-09-07,6,2026-09-07 06:00:00,37696.0,38300,38300,37.0,0.0,2277.0,37450.0,4830.0,4320.0,510.0,0.0,3539.0,-57.0,1068.0,-11440.0,31.0,410,-2900,-3743,-1036,-3951,2.0,35.0,0.0,0.0,101.0,2178.0,0.0,2067.0,1051.0,421.0,440.0,327.0,301.0,-16.0,9.0,2026,9,7,0,0,Monday,Automne,Jour_de_semaine,8369.0,22.2
France,Données temps réel,2026-09-07,6,2026-09-07 06:15:00,38998.0,39100,38800,37.0,0.0,2703.0,37443.0,4670.0,4143.0,526.0,0.0,4558.0,-58.0,1064.0,-11441.0,34.0,410,-2700,-3743,-988,-4015,2.0,35.0,0.0,0.0,101.0,2603.0,0.0,2228.0,1306.0,1024.0,437.0,325.0,301.0,-16.0,39.0,2026,9,7,15,0,Monday,Automne,Jour_de_semaine,9228.0,23.7
France,Données temps réel,2026-09-07,6,2026-09-07 06:30:00,39849.0,39900,39300,37.0,0.0,2760.0,37477.0,4704.0,4123.0,581.0,0.0,5093.0,-25.0,1060.0,-11261.0,34.0,410,-2771,-3743,-1187,-3415,2.0,35.0,0.0,0.0,101.0,2661.0,0.0,2227.0,1367.0,1499.0,432.0,327.0,301.0,-14.0,18.0,2026,9,7,30,0,Monday,Automne,Jour_de_semaine,9797.0,24.6
France,Données temps réel,2026-09-07,6,2026-09-07 06:45:00,40890.0,40600,40000,37.0,0.0,2792.0,37468.0,4718.0,4131.0,587.0,0.0,5721.0,0.0,1058.0,-10918.0,34.0,410,-2529,-3743,-1018,-3616,2.0,35.0,0.0,0.0,101.0,2693.0,0.0,2261.0,1518.0,1941.0,433.0,324.0,301.0,-4.0,20.0,2026,9,7,45,0,Monday,Automne,Jour_de_semaine,10439.0,25.5
France,Données temps réel,2026-09-07,7,2026-09-07 07:00:00,42052.0,41300,40700,37.0,0.0,2864.0,37492.0,4619.0,4064.0,556.0,221.0,6038.0,0.0,1061.0,-10310.0,34.0,250,-1946,-3903,-705,-2880,2.0,35.0,0.0,0.0,101.0,2765.0,0.0,2294.0,1409.0,2335.0,435.0,324.0,301.0,-7.0,39.0,2026,9,7,0,0,Monday,Automne,Jour_de_semaine,10878.0,25.9
France,Données temps réel,2026-09-07,7,2026-09-07 07:15:00,43013.0,42100,42650,37.0,0.0,2868.0,37461.0,4827.0,4286.0,541.0,250.0,6386.0,-1.0,1063.0,-9993.0,34.0,250,-2310,-3863,-704,-2211,2.0,35.0,0.0,26.0,101.0,2741.0,0.0,2389.0,1398.0,2599.0,434.0,327.0,301.0,-15.0,132.0,2026,9,7,15,0,Monday,Automne,Jour_de_semaine,11463.0,26.7
France,Données temps réel,2026-09-07,7,2026-09-07 07:30:00,43723.0,42900,44600,159.0,0.0,3051.0,37501.0,4960.0,4362.0,598.0,333.0,6208.0,0.0,1062.0,-9671.0,37.0,250,-2900,-3806,-473,-1519,124.0,35.0,0.0,160.0,134.0,2757.0,0.0,2423.0,1412.0,2373.0,438.0,323.0,301.0,-23.0,144.0,2026,9,7,30,0,Monday,Automne,Jour_de_semaine,11501.0,26.3
France,Données temps réel,2026-09-07,7,2026-09-07 07:45:00,44574.0,43650,45250,157.0,0.0,3051.0,37506.0,5093.0,4497.0,596.0,585.0,6090.0,0.0,1060.0,-9079.0,37.0,250,-2900,-3751,-240,-763,122.0,35.0,0.0,156.0,134.0,2762.0,0.0,2353.0,1389.0,2347.0,433.0,326.0,301.0,-49.0,161.0,2026,9,7,45,0,Monday,Automne,Jour_de_semaine,11768.0,26.4
France,Données temps réel,2026-09-07,8,2026-09-07 08:00:00,45053.0,44400,45900,157.0,0.0,3093.0,37519.0,4987.0,4416.0,572.0,945.0,5856.0,-1.0,1060.0,-8336.0,37.0,-1470,-1620,-3965,-172,68,122.0,35.0,0.0,156.0,133.0,2804.0,0.0,2353.0,1395.0,2108.0,436.0,322.0,301.0,-237.0,11.0,2026,9,7,0,0,Monday,Automne,Jour_de_semaine,11788.0,26.2
France,Données temps réel,2026-09-07,8,2026-09-07 08:15:00,45734.0,45150,46550,157.0,0.0,3040.0,37486.0,4780.0,4269.0,511.0,1507.0,5601.0,-1.0,1061.0,-8099.0,36.0,-1470,-1947,-3965,-472,918,122.0,35.0,0.0,157.0,134.0,2750.0,0.0,2354.0,1239.0,2007.0,435.0,325.0,301.0,-8.0,210.0,2026,9,7,15,0,Monday,Automne,Jour_de_semaine,11888.0,26.0
France,Données temps réel,2026-09-07,8,2026-09-07 08:30:00,46154.0,45900,47200,156.0,0.0,3037.0,37494.0,4670.0,4176.0,494.0,2178.0,5531.0,0.0,1063.0,-8010.0,36.0,-1470,-1610,-3965,-694,847,121.0,35.0,0.0,157.0,133.0,2746.0,0.0,2397.0,1244.0,1889.0,437.0,324.0,301.0,-9.0,46.0,2026,9,7,30,0,Monday,Automne,Jour_de_semaine,12379.0,26.8
France,Données temps réel,2026-09-07,8,2026-09-07 08:45:00,46980.0,46400,47600,156.0,0.0,3072.0,37495.0,4744.0,4088.0,656.0,3159.0,5241.0,-1.0,1065.0,-7939.0,36.0,-1470,-1111,-3965,-897,664,121.0,35.0,0.0,158.0,134.0,2780.0,0.0,2467.0,1144.0,1630.0,434.0,329.0,301.0,-15.0,5.0,2026,9,7,45,0,Monday,Automne,Jour_de_semaine,13144.0,28.0
France,Données temps réel,2026-09-07,9,2026-09-07 09:00:00,46828.0,46900,48000,57.0,0.0,3023.0,37480.0,4611.0,3987.0,624.0,3837.0,4927.0,-1.0,1062.0,-8122.0,34.0,-3390,-962,-3643,-148,1459,22.0,35.0,0.0,158.0,133.0,2732.0,0.0,2492.0,1107.0,1328.0,432.0,329.0,301.0,-57.0,11.0,2026,9,7,0,0,Monday,Automne,Jour_de_semaine,13375.0,28.6
France,Données temps réel,2026-09-07,9,2026-09-07 09:15:00,47645.0,46900,48550,37.0,0.0,2934.0,37476.0,4611.0,4086.0,525.0,4947.0,4503.0,0.0,1064.0,-7940.0,33.0,-3390,-531,-3922,-319,910,2.0,35.0,0.0,144.0,101.0,2689.0,0.0,2279.0,858.0,1365.0,435.0,327.0,301.0,-9.0,23.0,2026,9,7,15,0,Monday,Automne,Jour_de_semaine,14061.0,29.5
France,Données temps réel,2026-09-07,9,2026-09-07 09:30:00,47361.0,46900,49100,37.0,0.0,2482.0,37456.0,4206.0,3760.0,446.0,5925.0,3993.0,0.0,1058.0,-7818.0,29.0,-3390,450,-3922,-922,770,2.0,35.0,0.0,0.0,101.0,2383.0,0.0,2300.0,845.0,848.0,430.0,326.0,301.0,-4.0,28.0,2026,9,7,30,0,Monday,Automne,Jour_de_semaine,14124.0,29.8
France,Données temps réel,2026-09-07,9,2026-09-07 09:45:00,47943.0,47600,49550,37.0,0.0,2098.0,37362.0,4023.0,3647.0,376.0,6985.0,3814.0,-1.0,1048.0,-7539.0,26.0,-3390,800,-3922,-905,1083,2.0,35.0,0.0,0.0,101.0,1999.0,0.0,2206.0,875.0,733.0,422.0,325.0,301.0,-17.0,134.0,2026,9,7,45,0,Monday,Automne,Jour_de_semaine,14822.0,30.9
France,Données temps réel,2026-09-07,10,2026-09-07 10:00:00,48009.0,48300,50000,37.0,0.0,1716.0,37335.0,3853.0,3403.0,450.0,7965.0,3456.0,0.0,1055.0,-7483.0,23.0,-3696,800,-3922,-1560,1843,2.0,35.0,0.0,0.0,101.0,1617.0,0.0,2170.0,878.0,409.0,425.0,328.0,301.0,-6.0,83.0,2026,9,7,0,0,Monday,Automne,Jour_de_semaine,15274.0,31.8
France,Données temps réel,2026-09-07,10,2026-09-07 10:15:00,48562.0,48450,49950,37.0,0.0,1625.0,37326.0,3886.0,3406.0,480.0,9072.0,3054.0,-163.0,1053.0,-7489.0,22.0,-3696,666,-3922,-1714,1697,2.0,35.0,0.0,0.0,101.0,1526.0,0.0,2081.0,750.0,224.0,425.0,326.0,301.0,-7.0,169.0,2026,9,7,15,0,Monday,Automne,Jour_de_semaine,16012.0,33.0
France,Données temps réel,2026-09-07,10,2026-09-07 10:30:00,48616.0,48600,49900,37.0,0.0,1375.0,37293.0,3785.0,3328.0,458.0,10163.0,2816.0,-171.0,1054.0,-7716.0,20.0,-3696,780,-3922,-1709,1730,2.0,35.0,0.0,0.0,101.0,1276.0,0.0,2078.0,689.0,50.0,425.0,327.0,301.0,-44.0,24.0,2026,9,7,30,0,Monday,Automne,Jour_de_semaine,16764.0,34.5
France,Données temps réel,2026-09-07,10,2026-09-07 10:45:00,49419.0,49050,50100,37.0,0.0,1263.0,37196.0,3729.0,3245.0,484.0,11439.0,2603.0,-675.0,1051.0,-7128.0,19.0,-3696,800,-3922,-1787,1262,2.0,35.0,0.0,0.0,101.0,1164.0,0.0,2038.0,523.0,43.0,423.0,326.0,301.0,-109.0,14.0,2026,9,7,45,0,Monday,Automne,Jour_de_semaine,17771.0,36.0
France,Données temps réel,2026-09-07,11,2026-09-07 11:00:00,49450.0,49500,50300,37.0,0.0,1071.0,37248.0,3713.0,3218.0,495.0,12226.0,2597.0,-844.0,1054.0,-7598.0,17.0,-3776,300,-3922,-2227,1787,2.0,35.0,0.0,0.0,100.0,972.0,0.0,2041.0,517.0,39.0,431.0,322.0,301.0,-61.0,7.0,2026,9,7,0,0,Monday,Automne,Jour_de_semaine,18536.0,37.5
France,Données temps réel,2026-09-07,11,2026-09-07 11:15:00,49719.0,49800,50400,37.0,0.0,1349.0,37260.0,3669.0,3170.0,499.0,13301.0,2582.0,-1005.0,1059.0,-8656.0,19.0,-3776,300,-3922,-2227,1674,2.0,35.0,0.0,0.0,100.0,1251.0,0.0,2024.0,484.0,74.0,433.0,325.0,301.0,-4.0,126.0,2026,9,7,15,0,Monday,Automne,Jour_de_semaine,19552.0,39.3
France,Données temps réel,2026-09-07,11,2026-09-07 11:30:00,49902.0,50100,50500,37.0,0.0,1213.0,37217.0,3592.0,3084.0,508.0,14264.0,2542.0,-1242.0,1051.0,-8722.0,18.0,-3776,300,-3922,-2226,1444,2.0,35.0,0.0,0.0,101.0,1114.0,0.0,1989.0,480.0,73.0,426.0,324.0,301.0,-55.0,6.0,2026,9,7,30,0,Monday,Automne,Jour_de_semaine,20398.0,40.9
France,Données temps réel,2026-09-07,11,2026-09-07 11:45:00,50607.0,50950,51100,37.0,0.0,1241.0,37271.0,3657.0,3155.0,502.0,15076.0,2506.0,-1653.0,1049.0,-8406.0,18.0,-3776,300,-3922,-2216,1367,2.0,35.0,0.0,0.0,101.0,1142.0,0.0,1989.0,465.0,53.0,423.0,324.0,301.0,-176.0,6.0,2026,9,7,45,0,Monday,Automne,Jour_de_semaine,21239.0,42.0
France,Données temps réel,2026-09-07,12,2026-09-07 12:00:00,50905.0,51800,51700,37.0,0.0,1101.0,37163.0,3786.0,3308.0,479.0,15851.0,2474.0,-1724.0,1048.0,-8737.0,17.0,-4028,-700,-3598,-1978,2388,2.0,35.0,0.0,0.0,101.0,1002.0,0.0,1981.0,449.0,44.0,424.0,322.0,301.0,-93.0,0.0,2026,9,7,0,0,Monday,Automne,Jour_de_semaine,22111.0,43.4
France,Données temps réel,2026-09-07,12,2026-09-07 12:15:00,50954.0,51650,51750,37.0,0.0,952.0,37003.0,3802.0,3370.0,432.0,16405.0,2291.0,-1722.0,1048.0,-8623.0,16.0,-4028,-1250,-3598,-1893,2594,2.0,35.0,0.0,0.0,101.0,853.0,0.0,1942.0,318.0,32.0,422.0,324.0,301.0,-239.0,1.0,2026,9,7,15,0,Monday,Automne,Jour_de_semaine,22498.0,44.2
France,Données temps réel,2026-09-07,12,2026-09-07 12:30:00,51247.0,51500,51800,37.0,0.0,853.0,36974.0,3965.0,3544.0,421.0,16804.0,2254.0,-1720.0,1048.0,-8701.0,15.0,-4028,-1301,-3598,-1870,2343,2.0,35.0,0.0,0.0,101.0,754.0,0.0,1921.0,301.0,31.0,424.0,323.0,301.0,-268.0,0.0,2026,9,7,30,0,Monday,Automne,Jour_de_semaine,23023.0,44.9
France,Données temps réel,2026-09-07,12,2026-09-07 12:45:00,51374.0,51700,52000,37.0,0.0,791.0,37080.0,4075.0,3651.0,424.0,17229.0,2305.0,-1721.0,1046.0,-9278.0,14.0,-4028,-1737,-3598,-1873,2339,2.0,35.0,0.0,0.0,101.0,692.0,0.0,1877.0,280.0,148.0,421.0,324.0,301.0,-189.0,0.0,2026,9,7,45,0,Monday,Automne,Jour_de_semaine,23609.0,46.0
France,Données temps réel,2026-09-07,13,2026-09-07 13:00:00,51186.0,51900,52200,37.0,0.0,776.0,37048.0,4161.0,3710.0,451.0,17721.0,2180.0,-1720.0,1046.0,-9811.0,14.0,-4028,-2263,-3598,-2110,2113,2.0,35.0,0.0,0.0,100.0,677.0,0.0,1880.0,166.0,134.0,421.0,324.0,301.0,-251.0,0.0,2026,9,7,0,0,Monday,Automne,Jour_de_semaine,24062.0,47.0
France,Données temps réel,2026-09-07,13,2026-09-07 13:15:00,50672.0,51250,51550,37.0,0.0,755.0,36957.0,4316.0,3857.0,459.0,18060.0,2136.0,-1514.0,1041.0,-10956.0,14.0,-4028,-2400,-3598,-2084,2344,2.0,35.0,0.0,0.0,100.0,656.0,0.0,1866.0,138.0,133.0,417.0,323.0,301.0,-186.0,27.0,2026,9,7,15,0,Monday,Automne,Jour_de_semaine,24512.0,48.4
France,Données temps réel,2026-09-07,13,2026-09-07 13:30:00,50812.0,50600,50900,37.0,0.0,777.0,36835.0,4430.0,3989.0,441.0,18188.0,2079.0,-1511.0,1045.0,-10760.0,14.0,-4028,-2400,-3598,-2072,2144,2.0,35.0,0.0,0.0,100.0,678.0,0.0,1863.0,136.0,80.0,419.0,325.0,301.0,-335.0,29.0,2026,9,7,30,0,Monday,Automne,Jour_de_semaine,24697.0,48.6
France,Données temps réel,2026-09-07,13,2026-09-07 13:45:00,50492.0,50650,50950,37.0,0.0,577.0,36879.0,4644.0,4231.0,413.0,18198.0,2087.0,-1721.0,1042.0,-10903.0,12.0,-4028,-2400,-3598,-2085,2333,2.0,35.0,0.0,0.0,101.0,478.0,0.0,1855.0,139.0,93.0,420.0,321.0,301.0,-348.0,0.0,2026,9,7,45,0,Monday,Automne,Jour_de_semaine,24929.0,49.4
France,Données temps réel,2026-09-07,14,2026-09-07 14:00:00,50992.0,50700,51000,37.0,0.0,511.0,36892.0,4771.0,4384.0,387.0,18255.0,2109.0,-1647.0,1041.0,-10574.0,12.0,-4028,-2400,-3598,-2227,2616,2.0,35.0,0.0,0.0,100.0,413.0,0.0,1847.0,128.0,134.0,418.0,321.0,301.0,-403.0,0.0,2026,9,7,0,0,Monday,Automne,Jour_de_semaine,25135.0,49.3
France,Données temps réel,2026-09-07,14,2026-09-07 14:15:00,51944.0,51350,51650,37.0,0.0,461.0,36913.0,4933.0,4500.0,434.0,18408.0,2037.0,-1650.0,1043.0,-9995.0,12.0,-4028,-2400,-3598,-2227,2110,2.0,35.0,0.0,0.0,101.0,362.0,0.0,1851.0,154.0,32.0,420.0,321.0,301.0,-272.0,32.0,2026,9,7,15,0,Monday,Automne,Jour_de_semaine,25378.0,48.9
France,Données temps réel,2026-09-07,14,2026-09-07 14:30:00,51965.0,52000,52300,37.0,0.0,485.0,37503.0,5029.0,4581.0,448.0,18235.0,1990.0,-1648.0,1047.0,-10608.0,12.0,-4028,-2400,-3598,-2227,2008,2.0,35.0,0.0,0.0,101.0,386.0,0.0,1803.0,156.0,31.0,422.0,323.0,301.0,-182.0,79.0,2026,9,7,30,0,Monday,Automne,Jour_de_semaine,25254.0,48.6
France,Données temps réel,2026-09-07,14,2026-09-07 14:45:00,52152.0,51750,52050,37.0,0.0,524.0,37565.0,5188.0,4731.0,457.0,18267.0,1984.0,-1650.0,1046.0,-10722.0,12.0,-4028,-2400,-3598,-2227,1844,2.0,35.0,0.0,0.0,101.0,425.0,0.0,1799.0,153.0,32.0,422.0,323.0,301.0,-88.0,0.0,2026,9,7,45,0,Monday,Automne,Jour_de_semaine,25439.0,48.8
France,Données temps réel,2026-09-07,15,2026-09-07 15:00:00,51694.0,51500,51800,37.0,0.0,547.0,37504.0,5172.0,4697.0,475.0,17940.0,1963.0,-1647.0,1040.0,-10782.0,12.0,-4028,-2913,-3944,-2227,1836,2.0,35.0,0.0,0.0,101.0,448.0,0.0,1780.0,151.0,31.0,415.0,323.0,301.0,-80.0,0.0,2026,9,7,0,0,Monday,Automne,Jour_de_semaine,25075.0,48.5
France,Données temps réel,2026-09-07,15,2026-09-07 15:15:00,51452.0,51200,51450,36.0,0.0,595.0,37593.0,5656.0,5090.0,566.0,17551.0,2162.0,-1439.0,1031.0,-11692.0,12.0,-4028,-2913,-4009,-2227,1234,1.0,35.0,0.0,0.0,111.0,485.0,0.0,1822.0,260.0,80.0,421.0,309.0,301.0,-47.0,7.0,2026,9,7,15,0,Monday,Automne,Jour_de_semaine,25369.0,49.3
France,Données temps réel,2026-09-07,15,2026-09-07 15:30:00,50538.0,50900,51100,37.0,0.0,617.0,37770.0,5819.0,5266.0,553.0,17224.0,2215.0,-1435.0,1028.0,-12815.0,12.0,-4028,-2241,-4044,-2227,606,2.0,35.0,0.0,0.0,111.0,507.0,0.0,1833.0,245.0,136.0,419.0,308.0,301.0,-4.0,83.0,2026,9,7,30,0,Monday,Automne,Jour_de_semaine,25258.0,50.0
France,Données temps réel,2026-09-07,15,2026-09-07 15:45:00,50462.0,50600,50800,36.0,0.0,689.0,37727.0,6023.0,5541.0,482.0,16710.0,2234.0,-1444.0,1028.0,-12563.0,13.0,-4028,-2180,-4044,-2227,694,1.0,35.0,0.0,0.0,111.0,579.0,0.0,1849.0,247.0,138.0,417.0,310.0,301.0,-4.0,27.0,2026,9,7,45,0,Monday,Automne,Jour_de_semaine,24967.0,49.5
France,Données temps réel,2026-09-07,16,2026-09-07 16:00:00,50382.0,50300,50500,36.0,0.0,703.0,37531.0,6008.0,5582.0,425.0,16348.0,2249.0,-1453.0,1026.0,-12009.0,13.0,-3893,-1328,-4044,-2227,-586,1.0,35.0,0.0,0.0,111.0,593.0,0.0,1877.0,241.0,131.0,414.0,311.0,301.0,-81.0,25.0,2026,9,7,0,0,Monday,Automne,Jour_de_semaine,24605.0,48.8
France,Données temps réel,2026-09-07,16,2026-09-07 16:15:00,49790.0,50100,50300,36.0,0.0,796.0,37122.0,5950.0,5594.0,355.0,15741.0,2628.0,-1451.0,1028.0,-12061.0,14.0,-3893,-1078,-4044,-2227,-413,1.0,35.0,0.0,0.0,110.0,687.0,0.0,1877.0,410.0,340.0,416.0,310.0,301.0,-24.0,27.0,2026,9,7,15,0,Monday,Automne,Jour_de_semaine,24319.0,48.8
France,Données temps réel,2026-09-07,16,2026-09-07 16:30:00,49554.0,49900,50100,36.0,0.0,832.0,37305.0,6063.0,5756.0,307.0,15041.0,2799.0,-1453.0,1028.0,-12111.0,14.0,-3893,-782,-4044,-2227,-1137,1.0,35.0,0.0,0.0,111.0,722.0,0.0,1934.0,499.0,366.0,417.0,310.0,301.0,-13.0,27.0,2026,9,7,30,0,Monday,Automne,Jour_de_semaine,23903.0,48.2
France,Données temps réel,2026-09-07,16,2026-09-07 16:45:00,49232.0,49550,49750,36.0,0.0,912.0,37532.0,6179.0,5821.0,358.0,14193.0,3049.0,-1017.0,1035.0,-12687.0,15.0,-3893,-351,-4044,-2227,-1178,1.0,35.0,0.0,0.0,103.0,810.0,0.0,2015.0,670.0,364.0,425.0,309.0,301.0,-16.0,16.0,2026,9,7,45,0,Monday,Automne,Jour_de_semaine,23421.0,47.6
France,Données temps réel,2026-09-07,17,2026-09-07 17:00:00,49358.0,49200,49400,36.0,0.0,979.0,37477.0,6095.0,5778.0,317.0,13341.0,3338.0,-1037.0,1036.0,-11877.0,15.0,-2136,-1112,-4044,-2227,-1965,1.0,35.0,0.0,0.0,101.0,879.0,0.0,2004.0,719.0,615.0,426.0,309.0,301.0,-55.0,27.0,2026,9,7,0,0,Monday,Automne,Jour_de_semaine,22774.0,46.1
France,Données temps réel,2026-09-07,17,2026-09-07 17:15:00,49459.0,49200,49400,36.0,0.0,950.0,37607.0,5986.0,5651.0,335.0,12402.0,3235.0,-375.0,1036.0,-11410.0,15.0,-2136,-574,-4044,-2227,-2331,1.0,35.0,0.0,0.0,101.0,850.0,0.0,2043.0,783.0,409.0,426.0,309.0,301.0,-14.0,7.0,2026,9,7,15,0,Monday,Automne,Jour_de_semaine,21623.0,43.7
France,Données temps réel,2026-09-07,17,2026-09-07 17:30:00,49340.0,49200,49400,36.0,0.0,1153.0,37956.0,5813.0,5481.0,332.0,11198.0,3786.0,-48.0,1040.0,-11612.0,17.0,-2136,562,-4044,-2170,-2839,1.0,35.0,0.0,0.0,101.0,1053.0,0.0,2074.0,798.0,914.0,428.0,310.0,301.0,-10.0,30.0,2026,9,7,30,0,Monday,Automne,Jour_de_semaine,20797.0,42.2
France,Données temps réel,2026-09-07,17,2026-09-07 17:45:00,49826.0,49400,49600,36.0,0.0,1747.0,38181.0,5788.0,5456.0,332.0,10180.0,4411.0,-48.0,1042.0,-11506.0,21.0,-2136,680,-4044,-2222,-2812,1.0,35.0,0.0,0.0,101.0,1647.0,0.0,2169.0,872.0,1371.0,430.0,311.0,301.0,-17.0,13.0,2026,9,7,45,0,Monday,Automne,Jour_de_semaine,20379.0,40.9
France,Données temps réel,2026-09-07,18,2026-09-07 18:00:00,50610.0,49600,49800,36.0,0.0,1900.0,38312.0,5639.0,5369.0,270.0,9000.0,4627.0,-52.0,1043.0,-9891.0,22.0,-589,800,-4044,-2206,-3364,1.0,35.0,0.0,0.0,101.0,1801.0,0.0,2208.0,902.0,1516.0,428.0,313.0,301.0,-12.0,9.0,2026,9,7,0,0,Monday,Automne,Jour_de_semaine,19266.0,38.1
France,Données temps réel,2026-09-07,18,2026-09-07 18:15:00,50798.0,49900,50050,36.0,0.0,2540.0,38344.0,5386.0,5144.0,242.0,7669.0,4563.0,-57.0,1046.0,-8714.0,27.0,-589,800,-4044,-2167,-2969,1.0,35.0,0.0,0.0,101.0,2440.0,0.0,2266.0,1071.0,1226.0,431.0,314.0,301.0,-16.0,3.0,2026,9,7,15,0,Monday,Automne,Jour_de_semaine,17618.0,34.7
France,Données temps réel,2026-09-07,18,2026-09-07 18:30:00,51316.0,50200,50300,36.0,0.0,3360.0,38849.0,5158.0,4941.0,217.0,6356.0,5510.0,-57.0,1041.0,-9004.0,33.0,-589,800,-4044,-2106,-2138,1.0,35.0,0.0,0.0,101.0,3260.0,0.0,2299.0,1317.0,1894.0,428.0,311.0,301.0,-10.0,78.0,2026,9,7,30,0,Monday,Automne,Jour_de_semaine,17024.0,33.2
France,Données temps réel,2026-09-07,18,2026-09-07 18:45:00,52213.0,50950,51050,36.0,0.0,3429.0,38955.0,4757.0,4576.0,181.0,5162.0,6351.0,-56.0,1042.0,-7868.0,34.0,-589,800,-4044,-2019,-791,1.0,35.0,0.0,0.0,101.0,3329.0,0.0,2416.0,1694.0,2241.0,429.0,312.0,301.0,-14.0,420.0,2026,9,7,45,0,Monday,Automne,Jour_de_semaine,16270.0,31.2
France,Données temps réel,2026-09-07,19,2026-09-07 19:00:00,52468.0,51700,51800,36.0,0.0,3534.0,38989.0,4229.0,4059.0,170.0,3821.0,6668.0,-57.0,1045.0,-5984.0,35.0,1224,1006,-4044,7,-3556,1.0,35.0,0.0,0.0,101.0,3434.0,0.0,2474.0,1714.0,2480.0,431.0,313.0,301.0,-12.0,201.0,2026,9,7,0,0,Monday,Automne,Jour_de_semaine,14718.0,28.1
France,Données temps réel,2026-09-07,19,2026-09-07 19:15:00,52276.0,51450,51550,36.0,0.0,3469.0,38963.0,3831.0,3608.0,223.0,2771.0,6783.0,-29.0,1042.0,-4600.0,36.0,1224,1006,-4044,287,-2931,1.0,35.0,0.0,0.0,101.0,3370.0,0.0,2590.0,1915.0,2277.0,427.0,313.0,301.0,-2.0,14.0,2026,9,7,15,0,Monday,Automne,Jour_de_semaine,13385.0,25.6
France,Données temps réel,2026-09-07,19,2026-09-07 19:30:00,51589.0,51200,51300,36.0,0.0,3430.0,38990.0,3471.0,3166.0,306.0,1826.0,6887.0,-2.0,1043.0,-4101.0,36.0,1224,1005,-4044,370,-2661,1.0,35.0,0.0,0.0,101.0,3331.0,0.0,2635.0,1971.0,2281.0,430.0,312.0,301.0,-5.0,14.0,2026,9,7,30,0,Monday,Automne,Jour_de_semaine,12184.0,23.6
France,Données temps réel,2026-09-07,19,2026-09-07 19:45:00,51182.0,50750,50850,37.0,0.0,3436.0,38967.0,3127.0,2860.0,267.0,1215.0,7159.0,-1.0,1041.0,-3808.0,37.0,1224,-103,-4044,536,-1906,2.0,35.0,0.0,0.0,101.0,3337.0,0.0,2814.0,2041.0,2305.0,429.0,310.0,301.0,-6.0,15.0,2026,9,7,45,0,Monday,Automne,Jour_de_semaine,11501.0,22.5
France,Données temps réel,2026-09-07,20,2026-09-07 20:00:00,50542.0,50300,50400,36.0,0.0,3553.0,38954.0,3004.0,2666.0,338.0,745.0,7485.0,-1.0,1050.0,-4318.0,38.0,1176,-1100,-4044,775,-620,1.0,35.0,0.0,0.0,101.0,3454.0,0.0,2844.0,2123.0,2518.0,434.0,314.0,301.0,-1.0,35.0,2026,9,7,0,0,Monday,Automne,Jour_de_semaine,11234.0,22.2
France,Données temps réel,2026-09-07,20,2026-09-07 20:15:00,50310.0,49450,49500,36.0,0.0,3655.0,38975.0,2912.0,2533.0,379.0,419.0,7578.0,0.0,1053.0,-4640.0,39.0,1176,-2100,-4044,967,-262,1.0,35.0,0.0,0.0,101.0,3556.0,0.0,2954.0,2098.0,2526.0,433.0,318.0,301.0,-26.0,350.0,2026,9,7,15,0,Monday,Automne,Jour_de_semaine,10909.0,21.7
France,Données temps réel,2026-09-07,20,2026-09-07 20:30:00,49800.0,48600,48600,36.0,0.0,3671.0,38976.0,2767.0,2306.0,461.0,260.0,7375.0,0.0,1060.0,-4660.0,39.0,1176,-3145,-4044,1185,-364,1.0,35.0,0.0,0.0,101.0,3571.0,0.0,2929.0,2043.0,2403.0,435.0,323.0,301.0,-29.0,347.0,2026,9,7,30,0,Monday,Automne,Jour_de_semaine,10402.0,20.9
France,Données temps réel,2026-09-07,20,2026-09-07 20:45:00,49485.0,48350,48350,36.0,0.0,3720.0,38990.0,2744.0,2230.0,513.0,230.0,7402.0,-1.0,1059.0,-5040.0,40.0,1176,-3145,-4044,754,-41,1.0,35.0,0.0,0.0,101.0,3620.0,0.0,2917.0,2041.0,2444.0,433.0,325.0,301.0,-27.0,375.0,2026,9,7,45,0,Monday,Automne,Jour_de_semaine,10376.0,21.0
France,Données temps réel,2026-09-07,21,2026-09-07 21:00:00,48693.0,48100,48100,36.0,0.0,3682.0,39019.0,2719.0,2105.0,614.0,227.0,7425.0,0.0,1062.0,-5800.0,39.0,535,-3145,-4044,770,-338,1.0,35.0,0.0,0.0,101.0,3582.0,0.0,2954.0,2061.0,2409.0,434.0,326.0,301.0,-25.0,349.0,2026,9,7,0,0,Monday,Automne,Jour_de_semaine,10371.0,21.3
France,Données temps réel,2026-09-07,21,2026-09-07 21:15:00,48078.0,47500,47900,36.0,0.0,3715.0,39016.0,2769.0,2108.0,662.0,0.0,7401.0,0.0,1054.0,-6265.0,40.0,535,-3145,-4044,833,-596,1.0,35.0,0.0,0.0,101.0,3615.0,0.0,2902.0,2020.0,2479.0,427.0,326.0,301.0,-18.0,370.0,2026,9,7,15,0,Monday,Automne,Jour_de_semaine,10170.0,21.2
France,Données temps réel,2026-09-07,21,2026-09-07 21:30:00,47050.0,46900,47700,37.0,0.0,3709.0,39046.0,2611.0,1953.0,659.0,0.0,6676.0,0.0,1059.0,-6152.0,40.0,535,-3145,-4044,814,-134,2.0,35.0,0.0,0.0,101.0,3609.0,0.0,2774.0,1930.0,1972.0,433.0,324.0,301.0,-14.0,80.0,2026,9,7,30,0,Monday,Automne,Jour_de_semaine,9287.0,19.7
France,Données temps réel,2026-09-07,21,2026-09-07 21:45:00,46252.0,46100,47000,37.0,0.0,3328.0,39041.0,2522.0,1870.0,651.0,0.0,6161.0,0.0,1058.0,-5851.0,38.0,535,-3145,-4044,863,-617,2.0,35.0,0.0,0.0,101.0,3229.0,0.0,2688.0,1634.0,1839.0,431.0,325.0,301.0,-46.0,3.0,2026,9,7,45,0,Monday,Automne,Jour_de_semaine,8683.0,18.8
France,Données temps réel,2026-09-07,22,2026-09-07 22:00:00,45527.0,45300,46300,36.0,0.0,3266.0,39041.0,2474.0,1860.0,614.0,0.0,5959.0,0.0,1057.0,-6255.0,37.0,963,-3145,-4044,-147,922,1.0,35.0,0.0,0.0,101.0,3166.0,0.0,2703.0,1601.0,1654.0,434.0,322.0,301.0,-52.0,1.0,2026,9,7,0,0,Monday,Automne,Jour_de_semaine,8433.0,18.5
France,Données temps réel,2026-09-07,22,2026-09-07 22:15:00,46043.0,45500,46500,37.0,0.0,3654.0,39047.0,2381.0,1864.0,517.0,0.0,5825.0,-1.0,1064.0,-5944.0,41.0,963,-3145,-4044,-17,173,2.0,35.0,0.0,0.0,101.0,3555.0,0.0,2569.0,1613.0,1643.0,438.0,324.0,301.0,-32.0,11.0,2026,9,7,15,0,Monday,Automne,Jour_de_semaine,8206.0,17.8
France,Données temps réel,2026-09-07,22,2026-09-07 22:30:00,45953.0,45700,46700,37.0,0.0,3728.0,39068.0,2438.0,1883.0,555.0,0.0,5805.0,0.0,1066.0,-6215.0,41.0,963,-3145,-4044,-16,1192,2.0,35.0,0.0,0.0,101.0,3629.0,0.0,2512.0,1661.0,1632.0,437.0,328.0,301.0,-3.0,29.0,2026,9,7,30,0,Monday,Automne,Jour_de_semaine,8243.0,17.9
France,Données temps réel,2026-09-07,22,2026-09-07 22:45:00,46805.0,46250,47250,37.0,0.0,3741.0,39075.0,2429.0,1900.0,528.0,0.0,5565.0,-1.0,1067.0,-5101.0,41.0,963,-3145,-4044,-73,752,2.0,35.0,0.0,0.0,101.0,3641.0,0.0,2489.0,1523.0,1553.0,437.0,328.0,301.0,-12.0,8.0,2026,9,7,45,0,Monday,Automne,Jour_de_semaine,7994.0,17.1
France,Données temps réel,2026-09-07,23,2026-09-07 23:00:00,45811.0,46800,47800,37.0,0.0,3627.0,39054.0,2372.0,1891.0,481.0,0.0,5530.0,0.0,1061.0,-5752.0,41.0,1587,-3145,-4044,-865,1011,2.0,35.0,0.0,0.0,101.0,3528.0,0.0,2482.0,1481.0,1567.0,433.0,327.0,301.0,-120.0,3.0,2026,9,7,0,0,Monday,Automne,Jour_de_semaine,7902.0,17.2
France,Données temps réel,2026-09-07,23,2026-09-07 23:15:00,45591.0,46000,47000,37.0,0.0,3441.0,39097.0,2411.0,1942.0,469.0,0.0,5302.0,0.0,1061.0,-5750.0,39.0,1587,-3074,-4044,-941,497,2.0,35.0,0.0,0.0,101.0,3342.0,0.0,2458.0,1389.0,1455.0,436.0,324.0,301.0,-9.0,2.0,2026,9,7,15,0,Monday,Automne,Jour_de_semaine,7713.0,16.9
France,Données temps réel,2026-09-07,23,2026-09-07 23:30:00,44670.0,45200,46200,37.0,0.0,3276.0,39069.0,2272.0,1802.0,470.0,0.0,5239.0,0.0,1061.0,-6224.0,38.0,1587,-3140,-4044,-1150,1341,2.0,35.0,0.0,0.0,101.0,3176.0,0.0,2447.0,1334.0,1459.0,436.0,324.0,301.0,-63.0,3.0,2026,9,7,30,0,Monday,Automne,Jour_de_semaine,7511.0,16.8
France,Données temps réel,2026-09-07,23,2026-09-07 23:45:00,44706.0,44400,45350,37.0,0.0,3003.0,39105.0,2170.0,1733.0,437.0,0.0,4822.0,0.0,1063.0,-5467.0,37.0,1587,-3145,-4044,-1085,980,2.0,35.0,0.0,0.0,101.0,2903.0,0.0,2408.0,1147.0,1267.0,434.0,327.0,301.0,-24.0,0.0,2026,9,7,45,0,Monday,Automne,Jour_de_semaine,6992.0,15.6
France,Données temps réel,2026-09-08,0,2026-09-08 00:00:00,43797.0,43600,44500,37.0,0.0,2772.0,39073.0,2076.0,1650.0,426.0,0.0,4237.0,0.0,1064.0,-5186.0,35.0,2462,-2914,-3909,-1319,1134,2.0,35.0,0.0,0.0,101.0,2672.0,0.0,2389.0,1067.0,781.0,436.0,326.0,301.0,-272.0,0.0,2026,9,8,0,1,Tuesday,Automne,Jour_de_semaine,6313.0,14.4
France,Données temps réel,2026-09-08,0,2026-09-08 00:15:00,43515.0,42900,43350,37.0,0.0,2386.0,39057.0,2049.0,1583.0,466.0,0.0,3638.0,-23.0,1062.0,-4660.0,33.0,2462,-2914,-3909,-1292,1288,2.0,35.0,0.0,0.0,101.0,2286.0,0.0,2239.0,878.0,521.0,434.0,326.0,301.0,-32.0,2.0,2026,9,8,15,1,Tuesday,Automne,Jour_de_semaine,5687.0,13.1
France,Données temps réel,2026-09-08,0,2026-09-08 00:30:00,42493.0,42200,42200,37.0,0.0,1899.0,39000.0,2098.0,1551.0,547.0,0.0,2968.0,-23.0,1057.0,-4530.0,29.0,2462,-2914,-3909,-1300,1521,2.0,35.0,0.0,0.0,101.0,1799.0,0.0,2216.0,666.0,86.0,428.0,327.0,301.0,-13.0,0.0,2026,9,8,30,1,Tuesday,Automne,Jour_de_semaine,5066.0,11.9
France,Données temps réel,2026-09-08,0,2026-09-08 00:45:00,41171.0,41200,41200,37.0,0.0,1007.0,38964.0,2127.0,1507.0,620.0,0.0,2724.0,-33.0,1061.0,-4711.0,21.0,2462,-2914,-3909,-1293,1466,2.0,35.0,0.0,0.0,101.0,908.0,0.0,2171.0,541.0,12.0,433.0,327.0,301.0,-5.0,1.0,2026,9,8,45,1,Tuesday,Automne,Jour_de_semaine,4851.0,11.8
France,Données temps réel,2026-09-08,1,2026-09-08 01:00:00,40789.0,40200,40200,37.0,0.0,701.0,38986.0,2258.0,1527.0,731.0,0.0,2690.0,-197.0,1065.0,-4717.0,19.0,2644,-2914,-3909,-1680,1632,2.0,35.0,0.0,0.0,101.0,602.0,0.0,2110.0,566.0,13.0,437.0,327.0,301.0,-33.0,0.0,2026,9,8,0,1,Tuesday,Automne,Jour_de_semaine,4948.0,12.1
France,Données temps réel,2026-09-08,1,2026-09-08 01:15:00,40956.0,40600,40600,37.0,0.0,666.0,38995.0,2300.0,1503.0,797.0,0.0,2720.0,-193.0,1065.0,-4646.0,18.0,2644,-2914,-3909,-1661,1364,2.0,35.0,0.0,0.0,101.0,566.0,0.0,2100.0,587.0,33.0,436.0,327.0,301.0,-3.0,17.0,2026,9,8,15,1,Tuesday,Automne,Jour_de_semaine,5020.0,12.3
France,Données temps réel,2026-09-08,1,2026-09-08 01:30:00,40388.0,41000,41000,37.0,0.0,668.0,38972.0,2340.0,1549.0,791.0,0.0,2622.0,-196.0,1063.0,-5027.0,18.0,2644,-2914,-3909,-1652,1532,2.0,35.0,0.0,0.0,101.0,568.0,0.0,2045.0,552.0,26.0,435.0,327.0,301.0,-92.0,4.0,2026,9,8,30,1,Tuesday,Automne,Jour_de_semaine,4962.0,12.3
France,Données temps réel,2026-09-08,1,2026-09-08 01:45:00,40170.0,40250,40250,37.0,0.0,644.0,39056.0,2325.0,1584.0,740.0,0.0,2481.0,-194.0,1063.0,-5245.0,18.0,2644,-2914,-3909,-1645,1003,2.0,35.0,0.0,0.0,101.0,544.0,0.0,2001.0,454.0,26.0,435.0,326.0,301.0,-5.0,9.0,2026,9,8,45,1,Tuesday,Automne,Jour_de_semaine,4806.0,12.0
France,Données temps réel,2026-09-08,2,2026-09-08 02:00:00,39361.0,39500,39500,36.0,0.0,639.0,38536.0,2440.0,1672.0,768.0,0.0,2467.0,-197.0,1062.0,-5611.0,18.0,2367,-2914,-3909,-1894,1756,1.0,35.0,0.0,0.0,101.0,539.0,0.0,1974.0,464.0,29.0,434.0,326.0,301.0,-13.0,2.0,2026,9,8,0,1,Tuesday,Automne,Jour_de_semaine,4907.0,12.5
France,Données temps réel,2026-09-08,2,2026-09-08 02:15:00,39223.0,38950,38950,37.0,0.0,677.0,38230.0,2552.0,1699.0,853.0,0.0,2433.0,-198.0,1059.0,-5555.0,19.0,2367,-2914,-3909,-1857,924,2.0,35.0,0.0,0.0,101.0,577.0,0.0,1963.0,441.0,29.0,430.0,327.0,301.0,-15.0,3.0,2026,9,8,15,1,Tuesday,Automne,Jour_de_semaine,4985.0,12.7
France,Données temps réel,2026-09-08,2,2026-09-08 02:30:00,38186.0,38400,38400,37.0,0.0,625.0,38110.0,2677.0,1789.0,888.0,0.0,2391.0,-203.0,1056.0,-6476.0,18.0,2367,-2914,-3909,-1833,403,2.0,35.0,0.0,0.0,101.0,526.0,0.0,1936.0,431.0,24.0,428.0,326.0,301.0,-30.0,0.0,2026,9,8,30,1,Tuesday,Automne,Jour_de_semaine,5068.0,13.3
France,Données temps réel,2026-09-08,2,2026-09-08 02:45:00,37628.0,37750,37750,37.0,0.0,617.0,38154.0,2613.0,1831.0,782.0,0.0,2418.0,-374.0,1060.0,-6857.0,18.0,2367,-2914,-3909,-1831,-375,2.0,35.0,0.0,0.0,101.0,517.0,0.0,1950.0,433.0,36.0,433.0,325.0,301.0,-43.0,4.0,2026,9,8,45,1,Tuesday,Automne,Jour_de_semaine,5031.0,13.4
France,Données temps réel,2026-09-08,3,2026-09-08 03:00:00,37125.0,37100,37100,37.0,0.0,637.0,38162.0,2480.0,1827.0,653.0,0.0,2404.0,-370.0,1061.0,-7219.0,18.0,2615,-2914,-3982,-2180,-800,2.0,35.0,0.0,0.0,101.0,537.0,0.0,1938.0,433.0,33.0,434.0,326.0,301.0,-69.0,3.0,2026,9,8,0,1,Tuesday,Automne,Jour_de_semaine,4884.0,13.2
France,Données temps réel,2026-09-08,3,2026-09-08 03:15:00,36827.0,36850,36850,37.0,0.0,610.0,38038.0,2591.0,1798.0,793.0,0.0,2398.0,-377.0,1055.0,-7409.0,18.0,2615,-2914,-3982,-2187,-1007,2.0,35.0,0.0,0.0,101.0,510.0,0.0,1915.0,444.0,38.0,426.0,327.0,301.0,-114.0,0.0,2026,9,8,15,1,Tuesday,Automne,Jour_de_semaine,4989.0,13.5
France,Données temps réel,2026-09-08,3,2026-09-08 03:30:00,36428.0,36600,36600,37.0,0.0,569.0,38080.0,2639.0,1807.0,832.0,0.0,2446.0,-374.0,1060.0,-7873.0,18.0,2615,-2914,-3982,-2227,-1296,2.0,35.0,0.0,0.0,101.0,469.0,0.0,1912.0,500.0,34.0,430.0,329.0,301.0,-155.0,0.0,2026,9,8,30,1,Tuesday,Automne,Jour_de_semaine,5085.0,14.0
France,Données temps réel,2026-09-08,3,2026-09-08 03:45:00,36340.0,36300,36300,37.0,0.0,567.0,38067.0,2624.0,1863.0,761.0,0.0,2417.0,-374.0,1063.0,-8016.0,18.0,2615,-2914,-3982,-2227,-1269,2.0,35.0,0.0,0.0,101.0,468.0,0.0,1912.0,466.0,39.0,434.0,328.0,301.0,-46.0,3.0,2026,9,8,45,1,Tuesday,Automne,Jour_de_semaine,5041.0,13.9
France,Données temps réel,2026-09-08,4,2026-09-08 04:00:00,36234.0,36000,36000,37.0,0.0,592.0,38128.0,2529.0,1858.0,671.0,0.0,2482.0,-370.0,1060.0,-8134.0,18.0,1877,-2914,-3982,-2216,-970,2.0,35.0,0.0,0.0,101.0,493.0,0.0,1909.0,521.0,53.0,430.0,328.0,301.0,-127.0,38.0,2026,9,8,0,1,Tuesday,Automne,Jour_de_semaine,5011.0,13.8
France,Données temps réel,2026-09-08,4,2026-09-08 04:15:00,36246.0,36050,36050,37.0,0.0,676.0,38094.0,2435.0,1775.0,660.0,0.0,2455.0,-368.0,1065.0,-7972.0,19.0,1877,-2914,-3982,-2178,-904,2.0,35.0,0.0,0.0,101.0,576.0,0.0,1884.0,516.0,54.0,438.0,326.0,301.0,-178.0,2.0,2026,9,8,15,1,Tuesday,Automne,Jour_de_semaine,4890.0,13.5
France,Données temps réel,2026-09-08,4,2026-09-08 04:30:00,35990.0,36100,36100,37.0,0.0,777.0,38172.0,2442.0,1766.0,676.0,0.0,2458.0,-192.0,1061.0,-8539.0,20.0,1877,-2914,-3982,-2152,-859,2.0,35.0,0.0,0.0,101.0,678.0,0.0,1876.0,527.0,55.0,436.0,324.0,301.0,-229.0,3.0,2026,9,8,30,1,Tuesday,Automne,Jour_de_semaine,4900.0,13.6
France,Données temps réel,2026-09-08,4,2026-09-08 04:45:00,36147.0,36500,36500,37.0,0.0,895.0,38129.0,2434.0,1771.0,663.0,0.0,2451.0,-518.0,1056.0,-8087.0,21.0,1877,-2914,-3982,-2164,-861,2.0,35.0,0.0,0.0,101.0,795.0,0.0,1853.0,565.0,33.0,428.0,327.0,301.0,-254.0,6.0,2026,9,8,45,1,Tuesday,Automne,Jour_de_semaine,4885.0,13.5
France,Données temps réel,2026-09-08,5,2026-09-08 05:00:00,36526.0,36900,36900,37.0,0.0,1166.0,38133.0,2463.0,1798.0,665.0,0.0,2470.0,-520.0,1055.0,-7965.0,23.0,2905,-2914,-3982,-1404,-2040,2.0,35.0,0.0,0.0,101.0,1066.0,0.0,1844.0,593.0,33.0,426.0,328.0,301.0,-322.0,10.0,2026,9,8,0,1,Tuesday,Automne,Jour_de_semaine,4933.0,13.5
France,Données temps réel,2026-09-08,5,2026-09-08 05:15:00,37060.0,37350,37350,37.0,0.0,1192.0,38149.0,2480.0,1815.0,665.0,0.0,2660.0,-531.0,1062.0,-7736.0,23.0,2905,-2914,-3982,-1476,-2310,2.0,35.0,0.0,0.0,101.0,1092.0,0.0,1905.0,722.0,33.0,432.0,329.0,301.0,-256.0,5.0,2026,9,8,15,1,Tuesday,Automne,Jour_de_semaine,5140.0,13.9
France,Données temps réel,2026-09-08,5,2026-09-08 05:30:00,37455.0,37800,37800,37.0,0.0,1654.0,38129.0,2576.0,1900.0,676.0,0.0,2704.0,-367.0,1056.0,-8215.0,27.0,2905,-2914,-3982,-1599,-2894,2.0,35.0,0.0,0.0,101.0,1554.0,0.0,1921.0,750.0,33.0,427.0,328.0,301.0,-120.0,3.0,2026,9,8,30,1,Tuesday,Automne,Jour_de_semaine,5280.0,14.1
France,Données temps réel,2026-09-08,5,2026-09-08 05:45:00,38023.0,38600,38600,37.0,0.0,2489.0,38137.0,2646.0,1941.0,705.0,0.0,3044.0,-370.0,1059.0,-9016.0,34.0,2905,-2914,-3982,-1658,-3390,2.0,35.0,0.0,0.0,101.0,2389.0,0.0,2017.0,989.0,38.0,431.0,327.0,301.0,-9.0,6.0,2026,9,8,45,1,Tuesday,Automne,Jour_de_semaine,5690.0,15.0
France,Données temps réel,2026-09-08,6,2026-09-08 06:00:00,38780.0,39400,39400,37.0,0.0,3195.0,38228.0,2697.0,1960.0,737.0,0.0,3237.0,-392.0,1060.0,-9255.0,40.0,2978,-2668,-3982,-1824,-3309,2.0,35.0,0.0,0.0,101.0,3095.0,0.0,2064.0,1091.0,82.0,429.0,330.0,301.0,-28.0,0.0,2026,9,8,0,1,Tuesday,Automne,Jour_de_semaine,5934.0,15.3
France,Données temps réel,2026-09-08,6,2026-09-08 06:15:00,40160.0,40350,40350,37.0,0.0,3236.0,38214.0,2764.0,1959.0,805.0,0.0,3444.0,-66.0,1054.0,-8618.0,40.0,2978,-2221,-3982,-1507,-3707,2.0,35.0,0.0,0.0,101.0,3136.0,0.0,2074.0,1191.0,179.0,425.0,328.0,301.0,-1.0,97.0,2026,9,8,15,1,Tuesday,Automne,Jour_de_semaine,6208.0,15.5
France,Données temps réel,2026-09-08,6,2026-09-08 06:30:00,40981.0,41300,41300,37.0,0.0,3243.0,38245.0,2735.0,1993.0,743.0,0.0,3922.0,-59.0,1056.0,-8236.0,39.0,2978,-2198,-3982,-1507,-3724,2.0,35.0,0.0,0.0,101.0,3143.0,0.0,2075.0,1205.0,642.0,427.0,328.0,301.0,-1.0,41.0,2026,9,8,30,1,Tuesday,Automne,Jour_de_semaine,6657.0,16.2
France,Données temps réel,2026-09-08,6,2026-09-08 06:45:00,42119.0,42000,42000,37.0,0.0,3317.0,38233.0,2700.0,1980.0,719.0,0.0,4902.0,-55.0,1057.0,-8066.0,39.0,2978,-1451,-3982,-1339,-4050,2.0,35.0,0.0,0.0,101.0,3218.0,0.0,2123.0,1729.0,1049.0,428.0,327.0,301.0,-11.0,7.0,2026,9,8,45,1,Tuesday,Automne,Jour_de_semaine,7602.0,18.0
France,Données temps réel,2026-09-08,7,2026-09-08 07:00:00,43196.0,42700,42700,37.0,0.0,3343.0,38231.0,2750.0,2011.0,739.0,213.0,5094.0,-51.0,1054.0,-7486.0,39.0,2076,-2475,-3925,-423,-2788,2.0,35.0,0.0,0.0,101.0,3244.0,0.0,2187.0,1607.0,1301.0,427.0,326.0,301.0,0.0,12.0,2026,9,8,0,1,Tuesday,Automne,Jour_de_semaine,8057.0,18.7
France,Données temps réel,2026-09-08,7,2026-09-08 07:15:00,44079.0,43550,43550,37.0,0.0,3293.0,38225.0,3006.0,2170.0,836.0,243.0,5202.0,-57.0,1048.0,-7343.0,38.0,2076,-2478,-3925,40,-2801,2.0,35.0,0.0,0.0,101.0,3194.0,0.0,2287.0,1640.0,1276.0,424.0,323.0,301.0,0.0,425.0,2026,9,8,15,1,Tuesday,Automne,Jour_de_semaine,8451.0,19.2
France,Données temps réel,2026-09-08,7,2026-09-08 07:30:00,44718.0,44400,44400,37.0,0.0,3272.0,38238.0,3384.0,2335.0,1049.0,335.0,5453.0,-56.0,1043.0,-7390.0,38.0,2076,-2833,-3925,160,-2253,2.0,35.0,0.0,0.0,101.0,3172.0,0.0,2266.0,1541.0,1646.0,421.0,321.0,301.0,-6.0,409.0,2026,9,8,30,1,Tuesday,Automne,Jour_de_semaine,9172.0,20.5
France,Données temps réel,2026-09-08,7,2026-09-08 07:45:00,45405.0,45150,45150,37.0,0.0,3306.0,38244.0,3550.0,2474.0,1075.0,555.0,5390.0,-56.0,1045.0,-7082.0,38.0,2076,-2914,-3925,-409,-923,2.0,35.0,0.0,0.0,101.0,3207.0,0.0,2245.0,1494.0,1651.0,423.0,321.0,301.0,-1.0,416.0,2026,9,8,45,1,Tuesday,Automne,Jour_de_semaine,9495.0,20.9
France,Données temps réel,2026-09-08,8,2026-09-08 08:00:00,45626.0,45900,45900,37.0,0.0,3279.0,38217.0,3752.0,2595.0,1157.0,923.0,5008.0,-57.0,1024.0,-6798.0,37.0,1341,-2018,-3925,1036,-1728,2.0,35.0,0.0,0.0,101.0,3179.0,0.0,2249.0,1480.0,1279.0,417.0,306.0,301.0,-5.0,247.0,2026,9,8,0,1,Tuesday,Automne,Jour_de_semaine,9683.0,21.2
France,Données temps réel,2026-09-08,8,2026-09-08 08:15:00,46435.0,46050,46050,37.0,0.0,3246.0,38193.0,3911.0,2690.0,1221.0,1489.0,4343.0,-2.0,1029.0,-5994.0,37.0,1341,-2914,-3925,1041,-778,2.0,35.0,0.0,0.0,101.0,3146.0,0.0,2098.0,1220.0,1025.0,422.0,306.0,301.0,-10.0,194.0,2026,9,8,15,1,Tuesday,Automne,Jour_de_semaine,9743.0,21.0
France,Données temps réel,2026-09-08,8,2026-09-08 08:30:00,46824.0,46200,46200,36.0,0.0,3132.0,38186.0,4154.0,2830.0,1324.0,2173.0,4021.0,0.0,1023.0,-5990.0,36.0,1341,-2100,-3925,925,-950,1.0,35.0,0.0,0.0,101.0,3033.0,0.0,2082.0,1180.0,758.0,418.0,303.0,301.0,-12.0,102.0,2026,9,8,30,1,Tuesday,Automne,Jour_de_semaine,10348.0,22.1
France,Données temps réel,2026-09-08,8,2026-09-08 08:45:00,47541.0,46600,46600,37.0,0.0,2609.0,37682.0,4283.0,2875.0,1408.0,3143.0,3847.0,0.0,1023.0,-5094.0,31.0,1341,-1100,-3925,835,-1059,2.0,35.0,0.0,0.0,101.0,2510.0,0.0,2030.0,1094.0,724.0,419.0,303.0,301.0,-48.0,60.0,2026,9,8,45,1,Tuesday,Automne,Jour_de_semaine,11273.0,23.7
France,Données temps réel,2026-09-08,9,2026-09-08 09:00:00,47343.0,47000,47000,37.0,0.0,2244.0,37677.0,4415.0,2966.0,1449.0,3874.0,3894.0,-162.0,1019.0,-5521.0,28.0,-3060,0,-3303,-127,-244,2.0,35.0,0.0,0.0,101.0,2144.0,0.0,2032.0,1107.0,755.0,415.0,303.0,301.0,-196.0,63.0,2026,9,8,0,1,Tuesday,Automne,Jour_de_semaine,12183.0,25.7
France,Données temps réel,2026-09-08,9,2026-09-08 09:15:00,47784.0,47100,47400,37.0,0.0,2032.0,37714.0,4505.0,3053.0,1453.0,5049.0,3783.0,-164.0,1021.0,-6231.0,26.0,-3060,190,-3303,-441,-259,2.0,35.0,0.0,0.0,101.0,1933.0,0.0,1970.0,1026.0,787.0,419.0,301.0,301.0,-9.0,46.0,2026,9,8,15,1,Tuesday,Automne,Jour_de_semaine,13337.0,27.9
France,Données temps réel,2026-09-08,9,2026-09-08 09:30:00,48038.0,47200,47800,37.0,0.0,1454.0,37639.0,4616.0,3135.0,1481.0,5919.0,3374.0,-164.0,1025.0,-6086.0,21.0,-3060,518,-3303,-554,-174,2.0,35.0,0.0,0.0,101.0,1354.0,0.0,2029.0,938.0,407.0,420.0,304.0,301.0,-13.0,239.0,2026,9,8,30,1,Tuesday,Automne,Jour_de_semaine,13909.0,29.0
France,Données temps réel,2026-09-08,9,2026-09-08 09:45:00,48299.0,47650,48250,37.0,0.0,1189.0,37647.0,4917.0,3408.0,1509.0,6932.0,3062.0,-164.0,1026.0,-6540.0,19.0,-3060,800,-3303,-650,-827,2.0,35.0,0.0,0.0,101.0,1090.0,0.0,2042.0,822.0,199.0,421.0,304.0,301.0,-9.0,202.0,2026,9,8,45,1,Tuesday,Automne,Jour_de_semaine,14911.0,30.9
France,Données temps réel,2026-09-08,10,2026-09-08 10:00:00,48497.0,48100,48700,37.0,0.0,769.0,37607.0,5289.0,3771.0,1518.0,7901.0,2928.0,-179.0,1010.0,-6935.0,15.0,-4028,800,-3303,-2226,253,2.0,35.0,0.0,0.0,101.0,670.0,0.0,2033.0,854.0,42.0,407.0,301.0,301.0,-13.0,82.0,2026,9,8,0,1,Tuesday,Automne,Jour_de_semaine,16118.0,33.2
France,Données temps réel,2026-09-08,10,2026-09-08 10:15:00,48659.0,48150,48750,36.0,0.0,1076.0,37609.0,5765.0,4267.0,1498.0,9138.0,2888.0,-518.0,1000.0,-8653.0,17.0,-4028,620,-3303,-2227,157,1.0,35.0,0.0,0.0,101.0,976.0,0.0,1993.0,834.0,61.0,395.0,304.0,301.0,-25.0,343.0,2026,9,8,15,1,Tuesday,Automne,Jour_de_semaine,17791.0,36.6
France,Données temps réel,2026-09-08,10,2026-09-08 10:30:00,49007.0,48200,48800,37.0,0.0,838.0,37460.0,6349.0,4833.0,1516.0,10073.0,2839.0,-518.0,1010.0,-9117.0,15.0,-4028,571,-3303,-2227,-542,2.0,35.0,0.0,0.0,101.0,739.0,0.0,2015.0,782.0,42.0,406.0,302.0,301.0,-31.0,67.0,2026,9,8,30,1,Tuesday,Automne,Jour_de_semaine,19261.0,39.3
France,Données temps réel,2026-09-08,10,2026-09-08 10:45:00,49669.0,48350,48950,37.0,0.0,836.0,37316.0,7107.0,5515.0,1592.0,10926.0,2720.0,-519.0,1010.0,-9755.0,15.0,-4028,75,-3303,-2227,-652,2.0,35.0,0.0,0.0,101.0,736.0,0.0,2002.0,667.0,51.0,407.0,302.0,301.0,-25.0,16.0,2026,9,8,45,1,Tuesday,Automne,Jour_de_semaine,20753.0,41.8
France,Données temps réel,2026-09-08,11,2026-09-08 11:00:00,49909.0,48500,49100,37.0,0.0,791.0,37188.0,7565.0,5945.0,1621.0,11616.0,2651.0,-678.0,1018.0,-10250.0,14.0,-4028,-301,-3303,-2227,-135,2.0,35.0,0.0,0.0,101.0,692.0,0.0,2012.0,608.0,30.0,417.0,300.0,301.0,-35.0,6.0,2026,9,8,0,1,Tuesday,Automne,Jour_de_semaine,21832.0,43.7
France,Données temps réel,2026-09-08,11,2026-09-08 11:15:00,50469.0,48750,49350,37.0,0.0,772.0,36546.0,8306.0,6674.0,1632.0,12473.0,2495.0,-917.0,1019.0,-10183.0,14.0,-4028,-478,-3303,-2227,-658,2.0,35.0,0.0,0.0,102.0,672.0,0.0,1931.0,534.0,30.0,417.0,301.0,301.0,-80.0,0.0,2026,9,8,15,1,Tuesday,Automne,Jour_de_semaine,23274.0,46.1
France,Données temps réel,2026-09-08,11,2026-09-08 11:30:00,50423.0,49000,49600,37.0,0.0,845.0,36253.0,8663.0,7107.0,1556.0,13173.0,2505.0,-911.0,1019.0,-11100.0,14.0,-4028,-927,-3303,-2227,-659,2.0,35.0,0.0,0.0,110.0,737.0,0.0,1916.0,538.0,51.0,416.0,302.0,301.0,-61.0,0.0,2026,9,8,30,1,Tuesday,Automne,Jour_de_semaine,24341.0,48.3
France,Données temps réel,2026-09-08,11,2026-09-08 11:45:00,51145.0,49900,51000,37.0,0.0,799.0,36108.0,9562.0,7942.0,1620.0,13768.0,2427.0,-912.0,1023.0,-11597.0,14.0,-4028,-1184,-3303,-2227,-1014,2.0,35.0,0.0,0.0,110.0,690.0,0.0,1877.0,500.0,51.0,420.0,301.0,301.0,-71.0,1.0,2026,9,8,45,1,Tuesday,Automne,Jour_de_semaine,25757.0,50.4
France,Données temps réel,2026-09-08,12,2026-09-08 12:00:00,51550.0,50800,52400,37.0,0.0,762.0,35870.0,9929.0,8298.0,1632.0,14095.0,2357.0,-982.0,1025.0,-11458.0,13.0,-4028,-471,-3763,-2227,-585,2.0,35.0,0.0,0.0,111.0,652.0,0.0,1846.0,482.0,29.0,418.0,305.0,301.0,-84.0,0.0,2026,9,8,0,1,Tuesday,Automne,Jour_de_semaine,26381.0,51.2
France,Données temps réel,2026-09-08,12,2026-09-08 12:15:00,51160.0,50500,52000,37.0,0.0,542.0,35488.0,10369.0,8822.0,1547.0,14437.0,2353.0,-1564.0,1017.0,-11362.0,12.0,-4028,-571,-3763,-2227,-591,2.0,35.0,0.0,0.0,101.0,442.0,0.0,1831.0,492.0,31.0,412.0,304.0,301.0,-156.0,0.0,2026,9,8,15,1,Tuesday,Automne,Jour_de_semaine,27159.0,53.1
France,Données temps réel,2026-09-08,12,2026-09-08 12:30:00,51370.0,50200,51600,36.0,0.0,548.0,35331.0,10931.0,9258.0,1673.0,14669.0,2374.0,-1564.0,1017.0,-11650.0,12.0,-4028,-994,-3763,-2227,-385,1.0,35.0,0.0,0.0,95.0,455.0,0.0,1846.0,499.0,30.0,413.0,303.0,301.0,-321.0,0.0,2026,9,8,30,1,Tuesday,Automne,Jour_de_semaine,27974.0,54.5
France,Données temps réel,2026-09-08,12,2026-09-08 12:45:00,51140.0,50850,52100,37.0,0.0,531.0,35333.0,11251.0,9548.0,1704.0,14685.0,2422.0,-1723.0,1021.0,-12122.0,12.0,-4028,-1327,-3763,-2227,-613,2.0,35.0,0.0,0.0,104.0,428.0,0.0,1890.0,502.0,30.0,417.0,303.0,301.0,-296.0,0.0,2026,9,8,45,1,Tuesday,Automne,Jour_de_semaine,28358.0,55.5
France,Données temps réel,2026-09-08,13,2026-09-08 13:00:00,50869.0,51500,52600,37.0,0.0,477.0,35352.0,11451.0,9808.0,1643.0,14988.0,2464.0,-1720.0,1019.0,-12902.0,11.0,-4028,-982,-3982,-2227,-1054,2.0,35.0,0.0,0.0,106.0,373.0,0.0,1910.0,522.0,31.0,415.0,303.0,301.0,-297.0,0.0,2026,9,8,0,1,Tuesday,Automne,Jour_de_semaine,28903.0,56.8
France,Données temps réel,2026-09-08,13,2026-09-08 13:15:00,51032.0,50450,51550,37.0,0.0,290.0,34206.0,11716.0,10110.0,1605.0,15181.0,2332.0,-1722.0,1017.0,-11894.0,10.0,-4028,-1486,-3982,-2227,-1252,2.0,35.0,0.0,0.0,95.0,196.0,0.0,1881.0,439.0,12.0,411.0,305.0,301.0,-131.0,1.0,2026,9,8,15,1,Tuesday,Automne,Jour_de_semaine,29229.0,57.3
France,Données temps réel,2026-09-08,13,2026-09-08 13:30:00,50462.0,49400,50500,37.0,0.0,215.0,33979.0,12014.0,10467.0,1547.0,15526.0,2329.0,-1651.0,1013.0,-12881.0,10.0,-4028,-1695,-3982,-2227,-1435,2.0,35.0,0.0,0.0,95.0,121.0,0.0,1876.0,440.0,12.0,410.0,302.0,301.0,-121.0,2.0,2026,9,8,30,1,Tuesday,Automne,Jour_de_semaine,29869.0,59.2
France,Données temps réel,2026-09-08,13,2026-09-08 13:45:00,50255.0,49650,50750,37.0,0.0,224.0,33969.0,12546.0,10882.0,1664.0,15021.0,2336.0,-1652.0,1015.0,-13119.0,10.0,-4028,-1485,-3982,-2227,-1639,2.0,35.0,0.0,0.0,95.0,130.0,0.0,1847.0,433.0,56.0,414.0,300.0,301.0,-122.0,2.0,2026,9,8,45,1,Tuesday,Automne,Jour_de_semaine,29903.0,59.5
France,Données temps réel,2026-09-08,14,2026-09-08 14:00:00,51222.0,49900,51000,37.0,0.0,228.0,33991.0,13043.0,11180.0,1863.0,15493.0,2292.0,-1651.0,1017.0,-13108.0,10.0,-4028,-1742,-4030,-2207,-1326,2.0,35.0,0.0,0.0,106.0,124.0,0.0,1814.0,432.0,46.0,414.0,301.0,301.0,-123.0,4.0,2026,9,8,0,1,Tuesday,Automne,Jour_de_semaine,30828.0,60.2
France,Données temps réel,2026-09-08,14,2026-09-08 14:15:00,52043.0,50750,51850,36.0,0.0,237.0,34632.0,13185.0,11329.0,1857.0,15427.0,2203.0,-1655.0,1024.0,-13213.0,10.0,-4028,-1913,-4030,-2227,-1427,1.0,35.0,0.0,0.0,98.0,141.0,0.0,1764.0,382.0,57.0,414.0,308.0,301.0,-21.0,191.0,2026,9,8,15,1,Tuesday,Automne,Jour_de_semaine,30815.0,59.2
France,Données temps réel,2026-09-08,14,2026-09-08 14:30:00,51717.0,51600,52700,37.0,0.0,226.0,34739.0,13275.0,11422.0,1853.0,15059.0,2258.0,-1648.0,1027.0,-13252.0,9.0,-4028,-2018,-4030,-2227,-1356,2.0,35.0,0.0,0.0,95.0,132.0,0.0,1767.0,433.0,58.0,415.0,310.0,301.0,-31.0,28.0,2026,9,8,30,1,Tuesday,Automne,Jour_de_semaine,30592.0,59.2
France,Données temps réel,2026-09-08,14,2026-09-08 14:45:00,51985.0,50950,52050,37.0,0.0,214.0,34363.0,13131.0,11255.0,1876.0,15141.0,2381.0,-1414.0,1031.0,-12974.0,10.0,-4028,-1983,-4030,-2227,-1403,2.0,35.0,0.0,0.0,95.0,120.0,0.0,1793.0,542.0,46.0,416.0,314.0,301.0,-26.0,102.0,2026,9,8,45,1,Tuesday,Automne,Jour_de_semaine,30653.0,59.0
France,Données temps réel,2026-09-08,15,2026-09-08 15:00:00,51067.0,50300,51400,37.0,0.0,212.0,34320.0,13292.0,11414.0,1878.0,14618.0,2348.0,-1415.0,1026.0,-13131.0,10.0,-4028,-2641,-4044,-2227,-934,2.0,35.0,0.0,0.0,95.0,118.0,0.0,1739.0,566.0,43.0,410.0,314.0,301.0,-257.0,19.0,2026,9,8,0,1,Tuesday,Automne,Jour_de_semaine,30258.0,59.3
France,Données temps réel,2026-09-08,15,2026-09-08 15:15:00,50546.0,50150,50750,37.0,0.0,226.0,34764.0,13360.0,11458.0,1902.0,14421.0,2298.0,-1413.0,1032.0,-14059.0,10.0,-4028,-2152,-4044,-2227,-1417,2.0,35.0,0.0,0.0,95.0,132.0,0.0,1699.0,585.0,13.0,419.0,312.0,301.0,-134.0,14.0,2026,9,8,15,1,Tuesday,Automne,Jour_de_semaine,30079.0,59.5
France,Données temps réel,2026-09-08,15,2026-09-08 15:30:00,49912.0,50000,50100,37.0,0.0,369.0,34677.0,13711.0,11804.0,1906.0,13772.0,2258.0,-1438.0,1038.0,-14402.0,11.0,-4028,-2135,-4044,-2227,-1474,2.0,35.0,0.0,0.0,107.0,263.0,0.0,1703.0,542.0,13.0,423.0,314.0,301.0,-155.0,45.0,2026,9,8,30,1,Tuesday,Automne,Jour_de_semaine,29741.0,59.6
France,Données temps réel,2026-09-08,15,2026-09-08 15:45:00,50151.0,49550,49650,37.0,0.0,495.0,34766.0,14064.0,12149.0,1915.0,13369.0,2218.0,-1713.0,1040.0,-14040.0,11.0,-4028,-2055,-4044,-2227,-1614,2.0,35.0,0.0,0.0,107.0,389.0,0.0,1715.0,490.0,12.0,423.0,316.0,301.0,-104.0,19.0,2026,9,8,45,1,Tuesday,Automne,Jour_de_semaine,29651.0,59.1
France,Données temps réel,2026-09-08,16,2026-09-08 16:00:00,49528.0,49100,49200,36.0,0.0,599.0,34633.0,13940.0,12333.0,1607.0,12690.0,2242.0,-1718.0,1045.0,-13912.0,12.0,-3978,-1978,-4044,-2227,-1974,1.0,35.0,0.0,0.0,95.0,505.0,0.0,1741.0,488.0,12.0,427.0,317.0,301.0,-31.0,5.0,2026,9,8,0,1,Tuesday,Automne,Jour_de_semaine,28872.0,58.3
France,Données temps réel,2026-09-08,16,2026-09-08 16:15:00,49183.0,48850,48950,37.0,0.0,525.0,35694.0,14508.0,12704.0,1804.0,11992.0,2347.0,-1710.0,1040.0,-14850.0,12.0,-3978,-1206,-4044,-2227,-2342,2.0,35.0,0.0,0.0,95.0,431.0,0.0,1761.0,553.0,33.0,421.0,317.0,301.0,-398.0,0.0,2026,9,8,15,1,Tuesday,Automne,Jour_de_semaine,28847.0,58.7
France,Données temps réel,2026-09-08,16,2026-09-08 16:30:00,49294.0,48600,48700,37.0,0.0,532.0,35852.0,14532.0,12731.0,1801.0,11243.0,2382.0,-1713.0,1043.0,-14450.0,12.0,-3978,-925,-4044,-2227,-2384,2.0,35.0,0.0,0.0,95.0,438.0,0.0,1791.0,551.0,40.0,424.0,317.0,301.0,-166.0,3.0,2026,9,8,30,1,Tuesday,Automne,Jour_de_semaine,28157.0,57.1
France,Données temps réel,2026-09-08,16,2026-09-08 16:45:00,49422.0,48400,48500,37.0,0.0,507.0,35923.0,14571.0,12751.0,1820.0,10518.0,2470.0,-1474.0,1043.0,-14052.0,12.0,-3978,-679,-4044,-2227,-2355,2.0,35.0,0.0,0.0,95.0,413.0,0.0,1789.0,594.0,86.0,424.0,317.0,301.0,-122.0,3.0,2026,9,8,45,1,Tuesday,Automne,Jour_de_semaine,27559.0,55.8
France,Données temps réel,2026-09-08,17,2026-09-08 17:00:00,49659.0,48200,48300,37.0,0.0,508.0,35577.0,14864.0,13031.0,1834.0,9835.0,2519.0,-1483.0,1045.0,-13121.0,12.0,-3328,-717,-4044,-2227,-2823,2.0,35.0,0.0,0.0,95.0,414.0,0.0,1770.0,672.0,77.0,425.0,319.0,301.0,-124.0,1.0,2026,9,8,0,1,Tuesday,Automne,Jour_de_semaine,27218.0,54.8
France,Données temps réel,2026-09-08,17,2026-09-08 17:15:00,49466.0,48250,48400,37.0,0.0,431.0,36118.0,14954.0,13098.0,1855.0,8869.0,2661.0,-1470.0,1046.0,-13063.0,11.0,-3328,312,-4044,-2225,-3231,2.0,35.0,0.0,0.0,95.0,337.0,0.0,1769.0,804.0,88.0,424.0,320.0,301.0,-117.0,2.0,2026,9,8,15,1,Tuesday,Automne,Jour_de_semaine,26484.0,53.5
France,Données temps réel,2026-09-08,17,2026-09-08 17:30:00,49264.0,48300,48500,37.0,0.0,612.0,36225.0,14861.0,13023.0,1838.0,7804.0,2602.0,-1399.0,1041.0,-12465.0,13.0,-3328,748,-4044,-2227,-3511,2.0,35.0,0.0,0.0,103.0,511.0,0.0,1779.0,715.0,107.0,423.0,317.0,301.0,-60.0,7.0,2026,9,8,30,1,Tuesday,Automne,Jour_de_semaine,25267.0,51.3
France,Données temps réel,2026-09-08,17,2026-09-08 17:45:00,49619.0,48850,49100,37.0,0.0,831.0,36278.0,14730.0,12870.0,1860.0,6937.0,2967.0,-1065.0,1045.0,-12415.0,14.0,-3328,500,-4044,-2225,-3412,2.0,35.0,0.0,0.0,107.0,725.0,0.0,1783.0,902.0,282.0,426.0,318.0,301.0,-2.0,275.0,2026,9,8,45,1,Tuesday,Automne,Jour_de_semaine,24634.0,49.6
France,Données temps réel,2026-09-08,18,2026-09-08 18:00:00,49565.0,49400,49700,37.0,0.0,1297.0,36864.0,14512.0,12611.0,1901.0,6022.0,3296.0,-1085.0,1039.0,-12422.0,17.0,-2739,498,-4044,-2227,-4605,2.0,35.0,0.0,0.0,107.0,1190.0,0.0,1795.0,1065.0,436.0,417.0,321.0,301.0,-4.0,11.0,2026,9,8,0,1,Tuesday,Automne,Jour_de_semaine,23830.0,48.1
France,Données temps réel,2026-09-08,18,2026-09-08 18:15:00,49902.0,49600,49950,37.0,0.0,1714.0,37546.0,14212.0,12313.0,1899.0,4988.0,3738.0,-439.0,1038.0,-13048.0,20.0,-2739,499,-4044,-2216,-4628,2.0,35.0,0.0,0.0,109.0,1607.0,0.0,1881.0,1213.0,644.0,416.0,321.0,301.0,-5.0,121.0,2026,9,8,15,1,Tuesday,Automne,Jour_de_semaine,22938.0,46.0
France,Données temps réel,2026-09-08,18,2026-09-08 18:30:00,50384.0,49800,50200,37.0,0.0,2378.0,37979.0,13950.0,12051.0,1899.0,4173.0,3741.0,-44.0,1043.0,-13231.0,25.0,-2739,499,-4044,-2227,-4587,2.0,35.0,0.0,0.0,108.0,2271.0,0.0,1878.0,1217.0,646.0,421.0,321.0,301.0,-1.0,360.0,2026,9,8,30,1,Tuesday,Automne,Jour_de_semaine,21864.0,43.4
France,Données temps réel,2026-09-08,18,2026-09-08 18:45:00,51179.0,50250,50700,37.0,0.0,2699.0,38364.0,13867.0,11959.0,1908.0,3413.0,4759.0,-50.0,1040.0,-13070.0,26.0,-2739,498,-4044,-2227,-4161,2.0,35.0,0.0,0.0,109.0,2592.0,0.0,2087.0,1655.0,1017.0,416.0,323.0,301.0,-4.0,124.0,2026,9,8,45,1,Tuesday,Automne,Jour_de_semaine,22039.0,43.1
France,Données temps réel,2026-09-08,19,2026-09-08 19:00:00,51356.0,50700,51200,37.0,0.0,2672.0,38454.0,13580.0,11668.0,1912.0,2650.0,5200.0,-55.0,1042.0,-12317.0,27.0,-464,934,-4044,-2227,-3967,2.0,35.0,0.0,0.0,109.0,2564.0,0.0,2115.0,1634.0,1451.0,420.0,320.0,301.0,-4.0,98.0,2026,9,8,0,1,Tuesday,Automne,Jour_de_semaine,21430.0,41.7
France,Données temps réel,2026-09-08,19,2026-09-08 19:15:00,51672.0,50400,50900,37.0,0.0,2481.0,38584.0,13198.0,11326.0,1871.0,1964.0,4765.0,-57.0,1037.0,-10302.0,26.0,-464,1000,-4044,-2151,-3976,2.0,35.0,0.0,0.0,97.0,2385.0,0.0,2238.0,1552.0,975.0,416.0,320.0,301.0,-34.0,0.0,2026,9,8,15,1,Tuesday,Automne,Jour_de_semaine,19927.0,38.6
France,Données temps réel,2026-09-08,19,2026-09-08 19:30:00,51189.0,50100,50600,37.0,0.0,2487.0,38764.0,12932.0,11091.0,1840.0,1353.0,4731.0,-56.0,1044.0,-10087.0,26.0,-464,1000,-4044,-1999,-3965,2.0,35.0,0.0,0.0,96.0,2392.0,0.0,2300.0,1595.0,836.0,423.0,320.0,301.0,-15.0,0.0,2026,9,8,30,1,Tuesday,Automne,Jour_de_semaine,19016.0,37.1
France,Données temps réel,2026-09-08,19,2026-09-08 19:45:00,50463.0,49650,50150,37.0,0.0,2555.0,38784.0,12623.0,10772.0,1851.0,940.0,4806.0,-57.0,1057.0,-10273.0,27.0,-464,500,-4044,-1985,-3988,2.0,35.0,0.0,0.0,97.0,2460.0,0.0,2333.0,1637.0,836.0,431.0,325.0,301.0,-13.0,4.0,2026,9,8,45,1,Tuesday,Automne,Jour_de_semaine,18369.0,36.4
France,Données temps réel,2026-09-08,20,2026-09-08 20:00:00,50206.0,49200,49700,37.0,0.0,2558.0,38679.0,12510.0,10683.0,1827.0,617.0,5323.0,-57.0,1051.0,-10507.0,27.0,431,-491,-4044,-1033,-4287,2.0,35.0,0.0,0.0,109.0,2450.0,0.0,2328.0,1674.0,1321.0,427.0,322.0,301.0,-9.0,5.0,2026,9,8,0,1,Tuesday,Automne,Jour_de_semaine,18450.0,36.7
France,Données temps réel,2026-09-08,20,2026-09-08 20:15:00,49925.0,48550,49000,37.0,0.0,2608.0,38787.0,12291.0,10520.0,1771.0,399.0,5009.0,-57.0,1045.0,-10478.0,28.0,431,-1114,-4044,-1018,-4296,2.0,35.0,0.0,0.0,104.0,2506.0,0.0,2359.0,1590.0,1060.0,421.0,323.0,301.0,-19.0,305.0,2026,9,8,15,1,Tuesday,Automne,Jour_de_semaine,17699.0,35.5
France,Données temps réel,2026-09-08,20,2026-09-08 20:30:00,49456.0,47900,48300,37.0,0.0,2642.0,38844.0,12148.0,10344.0,1804.0,272.0,5001.0,-48.0,1050.0,-10855.0,28.0,431,-1253,-4022,-1006,-4324,2.0,35.0,0.0,0.0,109.0,2534.0,0.0,2382.0,1717.0,901.0,427.0,322.0,301.0,-2.0,367.0,2026,9,8,30,1,Tuesday,Automne,Jour_de_semaine,17421.0,35.2
France,Données temps réel,2026-09-08,20,2026-09-08 20:45:00,48851.0,47650,48050,37.0,0.0,2636.0,38827.0,11642.0,9786.0,1856.0,245.0,5010.0,0.0,1048.0,-10974.0,28.0,431,-1913,-3727,-991,-4328,2.0,35.0,0.0,0.0,109.0,2529.0,0.0,2362.0,1567.0,1081.0,427.0,320.0,301.0,-5.0,385.0,2026,9,8,45,1,Tuesday,Automne,Jour_de_semaine,16897.0,34.6
France,Données temps réel,2026-09-08,21,2026-09-08 21:00:00,48350.0,47400,47800,37.0,0.0,2625.0,38863.0,11475.0,9579.0,1896.0,241.0,5249.0,-2.0,1051.0,-11566.0,28.0,-211,-1141,-4022,-1079,-5094,2.0,35.0,0.0,0.0,109.0,2517.0,0.0,2356.0,1603.0,1290.0,428.0,321.0,301.0,-3.0,381.0,2026,9,8,0,1,Tuesday,Automne,Jour_de_semaine,16965.0,35.1
France,Données temps réel,2026-09-08,21,2026-09-08 21:15:00,47707.0,46900,47300,37.0,0.0,2627.0,38872.0,11012.0,9059.0,1953.0,0.0,5045.0,0.0,1047.0,-11335.0,28.0,-211,-1747,-4044,-1069,-4567,2.0,35.0,0.0,0.0,109.0,2520.0,0.0,2240.0,1558.0,1247.0,425.0,321.0,301.0,-8.0,411.0,2026,9,8,15,1,Tuesday,Automne,Jour_de_semaine,16057.0,33.7
France,Données temps réel,2026-09-08,21,2026-09-08 21:30:00,46598.0,46400,46800,36.0,0.0,2652.0,38873.0,10767.0,8853.0,1914.0,0.0,4749.0,-2.0,1045.0,-11822.0,29.0,-211,-2138,-4044,-1091,-3260,1.0,35.0,0.0,0.0,109.0,2545.0,0.0,2212.0,1558.0,978.0,423.0,321.0,301.0,-9.0,310.0,2026,9,8,30,1,Tuesday,Automne,Jour_de_semaine,15516.0,33.3
France,Données temps réel,2026-09-08,21,2026-09-08 21:45:00,45984.0,45700,46100,37.0,0.0,2625.0,38498.0,10362.0,8531.0,1830.0,0.0,4372.0,-1.0,1041.0,-11022.0,29.0,-211,-2165,-4044,-1199,-3313,2.0,35.0,0.0,0.0,109.0,2518.0,0.0,2156.0,1287.0,929.0,421.0,318.0,301.0,-3.0,76.0,2026,9,8,45,1,Tuesday,Automne,Jour_de_semaine,14734.0,32.0
France,Données temps réel,2026-09-08,22,2026-09-08 22:00:00,45592.0,45000,45400,37.0,0.0,2629.0,38052.0,9813.0,8109.0,1704.0,0.0,4142.0,-1.0,1036.0,-10157.0,30.0,947,-1741,-4029,-1964,-1892,2.0,35.0,0.0,0.0,108.0,2523.0,0.0,2174.0,1124.0,843.0,412.0,323.0,301.0,-21.0,63.0,2026,9,8,0,1,Tuesday,Automne,Jour_de_semaine,13955.0,30.6
France,Données temps réel,2026-09-08,22,2026-09-08 22:15:00,45946.0,45250,45600,37.0,0.0,2600.0,38010.0,8940.0,7287.0,1653.0,0.0,4574.0,-2.0,1034.0,-9248.0,30.0,947,-1751,-4029,-2084,-1876,2.0,35.0,0.0,0.0,109.0,2492.0,0.0,2152.0,1109.0,1313.0,409.0,323.0,301.0,-22.0,23.0,2026,9,8,15,1,Tuesday,Automne,Jour_de_semaine,13514.0,29.4
France,Données temps réel,2026-09-08,22,2026-09-08 22:30:00,45619.0,45500,45800,37.0,0.0,2583.0,38032.0,8495.0,6881.0,1614.0,0.0,4436.0,0.0,1029.0,-8986.0,30.0,947,-1206,-3979,-1075,-2539,2.0,35.0,0.0,0.0,109.0,2475.0,0.0,2151.0,1076.0,1208.0,407.0,320.0,301.0,-10.0,4.0,2026,9,8,30,1,Tuesday,Automne,Jour_de_semaine,12931.0,28.3
France,Données temps réel,2026-09-08,22,2026-09-08 22:45:00,46058.0,46000,46300,37.0,0.0,2737.0,38039.0,7824.0,6336.0,1488.0,0.0,4408.0,-2.0,1027.0,-8007.0,31.0,947,-2254,-3741,-1404,-1518,2.0,35.0,0.0,0.0,109.0,2629.0,0.0,2154.0,1012.0,1242.0,403.0,322.0,301.0,-4.0,2.0,2026,9,8,45,1,Tuesday,Automne,Jour_de_semaine,12232.0,26.6
France,Données temps réel,2026-09-08,23,2026-09-08 23:00:00,45375.0,46500,46800,36.0,0.0,2742.0,38033.0,7531.0,6271.0,1260.0,0.0,4354.0,0.0,1026.0,-8340.0,32.0,1852,-2663,-3817,-1820,-936,1.0,35.0,0.0,0.0,109.0,2634.0,0.0,2175.0,949.0,1230.0,400.0,324.0,301.0,-8.0,2.0,2026,9,8,0,1,Tuesday,Automne,Jour_de_semaine,11885.0,26.2
France,Données temps réel,2026-09-08,23,2026-09-08 23:15:00,45220.0,45550,45900,36.0,0.0,2767.0,37981.0,7339.0,6026.0,1313.0,0.0,4039.0,-1.0,1027.0,-7931.0,32.0,1852,-2400,-3815,-1856,-991,1.0,35.0,0.0,0.0,97.0,2671.0,0.0,2149.0,790.0,1100.0,403.0,323.0,301.0,-38.0,1.0,2026,9,8,15,1,Tuesday,Automne,Jour_de_semaine,11378.0,25.2
France,Données temps réel,2026-09-08,23,2026-09-08 23:30:00,44343.0,44600,45000,37.0,0.0,2466.0,37980.0,6985.0,5758.0,1227.0,0.0,3281.0,0.0,1031.0,-7342.0,31.0,1852,-2400,-3817,-1945,-353,2.0,35.0,0.0,0.0,97.0,2371.0,0.0,2168.0,561.0,551.0,408.0,322.0,301.0,-94.0,0.0,2026,9,8,30,1,Tuesday,Automne,Jour_de_semaine,10266.0,23.2
France,Données temps réel,2026-09-08,23,2026-09-08 23:45:00,44246.0,44300,44250,37.0,0.0,2461.0,37964.0,6835.0,5636.0,1199.0,0.0,3261.0,-1.0,1031.0,-7290.0,31.0,1852,-2400,-3817,-1943,-1093,2.0,35.0,0.0,0.0,97.0,2366.0,0.0,2172.0,541.0,548.0,410.0,320.0,301.0,-53.0,0.0,2026,9,8,45,1,Tuesday,Automne,Jour_de_semaine,10096.0,22.8
France,Données temps réel,2026-09-09,0,2026-09-09 00:00:00,43542.0,44000,43500,36.0,0.0,2388.0,37979.0,6859.0,5482.0,1377.0,0.0,3198.0,0.0,1035.0,-7629.0,30.0,1078,-2400,-3865,-2227,911,1.0,35.0,0.0,0.0,97.0,2293.0,0.0,2211.0,539.0,448.0,411.0,322.0,301.0,-325.0,1.0,2026,9,9,0,2,Wednesday,Automne,Jour_de_semaine,10057.0,23.1
France,Données temps réel,2026-09-09,0,2026-09-09 00:15:00,43177.0,43250,43000,37.0,0.0,2012.0,38022.0,6701.0,5302.0,1399.0,0.0,3005.0,-10.0,1030.0,-7511.0,27.0,1078,-2400,-3865,-2227,630,2.0,35.0,0.0,0.0,97.0,1916.0,0.0,2198.0,575.0,231.0,408.0,321.0,301.0,-108.0,2.0,2026,9,9,15,2,Wednesday,Automne,Jour_de_semaine,9706.0,22.5
France,Données temps réel,2026-09-09,0,2026-09-09 00:30:00,41907.0,42500,42500,37.0,0.0,1475.0,37950.0,6462.0,5128.0,1334.0,0.0,2848.0,-172.0,1031.0,-7675.0,23.0,1078,-2400,-3865,-2227,343,2.0,35.0,0.0,0.0,97.0,1379.0,0.0,2207.0,483.0,158.0,408.0,322.0,301.0,-47.0,0.0,2026,9,9,30,2,Wednesday,Automne,Jour_de_semaine,9310.0,22.2
France,Données temps réel,2026-09-09,0,2026-09-09 00:45:00,40342.0,41700,41700,37.0,0.0,938.0,38066.0,6100.0,5021.0,1078.0,0.0,2754.0,-544.0,1039.0,-7841.0,19.0,1078,-2400,-3865,-2227,159,2.0,35.0,0.0,0.0,97.0,843.0,0.0,2188.0,407.0,159.0,416.0,322.0,301.0,-209.0,3.0,2026,9,9,45,2,Wednesday,Automne,Jour_de_semaine,8854.0,21.9
France,Données temps réel,2026-09-09,1,2026-09-09 01:00:00,39604.0,40900,40900,37.0,0.0,850.0,38104.0,5804.0,4756.0,1047.0,0.0,2726.0,-548.0,1032.0,-8066.0,19.0,1148,-2400,-3865,-2227,579,2.0,35.0,0.0,0.0,97.0,754.0,0.0,2198.0,370.0,158.0,411.0,320.0,301.0,-335.0,3.0,2026,9,9,0,2,Wednesday,Automne,Jour_de_semaine,8530.0,21.5
France,Données temps réel,2026-09-09,1,2026-09-09 01:15:00,40198.0,41200,41200,37.0,0.0,804.0,38111.0,5747.0,4609.0,1138.0,0.0,2578.0,-711.0,1033.0,-7391.0,18.0,1148,-2400,-3865,-2227,476,2.0,35.0,0.0,0.0,109.0,697.0,0.0,2192.0,377.0,9.0,411.0,321.0,301.0,-21.0,9.0,2026,9,9,15,2,Wednesday,Automne,Jour_de_semaine,8325.0,20.7
France,Données temps réel,2026-09-09,1,2026-09-09 01:30:00,39653.0,41500,41500,37.0,0.0,600.0,38149.0,5669.0,4533.0,1136.0,0.0,2538.0,-708.0,1026.0,-7545.0,16.0,1148,-2400,-3865,-2227,692,2.0,35.0,0.0,0.0,109.0,492.0,0.0,2147.0,382.0,9.0,404.0,321.0,301.0,-116.0,4.0,2026,9,9,30,2,Wednesday,Automne,Jour_de_semaine,8207.0,20.7
France,Données temps réel,2026-09-09,1,2026-09-09 01:45:00,39707.0,40750,40750,37.0,0.0,549.0,38149.0,5708.0,4446.0,1262.0,0.0,2477.0,-875.0,1039.0,-7190.0,16.0,1148,-2400,-3865,-2227,707,2.0,35.0,0.0,0.0,109.0,441.0,0.0,2067.0,401.0,9.0,418.0,320.0,301.0,-193.0,6.0,2026,9,9,45,2,Wednesday,Automne,Jour_de_semaine,8185.0,20.6
France,Données temps réel,2026-09-09,2,2026-09-09 02:00:00,38814.0,40000,40000,37.0,0.0,424.0,38130.0,5613.0,4370.0,1243.0,0.0,2473.0,-1080.0,1050.0,-7531.0,15.0,844,-2400,-3865,-2227,683,2.0,35.0,0.0,0.0,100.0,325.0,0.0,2061.0,402.0,10.0,429.0,319.0,301.0,-301.0,0.0,2026,9,9,0,2,Wednesday,Automne,Jour_de_semaine,8086.0,20.8
France,Données temps réel,2026-09-09,2,2026-09-09 02:15:00,38835.0,39100,39000,37.0,0.0,594.0,38189.0,5386.0,4296.0,1090.0,0.0,2462.0,-1241.0,1043.0,-7592.0,17.0,844,-2400,-3865,-2227,434,2.0,35.0,0.0,0.0,109.0,487.0,0.0,2046.0,407.0,9.0,423.0,318.0,301.0,-49.0,4.0,2026,9,9,15,2,Wednesday,Automne,Jour_de_semaine,7848.0,20.2
France,Données temps réel,2026-09-09,2,2026-09-09 02:30:00,37664.0,38200,38000,37.0,0.0,598.0,38154.0,5107.0,4056.0,1052.0,0.0,2438.0,-1245.0,1040.0,-8342.0,17.0,844,-2400,-3865,-2227,244,2.0,35.0,0.0,0.0,109.0,490.0,0.0,2020.0,408.0,10.0,420.0,318.0,301.0,-132.0,9.0,2026,9,9,30,2,Wednesday,Automne,Jour_de_semaine,7545.0,20.0
France,Données temps réel,2026-09-09,2,2026-09-09 02:45:00,37208.0,37650,37400,37.0,0.0,419.0,38074.0,5089.0,4030.0,1059.0,0.0,2417.0,-1485.0,1054.0,-8278.0,15.0,844,-2400,-3865,-2227,30,2.0,35.0,0.0,0.0,109.0,311.0,0.0,1994.0,414.0,9.0,431.0,322.0,301.0,-142.0,24.0,2026,9,9,45,2,Wednesday,Automne,Jour_de_semaine,7506.0,20.2
France,Données temps réel,2026-09-09,3,2026-09-09 03:00:00,36687.0,37100,36800,37.0,0.0,220.0,38047.0,4864.0,3832.0,1032.0,0.0,2403.0,-1720.0,1051.0,-7988.0,14.0,-148,-2497,-4044,-2227,463,2.0,35.0,0.0,0.0,109.0,112.0,0.0,1995.0,398.0,10.0,428.0,321.0,301.0,-236.0,11.0,2026,9,9,0,2,Wednesday,Automne,Jour_de_semaine,7267.0,19.8
France,Données temps réel,2026-09-09,3,2026-09-09 03:15:00,36331.0,36850,36500,33.0,0.0,212.0,38029.0,4711.0,3670.0,1041.0,0.0,2364.0,-1717.0,1053.0,-8335.0,14.0,-148,-2497,-4044,-2227,232,0.0,35.0,0.0,0.0,102.0,112.0,0.0,1958.0,396.0,9.0,430.0,321.0,301.0,-58.0,42.0,2026,9,9,15,2,Wednesday,Automne,Jour_de_semaine,7075.0,19.5
France,Données temps réel,2026-09-09,3,2026-09-09 03:30:00,35903.0,36600,36200,33.0,0.0,215.0,38076.0,4641.0,3580.0,1060.0,0.0,2368.0,-1719.0,1052.0,-8787.0,14.0,-148,-2497,-4044,-2227,236,0.0,35.0,0.0,0.0,99.0,118.0,0.0,1953.0,404.0,10.0,429.0,322.0,301.0,-18.0,44.0,2026,9,9,30,2,Wednesday,Automne,Jour_de_semaine,7009.0,19.5
France,Données temps réel,2026-09-09,3,2026-09-09 03:45:00,35676.0,36300,35900,33.0,0.0,217.0,38076.0,4600.0,3547.0,1054.0,0.0,2336.0,-1718.0,1052.0,-8903.0,14.0,-148,-2497,-4044,-2227,116,0.0,35.0,0.0,0.0,98.0,120.0,0.0,1975.0,351.0,10.0,427.0,324.0,301.0,-56.0,40.0,2026,9,9,45,2,Wednesday,Automne,Jour_de_semaine,6936.0,19.4
France,Données temps réel,2026-09-09,4,2026-09-09 04:00:00,35505.0,36000,35600,33.0,0.0,216.0,38073.0,4523.0,3513.0,1010.0,0.0,2366.0,-1716.0,1061.0,-9007.0,14.0,-383,-2229,-4044,-2226,-312,0.0,35.0,0.0,0.0,98.0,120.0,0.0,1982.0,374.0,9.0,434.0,326.0,301.0,-120.0,78.0,2026,9,9,0,2,Wednesday,Automne,Jour_de_semaine,6889.0,19.4
France,Données temps réel,2026-09-09,4,2026-09-09 04:15:00,35653.0,36000,35550,33.0,0.0,379.0,38075.0,4559.0,3525.0,1034.0,0.0,2349.0,-1441.0,1062.0,-9313.0,15.0,-383,-2019,-4044,-2227,-615,0.0,35.0,0.0,0.0,98.0,282.0,0.0,1962.0,377.0,9.0,434.0,327.0,301.0,-49.0,0.0,2026,9,9,15,2,Wednesday,Automne,Jour_de_semaine,6908.0,19.4
France,Données temps réel,2026-09-09,4,2026-09-09 04:30:00,35580.0,36000,35500,33.0,0.0,655.0,38039.0,4555.0,3513.0,1042.0,0.0,2379.0,-1437.0,1057.0,-9440.0,18.0,-383,-1996,-4044,-2227,-748,0.0,35.0,0.0,0.0,98.0,559.0,0.0,1932.0,437.0,10.0,431.0,325.0,301.0,-261.0,0.0,2026,9,9,30,2,Wednesday,Automne,Jour_de_semaine,6934.0,19.5
France,Données temps réel,2026-09-09,4,2026-09-09 04:45:00,35631.0,36250,35750,33.0,0.0,652.0,38031.0,4489.0,3481.0,1008.0,0.0,2424.0,-1439.0,1055.0,-9490.0,18.0,-383,-1847,-4044,-2227,-523,0.0,35.0,0.0,0.0,98.0,556.0,0.0,1948.0,467.0,9.0,427.0,327.0,301.0,-124.0,0.0,2026,9,9,45,2,Wednesday,Automne,Jour_de_semaine,6913.0,19.4
France,Données temps réel,2026-09-09,5,2026-09-09 05:00:00,35960.0,36500,36000,33.0,0.0,656.0,38030.0,4409.0,3486.0,923.0,0.0,2431.0,-1437.0,1060.0,-9226.0,18.0,1083,-904,-4044,-2213,-2906,0.0,35.0,0.0,0.0,98.0,560.0,0.0,1958.0,463.0,10.0,433.0,326.0,301.0,-66.0,69.0,2026,9,9,0,2,Wednesday,Automne,Jour_de_semaine,6840.0,19.0
France,Données temps réel,2026-09-09,5,2026-09-09 05:15:00,36608.0,36900,36350,33.0,0.0,652.0,38112.0,4332.0,3423.0,909.0,0.0,2500.0,-1023.0,1055.0,-9007.0,18.0,1083,-609,-4044,-2217,-2859,0.0,35.0,0.0,0.0,109.0,545.0,0.0,1996.0,495.0,9.0,429.0,325.0,301.0,-44.0,0.0,2026,9,9,15,2,Wednesday,Automne,Jour_de_semaine,6832.0,18.7
France,Données temps réel,2026-09-09,5,2026-09-09 05:30:00,36878.0,37300,36700,33.0,0.0,649.0,38068.0,4230.0,3340.0,891.0,0.0,2607.0,-1027.0,1058.0,-8661.0,18.0,1083,-562,-4044,-2227,-2925,0.0,35.0,0.0,0.0,109.0,541.0,0.0,2017.0,581.0,9.0,431.0,326.0,301.0,-76.0,0.0,2026,9,9,30,2,Wednesday,Automne,Jour_de_semaine,6837.0,18.5
France,Données temps réel,2026-09-09,5,2026-09-09 05:45:00,37389.0,38100,37500,33.0,0.0,904.0,37925.0,4212.0,3335.0,876.0,0.0,2735.0,-857.0,1056.0,-8598.0,20.0,1083,-431,-4044,-2227,-2931,0.0,35.0,0.0,0.0,109.0,797.0,0.0,2036.0,689.0,9.0,429.0,326.0,301.0,-20.0,0.0,2026,9,9,45,2,Wednesday,Automne,Jour_de_semaine,6947.0,18.6
France,Données temps réel,2026-09-09,6,2026-09-09 06:00:00,38183.0,38900,38300,35.0,0.0,1074.0,37830.0,4221.0,3347.0,874.0,0.0,2718.0,-859.0,1057.0,-7829.0,21.0,1398,-85,-4044,-2116,-2606,0.0,35.0,0.0,0.0,109.0,966.0,0.0,2041.0,667.0,10.0,429.0,326.0,301.0,-63.0,0.0,2026,9,9,0,2,Wednesday,Automne,Jour_de_semaine,6939.0,18.2
France,Données temps réel,2026-09-09,6,2026-09-09 06:15:00,39772.0,39950,39350,37.0,0.0,1105.0,37941.0,4065.0,3291.0,774.0,0.0,2962.0,-486.0,1061.0,-6903.0,22.0,1398,1066,-4044,-2227,-3187,2.0,35.0,0.0,0.0,111.0,995.0,0.0,2070.0,778.0,115.0,434.0,326.0,301.0,-39.0,29.0,2026,9,9,15,2,Wednesday,Automne,Jour_de_semaine,7027.0,17.7
France,Données temps réel,2026-09-09,6,2026-09-09 06:30:00,40263.0,41000,40400,37.0,0.0,1225.0,37895.0,4089.0,3372.0,717.0,0.0,3152.0,-489.0,1058.0,-6679.0,23.0,1398,1991,-4044,-2227,-3772,2.0,35.0,0.0,0.0,111.0,1115.0,0.0,2060.0,740.0,353.0,427.0,329.0,301.0,-23.0,0.0,2026,9,9,30,2,Wednesday,Automne,Jour_de_semaine,7241.0,18.0
France,Données temps réel,2026-09-09,6,2026-09-09 06:45:00,41467.0,41550,40950,37.0,0.0,1603.0,37930.0,4394.0,3631.0,762.0,0.0,3141.0,-1.0,1052.0,-6651.0,26.0,1398,2327,-4044,-2224,-3709,2.0,35.0,0.0,0.0,101.0,1504.0,0.0,2086.0,709.0,345.0,423.0,328.0,301.0,-37.0,0.0,2026,9,9,45,2,Wednesday,Automne,Jour_de_semaine,7535.0,18.2
France,Données temps réel,2026-09-09,7,2026-09-09 07:00:00,42300.0,42100,41500,37.0,0.0,1915.0,37945.0,4361.0,3634.0,728.0,220.0,3240.0,-30.0,1054.0,-6444.0,28.0,-269,2360,-4044,-792,-3058,2.0,35.0,0.0,0.0,111.0,1805.0,0.0,2094.0,755.0,391.0,428.0,325.0,301.0,-6.0,8.0,2026,9,9,0,2,Wednesday,Automne,Jour_de_semaine,7821.0,18.5
France,Données temps réel,2026-09-09,7,2026-09-09 07:15:00,43325.0,42800,42150,37.0,0.0,1943.0,37947.0,4542.0,3844.0,698.0,237.0,3542.0,-26.0,1057.0,-6030.0,28.0,-269,2283,-4044,-857,-2611,2.0,35.0,0.0,0.0,111.0,1834.0,0.0,2140.0,771.0,630.0,429.0,326.0,301.0,-6.0,81.0,2026,9,9,15,2,Wednesday,Automne,Jour_de_semaine,8321.0,19.2
France,Données temps réel,2026-09-09,7,2026-09-09 07:30:00,43805.0,43500,42800,37.0,0.0,1912.0,37877.0,4672.0,4005.0,666.0,301.0,3593.0,-33.0,1054.0,-5742.0,28.0,-269,2366,-4044,-885,-2403,2.0,35.0,0.0,0.0,111.0,1802.0,0.0,2134.0,748.0,710.0,427.0,325.0,301.0,-6.0,142.0,2026,9,9,30,2,Wednesday,Automne,Jour_de_semaine,8566.0,19.6
France,Données temps réel,2026-09-09,7,2026-09-09 07:45:00,44260.0,44150,43450,37.0,0.0,1953.0,37898.0,4535.0,3862.0,672.0,473.0,3651.0,-30.0,1055.0,-5455.0,28.0,-269,2388,-4044,-904,-1740,2.0,35.0,0.0,0.0,111.0,1844.0,0.0,2150.0,728.0,774.0,430.0,324.0,301.0,-13.0,155.0,2026,9,9,45,2,Wednesday,Automne,Jour_de_semaine,8659.0,19.6
France,Données temps réel,2026-09-09,8,2026-09-09 08:00:00,45274.0,44800,44100,37.0,0.0,1956.0,37916.0,4373.0,3764.0,609.0,783.0,3752.0,-33.0,1060.0,-4571.0,28.0,-2215,2377,-3928,-727,86,2.0,35.0,0.0,0.0,110.0,1847.0,0.0,2163.0,764.0,825.0,430.0,328.0,301.0,-3.0,6.0,2026,9,9,0,2,Wednesday,Automne,Jour_de_semaine,8908.0,19.7
France,Données temps réel,2026-09-09,8,2026-09-09 08:15:00,45937.0,45550,44850,37.0,0.0,1949.0,38235.0,4204.0,3654.0,551.0,1243.0,3829.0,-32.0,1061.0,-4726.0,27.0,-2215,2308,-3928,-837,422,2.0,35.0,0.0,0.0,110.0,1841.0,0.0,2164.0,843.0,822.0,433.0,327.0,301.0,-3.0,140.0,2026,9,9,15,2,Wednesday,Automne,Jour_de_semaine,9276.0,20.2
France,Données temps réel,2026-09-09,8,2026-09-09 08:30:00,46363.0,46300,45600,36.0,0.0,1938.0,38167.0,4044.0,3544.0,500.0,1827.0,3627.0,0.0,1060.0,-4402.0,27.0,-2215,2207,-3928,-844,312,1.0,35.0,0.0,0.0,110.0,1829.0,0.0,2108.0,812.0,708.0,433.0,325.0,301.0,-3.0,71.0,2026,9,9,30,2,Wednesday,Automne,Jour_de_semaine,9498.0,20.5
France,Données temps réel,2026-09-09,8,2026-09-09 08:45:00,46981.0,46700,45950,36.0,0.0,1949.0,38197.0,3898.0,3380.0,518.0,2557.0,3799.0,0.0,1047.0,-4537.0,27.0,-2215,2400,-3928,-1158,312,1.0,35.0,0.0,0.0,110.0,1840.0,0.0,2090.0,816.0,893.0,424.0,322.0,301.0,-3.0,39.0,2026,9,9,45,2,Wednesday,Automne,Jour_de_semaine,10254.0,21.8
France,Données temps réel,2026-09-09,9,2026-09-09 09:00:00,47168.0,47100,46300,36.0,0.0,1944.0,38176.0,3740.0,3189.0,551.0,3143.0,3888.0,0.0,1050.0,-5143.0,27.0,-3028,1800,-3092,-1886,1243,1.0,35.0,0.0,0.0,110.0,1836.0,0.0,2087.0,849.0,952.0,426.0,323.0,301.0,-2.0,337.0,2026,9,9,0,2,Wednesday,Automne,Jour_de_semaine,10771.0,22.8
France,Données temps réel,2026-09-09,9,2026-09-09 09:15:00,47247.0,47200,46400,36.0,0.0,1933.0,38142.0,3557.0,3000.0,557.0,4104.0,3792.0,-165.0,1043.0,-5457.0,26.0,-3028,1800,-3092,-2005,1385,1.0,35.0,0.0,0.0,110.0,1824.0,0.0,2060.0,810.0,922.0,418.0,324.0,301.0,-5.0,267.0,2026,9,9,15,2,Wednesday,Automne,Jour_de_semaine,11453.0,24.2
France,Données temps réel,2026-09-09,9,2026-09-09 09:30:00,47340.0,47300,46500,36.0,0.0,1747.0,37963.0,3437.0,2791.0,646.0,4959.0,3282.0,-163.0,1037.0,-5078.0,25.0,-3028,1800,-3092,-2058,1507,1.0,35.0,0.0,0.0,107.0,1642.0,0.0,2049.0,718.0,515.0,416.0,319.0,301.0,-4.0,123.0,2026,9,9,30,2,Wednesday,Automne,Jour_de_semaine,11678.0,24.7
France,Données temps réel,2026-09-09,9,2026-09-09 09:45:00,47214.0,47350,46650,35.0,0.0,1549.0,37992.0,3520.0,2880.0,640.0,5987.0,2996.0,-325.0,1058.0,-5527.0,23.0,-3028,1800,-3092,-2149,1204,0.0,35.0,0.0,0.0,99.0,1451.0,0.0,2013.0,614.0,369.0,432.0,324.0,301.0,-69.0,0.0,2026,9,9,45,2,Wednesday,Automne,Jour_de_semaine,12503.0,26.5
France,Données temps réel,2026-09-09,10,2026-09-09 10:00:00,47348.0,47400,46800,37.0,0.0,1353.0,38007.0,3517.0,2897.0,620.0,7048.0,2959.0,-327.0,1058.0,-6229.0,21.0,-3028,1300,-3092,-2219,1754,2.0,35.0,0.0,0.0,99.0,1256.0,0.0,2003.0,600.0,357.0,432.0,325.0,301.0,-75.0,0.0,2026,9,9,0,2,Wednesday,Automne,Jour_de_semaine,13524.0,28.6
France,Données temps réel,2026-09-09,10,2026-09-09 10:15:00,47646.0,47650,47100,37.0,0.0,1050.0,38055.0,3645.0,3079.0,566.0,8148.0,2848.0,-904.0,1053.0,-6151.0,18.0,-3028,1300,-3092,-2227,1225,2.0,35.0,0.0,0.0,98.0,953.0,0.0,2013.0,610.0,225.0,428.0,324.0,301.0,-133.0,0.0,2026,9,9,15,2,Wednesday,Automne,Jour_de_semaine,14641.0,30.7
France,Données temps réel,2026-09-09,10,2026-09-09 10:30:00,48095.0,47900,47400,37.0,0.0,1045.0,37959.0,3850.0,3349.0,501.0,9195.0,2815.0,-916.0,1052.0,-6677.0,18.0,-3028,1300,-3092,-2223,936,2.0,35.0,0.0,0.0,98.0,949.0,0.0,1999.0,599.0,216.0,424.0,327.0,301.0,-265.0,0.0,2026,9,9,30,2,Wednesday,Automne,Jour_de_semaine,15860.0,33.0
France,Données temps réel,2026-09-09,10,2026-09-09 10:45:00,47770.0,48000,47600,37.0,0.0,1059.0,38008.0,3888.0,3443.0,445.0,9693.0,2898.0,-1253.0,1050.0,-7286.0,18.0,-3028,1300,-3092,-2227,797,2.0,35.0,0.0,0.0,99.0,961.0,0.0,2037.0,615.0,245.0,423.0,326.0,301.0,-324.0,1.0,2026,9,9,45,2,Wednesday,Automne,Jour_de_semaine,16479.0,34.5
France,Données temps réel,2026-09-09,11,2026-09-09 11:00:00,47611.0,48100,47800,37.0,0.0,957.0,37987.0,4126.0,3716.0,410.0,10271.0,2978.0,-1419.0,1048.0,-8010.0,17.0,-3028,1300,-3092,-2061,-540,2.0,35.0,0.0,0.0,105.0,854.0,0.0,2071.0,654.0,253.0,422.0,325.0,301.0,-365.0,0.0,2026,9,9,0,2,Wednesday,Automne,Jour_de_semaine,17375.0,36.5
France,Données temps réel,2026-09-09,11,2026-09-09 11:15:00,48135.0,48650,48400,37.0,0.0,853.0,38066.0,4248.0,3846.0,401.0,11074.0,2984.0,-1448.0,1049.0,-8683.0,16.0,-3028,1300,-3092,-2123,-962,2.0,35.0,0.0,0.0,107.0,747.0,0.0,2112.0,618.0,255.0,421.0,327.0,301.0,-49.0,4.0,2026,9,9,15,2,Wednesday,Automne,Jour_de_semaine,18306.0,38.0
France,Données temps réel,2026-09-09,11,2026-09-09 11:30:00,49048.0,49200,49000,37.0,0.0,846.0,37863.0,4474.0,4079.0,394.0,12177.0,2980.0,-1450.0,1050.0,-8838.0,15.0,-3028,1300,-3092,-2150,-1384,2.0,35.0,0.0,0.0,107.0,740.0,0.0,2139.0,600.0,241.0,421.0,328.0,301.0,-90.0,0.0,2026,9,9,30,2,Wednesday,Automne,Jour_de_semaine,19631.0,40.0
France,Données temps réel,2026-09-09,11,2026-09-09 11:45:00,49292.0,49600,49500,36.0,0.0,846.0,37966.0,4394.0,4015.0,379.0,12518.0,2968.0,-1447.0,1048.0,-9019.0,15.0,-3028,1300,-3092,-2175,-1319,1.0,35.0,0.0,0.0,106.0,741.0,0.0,2163.0,555.0,250.0,418.0,328.0,301.0,-18.0,1.0,2026,9,9,45,2,Wednesday,Automne,Jour_de_semaine,19880.0,40.3
France,Données temps réel,2026-09-09,12,2026-09-09 12:00:00,49753.0,50000,50000,36.0,0.0,839.0,37860.0,4448.0,4078.0,370.0,12973.0,3015.0,-1451.0,1051.0,-9007.0,15.0,-3028,1300,-3730,-2227,-696,1.0,35.0,0.0,0.0,111.0,730.0,0.0,2219.0,548.0,248.0,423.0,326.0,301.0,-13.0,3.0,2026,9,9,0,2,Wednesday,Automne,Jour_de_semaine,20436.0,41.1
France,Données temps réel,2026-09-09,12,2026-09-09 12:15:00,49638.0,49700,49700,36.0,0.0,824.0,37942.0,4508.0,4141.0,367.0,13176.0,2780.0,-1656.0,1048.0,-8992.0,15.0,-3028,1300,-3730,-2227,-845,1.0,35.0,0.0,0.0,106.0,719.0,0.0,2193.0,540.0,48.0,419.0,327.0,301.0,-30.0,3.0,2026,9,9,15,2,Wednesday,Automne,Jour_de_semaine,20464.0,41.2
France,Données temps réel,2026-09-09,12,2026-09-09 12:30:00,50419.0,49400,49400,37.0,0.0,817.0,37862.0,4613.0,4274.0,338.0,13918.0,2724.0,-1651.0,1048.0,-8920.0,15.0,-3028,1300,-3730,-2227,-893,2.0,35.0,0.0,0.0,96.0,723.0,0.0,2191.0,493.0,40.0,418.0,329.0,301.0,-29.0,1.0,2026,9,9,30,2,Wednesday,Automne,Jour_de_semaine,21255.0,42.2
France,Données temps réel,2026-09-09,12,2026-09-09 12:45:00,50211.0,50000,49950,37.0,0.0,811.0,38083.0,4700.0,4340.0,360.0,13929.0,2676.0,-1717.0,1050.0,-9281.0,15.0,-3028,1300,-3730,-2227,-1415,2.0,35.0,0.0,0.0,95.0,717.0,0.0,2197.0,430.0,48.0,422.0,327.0,301.0,-79.0,2.0,2026,9,9,45,2,Wednesday,Automne,Jour_de_semaine,21305.0,42.4
France,Données temps réel,2026-09-09,13,2026-09-09 13:00:00,49059.0,50600,50500,36.0,0.0,815.0,37997.0,4805.0,4461.0,344.0,13361.0,2652.0,-1720.0,1049.0,-9909.0,15.0,-3028,1300,-3730,-2227,-2101,1.0,35.0,0.0,0.0,95.0,721.0,0.0,2177.0,426.0,48.0,422.0,325.0,301.0,-26.0,1.0,2026,9,9,0,2,Wednesday,Automne,Jour_de_semaine,20818.0,42.4
France,Données temps réel,2026-09-09,13,2026-09-09 13:15:00,49126.0,49750,49650,36.0,0.0,814.0,37968.0,4783.0,4402.0,381.0,13645.0,2655.0,-1554.0,1051.0,-10199.0,15.0,-3028,1300,-3730,-2227,-2513,1.0,35.0,0.0,0.0,95.0,720.0,0.0,2138.0,294.0,223.0,421.0,328.0,301.0,-71.0,1.0,2026,9,9,15,2,Wednesday,Automne,Jour_de_semaine,21083.0,42.9
France,Données temps réel,2026-09-09,13,2026-09-09 13:30:00,48246.0,48900,48800,67.0,0.0,828.0,37810.0,5036.0,4660.0,375.0,13174.0,2705.0,-1551.0,1049.0,-10809.0,15.0,-3028,1300,-3730,-2227,-2764,32.0,35.0,0.0,0.0,95.0,734.0,0.0,2123.0,463.0,119.0,420.0,328.0,301.0,-62.0,0.0,2026,9,9,30,2,Wednesday,Automne,Jour_de_semaine,20915.0,43.4
France,Données temps réel,2026-09-09,13,2026-09-09 13:45:00,48475.0,49250,49200,37.0,0.0,826.0,38095.0,4914.0,4552.0,363.0,13535.0,2979.0,-1551.0,1053.0,-11282.0,15.0,-3028,1300,-3730,-2227,-2446,2.0,35.0,0.0,0.0,98.0,729.0,0.0,2088.0,656.0,235.0,426.0,326.0,301.0,-130.0,0.0,2026,9,9,45,2,Wednesday,Automne,Jour_de_semaine,21428.0,44.2
France,Données temps réel,2026-09-09,14,2026-09-09 14:00:00,48765.0,49600,49600,37.0,0.0,833.0,38007.0,4989.0,4570.0,419.0,12980.0,2926.0,-1551.0,1050.0,-10146.0,15.0,-3028,1300,-3730,-2220,-1887,2.0,35.0,0.0,0.0,105.0,728.0,0.0,1963.0,733.0,230.0,421.0,327.0,301.0,-359.0,0.0,2026,9,9,0,2,Wednesday,Automne,Jour_de_semaine,20895.0,42.8
France,Données temps réel,2026-09-09,14,2026-09-09 14:15:00,48795.0,50200,50200,37.0,0.0,510.0,37992.0,4752.0,4385.0,367.0,12805.0,3046.0,-1344.0,1048.0,-9918.0,13.0,-3028,1300,-3730,-2227,-1655,2.0,35.0,0.0,0.0,114.0,398.0,0.0,1909.0,827.0,310.0,419.0,328.0,301.0,-136.0,4.0,2026,9,9,15,2,Wednesday,Automne,Jour_de_semaine,20603.0,42.2
France,Données temps réel,2026-09-09,14,2026-09-09 14:30:00,48790.0,50800,50800,37.0,0.0,265.0,37975.0,4621.0,4325.0,297.0,13179.0,2635.0,-856.0,1053.0,-9857.0,11.0,-3028,1300,-3730,-2227,-1773,2.0,35.0,0.0,0.0,102.0,165.0,0.0,1938.0,674.0,23.0,427.0,325.0,301.0,-262.0,0.0,2026,9,9,30,2,Wednesday,Automne,Jour_de_semaine,20435.0,41.9
France,Données temps réel,2026-09-09,14,2026-09-09 14:45:00,48264.0,50000,50000,37.0,0.0,220.0,37789.0,4535.0,4269.0,267.0,12795.0,2636.0,-786.0,1047.0,-9977.0,11.0,-3028,1300,-3730,-2227,-1954,2.0,35.0,0.0,0.0,97.0,125.0,0.0,1890.0,736.0,9.0,421.0,325.0,301.0,-31.0,1.0,2026,9,9,45,2,Wednesday,Automne,Jour_de_semaine,19966.0,41.4
France,Données temps réel,2026-09-09,15,2026-09-09 15:00:00,48050.0,49200,49200,37.0,0.0,221.0,37635.0,4495.0,4230.0,265.0,12958.0,2556.0,-787.0,1052.0,-10068.0,11.0,-3028,1300,-4044,-2016,-1728,2.0,35.0,0.0,0.0,101.0,121.0,0.0,1911.0,636.0,9.0,428.0,323.0,301.0,-51.0,0.0,2026,9,9,0,2,Wednesday,Automne,Jour_de_semaine,20009.0,41.6
France,Données temps réel,2026-09-09,15,2026-09-09 15:15:00,47129.0,48700,48300,37.0,0.0,367.0,37736.0,4564.0,4287.0,278.0,12008.0,2469.0,-786.0,1054.0,-10289.0,12.0,-3028,1300,-4044,-1993,-2055,2.0,35.0,0.0,0.0,111.0,257.0,0.0,1885.0,560.0,24.0,426.0,327.0,301.0,-30.0,0.0,2026,9,9,15,2,Wednesday,Automne,Jour_de_semaine,19041.0,40.4
France,Données temps réel,2026-09-09,15,2026-09-09 15:30:00,46799.0,48200,47400,37.0,0.0,426.0,37783.0,4595.0,4329.0,265.0,12070.0,2371.0,-786.0,1058.0,-10726.0,13.0,-3028,1300,-4044,-1973,-2268,2.0,35.0,0.0,0.0,111.0,317.0,0.0,1888.0,454.0,29.0,428.0,328.0,301.0,-29.0,0.0,2026,9,9,30,2,Wednesday,Automne,Jour_de_semaine,19036.0,40.7
France,Données temps réel,2026-09-09,15,2026-09-09 15:45:00,46378.0,47800,47050,37.0,0.0,420.0,37858.0,4419.0,4177.0,242.0,11877.0,2447.0,-781.0,1057.0,-10927.0,13.0,-3028,1300,-4044,-1971,-2388,2.0,35.0,0.0,0.0,106.0,315.0,0.0,1928.0,489.0,29.0,429.0,326.0,301.0,-29.0,2.0,2026,9,9,45,2,Wednesday,Automne,Jour_de_semaine,18743.0,40.4
France,Données temps réel,2026-09-09,16,2026-09-09 16:00:00,45359.0,47400,46700,37.0,0.0,424.0,37441.0,4448.0,4217.0,231.0,11620.0,2461.0,-949.0,1035.0,-11127.0,13.0,-2778,1300,-4044,-2227,-1647,2.0,35.0,0.0,0.0,96.0,330.0,0.0,1882.0,552.0,27.0,410.0,323.0,301.0,-32.0,0.0,2026,9,9,0,2,Wednesday,Automne,Jour_de_semaine,18529.0,40.8
France,Données temps réel,2026-09-09,16,2026-09-09 16:15:00,45358.0,47150,46600,37.0,0.0,521.0,37459.0,4410.0,4185.0,225.0,10938.0,2461.0,-918.0,1034.0,-10510.0,13.0,-2778,1300,-4044,-2222,-1809,2.0,35.0,0.0,0.0,95.0,427.0,0.0,1938.0,489.0,35.0,418.0,315.0,301.0,-74.0,0.0,2026,9,9,15,2,Wednesday,Automne,Jour_de_semaine,17809.0,39.3
France,Données temps réel,2026-09-09,16,2026-09-09 16:30:00,44956.0,46900,46500,37.0,0.0,532.0,38034.0,4053.0,3827.0,226.0,10095.0,2493.0,-915.0,1026.0,-10368.0,14.0,-2778,1000,-4044,-2227,-2095,2.0,35.0,0.0,0.0,104.0,429.0,0.0,1906.0,532.0,54.0,416.0,309.0,301.0,-33.0,2.0,2026,9,9,30,2,Wednesday,Automne,Jour_de_semaine,16641.0,37.0
France,Données temps réel,2026-09-09,16,2026-09-09 16:45:00,44772.0,46850,46600,37.0,0.0,522.0,38210.0,4091.0,3844.0,247.0,9823.0,2625.0,-915.0,1029.0,-10634.0,14.0,-2778,1000,-4044,-2227,-2073,2.0,35.0,0.0,0.0,95.0,428.0,0.0,1918.0,639.0,68.0,424.0,303.0,301.0,-18.0,3.0,2026,9,9,45,2,Wednesday,Automne,Jour_de_semaine,16539.0,36.9
France,Données temps réel,2026-09-09,17,2026-09-09 17:00:00,44502.0,46800,46700,37.0,0.0,585.0,38145.0,3952.0,3736.0,216.0,9429.0,2777.0,-576.0,1039.0,-10863.0,14.0,-3028,1091,-4044,-2227,-2144,2.0,35.0,0.0,0.0,95.0,491.0,0.0,1995.0,630.0,153.0,431.0,306.0,301.0,-24.0,3.0,2026,9,9,0,2,Wednesday,Automne,Jour_de_semaine,16158.0,36.3
France,Données temps réel,2026-09-09,17,2026-09-09 17:15:00,44549.0,46350,45500,37.0,0.0,641.0,38478.0,3774.0,3587.0,188.0,8758.0,3138.0,-371.0,1036.0,-10851.0,15.0,-3028,1092,-4044,-2227,-2068,2.0,35.0,0.0,0.0,96.0,546.0,0.0,2029.0,805.0,305.0,433.0,302.0,301.0,-91.0,0.0,2026,9,9,15,2,Wednesday,Automne,Jour_de_semaine,15670.0,35.2
France,Données temps réel,2026-09-09,17,2026-09-09 17:30:00,44849.0,45900,44300,37.0,0.0,712.0,38756.0,3550.0,3354.0,196.0,8297.0,3447.0,-369.0,1031.0,-10635.0,15.0,-3028,1127,-4044,-2227,-2451,2.0,35.0,0.0,0.0,96.0,617.0,0.0,2029.0,836.0,582.0,427.0,302.0,301.0,-18.0,43.0,2026,9,9,30,2,Wednesday,Automne,Jour_de_semaine,15294.0,34.1
France,Données temps réel,2026-09-09,17,2026-09-09 17:45:00,45007.0,46750,45200,37.0,0.0,989.0,38998.0,3514.0,3338.0,176.0,7389.0,3838.0,-368.0,1035.0,-10444.0,17.0,-3028,1300,-4044,-2227,-1385,2.0,35.0,0.0,0.0,98.0,892.0,0.0,2032.0,1112.0,694.0,424.0,310.0,301.0,-18.0,36.0,2026,9,9,45,2,Wednesday,Automne,Jour_de_semaine,14741.0,32.8
France,Données temps réel,2026-09-09,18,2026-09-09 18:00:00,45597.0,47600,46100,37.0,0.0,1226.0,38887.0,3603.0,3454.0,149.0,6925.0,3885.0,-164.0,1046.0,-9833.0,19.0,-3028,1300,-4044,-2194,-1894,2.0,35.0,0.0,0.0,96.0,1132.0,0.0,2075.0,1118.0,692.0,431.0,314.0,301.0,-21.0,6.0,2026,9,9,0,2,Wednesday,Automne,Jour_de_semaine,14413.0,31.6
France,Données temps réel,2026-09-09,18,2026-09-09 18:15:00,46227.0,47950,46500,37.0,0.0,2317.0,38864.0,3570.0,3414.0,156.0,5955.0,4213.0,0.0,1050.0,-9791.0,28.0,-3028,1300,-4044,-1516,-1983,2.0,35.0,0.0,0.0,106.0,2213.0,0.0,2122.0,1254.0,836.0,429.0,320.0,301.0,-1.0,13.0,2026,9,9,15,2,Wednesday,Automne,Jour_de_semaine,13738.0,29.7
France,Données temps réel,2026-09-09,18,2026-09-09 18:30:00,46748.0,48300,46900,37.0,0.0,2835.0,38911.0,3391.0,3243.0,148.0,5035.0,4742.0,0.0,1054.0,-9275.0,32.0,-3028,1300,-4044,-1063,-1835,2.0,35.0,0.0,0.0,96.0,2740.0,0.0,2120.0,1241.0,1382.0,428.0,324.0,301.0,-1.0,20.0,2026,9,9,30,2,Wednesday,Automne,Jour_de_semaine,13168.0,28.2
France,Données temps réel,2026-09-09,18,2026-09-09 18:45:00,47639.0,48950,47600,37.0,0.0,3180.0,39105.0,3206.0,3049.0,157.0,4121.0,5044.0,0.0,1045.0,-8109.0,34.0,-3028,1300,-4044,-878,-423,2.0,35.0,0.0,0.0,99.0,3082.0,0.0,2227.0,1296.0,1520.0,421.0,323.0,301.0,-6.0,18.0,2026,9,9,45,2,Wednesday,Automne,Jour_de_semaine,12371.0,26.0
France,Données temps réel,2026-09-09,19,2026-09-09 19:00:00,48411.0,49600,48300,37.0,0.0,3347.0,39059.0,3040.0,2895.0,145.0,3141.0,5636.0,0.0,1058.0,-6915.0,36.0,-3028,1289,-4044,683,-1202,2.0,35.0,0.0,0.0,108.0,3240.0,0.0,2321.0,1347.0,1968.0,429.0,328.0,301.0,-5.0,14.0,2026,9,9,0,2,Wednesday,Automne,Jour_de_semaine,11817.0,24.4
France,Données temps réel,2026-09-09,19,2026-09-09 19:15:00,48297.0,49400,48150,37.0,0.0,3512.0,39070.0,2820.0,2665.0,155.0,2363.0,5778.0,-2.0,1053.0,-6349.0,38.0,-3028,1250,-4044,800,-483,2.0,35.0,0.0,0.0,109.0,3404.0,0.0,2494.0,1407.0,1877.0,428.0,323.0,301.0,-1.0,17.0,2026,9,9,15,2,Wednesday,Automne,Jour_de_semaine,10961.0,22.7
France,Données temps réel,2026-09-09,19,2026-09-09 19:30:00,48439.0,49200,48000,37.0,0.0,3586.0,39112.0,2579.0,2403.0,176.0,1563.0,6341.0,-21.0,1056.0,-5816.0,38.0,-3028,1250,-4044,997,-251,2.0,35.0,0.0,0.0,109.0,3478.0,0.0,2650.0,1583.0,2108.0,430.0,325.0,301.0,-7.0,9.0,2026,9,9,30,2,Wednesday,Automne,Jour_de_semaine,10483.0,21.6
France,Données temps réel,2026-09-09,19,2026-09-09 19:45:00,48243.0,48700,47550,37.0,0.0,3579.0,39126.0,2511.0,2353.0,158.0,1039.0,6486.0,-43.0,1055.0,-5544.0,39.0,-3028,1250,-4044,1091,-122,2.0,35.0,0.0,0.0,109.0,3471.0,0.0,2694.0,1713.0,2079.0,428.0,326.0,301.0,-12.0,9.0,2026,9,9,45,2,Wednesday,Automne,Jour_de_semaine,10036.0,20.8
France,Données temps réel,2026-09-09,20,2026-09-09 20:00:00,47794.0,48200,47100,37.0,0.0,3543.0,39107.0,2419.0,2262.0,157.0,626.0,6467.0,-54.0,1056.0,-5403.0,39.0,-3028,1240,-3987,1157,-546,2.0,35.0,0.0,0.0,109.0,3435.0,0.0,2678.0,1736.0,2053.0,428.0,327.0,301.0,-11.0,9.0,2026,9,9,0,2,Wednesday,Automne,Jour_de_semaine,9512.0,19.9
France,Données temps réel,2026-09-09,20,2026-09-09 20:15:00,47694.0,47400,46400,37.0,0.0,3677.0,39197.0,2414.0,2235.0,179.0,378.0,6469.0,-57.0,1053.0,-5823.0,40.0,-3028,1240,-3749,1174,-1134,2.0,35.0,0.0,0.0,109.0,3569.0,0.0,2688.0,1860.0,1921.0,427.0,325.0,301.0,-1.0,350.0,2026,9,9,15,2,Wednesday,Automne,Jour_de_semaine,9261.0,19.4
France,Données temps réel,2026-09-09,20,2026-09-09 20:30:00,47471.0,46600,45700,37.0,0.0,3712.0,39133.0,2354.0,2183.0,172.0,253.0,6231.0,-56.0,1057.0,-5564.0,41.0,-3028,1013,-3658,1170,-954,2.0,35.0,0.0,0.0,109.0,3605.0,0.0,2680.0,1856.0,1694.0,429.0,327.0,301.0,-6.0,321.0,2026,9,9,30,2,Wednesday,Automne,Jour_de_semaine,8838.0,18.6
France,Données temps réel,2026-09-09,20,2026-09-09 20:45:00,46990.0,46500,45650,37.0,0.0,3670.0,39127.0,2351.0,2200.0,151.0,229.0,5839.0,-55.0,1055.0,-5519.0,41.0,-3028,767,-3570,934,-454,2.0,35.0,0.0,0.0,109.0,3562.0,0.0,2607.0,1670.0,1562.0,428.0,325.0,301.0,-13.0,270.0,2026,9,9,45,2,Wednesday,Automne,Jour_de_semaine,8419.0,17.9
France,Données temps réel,2026-09-09,21,2026-09-09 21:00:00,46197.0,46400,45600,37.0,0.0,3699.0,39126.0,2396.0,2247.0,149.0,222.0,5710.0,-56.0,1061.0,-5992.0,41.0,-3028,1195,-2977,1165,-1862,2.0,35.0,0.0,0.0,109.0,3592.0,0.0,2582.0,1662.0,1466.0,434.0,325.0,301.0,-54.0,48.0,2026,9,9,0,2,Wednesday,Automne,Jour_de_semaine,8328.0,18.0
France,Données temps réel,2026-09-09,21,2026-09-09 21:15:00,45510.0,45750,45000,37.0,0.0,3718.0,39164.0,2483.0,2347.0,137.0,0.0,5279.0,0.0,1053.0,-6277.0,41.0,-3028,1044,-3009,1094,-2048,2.0,35.0,0.0,0.0,110.0,3609.0,0.0,2484.0,1388.0,1407.0,428.0,324.0,301.0,-13.0,67.0,2026,9,9,15,2,Wednesday,Automne,Jour_de_semaine,7762.0,17.1
France,Données temps réel,2026-09-09,21,2026-09-09 21:30:00,44573.0,45100,44400,37.0,0.0,3523.0,39174.0,2532.0,2380.0,153.0,0.0,4659.0,0.0,1051.0,-6373.0,40.0,-3028,1020,-3023,974,-1968,2.0,35.0,0.0,0.0,110.0,3415.0,0.0,2483.0,1328.0,848.0,425.0,324.0,301.0,-30.0,1.0,2026,9,9,30,2,Wednesday,Automne,Jour_de_semaine,7191.0,16.1
France,Données temps réel,2026-09-09,21,2026-09-09 21:45:00,43955.0,44600,43950,37.0,0.0,3111.0,39259.0,2581.0,2387.0,194.0,0.0,4414.0,0.0,1050.0,-6487.0,37.0,-3028,680,-3174,458,-1436,2.0,35.0,0.0,0.0,110.0,3003.0,0.0,2404.0,1164.0,847.0,425.0,324.0,301.0,-10.0,0.0,2026,9,9,45,2,Wednesday,Automne,Jour_de_semaine,6995.0,15.9
France,Données temps réel,2026-09-09,22,2026-09-09 22:00:00,43377.0,44100,43500,37.0,0.0,2939.0,39258.0,2644.0,2437.0,208.0,0.0,4031.0,-1.0,1053.0,-6550.0,36.0,-3028,1300,-3772,-82,-534,2.0,35.0,0.0,0.0,109.0,2832.0,0.0,2486.0,985.0,560.0,427.0,324.0,301.0,-33.0,0.0,2026,9,9,0,2,Wednesday,Automne,Jour_de_semaine,6675.0,15.4
France,Données temps réel,2026-09-09,22,2026-09-09 22:15:00,43717.0,44650,44100,37.0,0.0,3334.0,39267.0,2689.0,2478.0,211.0,0.0,4186.0,-1.0,1057.0,-6850.0,39.0,-3028,1201,-4028,-304,-213,2.0,35.0,0.0,0.0,110.0,3226.0,0.0,2341.0,913.0,932.0,431.0,324.0,301.0,-4.0,3.0,2026,9,9,15,2,Wednesday,Automne,Jour_de_semaine,6875.0,15.7
France,Données temps réel,2026-09-09,22,2026-09-09 22:30:00,43756.0,45200,44700,37.0,0.0,3332.0,39276.0,2665.0,2462.0,203.0,0.0,4120.0,-1.0,1056.0,-6715.0,39.0,-3028,1300,-3866,-168,522,2.0,35.0,0.0,0.0,110.0,3224.0,0.0,2348.0,814.0,958.0,431.0,324.0,301.0,-17.0,3.0,2026,9,9,30,2,Wednesday,Automne,Jour_de_semaine,6785.0,15.5
France,Données temps réel,2026-09-09,22,2026-09-09 22:45:00,44443.0,45400,44950,37.0,0.0,3156.0,39291.0,2660.0,2474.0,186.0,0.0,3870.0,0.0,1053.0,-5623.0,38.0,-3028,1265,-3945,-294,714,2.0,35.0,0.0,0.0,110.0,3047.0,0.0,2394.0,780.0,696.0,428.0,324.0,301.0,-9.0,9.0,2026,9,9,45,2,Wednesday,Automne,Jour_de_semaine,6530.0,14.7
France,Données temps réel,2026-09-09,23,2026-09-09 23:00:00,43656.0,45600,45200,37.0,0.0,3004.0,39261.0,2563.0,2411.0,152.0,0.0,3632.0,-1.0,1055.0,-5902.0,37.0,-3028,1104,-3801,-759,1026,2.0,35.0,0.0,0.0,110.0,2895.0,0.0,2416.0,737.0,479.0,429.0,325.0,301.0,-1.0,10.0,2026,9,9,0,2,Wednesday,Automne,Jour_de_semaine,6195.0,14.2
France,Données temps réel,2026-09-09,23,2026-09-09 23:15:00,43463.0,44800,44500,37.0,0.0,2920.0,39255.0,2500.0,2334.0,166.0,0.0,3542.0,0.0,1051.0,-5852.0,36.0,-3028,468,-3760,-917,1213,2.0,35.0,0.0,0.0,110.0,2812.0,0.0,2361.0,684.0,497.0,427.0,323.0,301.0,-11.0,21.0,2026,9,9,15,2,Wednesday,Automne,Jour_de_semaine,6042.0,13.9
France,Données temps réel,2026-09-09,23,2026-09-09 23:30:00,42669.0,44000,43800,37.0,0.0,2593.0,39244.0,2462.0,2303.0,159.0,0.0,3497.0,-37.0,1051.0,-6158.0,34.0,-3028,56,-3489,-764,1612,2.0,35.0,0.0,0.0,110.0,2485.0,0.0,2375.0,673.0,449.0,426.0,324.0,301.0,-23.0,2.0,2026,9,9,30,2,Wednesday,Automne,Jour_de_semaine,5959.0,14.0
France,Données temps réel,2026-09-09,23,2026-09-09 23:45:00,42681.0,43400,43300,37.0,0.0,2722.0,39278.0,2398.0,2235.0,163.0,0.0,3574.0,-15.0,1055.0,-6367.0,35.0,-3028,-29,-3565,-772,1030,2.0,35.0,0.0,0.0,109.0,2614.0,0.0,2403.0,695.0,476.0,424.0,329.0,301.0,-10.0,11.0,2026,9,9,45,2,Wednesday,Automne,Jour_de_semaine,5972.0,14.0
France,Données temps réel,2026-09-10,0,2026-09-10 00:00:00,42028.0,42800,42800,37.0,0.0,2565.0,39258.0,2349.0,2192.0,157.0,0.0,3253.0,-1.0,1052.0,-6475.0,34.0,-3027,-1795,-4044,-1087,4109,2.0,35.0,0.0,0.0,110.0,2457.0,0.0,2396.0,680.0,177.0,425.0,325.0,301.0,-14.0,5.0,2026,9,10,0,3,Thursday,Automne,Jour_de_semaine,5602.0,13.3
France,Données temps réel,2026-09-10,0,2026-09-10 00:15:00,42030.0,41950,41950,37.0,0.0,2509.0,39325.0,2323.0,2164.0,159.0,0.0,3338.0,0.0,1051.0,-6535.0,33.0,-3027,-2858,-4044,-1066,4609,2.0,35.0,0.0,0.0,110.0,2401.0,0.0,2368.0,803.0,167.0,425.0,325.0,301.0,-17.0,1.0,2026,9,10,15,3,Thursday,Automne,Jour_de_semaine,5661.0,13.5
France,Données temps réel,2026-09-10,0,2026-09-10 00:30:00,40821.0,41100,41100,37.0,0.0,1977.0,39328.0,2269.0,2116.0,153.0,0.0,3093.0,-18.0,1052.0,-6910.0,29.0,-3027,-2960,-4040,-1052,4372,2.0,35.0,0.0,0.0,110.0,1869.0,0.0,2335.0,751.0,7.0,426.0,325.0,301.0,-6.0,1.0,2026,9,10,30,3,Thursday,Automne,Jour_de_semaine,5362.0,13.1
France,Données temps réel,2026-09-10,0,2026-09-10 00:45:00,39558.0,40100,40100,37.0,0.0,1086.0,39342.0,2222.0,2100.0,122.0,0.0,3007.0,-13.0,1051.0,-7006.0,22.0,-3027,-2960,-4044,-1039,4188,2.0,35.0,0.0,0.0,106.0,981.0,0.0,2319.0,680.0,7.0,426.0,324.0,301.0,-168.0,0.0,2026,9,10,45,3,Thursday,Automne,Jour_de_semaine,5229.0,13.2
France,Données temps réel,2026-09-10,1,2026-09-10 01:00:00,39332.0,39100,39100,37.0,0.0,1077.0,39269.0,2217.0,2088.0,130.0,0.0,3034.0,-10.0,1035.0,-7321.0,21.0,-3028,-2607,-4044,-1563,4301,2.0,35.0,0.0,0.0,110.0,968.0,0.0,2311.0,703.0,21.0,411.0,322.0,301.0,-5.0,0.0,2026,9,10,0,3,Thursday,Automne,Jour_de_semaine,5251.0,13.4
France,Données temps réel,2026-09-10,1,2026-09-10 01:15:00,39410.0,39300,39300,37.0,0.0,1061.0,39300.0,2200.0,2075.0,124.0,0.0,3053.0,-246.0,1037.0,-7048.0,21.0,-3028,-2960,-4044,-1540,4389,2.0,35.0,0.0,0.0,110.0,953.0,0.0,2316.0,716.0,21.0,411.0,325.0,301.0,-11.0,28.0,2026,9,10,15,3,Thursday,Automne,Jour_de_semaine,5253.0,13.3
France,Données temps réel,2026-09-10,1,2026-09-10 01:30:00,38855.0,39500,39500,37.0,0.0,1133.0,39315.0,2127.0,1995.0,132.0,0.0,3054.0,-450.0,1046.0,-7411.0,22.0,-3028,-2960,-4044,-1533,4367,2.0,35.0,0.0,0.0,110.0,1025.0,0.0,2319.0,713.0,22.0,420.0,325.0,301.0,-5.0,9.0,2026,9,10,30,3,Thursday,Automne,Jour_de_semaine,5181.0,13.3
France,Données temps réel,2026-09-10,1,2026-09-10 01:45:00,38895.0,38800,38800,37.0,0.0,1161.0,39308.0,2118.0,1982.0,136.0,0.0,3006.0,-449.0,1052.0,-7340.0,22.0,-3028,-2960,-4044,-1511,3956,2.0,35.0,0.0,0.0,110.0,1053.0,0.0,2283.0,702.0,21.0,425.0,326.0,301.0,-4.0,7.0,2026,9,10,45,3,Thursday,Automne,Jour_de_semaine,5124.0,13.2
France,Données temps réel,2026-09-10,2,2026-09-10 02:00:00,38197.0,38100,38100,37.0,0.0,1175.0,39243.0,2068.0,1936.0,132.0,0.0,2927.0,-452.0,1050.0,-7851.0,23.0,-3023,-2862,-4044,-1961,3538,2.0,35.0,0.0,0.0,110.0,1067.0,0.0,2279.0,626.0,22.0,424.0,325.0,301.0,-4.0,5.0,2026,9,10,0,3,Thursday,Automne,Jour_de_semaine,4995.0,13.1
France,Données temps réel,2026-09-10,2,2026-09-10 02:15:00,38013.0,37700,37700,37.0,0.0,1111.0,39272.0,2049.0,1911.0,138.0,0.0,2768.0,-215.0,1049.0,-8071.0,22.0,-3023,-2857,-4044,-1927,3055,2.0,35.0,0.0,0.0,110.0,1002.0,0.0,2276.0,455.0,37.0,425.0,323.0,301.0,-1.0,16.0,2026,9,10,15,3,Thursday,Automne,Jour_de_semaine,4817.0,12.7
France,Données temps réel,2026-09-10,2,2026-09-10 02:30:00,37124.0,37300,37300,37.0,0.0,1106.0,39201.0,2032.0,1909.0,123.0,0.0,2673.0,-223.0,1050.0,-8746.0,22.0,-3023,-2945,-4044,-1944,2745,2.0,35.0,0.0,0.0,109.0,998.0,0.0,2199.0,447.0,27.0,424.0,325.0,301.0,-14.0,9.0,2026,9,10,30,3,Thursday,Automne,Jour_de_semaine,4705.0,12.7
France,Données temps réel,2026-09-10,2,2026-09-10 02:45:00,36544.0,36450,36380,37.0,0.0,1106.0,39224.0,2034.0,1935.0,98.0,0.0,2586.0,-384.0,1053.0,-9079.0,22.0,-3023,-2938,-4044,-1936,2491,2.0,35.0,0.0,0.0,110.0,998.0,0.0,2150.0,430.0,7.0,425.0,326.0,301.0,-47.0,15.0,2026,9,10,45,3,Thursday,Automne,Jour_de_semaine,4620.0,12.6
France,Données temps réel,2026-09-10,3,2026-09-10 03:00:00,35740.0,35600,35459,37.0,0.0,1127.0,39240.0,2024.0,1937.0,87.0,0.0,2560.0,-553.0,1053.0,-9568.0,22.0,-3028,-2838,-4044,-2178,1686,2.0,35.0,0.0,0.0,100.0,1029.0,0.0,2121.0,432.0,7.0,425.0,326.0,301.0,-188.0,10.0,2026,9,10,0,3,Thursday,Automne,Jour_de_semaine,4584.0,12.8
France,Données temps réel,2026-09-10,3,2026-09-10 03:15:00,35563.0,35350,35150,33.0,0.0,1099.0,39409.0,1961.0,1874.0,87.0,0.0,2505.0,-422.0,1049.0,-10081.0,22.0,-3028,-2871,-4044,-2111,1592,0.0,35.0,0.0,0.0,110.0,990.0,0.0,2066.0,432.0,7.0,422.0,325.0,301.0,-6.0,16.0,2026,9,10,15,3,Thursday,Automne,Jour_de_semaine,4466.0,12.6
France,Données temps réel,2026-09-10,3,2026-09-10 03:30:00,35211.0,35100,34840,33.0,0.0,1107.0,39374.0,1941.0,1860.0,81.0,0.0,2452.0,-423.0,1055.0,-10106.0,22.0,-3028,-2870,-4044,-2098,1427,0.0,35.0,0.0,0.0,111.0,997.0,0.0,2015.0,430.0,8.0,427.0,327.0,301.0,-247.0,25.0,2026,9,10,30,3,Thursday,Automne,Jour_de_semaine,4393.0,12.5
France,Données temps réel,2026-09-10,3,2026-09-10 03:45:00,34931.0,34900,34608,33.0,0.0,1138.0,39372.0,1920.0,1836.0,84.0,0.0,2437.0,-587.0,1055.0,-10319.0,22.0,-3028,-2834,-4044,-2063,1268,0.0,35.0,0.0,0.0,107.0,1032.0,0.0,2002.0,428.0,7.0,432.0,322.0,301.0,-120.0,5.0,2026,9,10,45,3,Thursday,Automne,Jour_de_semaine,4357.0,12.5
France,Données temps réel,2026-09-10,4,2026-09-10 04:00:00,34816.0,34700,34376,33.0,0.0,1109.0,39390.0,1928.0,1863.0,64.0,0.0,2484.0,-423.0,1059.0,-10555.0,22.0,-2615,-2960,-4044,-2148,757,0.0,35.0,0.0,0.0,107.0,1003.0,0.0,1948.0,529.0,7.0,435.0,323.0,301.0,-209.0,1.0,2026,9,10,0,3,Thursday,Automne,Jour_de_semaine,4412.0,12.7
France,Données temps réel,2026-09-10,4,2026-09-10 04:15:00,35012.0,34700,34354,33.0,0.0,1116.0,39415.0,1923.0,1852.0,72.0,0.0,2516.0,-414.0,1064.0,-10579.0,22.0,-2615,-2960,-4044,-2161,648,0.0,35.0,0.0,0.0,110.0,1007.0,0.0,1917.0,586.0,13.0,438.0,325.0,301.0,-62.0,3.0,2026,9,10,15,3,Thursday,Automne,Jour_de_semaine,4439.0,12.7
France,Données temps réel,2026-09-10,4,2026-09-10 04:30:00,34883.0,34700,34332,33.0,0.0,1096.0,39413.0,1925.0,1846.0,79.0,0.0,2522.0,-414.0,1063.0,-10675.0,22.0,-2615,-2930,-4044,-2183,506,0.0,35.0,0.0,0.0,99.0,998.0,0.0,1922.0,586.0,14.0,438.0,324.0,301.0,-81.0,2.0,2026,9,10,30,3,Thursday,Automne,Jour_de_semaine,4447.0,12.7
France,Données temps réel,2026-09-10,4,2026-09-10 04:45:00,34973.0,34900,34273,33.0,0.0,1242.0,39461.0,1981.0,1892.0,89.0,0.0,2558.0,-414.0,1064.0,-10872.0,23.0,-2615,-2394,-4044,-2197,-37,0.0,35.0,0.0,0.0,111.0,1132.0,0.0,1953.0,578.0,28.0,439.0,324.0,301.0,-81.0,0.0,2026,9,10,45,3,Thursday,Automne,Jour_de_semaine,4539.0,13.0
France,Données temps réel,2026-09-10,5,2026-09-10 05:00:00,35317.0,35100,34214,33.0,0.0,1295.0,39452.0,2009.0,1918.0,91.0,0.0,2597.0,-346.0,1060.0,-10749.0,24.0,-730,-2495,-4044,-2217,-957,0.0,35.0,0.0,0.0,100.0,1196.0,0.0,1940.0,629.0,29.0,436.0,322.0,301.0,-35.0,2.0,2026,9,10,0,3,Thursday,Automne,Jour_de_semaine,4606.0,13.0
France,Données temps réel,2026-09-10,5,2026-09-10 05:15:00,36061.0,35750,34885,33.0,0.0,1380.0,39419.0,2058.0,1961.0,98.0,0.0,2645.0,-344.0,1058.0,-10097.0,24.0,-730,-2139,-4044,-2217,-1618,0.0,35.0,0.0,0.0,111.0,1270.0,0.0,1978.0,639.0,29.0,436.0,320.0,301.0,-96.0,6.0,2026,9,10,15,3,Thursday,Automne,Jour_de_semaine,4703.0,13.0
France,Données temps réel,2026-09-10,5,2026-09-10 05:30:00,36504.0,36400,35556,35.0,0.0,2273.0,39429.0,2094.0,2006.0,88.0,0.0,2835.0,-347.0,1057.0,-10827.0,32.0,-730,-1665,-4044,-2227,-2680,0.0,35.0,0.0,0.0,111.0,2164.0,0.0,1982.0,715.0,138.0,434.0,322.0,301.0,-46.0,0.0,2026,9,10,30,3,Thursday,Automne,Jour_de_semaine,4929.0,13.5
France,Données temps réel,2026-09-10,5,2026-09-10 05:45:00,37211.0,37250,36490,35.0,0.0,3072.0,39435.0,2107.0,2022.0,85.0,0.0,3051.0,-345.0,1059.0,-11174.0,38.0,-730,-343,-4044,-2227,-4084,0.0,35.0,0.0,0.0,111.0,2963.0,0.0,2076.0,832.0,143.0,437.0,321.0,301.0,-28.0,0.0,2026,9,10,45,3,Thursday,Automne,Jour_de_semaine,5158.0,13.9
France,Données temps réel,2026-09-10,6,2026-09-10 06:00:00,37721.0,38100,37424,35.0,0.0,3231.0,39414.0,2063.0,1972.0,91.0,0.0,3032.0,-327.0,1057.0,-10756.0,39.0,-314,81,-4044,-2222,-3893,0.0,35.0,0.0,0.0,111.0,3121.0,0.0,2055.0,835.0,142.0,433.0,323.0,301.0,-38.0,13.0,2026,9,10,0,3,Thursday,Automne,Jour_de_semaine,5095.0,13.5
France,Données temps réel,2026-09-10,6,2026-09-10 06:15:00,39169.0,39050,38773,37.0,0.0,3342.0,39450.0,2090.0,2008.0,81.0,0.0,3308.0,0.0,1059.0,-10122.0,40.0,-314,1317,-4044,-2227,-3913,2.0,35.0,0.0,0.0,110.0,3233.0,0.0,2091.0,1073.0,143.0,434.0,323.0,301.0,-5.0,10.0,2026,9,10,15,3,Thursday,Automne,Jour_de_semaine,5398.0,13.8
France,Données temps réel,2026-09-10,6,2026-09-10 06:30:00,40637.0,40000,40121,36.0,0.0,3358.0,39456.0,2101.0,2012.0,89.0,0.0,3636.0,0.0,1059.0,-8995.0,40.0,-314,1535,-4044,-2227,-3657,1.0,35.0,0.0,0.0,111.0,3248.0,0.0,2110.0,1064.0,462.0,434.0,323.0,301.0,-16.0,5.0,2026,9,10,30,3,Thursday,Automne,Jour_de_semaine,5737.0,14.1
France,Données temps réel,2026-09-10,6,2026-09-10 06:45:00,41516.0,40850,41033,36.0,0.0,3378.0,38895.0,2117.0,2029.0,88.0,0.0,4367.0,-1.0,1061.0,-8329.0,40.0,-314,2062,-4044,-2192,-3513,1.0,35.0,0.0,0.0,111.0,3268.0,0.0,2135.0,1379.0,854.0,439.0,321.0,301.0,-9.0,2.0,2026,9,10,45,3,Thursday,Automne,Jour_de_semaine,6484.0,15.6
France,Données temps réel,2026-09-10,7,2026-09-10 07:00:00,42697.0,41700,41944,37.0,0.0,3400.0,38541.0,2065.0,1979.0,87.0,223.0,5167.0,0.0,1054.0,-7777.0,40.0,-840,2236,-4044,-338,-4580,2.0,35.0,0.0,0.0,111.0,3290.0,0.0,2165.0,1351.0,1651.0,430.0,322.0,301.0,-15.0,4.0,2026,9,10,0,3,Thursday,Automne,Jour_de_semaine,7455.0,17.5
France,Données temps réel,2026-09-10,7,2026-09-10 07:15:00,43544.0,42550,42805,37.0,0.0,3404.0,38510.0,2043.0,1926.0,118.0,235.0,5317.0,0.0,1060.0,-7399.0,40.0,-840,1844,-4044,-234,-4048,2.0,35.0,0.0,0.0,111.0,3294.0,0.0,2266.0,1457.0,1594.0,437.0,322.0,301.0,-8.0,346.0,2026,9,10,15,3,Thursday,Automne,Jour_de_semaine,7595.0,17.4
France,Données temps réel,2026-09-10,7,2026-09-10 07:30:00,44336.0,43400,43666,37.0,0.0,3407.0,38495.0,2020.0,1885.0,134.0,305.0,5549.0,0.0,1058.0,-6934.0,40.0,-840,1410,-4044,-217,-3146,2.0,35.0,0.0,0.0,111.0,3297.0,0.0,2259.0,1480.0,1811.0,431.0,325.0,301.0,-7.0,407.0,2026,9,10,30,3,Thursday,Automne,Jour_de_semaine,7874.0,17.8
France,Données temps réel,2026-09-10,7,2026-09-10 07:45:00,44698.0,44100,44307,37.0,0.0,3396.0,38480.0,2058.0,1904.0,154.0,550.0,5585.0,0.0,1056.0,-6860.0,39.0,-840,754,-4044,-248,-2255,2.0,35.0,0.0,0.0,111.0,3286.0,0.0,2268.0,1462.0,1855.0,429.0,325.0,301.0,-11.0,408.0,2026,9,10,45,3,Thursday,Automne,Jour_de_semaine,8193.0,18.3
France,Données temps réel,2026-09-10,8,2026-09-10 08:00:00,45156.0,44800,44947,37.0,0.0,3403.0,38481.0,2038.0,1885.0,152.0,950.0,5356.0,-1.0,1053.0,-6534.0,39.0,-1205,1804,-4044,427,-3019,2.0,35.0,0.0,0.0,110.0,3294.0,0.0,2247.0,1494.0,1615.0,430.0,322.0,301.0,-8.0,381.0,2026,9,10,0,3,Thursday,Automne,Jour_de_semaine,8344.0,18.5
France,Données temps réel,2026-09-10,8,2026-09-10 08:15:00,45779.0,45100,45238,37.0,0.0,3395.0,38457.0,2013.0,1869.0,144.0,1637.0,5027.0,-29.0,1051.0,-6030.0,39.0,-1205,967,-4044,281,-2288,2.0,35.0,0.0,0.0,110.0,3286.0,0.0,2137.0,1425.0,1464.0,429.0,321.0,301.0,-5.0,227.0,2026,9,10,15,3,Thursday,Automne,Jour_de_semaine,8677.0,19.0
France,Données temps réel,2026-09-10,8,2026-09-10 08:30:00,45510.0,45400,45528,37.0,0.0,3410.0,38453.0,1951.0,1803.0,148.0,2445.0,4495.0,-26.0,1056.0,-6524.0,39.0,-1205,867,-4044,365,-1895,2.0,35.0,0.0,0.0,111.0,3301.0,0.0,2144.0,1333.0,1018.0,430.0,325.0,301.0,-5.0,218.0,2026,9,10,30,3,Thursday,Automne,Jour_de_semaine,8891.0,19.5
France,Données temps réel,2026-09-10,8,2026-09-10 08:45:00,46111.0,45700,45847,37.0,0.0,3355.0,38470.0,1948.0,1802.0,146.0,3627.0,4106.0,-31.0,1049.0,-6479.0,38.0,-1205,1421,-4044,158,-2746,2.0,35.0,0.0,0.0,110.0,3246.0,0.0,2122.0,1048.0,936.0,424.0,324.0,301.0,-5.0,36.0,2026,9,10,45,3,Thursday,Automne,Jour_de_semaine,9681.0,21.0
France,Données temps réel,2026-09-10,9,2026-09-10 09:00:00,46381.0,46000,46165,37.0,0.0,3344.0,38470.0,1993.0,1816.0,176.0,4835.0,3942.0,-31.0,1045.0,-7215.0,37.0,-2785,1800,-4044,-1483,-165,2.0,35.0,0.0,0.0,111.0,3234.0,0.0,2151.0,1036.0,755.0,422.0,321.0,301.0,-74.0,36.0,2026,9,10,0,3,Thursday,Automne,Jour_de_semaine,10770.0,23.2
France,Données temps réel,2026-09-10,9,2026-09-10 09:15:00,46549.0,46050,46233,36.0,0.0,2449.0,38367.0,1990.0,1801.0,189.0,6349.0,3572.0,-1.0,1047.0,-7259.0,30.0,-2785,1786,-4044,-1524,-219,1.0,35.0,0.0,0.0,100.0,2351.0,0.0,2047.0,966.0,559.0,425.0,320.0,301.0,-5.0,5.0,2026,9,10,15,3,Thursday,Automne,Jour_de_semaine,11911.0,25.6
France,Données temps réel,2026-09-10,9,2026-09-10 09:30:00,46760.0,46100,46300,36.0,0.0,1862.0,38395.0,1967.0,1778.0,189.0,7624.0,3344.0,0.0,1046.0,-7399.0,25.0,-2785,1720,-4044,-1595,-9,1.0,35.0,0.0,0.0,100.0,1763.0,0.0,2052.0,941.0,351.0,425.0,319.0,301.0,-117.0,3.0,2026,9,10,30,3,Thursday,Automne,Jour_de_semaine,12935.0,27.7
France,Données temps réel,2026-09-10,9,2026-09-10 09:45:00,46598.0,46400,46600,37.0,0.0,1025.0,38247.0,1984.0,1768.0,216.0,8728.0,3006.0,-1.0,1045.0,-7408.0,18.0,-2785,1800,-4044,-1559,-754,2.0,35.0,0.0,0.0,100.0,927.0,0.0,2039.0,793.0,174.0,423.0,320.0,301.0,-63.0,0.0,2026,9,10,45,3,Thursday,Automne,Jour_de_semaine,13718.0,29.4
France,Données temps réel,2026-09-10,10,2026-09-10 10:00:00,46517.0,46700,46900,37.0,0.0,786.0,38260.0,1992.0,1775.0,217.0,10021.0,2723.0,-1.0,1048.0,-8300.0,16.0,-3028,1300,-4044,-2224,66,2.0,35.0,0.0,0.0,100.0,687.0,0.0,1951.0,599.0,173.0,429.0,317.0,301.0,-48.0,0.0,2026,9,10,0,3,Thursday,Automne,Jour_de_semaine,14736.0,31.7
France,Données temps réel,2026-09-10,10,2026-09-10 10:15:00,46909.0,46850,47050,37.0,0.0,600.0,38303.0,1994.0,1773.0,221.0,11575.0,2606.0,-515.0,1039.0,-8735.0,14.0,-3028,1300,-4044,-2226,-400,2.0,35.0,0.0,0.0,100.0,502.0,0.0,1934.0,494.0,178.0,423.0,314.0,301.0,-24.0,28.0,2026,9,10,15,3,Thursday,Automne,Jour_de_semaine,16175.0,34.5
France,Données temps réel,2026-09-10,10,2026-09-10 10:30:00,46666.0,47000,47200,37.0,0.0,496.0,38243.0,1941.0,1715.0,225.0,12546.0,2646.0,-931.0,1047.0,-9328.0,13.0,-3028,1192,-4044,-2227,-887,2.0,35.0,0.0,0.0,99.0,397.0,0.0,2004.0,469.0,173.0,426.0,319.0,301.0,-35.0,6.0,2026,9,10,30,3,Thursday,Automne,Jour_de_semaine,17133.0,36.7
France,Données temps réel,2026-09-10,10,2026-09-10 10:45:00,46894.0,46950,47200,36.0,0.0,483.0,38139.0,2002.0,1769.0,233.0,12617.0,2427.0,-1095.0,1047.0,-9469.0,13.0,-3028,1037,-4044,-2227,-1178,1.0,35.0,0.0,0.0,99.0,385.0,0.0,2033.0,369.0,25.0,422.0,324.0,301.0,-119.0,3.0,2026,9,10,45,3,Thursday,Automne,Jour_de_semaine,17046.0,36.4
France,Données temps réel,2026-09-10,11,2026-09-10 11:00:00,47053.0,46900,47200,37.0,0.0,493.0,38055.0,2075.0,1836.0,239.0,14344.0,2528.0,-1094.0,1046.0,-10110.0,13.0,-3028,827,-4044,-2227,-1714,2.0,35.0,0.0,0.0,99.0,395.0,0.0,2119.0,384.0,25.0,428.0,317.0,301.0,-321.0,0.0,2026,9,10,0,3,Thursday,Automne,Jour_de_semaine,18947.0,40.3
France,Données temps réel,2026-09-10,11,2026-09-10 11:15:00,47010.0,47000,47300,37.0,0.0,547.0,38035.0,2134.0,1890.0,244.0,15140.0,2443.0,-1256.0,1044.0,-10960.0,13.0,-3028,1074,-4044,-2227,-2210,2.0,35.0,0.0,0.0,100.0,448.0,0.0,2107.0,310.0,25.0,431.0,311.0,301.0,-157.0,3.0,2026,9,10,15,3,Thursday,Automne,Jour_de_semaine,19717.0,41.9
France,Données temps réel,2026-09-10,11,2026-09-10 11:30:00,49082.0,47100,47400,36.0,0.0,480.0,38122.0,2200.0,1972.0,228.0,15777.0,2374.0,-1302.0,1043.0,-9616.0,12.0,-3028,685,-4044,-2227,-2182,1.0,35.0,0.0,0.0,99.0,382.0,0.0,2007.0,360.0,7.0,421.0,321.0,301.0,-34.0,3.0,2026,9,10,30,3,Thursday,Automne,Jour_de_semaine,20351.0,41.5
France,Données temps réel,2026-09-10,11,2026-09-10 11:45:00,49570.0,47650,47950,36.0,0.0,480.0,38122.0,2166.0,1938.0,228.0,16299.0,2374.0,-1302.0,1043.0,-9616.0,12.0,-3028,511,-4044,-2227,-1825,1.0,35.0,0.0,0.0,99.0,382.0,0.0,2007.0,360.0,7.0,421.0,321.0,301.0,-34.0,3.0,2026,9,10,45,3,Thursday,Automne,Jour_de_semaine,20839.0,42.0
France,Données temps réel,2026-09-10,12,2026-09-10 12:00:00,47589.0,48200,48500,37.0,0.0,504.0,37930.0,2176.0,1959.0,217.0,16583.0,2459.0,-1421.0,1042.0,-11448.0,13.0,-3028,155,-3823,-2227,-2302,2.0,35.0,0.0,0.0,100.0,406.0,0.0,2155.0,279.0,24.0,429.0,312.0,301.0,-275.0,3.0,2026,9,10,0,3,Thursday,Automne,Jour_de_semaine,21218.0,44.6
France,Données temps réel,2026-09-10,12,2026-09-10 12:15:00,47302.0,47900,48250,36.0,0.0,239.0,37810.0,2209.0,1988.0,222.0,16965.0,2494.0,-1656.0,1038.0,-11823.0,11.0,-3028,-28,-3823,-2227,-2277,1.0,35.0,0.0,0.0,99.0,142.0,0.0,2161.0,255.0,78.0,426.0,311.0,301.0,-41.0,31.0,2026,9,10,15,3,Thursday,Automne,Jour_de_semaine,21668.0,45.8
France,Données temps réel,2026-09-10,12,2026-09-10 12:30:00,47857.0,47600,48000,37.0,0.0,223.0,37949.0,2187.0,1982.0,205.0,17518.0,2485.0,-1650.0,1045.0,-11797.0,10.0,-3028,-57,-3823,-2226,-2144,2.0,35.0,0.0,0.0,99.0,125.0,0.0,2174.0,253.0,58.0,432.0,312.0,301.0,-163.0,23.0,2026,9,10,30,3,Thursday,Automne,Jour_de_semaine,22190.0,46.4
France,Données temps réel,2026-09-10,12,2026-09-10 12:45:00,48117.0,48150,48600,37.0,0.0,219.0,38006.0,2188.0,2003.0,184.0,17858.0,2527.0,-1717.0,1047.0,-11847.0,10.0,-3028,-310,-3823,-2227,-2497,2.0,35.0,0.0,0.0,99.0,120.0,0.0,2175.0,248.0,104.0,433.0,312.0,301.0,-204.0,6.0,2026,9,10,45,3,Thursday,Automne,Jour_de_semaine,22573.0,46.9
France,Données temps réel,2026-09-10,13,2026-09-10 13:00:00,47653.0,48700,49200,37.0,0.0,244.0,37835.0,2184.0,2006.0,178.0,18013.0,2547.0,-1724.0,1045.0,-12266.0,11.0,-3028,-857,-3823,-2227,-2748,2.0,35.0,0.0,0.0,99.0,146.0,0.0,2206.0,246.0,95.0,433.0,311.0,301.0,-265.0,3.0,2026,9,10,0,3,Thursday,Automne,Jour_de_semaine,22744.0,47.7
France,Données temps réel,2026-09-10,13,2026-09-10 13:15:00,47086.0,47950,48400,37.0,0.0,220.0,38061.0,2182.0,1971.0,211.0,18204.0,2484.0,-1719.0,1040.0,-13276.0,10.0,-3028,-1084,-3823,-2227,-2949,2.0,35.0,0.0,0.0,99.0,122.0,0.0,2217.0,260.0,7.0,427.0,311.0,301.0,-151.0,5.0,2026,9,10,15,3,Thursday,Automne,Jour_de_semaine,22870.0,48.6
France,Données temps réel,2026-09-10,13,2026-09-10 13:30:00,46345.0,47200,47600,37.0,0.0,215.0,37612.0,2133.0,1942.0,191.0,18116.0,2517.0,-1718.0,1038.0,-13455.0,10.0,-3028,-1085,-3823,-2227,-2958,2.0,35.0,0.0,0.0,99.0,118.0,0.0,2160.0,349.0,7.0,426.0,311.0,301.0,-165.0,15.0,2026,9,10,30,3,Thursday,Automne,Jour_de_semaine,22766.0,49.1
France,Données temps réel,2026-09-10,13,2026-09-10 13:45:00,46518.0,47500,47800,37.0,0.0,215.0,37570.0,2185.0,2011.0,174.0,18452.0,2540.0,-1718.0,1043.0,-13502.0,10.0,-3028,-1047,-3823,-2227,-2876,2.0,35.0,0.0,0.0,99.0,118.0,0.0,2107.0,409.0,24.0,430.0,312.0,301.0,-305.0,1.0,2026,9,10,45,3,Thursday,Automne,Jour_de_semaine,23177.0,49.8
France,Données temps réel,2026-09-10,14,2026-09-10 14:00:00,46367.0,47800,48000,37.0,0.0,255.0,37570.0,2135.0,1991.0,144.0,18081.0,2581.0,-1712.0,1040.0,-13535.0,11.0,-3028,-512,-3823,-2227,-1865,2.0,35.0,0.0,0.0,99.0,157.0,0.0,2143.0,410.0,28.0,429.0,310.0,301.0,-88.0,3.0,2026,9,10,0,3,Thursday,Automne,Jour_de_semaine,22797.0,49.2
France,Données temps réel,2026-09-10,14,2026-09-10 14:15:00,47176.0,48150,48300,37.0,0.0,202.0,37070.0,2080.0,1935.0,145.0,18185.0,2559.0,-1716.0,1041.0,-12256.0,10.0,-3028,-346,-3823,-2227,-1759,2.0,35.0,0.0,0.0,99.0,104.0,0.0,2174.0,304.0,82.0,429.0,311.0,301.0,-44.0,19.0,2026,9,10,15,3,Thursday,Automne,Jour_de_semaine,22824.0,48.4
France,Données temps réel,2026-09-10,14,2026-09-10 14:30:00,46936.0,48500,48600,37.0,0.0,217.0,36759.0,2193.0,2052.0,142.0,18193.0,2517.0,-1647.0,1040.0,-12346.0,10.0,-3028,-82,-3823,-2227,-2008,2.0,35.0,0.0,0.0,103.0,115.0,0.0,2167.0,274.0,77.0,425.0,314.0,301.0,-49.0,22.0,2026,9,10,30,3,Thursday,Automne,Jour_de_semaine,22903.0,48.8
France,Données temps réel,2026-09-10,14,2026-09-10 14:45:00,46818.0,47900,47950,42.0,0.0,260.0,36689.0,2193.0,2055.0,138.0,18126.0,2451.0,-1646.0,1043.0,-12290.0,11.0,-3028,-230,-3823,-2227,-2258,7.0,35.0,0.0,0.0,109.0,152.0,0.0,2108.0,268.0,75.0,432.0,310.0,301.0,-72.0,22.0,2026,9,10,45,3,Thursday,Automne,Jour_de_semaine,22770.0,48.6
France,Données temps réel,2026-09-10,15,2026-09-10 15:00:00,46195.0,47300,47300,37.0,0.0,240.0,36338.0,2213.0,2077.0,136.0,17969.0,2490.0,-1646.0,1047.0,-12467.0,11.0,-2658,-359,-4044,-2227,-2364,2.0,35.0,0.0,0.0,109.0,133.0,0.0,2076.0,340.0,74.0,434.0,312.0,301.0,-43.0,17.0,2026,9,10,0,3,Thursday,Automne,Jour_de_semaine,22672.0,49.1
France,Données temps réel,2026-09-10,15,2026-09-10 15:15:00,45845.0,46900,46400,37.0,0.0,261.0,36413.0,2213.0,2051.0,162.0,17645.0,2487.0,-1644.0,1042.0,-12577.0,11.0,-2658,-201,-4044,-2227,-2578,2.0,35.0,0.0,0.0,109.0,153.0,0.0,2091.0,372.0,25.0,429.0,311.0,301.0,-40.0,9.0,2026,9,10,15,3,Thursday,Automne,Jour_de_semaine,22345.0,48.7
France,Données temps réel,2026-09-10,15,2026-09-10 15:30:00,45434.0,46500,45500,37.0,0.0,520.0,36406.0,2179.0,2019.0,160.0,17496.0,2470.0,-1644.0,1045.0,-13034.0,13.0,-2658,300,-4044,-2227,-3053,2.0,35.0,0.0,0.0,109.0,412.0,0.0,2075.0,369.0,26.0,433.0,311.0,301.0,-45.0,4.0,2026,9,10,30,3,Thursday,Automne,Jour_de_semaine,22145.0,48.7
France,Données temps réel,2026-09-10,15,2026-09-10 15:45:00,45079.0,46150,45150,37.0,0.0,710.0,36266.0,2099.0,1944.0,155.0,17029.0,2397.0,-1639.0,1042.0,-12820.0,14.0,-2658,309,-4044,-2227,-3271,2.0,35.0,0.0,0.0,100.0,621.0,0.0,2016.0,346.0,26.0,429.0,311.0,301.0,-44.0,2.0,2026,9,10,45,3,Thursday,Automne,Jour_de_semaine,21525.0,47.7
France,Données temps réel,2026-09-10,16,2026-09-10 16:00:00,44436.0,45800,44800,36.0,0.0,714.0,36210.0,1987.0,1852.0,136.0,16465.0,2409.0,-1645.0,1038.0,-12742.0,14.0,-3028,-216,-4044,-2227,-3099,1.0,35.0,0.0,0.0,109.0,605.0,0.0,1986.0,399.0,24.0,426.0,311.0,301.0,-38.0,3.0,2026,9,10,0,3,Thursday,Automne,Jour_de_semaine,20861.0,46.9
France,Données temps réel,2026-09-10,16,2026-09-10 16:15:00,43849.0,45400,44350,37.0,0.0,814.0,36567.0,2061.0,1920.0,142.0,15871.0,2338.0,-1646.0,1045.0,-13249.0,15.0,-3028,86,-4044,-2227,-3214,2.0,35.0,0.0,0.0,109.0,707.0,0.0,1933.0,375.0,30.0,431.0,312.0,301.0,-24.0,38.0,2026,9,10,15,3,Thursday,Automne,Jour_de_semaine,20270.0,46.2
France,Données temps réel,2026-09-10,16,2026-09-10 16:30:00,43848.0,45000,43900,37.0,0.0,890.0,36731.0,2094.0,1956.0,138.0,15389.0,2556.0,-1639.0,1050.0,-13271.0,16.0,-3028,472,-4044,-2227,-3183,2.0,35.0,0.0,0.0,109.0,782.0,0.0,1917.0,389.0,250.0,438.0,312.0,301.0,-22.0,33.0,2026,9,10,30,3,Thursday,Automne,Jour_de_semaine,20039.0,45.7
France,Données temps réel,2026-09-10,16,2026-09-10 16:45:00,44267.0,45050,43950,37.0,0.0,929.0,36916.0,2128.0,1988.0,140.0,15162.0,2597.0,-1635.0,1043.0,-12906.0,16.0,-3028,366,-4044,-2227,-3125,2.0,35.0,0.0,0.0,99.0,831.0,0.0,1932.0,434.0,232.0,434.0,307.0,301.0,-34.0,33.0,2026,9,10,45,3,Thursday,Automne,Jour_de_semaine,19887.0,44.9
France,Données temps réel,2026-09-10,17,2026-09-10 17:00:00,44319.0,45100,44000,37.0,0.0,849.0,36840.0,2057.0,1925.0,133.0,14269.0,2593.0,-1066.0,1046.0,-12293.0,16.0,-3028,775,-4044,-2227,-3116,2.0,35.0,0.0,0.0,99.0,751.0,0.0,1942.0,428.0,223.0,434.0,311.0,301.0,-43.0,30.0,2026,9,10,0,3,Thursday,Automne,Jour_de_semaine,18919.0,42.7
France,Données temps réel,2026-09-10,17,2026-09-10 17:15:00,44338.0,45050,44000,37.0,0.0,875.0,37096.0,2115.0,1979.0,135.0,13112.0,2724.0,-1064.0,1047.0,-11627.0,16.0,-3028,1149,-4044,-2227,-3083,2.0,35.0,0.0,0.0,96.0,780.0,0.0,1939.0,549.0,237.0,434.0,312.0,301.0,-14.0,38.0,2026,9,10,15,3,Thursday,Automne,Jour_de_semaine,17951.0,40.5
France,Données temps réel,2026-09-10,17,2026-09-10 17:30:00,44491.0,45000,44000,36.0,0.0,1718.0,37155.0,2132.0,1996.0,137.0,12093.0,2741.0,-1081.0,1046.0,-11370.0,23.0,-3028,1150,-4044,-2227,-3101,1.0,35.0,0.0,0.0,96.0,1624.0,0.0,1937.0,558.0,245.0,433.0,311.0,301.0,0.0,22.0,2026,9,10,30,3,Thursday,Automne,Jour_de_semaine,16966.0,38.1
France,Données temps réel,2026-09-10,17,2026-09-10 17:45:00,45055.0,45350,44400,37.0,0.0,2465.0,37300.0,2103.0,1958.0,145.0,10863.0,3323.0,-413.0,1053.0,-11687.0,28.0,-3028,1300,-4044,-2227,-2928,2.0,35.0,0.0,0.0,95.0,2371.0,0.0,2019.0,907.0,398.0,434.0,318.0,301.0,-2.0,13.0,2026,9,10,45,3,Thursday,Automne,Jour_de_semaine,16289.0,36.2
France,Données temps réel,2026-09-10,18,2026-09-10 18:00:00,45711.0,45700,44800,37.0,0.0,2617.0,37499.0,2048.0,1896.0,153.0,9498.0,3437.0,0.0,1061.0,-10490.0,30.0,-1227,1787,-4044,-2227,-3785,2.0,35.0,0.0,0.0,95.0,2523.0,0.0,2076.0,976.0,385.0,440.0,319.0,301.0,-4.0,9.0,2026,9,10,0,3,Thursday,Automne,Jour_de_semaine,14983.0,32.8
France,Données temps réel,2026-09-10,18,2026-09-10 18:15:00,46488.0,46250,45400,37.0,0.0,2887.0,37584.0,2008.0,1861.0,147.0,8040.0,3903.0,0.0,1058.0,-9041.0,32.0,-1227,1800,-3343,-2134,-3749,2.0,35.0,0.0,0.0,95.0,2793.0,0.0,2108.0,1187.0,609.0,438.0,319.0,301.0,-7.0,19.0,2026,9,10,15,3,Thursday,Automne,Jour_de_semaine,13951.0,30.0
France,Données temps réel,2026-09-10,18,2026-09-10 18:30:00,46783.0,46800,46000,37.0,0.0,3410.0,37749.0,1950.0,1803.0,147.0,6646.0,4749.0,-1.0,1054.0,-8860.0,36.0,-1227,1800,-2851,-2092,-3403,2.0,35.0,0.0,0.0,102.0,3309.0,0.0,2091.0,1265.0,1393.0,435.0,318.0,301.0,0.0,50.0,2026,9,10,30,3,Thursday,Automne,Jour_de_semaine,13345.0,28.5
France,Données temps réel,2026-09-10,18,2026-09-10 18:45:00,47693.0,47650,46900,37.0,0.0,3502.0,37732.0,1861.0,1721.0,140.0,5410.0,5543.0,-1.0,1057.0,-7459.0,37.0,-1227,1800,-1687,-1933,-3404,2.0,35.0,0.0,0.0,99.0,3404.0,0.0,2234.0,1485.0,1824.0,434.0,322.0,301.0,-17.0,29.0,2026,9,10,45,3,Thursday,Automne,Jour_de_semaine,12814.0,26.9
France,Données temps réel,2026-09-10,19,2026-09-10 19:00:00,48263.0,48500,47800,37.0,0.0,3730.0,37788.0,1787.0,1639.0,148.0,3940.0,6272.0,0.0,1054.0,-6369.0,39.0,84,2200,-1733,-161,-4753,2.0,35.0,0.0,0.0,108.0,3624.0,0.0,2336.0,1714.0,2223.0,432.0,321.0,301.0,0.0,25.0,2026,9,10,0,3,Thursday,Automne,Jour_de_semaine,11999.0,24.9
France,Données temps réel,2026-09-10,19,2026-09-10 19:15:00,48273.0,48250,47750,37.0,0.0,3715.0,37823.0,1701.0,1557.0,144.0,2765.0,6102.0,0.0,1052.0,-4926.0,40.0,84,2096,-1142,-354,-4676,2.0,35.0,0.0,0.0,108.0,3608.0,0.0,2396.0,1733.0,1973.0,431.0,319.0,301.0,-8.0,13.0,2026,9,10,15,3,Thursday,Automne,Jour_de_semaine,10568.0,21.9
France,Données temps réel,2026-09-10,19,2026-09-10 19:30:00,48258.0,48000,47700,37.0,0.0,3903.0,37840.0,1740.0,1595.0,145.0,1750.0,6746.0,-2.0,1051.0,-4829.0,42.0,84,1854,-1000,-126,-4622,2.0,35.0,0.0,0.0,108.0,3797.0,0.0,2401.0,1876.0,2469.0,428.0,321.0,301.0,-7.0,30.0,2026,9,10,30,3,Thursday,Automne,Jour_de_semaine,10236.0,21.2
France,Données temps réel,2026-09-10,19,2026-09-10 19:45:00,47761.0,47550,47250,37.0,0.0,3948.0,37859.0,1702.0,1569.0,133.0,1093.0,6546.0,0.0,1049.0,-4492.0,43.0,84,948,-647,48,-4600,2.0,35.0,0.0,0.0,108.0,3842.0,0.0,2402.0,1902.0,2242.0,426.0,322.0,301.0,-4.0,24.0,2026,9,10,45,3,Thursday,Automne,Jour_de_semaine,9341.0,19.6
France,Données temps réel,2026-09-10,20,2026-09-10 20:00:00,47411.0,47100,46800,37.0,0.0,4022.0,37913.0,1740.0,1614.0,127.0,647.0,6939.0,0.0,1053.0,-4957.0,43.0,385,-200,-524,1089,-4839,2.0,35.0,0.0,0.0,108.0,3915.0,0.0,2430.0,2027.0,2482.0,430.0,321.0,301.0,-4.0,22.0,2026,9,10,0,3,Thursday,Automne,Jour_de_semaine,9326.0,19.7
France,Données temps réel,2026-09-10,20,2026-09-10 20:15:00,47410.0,46500,46200,37.0,0.0,3981.0,37948.0,1684.0,1558.0,126.0,354.0,6752.0,0.0,1057.0,-4745.0,44.0,385,-1906,-349,1117,-4629,2.0,35.0,0.0,0.0,107.0,3875.0,0.0,2562.0,2141.0,2049.0,432.0,323.0,301.0,-38.0,383.0,2026,9,10,15,3,Thursday,Automne,Jour_de_semaine,8790.0,18.5
France,Données temps réel,2026-09-10,20,2026-09-10 20:30:00,46910.0,45900,45600,37.0,0.0,4080.0,38004.0,1667.0,1551.0,116.0,239.0,7012.0,-25.0,1056.0,-5570.0,44.0,385,-2880,-60,1124,-4175,2.0,35.0,0.0,0.0,110.0,3971.0,0.0,2575.0,2127.0,2310.0,431.0,324.0,301.0,-11.0,422.0,2026,9,10,30,3,Thursday,Automne,Jour_de_semaine,8918.0,19.0
France,Données temps réel,2026-09-10,20,2026-09-10 20:45:00,46759.0,45700,45400,37.0,0.0,4085.0,37991.0,1700.0,1578.0,122.0,218.0,7055.0,-31.0,1058.0,-5725.0,44.0,385,-2960,-1,1025,-4242,2.0,35.0,0.0,0.0,109.0,3977.0,0.0,2608.0,2125.0,2323.0,434.0,322.0,301.0,-23.0,396.0,2026,9,10,45,3,Thursday,Automne,Jour_de_semaine,8973.0,19.2
France,Données temps réel,2026-09-10,21,2026-09-10 21:00:00,45907.0,45500,45200,37.0,0.0,3994.0,38033.0,1799.0,1654.0,145.0,212.0,7012.0,-45.0,1056.0,-6462.0,43.0,255,-2960,-87,-1534,-2298,2.0,35.0,0.0,0.0,109.0,3886.0,0.0,2602.0,2106.0,2304.0,433.0,322.0,301.0,-19.0,292.0,2026,9,10,0,3,Thursday,Automne,Jour_de_semaine,9023.0,19.7
France,Données temps réel,2026-09-10,21,2026-09-10 21:15:00,45200.0,44950,44700,37.0,0.0,4118.0,38043.0,1911.0,1740.0,172.0,0.0,6994.0,-46.0,1059.0,-7152.0,44.0,255,-2960,-938,-1394,-2145,2.0,35.0,0.0,0.0,109.0,4010.0,0.0,2556.0,2036.0,2403.0,435.0,323.0,301.0,-13.0,248.0,2026,9,10,15,3,Thursday,Automne,Jour_de_semaine,8905.0,19.7
France,Données temps réel,2026-09-10,21,2026-09-10 21:30:00,44433.0,44400,44200,37.0,0.0,4079.0,38056.0,2024.0,1820.0,204.0,0.0,6740.0,-53.0,1053.0,-7749.0,44.0,255,-2960,-1473,-1366,-1722,2.0,35.0,0.0,0.0,109.0,3971.0,0.0,2575.0,1918.0,2248.0,431.0,321.0,301.0,-10.0,255.0,2026,9,10,30,3,Thursday,Automne,Jour_de_semaine,8764.0,19.7
France,Données temps réel,2026-09-10,21,2026-09-10 21:45:00,43721.0,43800,43600,37.0,0.0,4029.0,38067.0,2095.0,1904.0,191.0,0.0,6320.0,-1.0,1055.0,-7864.0,44.0,255,-2960,-1516,-1424,-2136,2.0,35.0,0.0,0.0,109.0,3921.0,0.0,2436.0,1840.0,2045.0,430.0,323.0,301.0,-17.0,0.0,2026,9,10,45,3,Thursday,Automne,Jour_de_semaine,8415.0,19.2
France,Données temps réel,2026-09-10,22,2026-09-10 22:00:00,43127.0,43200,43000,37.0,0.0,4080.0,38087.0,2077.0,1911.0,165.0,0.0,6302.0,0.0,1050.0,-8489.0,44.0,289,-2960,-834,-699,-2614,2.0,35.0,0.0,0.0,109.0,3972.0,0.0,2424.0,1812.0,2066.0,425.0,323.0,301.0,-17.0,2.0,2026,9,10,0,3,Thursday,Automne,Jour_de_semaine,8379.0,19.4
France,Données temps réel,2026-09-10,22,2026-09-10 22:15:00,43786.0,43650,43450,37.0,0.0,4069.0,38084.0,2017.0,1871.0,146.0,0.0,5909.0,0.0,1054.0,-7427.0,45.0,289,-2960,-1117,-889,-2072,2.0,35.0,0.0,0.0,109.0,3960.0,0.0,2224.0,1675.0,2011.0,430.0,322.0,301.0,-2.0,47.0,2026,9,10,15,3,Thursday,Automne,Jour_de_semaine,7926.0,18.1
France,Données temps réel,2026-09-10,22,2026-09-10 22:30:00,43604.0,44100,43900,37.0,0.0,4105.0,38103.0,1984.0,1859.0,124.0,0.0,5205.0,-2.0,1053.0,-6881.0,46.0,289,-2860,-829,-558,-1225,2.0,35.0,0.0,0.0,110.0,3996.0,0.0,2285.0,1599.0,1320.0,429.0,323.0,301.0,-2.0,4.0,2026,9,10,30,3,Thursday,Automne,Jour_de_semaine,7189.0,16.5
France,Données temps réel,2026-09-10,22,2026-09-10 22:45:00,44595.0,44550,44350,37.0,0.0,3776.0,38109.0,1956.0,1824.0,132.0,0.0,5068.0,-1.0,1053.0,-5403.0,43.0,289,-2810,-1351,-334,-696,2.0,35.0,0.0,0.0,110.0,3668.0,0.0,2264.0,1417.0,1387.0,428.0,324.0,301.0,-5.0,3.0,2026,9,10,45,3,Thursday,Automne,Jour_de_semaine,7024.0,15.8
France,Données temps réel,2026-09-10,23,2026-09-10 23:00:00,43773.0,45000,44800,37.0,0.0,3580.0,38118.0,1934.0,1825.0,110.0,0.0,4460.0,-22.0,1052.0,-5377.0,42.0,1291,-2917,-2229,-1140,-344,2.0,35.0,0.0,0.0,110.0,3471.0,0.0,2277.0,1368.0,815.0,426.0,324.0,301.0,-11.0,3.0,2026,9,10,0,3,Thursday,Automne,Jour_de_semaine,6394.0,14.6
France,Données temps réel,2026-09-10,23,2026-09-10 23:15:00,43409.0,44200,44050,37.0,0.0,3839.0,38125.0,1887.0,1787.0,100.0,0.0,3933.0,-24.0,1053.0,-5424.0,45.0,1291,-2960,-2872,-1053,-64,2.0,35.0,0.0,0.0,110.0,3731.0,0.0,2304.0,1044.0,585.0,428.0,323.0,301.0,-26.0,9.0,2026,9,10,15,3,Thursday,Automne,Jour_de_semaine,5820.0,13.4
France,Données temps réel,2026-09-10,23,2026-09-10 23:30:00,42817.0,43400,43300,36.0,0.0,3839.0,38150.0,1879.0,1730.0,149.0,0.0,3762.0,-22.0,1055.0,-5884.0,45.0,1291,-2960,-2932,-1150,738,1.0,35.0,0.0,0.0,110.0,3730.0,0.0,2305.0,962.0,495.0,429.0,324.0,301.0,-3.0,7.0,2026,9,10,30,3,Thursday,Automne,Jour_de_semaine,5641.0,13.2
France,Données temps réel,2026-09-10,23,2026-09-10 23:45:00,43136.0,42750,42700,37.0,0.0,3569.0,38143.0,1918.0,1732.0,187.0,0.0,3833.0,-22.0,1053.0,-5399.0,43.0,1291,-2960,-3355,-1276,616,2.0,35.0,0.0,0.0,110.0,3460.0,0.0,2328.0,911.0,594.0,429.0,322.0,301.0,-5.0,9.0,2026,9,10,45,3,Thursday,Automne,Jour_de_semaine,5751.0,13.3
France,Données temps réel,2026-09-11,0,2026-09-11 00:00:00,42148.0,42100,42100,37.0,0.0,3357.0,38125.0,1969.0,1742.0,227.0,0.0,3318.0,0.0,1051.0,-5686.0,41.0,1536,-2775,-3833,-1517,754,2.0,35.0,0.0,0.0,101.0,3257.0,0.0,2279.0,746.0,293.0,429.0,321.0,301.0,-22.0,0.0,2026,9,11,0,4,Friday,Automne,Jour_de_semaine,5287.0,12.5
France,Données temps réel,2026-09-11,0,2026-09-11 00:15:00,42065.0,41300,41300,37.0,0.0,3302.0,38138.0,1961.0,1734.0,228.0,0.0,3416.0,-13.0,1054.0,-5886.0,41.0,1536,-2775,-3810,-1483,564,2.0,35.0,0.0,0.0,110.0,3193.0,0.0,2274.0,807.0,335.0,430.0,323.0,301.0,-1.0,58.0,2026,9,11,15,4,Friday,Automne,Jour_de_semaine,5377.0,12.8
France,Données temps réel,2026-09-11,0,2026-09-11 00:30:00,40845.0,40500,40500,37.0,0.0,2431.0,38138.0,1933.0,1694.0,239.0,0.0,3084.0,-14.0,1054.0,-5798.0,34.0,1536,-2775,-3889,-1598,721,2.0,35.0,0.0,0.0,110.0,2323.0,0.0,2248.0,671.0,165.0,429.0,324.0,301.0,-20.0,0.0,2026,9,11,30,4,Friday,Automne,Jour_de_semaine,5017.0,12.3
France,Données temps réel,2026-09-11,0,2026-09-11 00:45:00,39486.0,39600,39600,37.0,0.0,2145.0,38114.0,1927.0,1666.0,261.0,0.0,2856.0,-339.0,1058.0,-6279.0,32.0,1536,-2775,-3915,-1662,822,2.0,35.0,0.0,0.0,110.0,2036.0,0.0,2184.0,486.0,187.0,433.0,324.0,301.0,-36.0,4.0,2026,9,11,45,4,Friday,Automne,Jour_de_semaine,4783.0,12.1
France,Données temps réel,2026-09-11,1,2026-09-11 01:00:00,39186.0,38700,38700,37.0,0.0,1389.0,38141.0,1941.0,1652.0,289.0,0.0,2737.0,-339.0,1056.0,-5775.0,25.0,1412,-2775,-3823,-1865,1705,2.0,35.0,0.0,0.0,109.0,1281.0,0.0,2200.0,474.0,63.0,430.0,324.0,301.0,-2.0,1.0,2026,9,11,0,4,Friday,Automne,Jour_de_semaine,4678.0,11.9
France,Données temps réel,2026-09-11,1,2026-09-11 01:15:00,39682.0,38500,38500,37.0,0.0,1250.0,38159.0,1953.0,1646.0,307.0,0.0,2743.0,-340.0,1057.0,-5149.0,24.0,1412,-2775,-4044,-1941,1610,2.0,35.0,0.0,0.0,110.0,1142.0,0.0,2203.0,494.0,46.0,434.0,322.0,301.0,-34.0,5.0,2026,9,11,15,4,Friday,Automne,Jour_de_semaine,4696.0,11.8
France,Données temps réel,2026-09-11,1,2026-09-11 01:30:00,39109.0,38300,38300,37.0,0.0,1139.0,38178.0,1935.0,1652.0,283.0,0.0,2711.0,-337.0,1063.0,-5589.0,23.0,1412,-2775,-4044,-1926,1563,2.0,35.0,0.0,0.0,110.0,1030.0,0.0,2193.0,472.0,46.0,438.0,323.0,301.0,-30.0,3.0,2026,9,11,30,4,Friday,Automne,Jour_de_semaine,4646.0,11.9
France,Données temps réel,2026-09-11,1,2026-09-11 01:45:00,39048.0,38100,38100,37.0,0.0,1000.0,38177.0,1963.0,1644.0,318.0,0.0,2681.0,-173.0,1062.0,-5611.0,22.0,1412,-2775,-4044,-1970,1296,2.0,35.0,0.0,0.0,110.0,892.0,0.0,2186.0,456.0,38.0,438.0,323.0,301.0,-89.0,2.0,2026,9,11,45,4,Friday,Automne,Jour_de_semaine,4644.0,11.9
France,Données temps réel,2026-09-11,2,2026-09-11 02:00:00,38178.0,37900,37900,37.0,0.0,983.0,38197.0,1970.0,1628.0,342.0,0.0,2639.0,-384.0,1058.0,-6249.0,22.0,474,-2775,-3995,-2142,1828,2.0,35.0,0.0,0.0,109.0,875.0,0.0,2182.0,433.0,24.0,433.0,323.0,301.0,-73.0,1.0,2026,9,11,0,4,Friday,Automne,Jour_de_semaine,4609.0,12.1
France,Données temps réel,2026-09-11,2,2026-09-11 02:15:00,37883.0,37200,37200,37.0,0.0,1112.0,38192.0,1975.0,1611.0,364.0,0.0,2569.0,-221.0,1067.0,-6791.0,23.0,474,-2775,-4044,-2227,1460,2.0,35.0,0.0,0.0,110.0,1004.0,0.0,2174.0,346.0,49.0,443.0,322.0,301.0,-57.0,3.0,2026,9,11,15,4,Friday,Automne,Jour_de_semaine,4544.0,12.0
France,Données temps réel,2026-09-11,2,2026-09-11 02:30:00,36988.0,36500,36500,37.0,0.0,1103.0,38180.0,2070.0,1635.0,435.0,0.0,2512.0,-435.0,1063.0,-7503.0,23.0,474,-2775,-4044,-2227,973,2.0,35.0,0.0,0.0,110.0,995.0,0.0,2161.0,332.0,18.0,438.0,323.0,301.0,-42.0,4.0,2026,9,11,30,4,Friday,Automne,Jour_de_semaine,4582.0,12.4
France,Données temps réel,2026-09-11,2,2026-09-11 02:45:00,36344.0,36000,36000,37.0,0.0,1113.0,38200.0,2175.0,1651.0,524.0,0.0,2467.0,-762.0,1061.0,-7915.0,23.0,474,-2775,-4044,-2227,662,2.0,35.0,0.0,0.0,110.0,1004.0,0.0,2137.0,323.0,8.0,435.0,324.0,301.0,-34.0,3.0,2026,9,11,45,4,Friday,Automne,Jour_de_semaine,4642.0,12.8
France,Données temps réel,2026-09-11,3,2026-09-11 03:00:00,35877.0,35500,35500,37.0,0.0,1114.0,38223.0,2152.0,1631.0,521.0,0.0,2469.0,-763.0,1062.0,-8123.0,23.0,199,-2775,-4044,-2227,396,2.0,35.0,0.0,0.0,110.0,1005.0,0.0,2139.0,322.0,8.0,438.0,322.0,301.0,-295.0,3.0,2026,9,11,0,4,Friday,Automne,Jour_de_semaine,4621.0,12.9
France,Données temps réel,2026-09-11,3,2026-09-11 03:15:00,35485.0,35250,35250,37.0,0.0,1104.0,37997.0,2156.0,1649.0,507.0,0.0,2445.0,-829.0,1057.0,-8442.0,23.0,199,-2775,-4044,-2227,187,2.0,35.0,0.0,0.0,110.0,995.0,0.0,2122.0,315.0,8.0,433.0,322.0,301.0,-41.0,1.0,2026,9,11,15,4,Friday,Automne,Jour_de_semaine,4601.0,13.0
France,Données temps réel,2026-09-11,3,2026-09-11 03:30:00,34900.0,35000,35000,37.0,0.0,1098.0,37117.0,2183.0,1705.0,478.0,0.0,2475.0,-411.0,1061.0,-8555.0,23.0,199,-2775,-4044,-2227,195,2.0,35.0,0.0,0.0,110.0,990.0,0.0,2144.0,323.0,8.0,436.0,324.0,301.0,-106.0,3.0,2026,9,11,30,4,Friday,Automne,Jour_de_semaine,4658.0,13.3
France,Données temps réel,2026-09-11,3,2026-09-11 03:45:00,34597.0,34850,34850,37.0,0.0,1092.0,36785.0,2189.0,1751.0,439.0,0.0,2444.0,-434.0,1063.0,-8654.0,23.0,199,-2775,-4044,-2227,-16,2.0,35.0,0.0,0.0,109.0,984.0,0.0,2109.0,327.0,9.0,439.0,322.0,301.0,-6.0,83.0,2026,9,11,45,4,Friday,Automne,Jour_de_semaine,4633.0,13.4
France,Données temps réel,2026-09-11,4,2026-09-11 04:00:00,34741.0,34700,34700,36.0,0.0,1087.0,36982.0,2258.0,1787.0,471.0,0.0,2423.0,-435.0,1061.0,-8456.0,23.0,47,-2775,-4044,-2153,-221,1.0,35.0,0.0,0.0,110.0,978.0,0.0,2081.0,335.0,7.0,437.0,323.0,301.0,-218.0,4.0,2026,9,11,0,4,Friday,Automne,Jour_de_semaine,4681.0,13.5
France,Données temps réel,2026-09-11,4,2026-09-11 04:15:00,34703.0,34700,34700,37.0,0.0,1091.0,37221.0,2320.0,1854.0,466.0,0.0,2403.0,-432.0,1063.0,-8666.0,23.0,47,-2775,-4044,-2219,-90,2.0,35.0,0.0,0.0,110.0,983.0,0.0,2053.0,343.0,7.0,437.0,324.0,301.0,-334.0,0.0,2026,9,11,15,4,Friday,Automne,Jour_de_semaine,4723.0,13.6
France,Données temps réel,2026-09-11,4,2026-09-11 04:30:00,34708.0,34700,34700,37.0,0.0,1092.0,37239.0,2300.0,1838.0,462.0,0.0,2364.0,-430.0,1059.0,-8788.0,23.0,47,-2775,-4044,-2227,-273,2.0,35.0,0.0,0.0,110.0,983.0,0.0,2024.0,334.0,7.0,437.0,320.0,301.0,-167.0,3.0,2026,9,11,30,4,Friday,Automne,Jour_de_semaine,4664.0,13.4
France,Données temps réel,2026-09-11,4,2026-09-11 04:45:00,34911.0,34900,34900,37.0,0.0,1092.0,37213.0,2323.0,1858.0,465.0,0.0,2337.0,-88.0,1062.0,-8936.0,23.0,47,-2775,-4044,-2226,-255,2.0,35.0,0.0,0.0,110.0,984.0,0.0,1986.0,344.0,7.0,438.0,322.0,301.0,-131.0,3.0,2026,9,11,45,4,Friday,Automne,Jour_de_semaine,4660.0,13.3
France,Données temps réel,2026-09-11,5,2026-09-11 05:00:00,35318.0,35100,35100,37.0,0.0,1044.0,37225.0,2427.0,1926.0,501.0,0.0,2319.0,-23.0,1061.0,-8739.0,23.0,597,-2775,-4044,-2018,-69,2.0,35.0,0.0,0.0,110.0,936.0,0.0,1959.0,354.0,7.0,437.0,323.0,301.0,-33.0,0.0,2026,9,11,0,4,Friday,Automne,Jour_de_semaine,4746.0,13.4
France,Données temps réel,2026-09-11,5,2026-09-11 05:15:00,36171.0,35650,35650,37.0,0.0,1000.0,37265.0,2475.0,1971.0,504.0,0.0,2417.0,-19.0,1059.0,-8147.0,22.0,597,-2775,-4044,-2004,-1,2.0,35.0,0.0,0.0,110.0,891.0,0.0,1968.0,441.0,8.0,435.0,323.0,301.0,-22.0,107.0,2026,9,11,15,4,Friday,Automne,Jour_de_semaine,4892.0,13.5
France,Données temps réel,2026-09-11,5,2026-09-11 05:30:00,36649.0,36200,36200,37.0,0.0,1253.0,37230.0,2452.0,1971.0,481.0,0.0,2467.0,-23.0,1059.0,-7893.0,24.0,597,-2775,-4044,-2081,-45,2.0,35.0,0.0,0.0,109.0,1145.0,0.0,1965.0,495.0,7.0,435.0,322.0,301.0,-26.0,95.0,2026,9,11,30,4,Friday,Automne,Jour_de_semaine,4919.0,13.4
France,Données temps réel,2026-09-11,5,2026-09-11 05:45:00,37012.0,37100,37100,37.0,0.0,1760.0,37228.0,2353.0,1892.0,461.0,0.0,2608.0,-21.0,1060.0,-8114.0,29.0,597,-2775,-4044,-2171,-337,2.0,35.0,0.0,0.0,109.0,1652.0,0.0,1981.0,620.0,7.0,435.0,323.0,301.0,-8.0,112.0,2026,9,11,45,4,Friday,Automne,Jour_de_semaine,4961.0,13.4
France,Données temps réel,2026-09-11,6,2026-09-11 06:00:00,37983.0,38000,38000,37.0,0.0,2909.0,37246.0,2500.0,1957.0,543.0,0.0,2771.0,-20.0,1055.0,-8511.0,39.0,756,-2760,-4044,-893,-1100,2.0,35.0,0.0,0.0,109.0,2801.0,0.0,1950.0,788.0,33.0,434.0,320.0,301.0,-29.0,27.0,2026,9,11,0,4,Friday,Automne,Jour_de_semaine,5271.0,13.9
France,Données temps réel,2026-09-11,6,2026-09-11 06:15:00,39347.0,38900,38900,37.0,0.0,3276.0,37237.0,2442.0,1931.0,511.0,0.0,3119.0,-21.0,1059.0,-7715.0,41.0,756,-2328,-4044,-654,-1892,2.0,35.0,0.0,0.0,110.0,3168.0,0.0,2015.0,1034.0,69.0,435.0,323.0,301.0,-94.0,7.0,2026,9,11,15,4,Friday,Automne,Jour_de_semaine,5561.0,14.1
France,Données temps réel,2026-09-11,6,2026-09-11 06:30:00,39977.0,39800,39800,37.0,0.0,3325.0,37211.0,2458.0,1975.0,483.0,0.0,4240.0,0.0,1057.0,-8343.0,41.0,756,-1596,-4044,-1041,-2284,2.0,35.0,0.0,0.0,110.0,3217.0,0.0,2026.0,1080.0,1134.0,435.0,321.0,301.0,-16.0,8.0,2026,9,11,30,4,Friday,Automne,Jour_de_semaine,6698.0,16.8
France,Données temps réel,2026-09-11,6,2026-09-11 06:45:00,41138.0,40700,40800,37.0,0.0,3330.0,37216.0,2409.0,1955.0,454.0,0.0,5111.0,0.0,1056.0,-8016.0,40.0,756,-1180,-4044,-1073,-2398,2.0,35.0,0.0,0.0,110.0,3222.0,0.0,2076.0,1281.0,1754.0,431.0,323.0,301.0,-7.0,4.0,2026,9,11,45,4,Friday,Automne,Jour_de_semaine,7520.0,18.3
France,Données temps réel,2026-09-11,7,2026-09-11 07:00:00,42294.0,41600,41800,37.0,0.0,3340.0,37249.0,2339.0,1955.0,384.0,205.0,5281.0,-1.0,1055.0,-7204.0,40.0,440,-1488,-3899,161,-2557,2.0,35.0,0.0,0.0,110.0,3232.0,0.0,2125.0,1257.0,1899.0,432.0,323.0,301.0,-11.0,4.0,2026,9,11,0,4,Friday,Automne,Jour_de_semaine,7825.0,18.5
France,Données temps réel,2026-09-11,7,2026-09-11 07:15:00,43422.0,42400,42600,37.0,0.0,3346.0,37249.0,2352.0,1974.0,379.0,214.0,6006.0,0.0,1058.0,-6965.0,40.0,440,-1958,-3899,533,-2382,2.0,35.0,0.0,0.0,110.0,3237.0,0.0,2305.0,1355.0,2346.0,435.0,321.0,301.0,0.0,128.0,2026,9,11,15,4,Friday,Automne,Jour_de_semaine,8572.0,19.7
France,Données temps réel,2026-09-11,7,2026-09-11 07:30:00,43871.0,43200,43400,37.0,0.0,3353.0,37245.0,2413.0,2045.0,368.0,290.0,6100.0,0.0,1060.0,-6970.0,39.0,440,-2034,-3899,877,-2395,2.0,35.0,0.0,0.0,110.0,3244.0,0.0,2309.0,1357.0,2434.0,433.0,325.0,301.0,-8.0,350.0,2026,9,11,30,4,Friday,Automne,Jour_de_semaine,8803.0,20.1
France,Données temps réel,2026-09-11,7,2026-09-11 07:45:00,44396.0,43950,44100,37.0,0.0,3347.0,37279.0,2403.0,2090.0,313.0,475.0,5996.0,0.0,1064.0,-6616.0,39.0,440,-2623,-3899,1146,-1980,2.0,35.0,0.0,0.0,110.0,3239.0,0.0,2319.0,1360.0,2317.0,432.0,330.0,301.0,-10.0,420.0,2026,9,11,45,4,Friday,Automne,Jour_de_semaine,8874.0,20.0
France,Données temps réel,2026-09-11,8,2026-09-11 08:00:00,45056.0,44700,44800,37.0,0.0,3348.0,37266.0,2371.0,2096.0,276.0,832.0,6118.0,-1.0,1062.0,-6385.0,39.0,-1231,-291,-3899,1279,-1781,2.0,35.0,0.0,0.0,110.0,3240.0,0.0,2287.0,1369.0,2463.0,432.0,329.0,301.0,-3.0,412.0,2026,9,11,0,4,Friday,Automne,Jour_de_semaine,9321.0,20.7
France,Données temps réel,2026-09-11,8,2026-09-11 08:15:00,45574.0,45250,45350,37.0,0.0,3337.0,37260.0,2349.0,2064.0,285.0,1422.0,5843.0,-2.0,1060.0,-6088.0,39.0,-1231,-478,-3899,1261,-1768,2.0,35.0,0.0,0.0,110.0,3229.0,0.0,2156.0,1279.0,2407.0,432.0,326.0,301.0,-2.0,358.0,2026,9,11,15,4,Friday,Automne,Jour_de_semaine,9614.0,21.1
France,Données temps réel,2026-09-11,8,2026-09-11 08:30:00,45538.0,45800,45900,37.0,0.0,3335.0,37269.0,2362.0,2060.0,302.0,2107.0,5052.0,0.0,1064.0,-5993.0,39.0,-1231,305,-3899,486,-1032,2.0,35.0,0.0,0.0,110.0,3227.0,0.0,2137.0,1227.0,1688.0,436.0,327.0,301.0,-6.0,312.0,2026,9,11,30,4,Friday,Automne,Jour_de_semaine,9521.0,20.9
France,Données temps réel,2026-09-11,8,2026-09-11 08:45:00,45984.0,46150,46250,37.0,0.0,3330.0,37241.0,2265.0,1973.0,292.0,3179.0,4492.0,0.0,1042.0,-5682.0,38.0,-1231,813,-3899,142,-1559,2.0,35.0,0.0,0.0,109.0,3222.0,0.0,2098.0,985.0,1409.0,412.0,329.0,301.0,-9.0,90.0,2026,9,11,45,4,Friday,Automne,Jour_de_semaine,9936.0,21.6
France,Données temps réel,2026-09-11,9,2026-09-11 09:00:00,46087.0,46500,46600,37.0,0.0,3297.0,37249.0,2223.0,1893.0,330.0,4273.0,3997.0,-25.0,1045.0,-6014.0,38.0,-2611,1600,-4031,-987,-376,2.0,35.0,0.0,0.0,105.0,3193.0,0.0,2141.0,848.0,1007.0,417.0,326.0,301.0,-46.0,52.0,2026,9,11,0,4,Friday,Automne,Jour_de_semaine,10493.0,22.8
France,Données temps réel,2026-09-11,9,2026-09-11 09:15:00,46535.0,46650,46750,37.0,0.0,3017.0,37244.0,2169.0,1787.0,382.0,5584.0,4028.0,-25.0,1051.0,-6553.0,35.0,-2611,2400,-4031,-1497,-493,2.0,35.0,0.0,0.0,98.0,2920.0,0.0,2133.0,874.0,1020.0,422.0,327.0,301.0,-16.0,0.0,2026,9,11,15,4,Friday,Automne,Jour_de_semaine,11781.0,25.3
France,Données temps réel,2026-09-11,9,2026-09-11 09:30:00,46338.0,46800,46900,37.0,0.0,2083.0,37116.0,2027.0,1645.0,382.0,6674.0,3708.0,-34.0,1045.0,-6315.0,27.0,-2611,2400,-4031,-1752,178,2.0,35.0,0.0,0.0,98.0,1987.0,0.0,2103.0,819.0,786.0,416.0,327.0,301.0,-10.0,10.0,2026,9,11,30,4,Friday,Automne,Jour_de_semaine,12409.0,26.8
France,Données temps réel,2026-09-11,9,2026-09-11 09:45:00,46440.0,46650,46750,37.0,0.0,1599.0,37020.0,1976.0,1546.0,430.0,8062.0,3761.0,-32.0,1043.0,-7008.0,23.0,-2611,2400,-4031,-1820,-141,2.0,35.0,0.0,0.0,99.0,1502.0,0.0,2061.0,822.0,878.0,414.0,328.0,301.0,-20.0,3.0,2026,9,11,45,4,Friday,Automne,Jour_de_semaine,13799.0,29.7
France,Données temps réel,2026-09-11,10,2026-09-11 10:00:00,46715.0,46500,46600,37.0,0.0,1248.0,36999.0,1943.0,1507.0,436.0,9380.0,3534.0,0.0,1044.0,-7452.0,20.0,-2879,2400,-4031,-1889,-382,2.0,35.0,0.0,0.0,99.0,1150.0,0.0,2046.0,752.0,736.0,419.0,324.0,301.0,-18.0,0.0,2026,9,11,0,4,Friday,Automne,Jour_de_semaine,14857.0,31.8
France,Données temps réel,2026-09-11,10,2026-09-11 10:15:00,46632.0,46700,46800,36.0,0.0,835.0,36977.0,1986.0,1543.0,443.0,10794.0,3079.0,-1.0,1041.0,-8044.0,16.0,-2879,2400,-4031,-2010,-803,1.0,35.0,0.0,0.0,98.0,738.0,0.0,1996.0,606.0,477.0,417.0,323.0,301.0,-71.0,0.0,2026,9,11,15,4,Friday,Automne,Jour_de_semaine,15859.0,34.0
France,Données temps réel,2026-09-11,10,2026-09-11 10:30:00,46604.0,46900,47000,37.0,0.0,623.0,37034.0,2074.0,1593.0,481.0,12095.0,2712.0,-1.0,1040.0,-8857.0,15.0,-2879,2400,-4031,-2029,-1647,2.0,35.0,0.0,0.0,99.0,525.0,0.0,1963.0,574.0,174.0,417.0,321.0,301.0,-153.0,0.0,2026,9,11,30,4,Friday,Automne,Jour_de_semaine,16881.0,36.2
France,Données temps réel,2026-09-11,10,2026-09-11 10:45:00,47046.0,46800,46900,37.0,0.0,642.0,36981.0,2208.0,1713.0,496.0,13252.0,2651.0,-432.0,1046.0,-9138.0,14.0,-2879,2100,-4031,-1989,-2036,2.0,35.0,0.0,0.0,99.0,545.0,0.0,1975.0,501.0,175.0,421.0,324.0,301.0,-201.0,0.0,2026,9,11,45,4,Friday,Automne,Jour_de_semaine,18111.0,38.5
France,Données temps réel,2026-09-11,11,2026-09-11 11:00:00,47241.0,46700,46800,37.0,0.0,504.0,36809.0,2215.0,1814.0,401.0,14388.0,2569.0,-812.0,1048.0,-9242.0,13.0,-3028,2400,-4031,-2227,-2213,2.0,35.0,0.0,0.0,98.0,407.0,0.0,2064.0,480.0,25.0,423.0,323.0,301.0,-274.0,1.0,2026,9,11,0,4,Friday,Automne,Jour_de_semaine,19172.0,40.6
France,Données temps réel,2026-09-11,11,2026-09-11 11:15:00,47419.0,47050,47050,37.0,0.0,493.0,36970.0,2284.0,2013.0,271.0,15258.0,2376.0,-1306.0,1040.0,-9511.0,13.0,-3028,2100,-4031,-2227,-2516,2.0,35.0,0.0,0.0,107.0,388.0,0.0,2055.0,315.0,7.0,415.0,324.0,301.0,-223.0,1.0,2026,9,11,15,4,Friday,Automne,Jour_de_semaine,19918.0,42.0
France,Données temps réel,2026-09-11,11,2026-09-11 11:30:00,47510.0,47400,47300,37.0,0.0,487.0,36907.0,2373.0,2122.0,251.0,15970.0,2389.0,-1302.0,1036.0,-10165.0,13.0,-3028,2100,-4031,-2200,-3096,2.0,35.0,0.0,0.0,110.0,378.0,0.0,2070.0,311.0,8.0,411.0,323.0,301.0,-222.0,1.0,2026,9,11,30,4,Friday,Automne,Jour_de_semaine,20732.0,43.6
France,Données temps réel,2026-09-11,11,2026-09-11 11:45:00,47975.0,47500,47650,36.0,0.0,491.0,37026.0,2520.0,2310.0,209.0,16768.0,2370.0,-1627.0,1033.0,-10501.0,12.0,-3028,2100,-4031,-2194,-3185,1.0,35.0,0.0,0.0,107.0,386.0,0.0,2082.0,281.0,7.0,408.0,323.0,301.0,-163.0,22.0,2026,9,11,45,4,Friday,Automne,Jour_de_semaine,21658.0,45.1
France,Données temps réel,2026-09-11,12,2026-09-11 12:00:00,48108.0,47600,48000,36.0,0.0,489.0,37009.0,2547.0,2342.0,205.0,16968.0,2388.0,-1624.0,1028.0,-10586.0,12.0,-3028,2100,-3888,-2227,-3689,1.0,35.0,0.0,0.0,107.0,384.0,0.0,2086.0,295.0,7.0,408.0,319.0,301.0,-157.0,11.0,2026,9,11,0,4,Friday,Automne,Jour_de_semaine,21903.0,45.5
France,Données temps réel,2026-09-11,12,2026-09-11 12:15:00,48341.0,47200,47650,37.0,0.0,200.0,36827.0,2478.0,2306.0,172.0,17602.0,2369.0,-1860.0,1028.0,-10429.0,10.0,-3028,2100,-3888,-2227,-3850,2.0,35.0,0.0,0.0,107.0,95.0,0.0,2074.0,289.0,7.0,409.0,318.0,301.0,-20.0,109.0,2026,9,11,15,4,Friday,Automne,Jour_de_semaine,22449.0,46.4
France,Données temps réel,2026-09-11,12,2026-09-11 12:30:00,48295.0,46800,47300,37.0,0.0,207.0,36288.0,2452.0,2304.0,148.0,17938.0,2356.0,-1865.0,1031.0,-10282.0,10.0,-3028,2400,-3888,-2227,-3855,2.0,35.0,0.0,0.0,107.0,101.0,0.0,2088.0,261.0,7.0,411.0,319.0,301.0,-7.0,141.0,2026,9,11,30,4,Friday,Automne,Jour_de_semaine,22746.0,47.1
France,Données temps réel,2026-09-11,12,2026-09-11 12:45:00,48598.0,47400,47900,37.0,0.0,209.0,36139.0,2447.0,2271.0,176.0,17950.0,2362.0,-1859.0,1029.0,-9693.0,10.0,-3028,2371,-3888,-2227,-4088,2.0,35.0,0.0,0.0,107.0,104.0,0.0,2087.0,268.0,7.0,409.0,319.0,301.0,-24.0,1.0,2026,9,11,45,4,Friday,Automne,Jour_de_semaine,22759.0,46.8
France,Données temps réel,2026-09-11,13,2026-09-11 13:00:00,47788.0,48000,48500,37.0,0.0,210.0,36126.0,2457.0,2276.0,181.0,17939.0,2385.0,-1856.0,1038.0,-10500.0,10.0,-3028,1903,-3888,-2227,-4036,2.0,35.0,0.0,0.0,107.0,105.0,0.0,2092.0,283.0,10.0,417.0,319.0,301.0,-48.0,2.0,2026,9,11,0,4,Friday,Automne,Jour_de_semaine,22781.0,47.7
France,Données temps réel,2026-09-11,13,2026-09-11 13:15:00,47514.0,47400,47900,37.0,0.0,210.0,36165.0,2396.0,2208.0,187.0,18340.0,2348.0,-1862.0,1039.0,-10944.0,10.0,-3028,1567,-3888,-2227,-3921,2.0,35.0,0.0,0.0,106.0,105.0,0.0,2044.0,293.0,10.0,417.0,321.0,301.0,-214.0,2.0,2026,9,11,15,4,Friday,Automne,Jour_de_semaine,23084.0,48.6
France,Données temps réel,2026-09-11,13,2026-09-11 13:30:00,46703.0,46800,47300,37.0,0.0,208.0,36022.0,2331.0,2176.0,155.0,18257.0,2553.0,-1856.0,1036.0,-11562.0,10.0,-3028,1319,-3888,-2227,-3966,2.0,35.0,0.0,0.0,105.0,104.0,0.0,2045.0,496.0,11.0,413.0,322.0,301.0,-322.0,0.0,2026,9,11,30,4,Friday,Automne,Jour_de_semaine,23141.0,49.5
France,Données temps réel,2026-09-11,13,2026-09-11 13:45:00,46748.0,46900,47400,37.0,0.0,210.0,36078.0,2279.0,2106.0,173.0,18526.0,2573.0,-1854.0,1038.0,-11776.0,10.0,-3028,1352,-3888,-2227,-3972,2.0,35.0,0.0,0.0,106.0,105.0,0.0,2044.0,488.0,41.0,412.0,324.0,301.0,-363.0,0.0,2026,9,11,45,4,Friday,Automne,Jour_de_semaine,23378.0,50.0
France,Données temps réel,2026-09-11,14,2026-09-11 14:00:00,47158.0,47000,47500,37.0,0.0,196.0,36040.0,2257.0,2064.0,193.0,18334.0,2572.0,-1854.0,1041.0,-11100.0,10.0,-3028,1985,-3888,-2227,-3624,2.0,35.0,0.0,0.0,95.0,102.0,0.0,2028.0,503.0,41.0,413.0,326.0,301.0,-365.0,0.0,2026,9,11,0,4,Friday,Automne,Jour_de_semaine,23163.0,49.1
France,Données temps réel,2026-09-11,14,2026-09-11 14:15:00,47627.0,47200,47500,37.0,0.0,196.0,35866.0,2223.0,2051.0,172.0,18282.0,2854.0,-1850.0,1039.0,-10864.0,10.0,-3028,2207,-3888,-2227,-3631,2.0,35.0,0.0,0.0,95.0,103.0,0.0,2035.0,809.0,10.0,414.0,323.0,301.0,-158.0,2.0,2026,9,11,15,4,Friday,Automne,Jour_de_semaine,23359.0,49.0
France,Données temps réel,2026-09-11,14,2026-09-11 14:30:00,47329.0,47400,47500,37.0,0.0,200.0,35946.0,2175.0,2023.0,152.0,18130.0,2815.0,-1896.0,1041.0,-10864.0,10.0,-3028,2084,-3888,-2227,-3631,2.0,35.0,0.0,0.0,95.0,106.0,0.0,2022.0,782.0,11.0,416.0,323.0,301.0,-256.0,2.0,2026,9,11,30,4,Friday,Automne,Jour_de_semaine,23120.0,48.8
France,Données temps réel,2026-09-11,14,2026-09-11 14:45:00,46919.0,46950,47100,37.0,0.0,203.0,36215.0,2190.0,2011.0,179.0,17821.0,2295.0,-1915.0,1040.0,-10932.0,11.0,-3028,2194,-3888,-2227,-3850,2.0,35.0,0.0,0.0,95.0,109.0,0.0,2001.0,283.0,10.0,415.0,323.0,301.0,-34.0,2.0,2026,9,11,45,4,Friday,Automne,Jour_de_semaine,22306.0,47.5
France,Données temps réel,2026-09-11,15,2026-09-11 15:00:00,46979.0,46500,46700,37.0,0.0,200.0,35849.0,2137.0,1957.0,180.0,17704.0,2296.0,-1917.0,1042.0,-10312.0,11.0,-3028,1991,-4044,-2227,-3528,2.0,35.0,0.0,0.0,95.0,106.0,0.0,1996.0,285.0,15.0,417.0,323.0,301.0,-58.0,1.0,2026,9,11,0,4,Friday,Automne,Jour_de_semaine,22137.0,47.1
France,Données temps réel,2026-09-11,15,2026-09-11 15:15:00,46488.0,46000,46350,37.0,0.0,208.0,35767.0,2112.0,1953.0,159.0,17274.0,2346.0,-1910.0,1044.0,-10190.0,11.0,-3028,1969,-4044,-2227,-3573,2.0,35.0,0.0,0.0,103.0,106.0,0.0,1990.0,342.0,14.0,418.0,324.0,301.0,-200.0,1.0,2026,9,11,15,4,Friday,Automne,Jour_de_semaine,21732.0,46.7
France,Données temps réel,2026-09-11,15,2026-09-11 15:30:00,45994.0,45500,46000,37.0,0.0,207.0,35532.0,2065.0,1928.0,137.0,16940.0,2316.0,-1913.0,1046.0,-10069.0,11.0,-3028,1987,-4044,-2227,-3595,2.0,35.0,0.0,0.0,104.0,103.0,0.0,1973.0,329.0,14.0,421.0,324.0,301.0,-168.0,2.0,2026,9,11,30,4,Friday,Automne,Jour_de_semaine,21321.0,46.4
France,Données temps réel,2026-09-11,15,2026-09-11 15:45:00,45697.0,44850,45400,37.0,0.0,200.0,35869.0,2121.0,1963.0,158.0,16495.0,2253.0,-1906.0,1049.0,-10399.0,11.0,-3028,1928,-4044,-2227,-3573,2.0,35.0,0.0,0.0,102.0,98.0,0.0,1974.0,265.0,14.0,423.0,325.0,301.0,-21.0,1.0,2026,9,11,45,4,Friday,Automne,Jour_de_semaine,20869.0,45.7
France,Données temps réel,2026-09-11,16,2026-09-11 16:00:00,45658.0,44200,44800,37.0,0.0,303.0,35499.0,2236.0,2085.0,151.0,16003.0,2238.0,-1848.0,1047.0,-9830.0,12.0,-3028,2014,-4044,-2227,-3809,2.0,35.0,0.0,0.0,100.0,204.0,0.0,1939.0,285.0,14.0,420.0,325.0,301.0,-26.0,1.0,2026,9,11,0,4,Friday,Automne,Jour_de_semaine,20477.0,44.8
France,Données temps réel,2026-09-11,16,2026-09-11 16:15:00,44973.0,43750,44350,37.0,0.0,390.0,35767.0,2238.0,2084.0,154.0,15271.0,2393.0,-1423.0,1040.0,-10725.0,12.0,-3028,2103,-4044,-2227,-3654,2.0,35.0,0.0,0.0,97.0,294.0,0.0,1967.0,307.0,118.0,413.0,326.0,301.0,-19.0,6.0,2026,9,11,15,4,Friday,Automne,Jour_de_semaine,19902.0,44.3
France,Données temps réel,2026-09-11,16,2026-09-11 16:30:00,44847.0,43300,43900,37.0,0.0,412.0,35739.0,2202.0,2017.0,184.0,14662.0,2391.0,-1425.0,1039.0,-10195.0,13.0,-3028,2263,-4044,-2227,-3164,2.0,35.0,0.0,0.0,95.0,319.0,0.0,1924.0,312.0,156.0,412.0,326.0,301.0,-21.0,5.0,2026,9,11,30,4,Friday,Automne,Jour_de_semaine,19255.0,42.9
France,Données temps réel,2026-09-11,16,2026-09-11 16:45:00,44567.0,43150,44050,37.0,0.0,498.0,36059.0,2279.0,2079.0,199.0,13860.0,2373.0,-1420.0,1038.0,-10144.0,13.0,-3028,2356,-4044,-2227,-3150,2.0,35.0,0.0,0.0,95.0,404.0,0.0,1901.0,312.0,160.0,413.0,323.0,301.0,-16.0,6.0,2026,9,11,45,4,Friday,Automne,Jour_de_semaine,18512.0,41.5
France,Données temps réel,2026-09-11,17,2026-09-11 17:00:00,44555.0,43000,44200,37.0,0.0,480.0,36255.0,2347.0,2135.0,212.0,12784.0,2373.0,-1190.0,1030.0,-9550.0,13.0,-3028,2400,-4044,-2158,-3344,2.0,35.0,0.0,0.0,95.0,386.0,0.0,1855.0,362.0,156.0,404.0,325.0,301.0,-16.0,6.0,2026,9,11,0,4,Friday,Automne,Jour_de_semaine,17504.0,39.3
France,Données temps réel,2026-09-11,17,2026-09-11 17:15:00,44506.0,43050,44250,37.0,0.0,527.0,36513.0,2355.0,2136.0,220.0,11677.0,2549.0,-4.0,1031.0,-10091.0,14.0,-3028,2400,-4044,-2198,-3133,2.0,35.0,0.0,0.0,95.0,433.0,0.0,1874.0,642.0,33.0,404.0,325.0,301.0,-89.0,1.0,2026,9,11,15,4,Friday,Automne,Jour_de_semaine,16581.0,37.3
France,Données temps réel,2026-09-11,17,2026-09-11 17:30:00,45040.0,43100,44300,37.0,0.0,897.0,36826.0,2386.0,2171.0,215.0,11010.0,2929.0,-1.0,1027.0,-10027.0,17.0,-3028,2400,-4044,-2203,-3247,2.0,35.0,0.0,0.0,99.0,800.0,0.0,1868.0,781.0,281.0,399.0,327.0,301.0,-46.0,2.0,2026,9,11,30,4,Friday,Automne,Jour_de_semaine,16325.0,36.2
France,Données temps réel,2026-09-11,17,2026-09-11 17:45:00,45135.0,43600,44750,36.0,0.0,1595.0,36890.0,2422.0,2214.0,207.0,9695.0,3747.0,0.0,1034.0,-10231.0,22.0,-3028,2400,-4019,-2203,-3181,1.0,35.0,0.0,0.0,96.0,1500.0,0.0,1857.0,951.0,939.0,405.0,328.0,301.0,-55.0,2.0,2026,9,11,45,4,Friday,Automne,Jour_de_semaine,15864.0,35.1
France,Données temps réel,2026-09-11,18,2026-09-11 18:00:00,45878.0,44100,45200,37.0,0.0,2720.0,36711.0,2382.0,2161.0,221.0,8595.0,3998.0,-1.0,1052.0,-9557.0,31.0,-2980,2300,-3212,-971,-4582,2.0,35.0,0.0,0.0,103.0,2619.0,0.0,1896.0,1157.0,945.0,424.0,326.0,301.0,-62.0,4.0,2026,9,11,0,4,Friday,Automne,Jour_de_semaine,14975.0,32.6
France,Données temps réel,2026-09-11,18,2026-09-11 18:15:00,46164.0,44400,45450,37.0,0.0,3320.0,36629.0,2370.0,2149.0,221.0,7278.0,4802.0,-2.0,1052.0,-9302.0,36.0,-2980,2300,-3459,-1020,-3996,2.0,35.0,0.0,0.0,108.0,3213.0,0.0,2172.0,1433.0,1197.0,424.0,327.0,301.0,-19.0,1.0,2026,9,11,15,4,Friday,Automne,Jour_de_semaine,14450.0,31.3
France,Données temps réel,2026-09-11,18,2026-09-11 18:30:00,46637.0,44700,45700,36.0,0.0,3714.0,36850.0,2350.0,2129.0,221.0,6126.0,5880.0,0.0,1049.0,-9363.0,38.0,-2980,2300,-3132,-1063,-3944,1.0,35.0,0.0,0.0,109.0,3607.0,0.0,2268.0,1978.0,1635.0,421.0,327.0,301.0,-7.0,3.0,2026,9,11,30,4,Friday,Automne,Jour_de_semaine,14356.0,30.8
France,Données temps réel,2026-09-11,18,2026-09-11 18:45:00,46783.0,45500,46700,36.0,0.0,3890.0,36930.0,2239.0,2042.0,197.0,4883.0,6461.0,0.0,1045.0,-8709.0,40.0,-2980,2300,-1998,-1062,-3875,1.0,35.0,0.0,0.0,108.0,3783.0,0.0,2360.0,2295.0,1806.0,420.0,323.0,301.0,-1.0,10.0,2026,9,11,45,4,Friday,Automne,Jour_de_semaine,13583.0,29.0
France,Données temps réel,2026-09-11,19,2026-09-11 19:00:00,46941.0,46300,47700,36.0,0.0,3986.0,36884.0,2058.0,1873.0,184.0,3574.0,6781.0,-1.0,1048.0,-7420.0,41.0,-2818,2300,-1478,237,-4888,1.0,35.0,0.0,0.0,108.0,3879.0,0.0,2372.0,2357.0,2053.0,421.0,326.0,301.0,-7.0,4.0,2026,9,11,0,4,Friday,Automne,Jour_de_semaine,12413.0,26.4
France,Données temps réel,2026-09-11,19,2026-09-11 19:15:00,47079.0,46350,47700,36.0,0.0,3995.0,36939.0,1917.0,1729.0,188.0,2502.0,6941.0,0.0,1047.0,-6395.0,42.0,-2818,2240,-1071,231,-4449,1.0,35.0,0.0,0.0,108.0,3888.0,0.0,2465.0,2377.0,2099.0,420.0,325.0,301.0,0.0,98.0,2026,9,11,15,4,Friday,Automne,Jour_de_semaine,11360.0,24.1
France,Données temps réel,2026-09-11,19,2026-09-11 19:30:00,46781.0,46400,47700,36.0,0.0,4002.0,36949.0,1875.0,1686.0,190.0,1566.0,6941.0,-1.0,1049.0,-5656.0,43.0,-2818,2240,-740,228,-4232,1.0,35.0,0.0,0.0,109.0,3895.0,0.0,2515.0,2341.0,2086.0,422.0,326.0,301.0,-3.0,24.0,2026,9,11,30,4,Friday,Automne,Jour_de_semaine,10382.0,22.2
France,Données temps réel,2026-09-11,19,2026-09-11 19:45:00,46408.0,46100,47300,36.0,0.0,4046.0,36974.0,1727.0,1576.0,151.0,985.0,6905.0,-1.0,1046.0,-5318.0,44.0,-2818,2240,-916,232,-3941,1.0,35.0,0.0,0.0,108.0,3939.0,0.0,2601.0,2351.0,1953.0,419.0,326.0,301.0,-3.0,13.0,2026,9,11,45,4,Friday,Automne,Jour_de_semaine,9617.0,20.7
France,Données temps réel,2026-09-11,20,2026-09-11 20:00:00,46375.0,45800,46900,36.0,0.0,4055.0,36998.0,1695.0,1557.0,138.0,568.0,7055.0,0.0,1044.0,-5086.0,44.0,-3020,2240,-717,57,-4258,1.0,35.0,0.0,0.0,108.0,3948.0,0.0,2669.0,2274.0,2112.0,419.0,324.0,301.0,-1.0,12.0,2026,9,11,0,4,Friday,Automne,Jour_de_semaine,9318.0,20.1
France,Données temps réel,2026-09-11,20,2026-09-11 20:15:00,46219.0,45500,46550,37.0,0.0,4067.0,36977.0,1636.0,1501.0,135.0,327.0,7020.0,-1.0,1047.0,-5303.0,45.0,-3020,1993,-1130,68,-3557,2.0,35.0,0.0,0.0,109.0,3959.0,0.0,2658.0,2223.0,2139.0,421.0,324.0,301.0,-2.0,416.0,2026,9,11,15,4,Friday,Automne,Jour_de_semaine,8983.0,19.4
France,Données temps réel,2026-09-11,20,2026-09-11 20:30:00,45813.0,45200,46200,37.0,0.0,4034.0,37001.0,1585.0,1434.0,151.0,225.0,6818.0,-1.0,1049.0,-5351.0,45.0,-3020,1614,-1097,63,-3158,2.0,35.0,0.0,0.0,109.0,3927.0,0.0,2564.0,2110.0,2144.0,424.0,324.0,301.0,-3.0,420.0,2026,9,11,30,4,Friday,Automne,Jour_de_semaine,8628.0,18.8
France,Données temps réel,2026-09-11,20,2026-09-11 20:45:00,45648.0,44750,45700,37.0,0.0,4037.0,37009.0,1651.0,1513.0,139.0,218.0,6620.0,-1.0,1053.0,-5377.0,45.0,-3020,1637,-1281,108,-3336,2.0,35.0,0.0,0.0,108.0,3930.0,0.0,2516.0,2015.0,2089.0,424.0,327.0,301.0,-11.0,413.0,2026,9,11,45,4,Friday,Automne,Jour_de_semaine,8489.0,18.6
France,Données temps réel,2026-09-11,21,2026-09-11 21:00:00,44896.0,44300,45200,37.0,0.0,4006.0,37023.0,1705.0,1571.0,135.0,200.0,6298.0,-1.0,1051.0,-5827.0,45.0,-2609,1489,-1078,-454,-3632,2.0,35.0,0.0,0.0,109.0,3898.0,0.0,2517.0,1878.0,1902.0,422.0,327.0,301.0,-7.0,412.0,2026,9,11,0,4,Friday,Automne,Jour_de_semaine,8203.0,18.3
France,Données temps réel,2026-09-11,21,2026-09-11 21:15:00,44350.0,43850,44700,37.0,0.0,4037.0,37015.0,1700.0,1557.0,142.0,0.0,6212.0,-29.0,1051.0,-6001.0,45.0,-2609,1094,-569,-463,-4299,2.0,35.0,0.0,0.0,109.0,3930.0,0.0,2460.0,1899.0,1852.0,424.0,325.0,301.0,-10.0,337.0,2026,9,11,15,4,Friday,Automne,Jour_de_semaine,7912.0,17.8
France,Données temps réel,2026-09-11,21,2026-09-11 21:30:00,43355.0,43400,44200,37.0,0.0,4020.0,37027.0,1684.0,1547.0,137.0,0.0,5900.0,-25.0,1047.0,-6663.0,45.0,-2609,1408,-1234,-457,-3730,2.0,35.0,0.0,0.0,109.0,3913.0,0.0,2369.0,1804.0,1727.0,420.0,326.0,301.0,-9.0,338.0,2026,9,11,30,4,Friday,Automne,Jour_de_semaine,7584.0,17.5
France,Données temps réel,2026-09-11,21,2026-09-11 21:45:00,43023.0,43100,43800,37.0,0.0,4022.0,37050.0,1673.0,1556.0,117.0,0.0,5348.0,-36.0,1046.0,-6366.0,46.0,-2609,1507,-1335,-448,-3939,2.0,35.0,0.0,0.0,109.0,3915.0,0.0,2327.0,1559.0,1461.0,419.0,326.0,301.0,-20.0,269.0,2026,9,11,45,4,Friday,Automne,Jour_de_semaine,7021.0,16.3
France,Données temps réel,2026-09-11,22,2026-09-11 22:00:00,42432.0,42800,43400,37.0,0.0,4007.0,37049.0,1708.0,1568.0,140.0,0.0,5569.0,-22.0,1040.0,-6937.0,46.0,-2552,2148,-1813,115,-4486,2.0,35.0,0.0,0.0,109.0,3900.0,0.0,2354.0,1501.0,1714.0,416.0,323.0,301.0,-20.0,0.0,2026,9,11,0,4,Friday,Automne,Jour_de_semaine,7277.0,17.1
France,Données temps réel,2026-09-11,22,2026-09-11 22:15:00,43120.0,43050,43600,37.0,0.0,4044.0,37065.0,1721.0,1555.0,166.0,0.0,5805.0,-1.0,1042.0,-6878.0,46.0,-2552,2250,-1386,107,-4904,2.0,35.0,0.0,0.0,109.0,3937.0,0.0,2327.0,1447.0,2031.0,419.0,322.0,301.0,-6.0,291.0,2026,9,11,15,4,Friday,Automne,Jour_de_semaine,7526.0,17.5
France,Données temps réel,2026-09-11,22,2026-09-11 22:30:00,43116.0,43300,43800,37.0,0.0,4062.0,37078.0,1722.0,1538.0,184.0,0.0,5427.0,0.0,1047.0,-6246.0,46.0,-2552,2300,-954,108,-3995,2.0,35.0,0.0,0.0,109.0,3955.0,0.0,2311.0,1432.0,1684.0,420.0,326.0,301.0,-10.0,0.0,2026,9,11,30,4,Friday,Automne,Jour_de_semaine,7149.0,16.6
France,Données temps réel,2026-09-11,22,2026-09-11 22:45:00,43870.0,43850,44300,36.0,0.0,4011.0,37063.0,1684.0,1497.0,187.0,0.0,5315.0,0.0,1050.0,-5278.0,46.0,-2552,2300,-1177,155,-4109,1.0,35.0,0.0,0.0,109.0,3903.0,0.0,2265.0,1348.0,1703.0,423.0,326.0,301.0,-12.0,1.0,2026,9,11,45,4,Friday,Automne,Jour_de_semaine,6999.0,16.0
France,Données temps réel,2026-09-11,23,2026-09-11 23:00:00,42936.0,44400,44800,37.0,0.0,4014.0,37105.0,1691.0,1527.0,164.0,0.0,4875.0,0.0,1055.0,-5836.0,46.0,-1554,2274,-3219,-839,-2489,2.0,35.0,0.0,0.0,109.0,3907.0,0.0,2292.0,1341.0,1242.0,430.0,324.0,301.0,-6.0,3.0,2026,9,11,0,4,Friday,Automne,Jour_de_semaine,6566.0,15.3
France,Données temps réel,2026-09-11,23,2026-09-11 23:15:00,42953.0,43550,43850,37.0,0.0,4027.0,37078.0,1703.0,1539.0,164.0,0.0,4526.0,-70.0,1047.0,-5393.0,47.0,-1554,2209,-3217,-813,-2693,2.0,35.0,0.0,0.0,109.0,3920.0,0.0,2185.0,1371.0,971.0,420.0,325.0,301.0,-6.0,4.0,2026,9,11,15,4,Friday,Automne,Jour_de_semaine,6229.0,14.5
France,Données temps réel,2026-09-11,23,2026-09-11 23:30:00,42175.0,42700,42900,37.0,0.0,3917.0,37078.0,1640.0,1496.0,144.0,0.0,4337.0,-19.0,1045.0,-5847.0,46.0,-1554,2123,-3120,-847,-2122,2.0,35.0,0.0,0.0,108.0,3810.0,0.0,2197.0,1362.0,778.0,420.0,324.0,301.0,-13.0,1.0,2026,9,11,30,4,Friday,Automne,Jour_de_semaine,5977.0,14.2
France,Données temps réel,2026-09-11,23,2026-09-11 23:45:00,42070.0,42200,42300,37.0,0.0,3733.0,37092.0,1602.0,1456.0,147.0,0.0,4353.0,-15.0,1050.0,-5780.0,45.0,-1554,1621,-3279,-799,-1930,2.0,35.0,0.0,0.0,108.0,3626.0,0.0,2212.0,1343.0,799.0,422.0,327.0,301.0,-3.0,3.0,2026,9,11,45,4,Friday,Automne,Jour_de_semaine,5955.0,14.2
France,Données temps réel,2026-09-12,0,2026-09-12 00:00:00,41363.0,41700,41700,36.0,0.0,3529.0,37110.0,1598.0,1477.0,120.0,0.0,4373.0,-22.0,1049.0,-6304.0,43.0,-165,1085,-3646,-1529,-1819,1.0,35.0,0.0,0.0,109.0,3422.0,0.0,2184.0,1345.0,844.0,422.0,325.0,301.0,-6.0,0.0,2026,9,12,0,5,Saturday,Automne,Weekend,5971.0,14.4
France,Données temps réel,2026-09-12,0,2026-09-12 00:15:00,41213.0,40950,40950,37.0,0.0,3135.0,36607.0,1626.0,1503.0,123.0,0.0,5302.0,0.0,1039.0,-6515.0,39.0,-165,883,-3885,-1524,-1928,2.0,35.0,0.0,0.0,107.0,3029.0,0.0,2235.0,1497.0,1570.0,414.0,324.0,301.0,-18.0,0.0,2026,9,12,15,5,Saturday,Automne,Weekend,6928.0,16.8
France,Données temps réel,2026-09-12,0,2026-09-12 00:30:00,39880.0,40200,40200,37.0,0.0,3146.0,36169.0,1674.0,1542.0,133.0,0.0,5641.0,-1.0,1042.0,-7835.0,40.0,-165,823,-3971,-1524,-2130,2.0,35.0,0.0,0.0,110.0,3037.0,0.0,2273.0,1509.0,1858.0,417.0,324.0,301.0,-5.0,11.0,2026,9,12,30,5,Saturday,Automne,Weekend,7315.0,18.3
France,Données temps réel,2026-09-12,0,2026-09-12 00:45:00,38881.0,39400,39400,37.0,0.0,3151.0,36116.0,1676.0,1515.0,161.0,0.0,4962.0,-1.0,1043.0,-8095.0,40.0,-165,978,-4044,-1524,-2591,2.0,35.0,0.0,0.0,110.0,3042.0,0.0,2245.0,1180.0,1537.0,417.0,325.0,301.0,-7.0,0.0,2026,9,12,45,5,Saturday,Automne,Weekend,6638.0,17.1
France,Données temps réel,2026-09-12,1,2026-09-12 01:00:00,38172.0,38600,38600,37.0,0.0,3162.0,36131.0,1622.0,1463.0,160.0,0.0,4158.0,0.0,1047.0,-7980.0,41.0,-294,1308,-3743,-1818,-2855,2.0,35.0,0.0,0.0,110.0,3053.0,0.0,2276.0,1181.0,701.0,420.0,326.0,301.0,-4.0,0.0,2026,9,12,0,5,Saturday,Automne,Weekend,5780.0,15.1
France,Données temps réel,2026-09-12,1,2026-09-12 01:15:00,38493.0,38450,38450,36.0,0.0,3186.0,36107.0,1645.0,1483.0,163.0,0.0,4118.0,-2.0,1047.0,-7638.0,41.0,-294,1020,-3642,-1818,-2959,1.0,35.0,0.0,0.0,109.0,3078.0,0.0,2239.0,1171.0,708.0,420.0,326.0,301.0,-7.0,1.0,2026,9,12,15,5,Saturday,Automne,Weekend,5763.0,15.0
France,Données temps réel,2026-09-12,1,2026-09-12 01:30:00,37877.0,38300,38300,36.0,0.0,3169.0,36139.0,1626.0,1467.0,159.0,0.0,4064.0,0.0,1047.0,-8204.0,41.0,-294,981,-3526,-1818,-2864,1.0,35.0,0.0,0.0,110.0,3061.0,0.0,2251.0,1083.0,730.0,421.0,324.0,301.0,-5.0,4.0,2026,9,12,30,5,Saturday,Automne,Weekend,5690.0,15.0
France,Données temps réel,2026-09-12,1,2026-09-12 01:45:00,37689.0,37850,37850,35.0,0.0,2848.0,36098.0,1568.0,1414.0,154.0,0.0,3876.0,-1.0,1049.0,-7764.0,39.0,-294,1178,-3770,-1818,-2999,0.0,35.0,0.0,0.0,109.0,2740.0,0.0,2260.0,896.0,720.0,419.0,328.0,301.0,-17.0,0.0,2026,9,12,45,5,Saturday,Automne,Weekend,5444.0,14.4
France,Données temps réel,2026-09-12,2,2026-09-12 02:00:00,36933.0,37400,37400,36.0,0.0,2737.0,36035.0,1512.0,1365.0,147.0,0.0,3930.0,-1.0,1049.0,-8353.0,38.0,-613,725,-3579,-1815,-3168,1.0,35.0,0.0,0.0,110.0,2629.0,0.0,2247.0,887.0,796.0,420.0,327.0,301.0,-11.0,0.0,2026,9,12,0,5,Saturday,Automne,Weekend,5442.0,14.7
France,Données temps réel,2026-09-12,2,2026-09-12 02:15:00,36491.0,36600,36600,35.0,0.0,2524.0,35994.0,1400.0,1264.0,136.0,0.0,4055.0,-1.0,1045.0,-8559.0,36.0,-613,673,-3579,-1805,-3471,0.0,35.0,0.0,0.0,110.0,2416.0,0.0,2239.0,1034.0,782.0,417.0,327.0,301.0,-4.0,3.0,2026,9,12,15,5,Saturday,Automne,Weekend,5455.0,14.9
France,Données temps réel,2026-09-12,2,2026-09-12 02:30:00,35636.0,35800,35800,36.0,0.0,2173.0,36056.0,1367.0,1233.0,134.0,0.0,3981.0,0.0,1046.0,-9018.0,33.0,-613,678,-3579,-1805,-3545,1.0,35.0,0.0,0.0,98.0,2077.0,0.0,2248.0,1012.0,720.0,416.0,330.0,301.0,-4.0,2.0,2026,9,12,30,5,Saturday,Automne,Weekend,5348.0,15.0
France,Données temps réel,2026-09-12,2,2026-09-12 02:45:00,34870.0,35200,35200,35.0,0.0,1760.0,36064.0,1314.0,1188.0,126.0,0.0,3921.0,0.0,1049.0,-9267.0,29.0,-613,581,-3579,-1805,-3450,0.0,35.0,0.0,0.0,105.0,1656.0,0.0,2258.0,982.0,680.0,421.0,327.0,301.0,-9.0,3.0,2026,9,12,45,5,Saturday,Automne,Weekend,5235.0,15.0
France,Données temps réel,2026-09-12,3,2026-09-12 03:00:00,34474.0,34600,34600,36.0,0.0,1533.0,35877.0,1304.0,1170.0,134.0,0.0,3489.0,-17.0,1046.0,-8791.0,28.0,-388,24,-2705,-1888,-4564,1.0,35.0,0.0,0.0,107.0,1427.0,0.0,2223.0,897.0,369.0,417.0,327.0,301.0,-6.0,5.0,2026,9,12,0,5,Saturday,Automne,Weekend,4793.0,13.9
France,Données temps réel,2026-09-12,3,2026-09-12 03:15:00,34063.0,34200,34200,35.0,0.0,1260.0,35980.0,1303.0,1161.0,141.0,0.0,3401.0,-42.0,1049.0,-8914.0,25.0,-388,3,-2705,-1912,-4410,0.0,35.0,0.0,0.0,105.0,1157.0,0.0,2190.0,863.0,348.0,420.0,328.0,301.0,-9.0,1.0,2026,9,12,15,5,Saturday,Automne,Weekend,4704.0,13.8
France,Données temps réel,2026-09-12,3,2026-09-12 03:30:00,33942.0,33800,33800,37.0,0.0,1117.0,35983.0,1287.0,1159.0,128.0,0.0,3735.0,-23.0,1048.0,-9233.0,24.0,-388,-103,-2705,-1948,-4384,2.0,35.0,0.0,0.0,99.0,1020.0,0.0,2170.0,1087.0,478.0,419.0,328.0,301.0,-11.0,1.0,2026,9,12,30,5,Saturday,Automne,Weekend,5022.0,14.8
France,Données temps réel,2026-09-12,3,2026-09-12 03:45:00,33595.0,33500,33500,37.0,0.0,1093.0,36069.0,1235.0,1110.0,125.0,0.0,3752.0,-22.0,1050.0,-9612.0,23.0,-388,-216,-2705,-1929,-4525,2.0,35.0,0.0,0.0,107.0,987.0,0.0,2134.0,1053.0,565.0,420.0,328.0,301.0,-8.0,4.0,2026,9,12,45,5,Saturday,Automne,Weekend,4987.0,14.8
France,Données temps réel,2026-09-12,4,2026-09-12 04:00:00,33253.0,33200,33200,36.0,0.0,1074.0,36105.0,1208.0,1086.0,123.0,0.0,3626.0,-22.0,1045.0,-9816.0,23.0,1142,-953,-2705,-2227,-4585,1.0,35.0,0.0,0.0,99.0,977.0,0.0,2119.0,1106.0,401.0,415.0,329.0,301.0,-4.0,1.0,2026,9,12,0,5,Saturday,Automne,Weekend,4834.0,14.5
France,Données temps réel,2026-09-12,4,2026-09-12 04:15:00,33092.0,32950,33000,36.0,0.0,1038.0,36210.0,1193.0,1058.0,136.0,0.0,3381.0,-30.0,1047.0,-9669.0,23.0,1142,-993,-2705,-2227,-4572,1.0,35.0,0.0,0.0,98.0,941.0,0.0,2115.0,1086.0,180.0,418.0,328.0,301.0,-113.0,0.0,2026,9,12,15,5,Saturday,Automne,Weekend,4574.0,13.8
France,Données temps réel,2026-09-12,4,2026-09-12 04:30:00,32791.0,32700,32800,37.0,0.0,1043.0,36212.0,1243.0,1108.0,135.0,0.0,3203.0,-32.0,1047.0,-9910.0,23.0,1142,-979,-2705,-2227,-4520,2.0,35.0,0.0,0.0,98.0,946.0,0.0,2095.0,1097.0,11.0,419.0,327.0,301.0,-51.0,1.0,2026,9,12,30,5,Saturday,Automne,Weekend,4446.0,13.6
France,Données temps réel,2026-09-12,4,2026-09-12 04:45:00,32855.0,32750,32850,37.0,0.0,1039.0,36205.0,1236.0,1110.0,127.0,0.0,3145.0,-29.0,1047.0,-9734.0,23.0,1142,-1107,-2705,-2227,-4392,2.0,35.0,0.0,0.0,98.0,942.0,0.0,2030.0,1105.0,11.0,418.0,327.0,301.0,-89.0,0.0,2026,9,12,45,5,Saturday,Automne,Weekend,4381.0,13.3
France,Données temps réel,2026-09-12,5,2026-09-12 05:00:00,32828.0,32800,32900,36.0,0.0,1038.0,36210.0,1242.0,1118.0,125.0,0.0,2977.0,-30.0,1048.0,-9600.0,23.0,1728,-979,-2705,-2194,-4408,1.0,35.0,0.0,0.0,99.0,941.0,0.0,1994.0,973.0,11.0,418.0,328.0,301.0,-91.0,0.0,2026,9,12,0,5,Saturday,Automne,Weekend,4219.0,12.9
France,Données temps réel,2026-09-12,5,2026-09-12 05:15:00,33081.0,33100,33200,37.0,0.0,1049.0,36191.0,1215.0,1107.0,108.0,0.0,2848.0,-32.0,1046.0,-9181.0,23.0,1728,-748,-2705,-2227,-4650,2.0,35.0,0.0,0.0,108.0,942.0,0.0,2002.0,835.0,11.0,418.0,326.0,301.0,-99.0,8.0,2026,9,12,15,5,Saturday,Automne,Weekend,4063.0,12.3
France,Données temps réel,2026-09-12,5,2026-09-12 05:30:00,33052.0,33400,33500,36.0,0.0,1053.0,36222.0,1195.0,1093.0,101.0,0.0,2801.0,-28.0,1039.0,-9190.0,23.0,1728,-470,-2705,-2227,-4833,1.0,35.0,0.0,0.0,99.0,956.0,0.0,1967.0,806.0,27.0,416.0,322.0,301.0,-77.0,3.0,2026,9,12,30,5,Saturday,Automne,Weekend,3996.0,12.1
France,Données temps réel,2026-09-12,5,2026-09-12 05:45:00,33343.0,33600,33700,35.0,0.0,1056.0,36235.0,1203.0,1094.0,109.0,0.0,2909.0,-29.0,1042.0,-8806.0,23.0,1728,-82,-2705,-2227,-5207,0.0,35.0,0.0,0.0,99.0,958.0,0.0,1935.0,813.0,161.0,418.0,323.0,301.0,-299.0,0.0,2026,9,12,45,5,Saturday,Automne,Weekend,4112.0,12.3
France,Données temps réel,2026-09-12,6,2026-09-12 06:00:00,33623.0,33800,33900,35.0,0.0,1056.0,36230.0,1217.0,1099.0,118.0,0.0,2988.0,-32.0,1043.0,-8848.0,23.0,1930,-410,-2705,-2227,-4958,0.0,35.0,0.0,0.0,98.0,959.0,0.0,1939.0,885.0,163.0,415.0,326.0,301.0,-70.0,6.0,2026,9,12,0,5,Saturday,Automne,Weekend,4205.0,12.5
France,Données temps réel,2026-09-12,6,2026-09-12 06:15:00,33873.0,34100,34200,35.0,0.0,1060.0,36209.0,1205.0,1080.0,124.0,0.0,3438.0,-23.0,1044.0,-9051.0,23.0,1930,-62,-2705,-2227,-5155,0.0,35.0,0.0,0.0,99.0,962.0,0.0,1963.0,1045.0,430.0,415.0,328.0,301.0,-44.0,2.0,2026,9,12,15,5,Saturday,Automne,Weekend,4643.0,13.7
France,Données temps réel,2026-09-12,6,2026-09-12 06:30:00,33957.0,34400,34500,35.0,0.0,1059.0,36228.0,1167.0,1042.0,126.0,0.0,3454.0,-21.0,1044.0,-8992.0,23.0,1930,180,-2705,-2227,-5168,0.0,35.0,0.0,0.0,99.0,961.0,0.0,1973.0,1046.0,435.0,416.0,327.0,301.0,-17.0,0.0,2026,9,12,30,5,Saturday,Automne,Weekend,4621.0,13.6
France,Données temps réel,2026-09-12,6,2026-09-12 06:45:00,34426.0,34600,34700,35.0,0.0,1064.0,36225.0,1202.0,1057.0,145.0,0.0,3205.0,-22.0,1040.0,-8325.0,23.0,1930,101,-2705,-2227,-5060,0.0,35.0,0.0,0.0,102.0,964.0,0.0,2009.0,763.0,433.0,414.0,325.0,301.0,-3.0,3.0,2026,9,12,45,5,Saturday,Automne,Weekend,4407.0,12.8
France,Données temps réel,2026-09-12,7,2026-09-12 07:00:00,34789.0,34800,34900,35.0,0.0,1072.0,36200.0,1214.0,1058.0,155.0,185.0,3400.0,-22.0,1047.0,-8366.0,23.0,1963,100,-3567,-2227,-4684,0.0,35.0,0.0,0.0,107.0,967.0,0.0,2024.0,765.0,611.0,421.0,325.0,301.0,-2.0,29.0,2026,9,12,0,5,Saturday,Automne,Weekend,4799.0,13.8
France,Données temps réel,2026-09-12,7,2026-09-12 07:15:00,34677.0,34850,34950,35.0,0.0,1037.0,36226.0,1232.0,1079.0,153.0,190.0,4012.0,-11.0,1049.0,-9416.0,23.0,1963,-269,-3567,-2227,-4273,0.0,35.0,0.0,0.0,110.0,929.0,0.0,2096.0,840.0,1075.0,420.0,328.0,301.0,-4.0,327.0,2026,9,12,15,5,Saturday,Automne,Weekend,5434.0,15.7
France,Données temps réel,2026-09-12,7,2026-09-12 07:30:00,34766.0,34900,35000,35.0,0.0,1039.0,36239.0,1292.0,1124.0,167.0,259.0,3950.0,-12.0,1050.0,-9325.0,23.0,1963,-743,-3529,-2227,-4077,0.0,35.0,0.0,0.0,110.0,930.0,0.0,2060.0,830.0,1061.0,422.0,328.0,301.0,-7.0,248.0,2026,9,12,30,5,Saturday,Automne,Weekend,5501.0,15.8
France,Données temps réel,2026-09-12,7,2026-09-12 07:45:00,35382.0,35350,35400,35.0,0.0,1035.0,36222.0,1333.0,1174.0,159.0,485.0,3786.0,-10.0,1050.0,-8699.0,23.0,1963,-1875,-3458,-2184,-2885,0.0,35.0,0.0,0.0,110.0,926.0,0.0,2051.0,764.0,972.0,422.0,326.0,301.0,-11.0,157.0,2026,9,12,45,5,Saturday,Automne,Weekend,5604.0,15.8
France,Données temps réel,2026-09-12,8,2026-09-12 08:00:00,35841.0,35800,35800,37.0,0.0,951.0,36100.0,1356.0,1178.0,177.0,902.0,3744.0,-11.0,1043.0,-8344.0,22.0,1254,-371,-3995,-2224,-2562,2.0,35.0,0.0,0.0,99.0,853.0,0.0,2081.0,773.0,890.0,418.0,324.0,301.0,-14.0,80.0,2026,9,12,0,5,Saturday,Automne,Weekend,6002.0,16.7
France,Données temps réel,2026-09-12,8,2026-09-12 08:15:00,36521.0,36250,36250,35.0,0.0,950.0,36008.0,1368.0,1180.0,188.0,1580.0,3587.0,-46.0,1047.0,-8152.0,21.0,1254,-856,-3995,-2227,-2118,0.0,35.0,0.0,0.0,98.0,854.0,0.0,2042.0,618.0,928.0,422.0,324.0,301.0,-4.0,148.0,2026,9,12,15,5,Saturday,Automne,Weekend,6535.0,17.9
France,Données temps réel,2026-09-12,8,2026-09-12 08:30:00,36718.0,36700,36700,35.0,0.0,952.0,36089.0,1341.0,1167.0,174.0,2351.0,3337.0,-47.0,1050.0,-8498.0,21.0,1254,-498,-3995,-2093,-2526,0.0,35.0,0.0,0.0,98.0,855.0,0.0,2009.0,530.0,798.0,422.0,327.0,301.0,-13.0,122.0,2026,9,12,30,5,Saturday,Automne,Weekend,7029.0,19.1
France,Données temps réel,2026-09-12,8,2026-09-12 08:45:00,37302.0,37250,37250,33.0,0.0,944.0,35995.0,1273.0,1092.0,181.0,3564.0,2746.0,-47.0,1049.0,-8255.0,21.0,1254,217,-3995,-2202,-2940,0.0,35.0,0.0,0.0,98.0,848.0,0.0,1937.0,483.0,325.0,420.0,328.0,301.0,-40.0,41.0,2026,9,12,45,5,Saturday,Automne,Weekend,7583.0,20.3
France,Données temps réel,2026-09-12,9,2026-09-12 09:00:00,37529.0,37800,37800,35.0,0.0,951.0,36053.0,1247.0,1048.0,199.0,4710.0,2740.0,-47.0,1050.0,-9206.0,20.0,-1011,1000,-3575,-2227,-2865,0.0,35.0,0.0,0.0,98.0,855.0,0.0,1918.0,492.0,330.0,421.0,328.0,301.0,-17.0,14.0,2026,9,12,0,5,Saturday,Automne,Weekend,8697.0,23.2
France,Données temps réel,2026-09-12,9,2026-09-12 09:15:00,38309.0,38050,38050,36.0,0.0,837.0,35656.0,1205.0,1029.0,176.0,6325.0,2603.0,-466.0,1047.0,-8906.0,19.0,-1011,1970,-3575,-2227,-3449,1.0,35.0,0.0,0.0,98.0,741.0,0.0,1851.0,330.0,422.0,417.0,328.0,301.0,-25.0,1.0,2026,9,12,15,5,Saturday,Automne,Weekend,10133.0,26.5
France,Données temps réel,2026-09-12,9,2026-09-12 09:30:00,38904.0,38300,38300,37.0,0.0,642.0,35369.0,1182.0,978.0,204.0,7851.0,2450.0,-465.0,1034.0,-9052.0,17.0,-1011,2269,-3575,-2227,-3657,2.0,35.0,0.0,0.0,97.0,546.0,0.0,1834.0,305.0,311.0,411.0,321.0,301.0,-139.0,0.0,2026,9,12,30,5,Saturday,Automne,Weekend,11483.0,29.5
France,Données temps réel,2026-09-12,9,2026-09-12 09:45:00,39160.0,38550,38550,37.0,0.0,647.0,34803.0,1117.0,906.0,211.0,9271.0,2221.0,-491.0,1041.0,-9015.0,17.0,-1011,2400,-3575,-2227,-3807,2.0,35.0,0.0,0.0,98.0,550.0,0.0,1827.0,231.0,163.0,416.0,323.0,301.0,-464.0,0.0,2026,9,12,45,5,Saturday,Automne,Weekend,12609.0,32.2
France,Données temps réel,2026-09-12,10,2026-09-12 10:00:00,39531.0,38800,38800,37.0,0.0,648.0,34300.0,1091.0,873.0,218.0,10825.0,2089.0,-503.0,1044.0,-9513.0,16.0,-2343,2400,-3575,-2227,-4164,2.0,35.0,0.0,0.0,98.0,552.0,0.0,1840.0,234.0,15.0,421.0,321.0,301.0,-481.0,0.0,2026,9,12,0,5,Saturday,Automne,Weekend,14005.0,35.4
France,Données temps réel,2026-09-12,10,2026-09-12 10:15:00,39713.0,39300,39300,37.0,0.0,439.0,33510.0,1102.0,893.0,209.0,12386.0,2024.0,-511.0,1038.0,-10308.0,14.0,-2343,2400,-3575,-2227,-4152,2.0,35.0,0.0,0.0,95.0,345.0,0.0,1841.0,169.0,14.0,417.0,319.0,301.0,-16.0,17.0,2026,9,12,15,5,Saturday,Automne,Weekend,15512.0,39.1
France,Données temps réel,2026-09-12,10,2026-09-12 10:30:00,39846.0,39800,39800,37.0,0.0,436.0,32421.0,1127.0,922.0,205.0,13702.0,1940.0,-714.0,1037.0,-10118.0,14.0,-2343,2400,-3575,-2227,-4115,2.0,35.0,0.0,0.0,96.0,342.0,0.0,1826.0,100.0,14.0,417.0,318.0,301.0,-19.0,5.0,2026,9,12,30,5,Saturday,Automne,Weekend,16769.0,42.1
France,Données temps réel,2026-09-12,10,2026-09-12 10:45:00,40312.0,39850,39850,36.0,0.0,436.0,31577.0,1203.0,990.0,213.0,14909.0,1817.0,-711.0,1031.0,-9977.0,14.0,-2343,1904,-3575,-2227,-4104,1.0,35.0,0.0,0.0,96.0,341.0,0.0,1767.0,35.0,15.0,416.0,314.0,301.0,-17.0,13.0,2026,9,12,45,5,Saturday,Automne,Weekend,17929.0,44.5
France,Données temps réel,2026-09-12,11,2026-09-12 11:00:00,40292.0,39900,39900,36.0,0.0,439.0,30863.0,1235.0,1042.0,192.0,15898.0,1831.0,-924.0,1027.0,-10105.0,14.0,-2745,1002,-3575,-2227,-3660,1.0,35.0,0.0,0.0,96.0,344.0,0.0,1768.0,50.0,14.0,414.0,312.0,301.0,-40.0,39.0,2026,9,12,0,5,Saturday,Automne,Weekend,18964.0,47.1
France,Données temps réel,2026-09-12,11,2026-09-12 11:15:00,40355.0,40400,40450,36.0,0.0,440.0,30568.0,1301.0,1138.0,163.0,16974.0,1802.0,-1231.0,1025.0,-10572.0,14.0,-2745,711,-3575,-2227,-3535,1.0,35.0,0.0,0.0,95.0,347.0,0.0,1746.0,42.0,15.0,413.0,310.0,301.0,-22.0,39.0,2026,9,12,15,5,Saturday,Automne,Weekend,20077.0,49.8
France,Données temps réel,2026-09-12,11,2026-09-12 11:30:00,40517.0,40900,41000,36.0,0.0,438.0,30507.0,1414.0,1251.0,163.0,17809.0,1876.0,-1233.0,1025.0,-11347.0,14.0,-2745,306,-3575,-2227,-3536,1.0,35.0,0.0,0.0,95.0,344.0,0.0,1815.0,46.0,15.0,412.0,312.0,301.0,-22.0,14.0,2026,9,12,30,5,Saturday,Automne,Weekend,21099.0,52.1
France,Données temps réel,2026-09-12,11,2026-09-12 11:45:00,41359.0,41400,41500,36.0,0.0,438.0,30408.0,1494.0,1339.0,155.0,18547.0,1909.0,-1229.0,1026.0,-11255.0,13.0,-2745,109,-3575,-2227,-3424,1.0,35.0,0.0,0.0,95.0,345.0,0.0,1860.0,36.0,14.0,411.0,314.0,301.0,-22.0,6.0,2026,9,12,45,5,Saturday,Automne,Weekend,21950.0,53.1
France,Données temps réel,2026-09-12,12,2026-09-12 12:00:00,42039.0,41900,42000,36.0,0.0,438.0,30533.0,1547.0,1414.0,133.0,19085.0,1897.0,-1298.0,1026.0,-11198.0,13.0,-2737,-74,-4070,-2227,-2507,1.0,35.0,0.0,0.0,95.0,345.0,0.0,1847.0,35.0,15.0,413.0,312.0,301.0,-32.0,5.0,2026,9,12,0,5,Saturday,Automne,Weekend,22529.0,53.6
France,Données temps réel,2026-09-12,12,2026-09-12 12:15:00,42700.0,41950,42050,37.0,0.0,441.0,30648.0,1649.0,1496.0,153.0,19567.0,1869.0,-1294.0,1036.0,-11273.0,13.0,-2737,-345,-4070,-2227,-2420,2.0,35.0,0.0,0.0,95.0,348.0,0.0,1819.0,37.0,14.0,422.0,313.0,301.0,-13.0,34.0,2026,9,12,15,5,Saturday,Automne,Weekend,23085.0,54.1
France,Données temps réel,2026-09-12,12,2026-09-12 12:30:00,42978.0,42000,42100,37.0,0.0,436.0,30549.0,1735.0,1600.0,136.0,19904.0,1885.0,-1300.0,1032.0,-11319.0,13.0,-2737,-336,-4070,-2227,-2108,2.0,35.0,0.0,0.0,95.0,343.0,0.0,1828.0,42.0,16.0,419.0,312.0,301.0,-17.0,35.0,2026,9,12,30,5,Saturday,Automne,Weekend,23524.0,54.7
France,Données temps réel,2026-09-12,12,2026-09-12 12:45:00,43107.0,42500,42600,36.0,0.0,440.0,30615.0,1801.0,1657.0,144.0,19990.0,1899.0,-1295.0,1029.0,-11389.0,13.0,-2737,-771,-4053,-2226,-2083,1.0,35.0,0.0,0.0,95.0,347.0,0.0,1842.0,43.0,14.0,417.0,312.0,301.0,-51.0,31.0,2026,9,12,45,5,Saturday,Automne,Weekend,23690.0,55.0
France,Données temps réel,2026-09-12,13,2026-09-12 13:00:00,42648.0,43000,43100,36.0,0.0,439.0,30512.0,1900.0,1753.0,147.0,20112.0,1902.0,-1293.0,1026.0,-11975.0,13.0,-2897,-514,-4070,-2227,-2666,1.0,35.0,0.0,0.0,95.0,345.0,0.0,1845.0,43.0,14.0,412.0,313.0,301.0,-43.0,31.0,2026,9,12,0,5,Saturday,Automne,Weekend,23914.0,56.1
France,Données temps réel,2026-09-12,13,2026-09-12 13:15:00,42036.0,42250,42350,37.0,0.0,438.0,30714.0,1935.0,1795.0,140.0,20271.0,1944.0,-1295.0,1024.0,-12682.0,13.0,-2897,-1254,-4070,-2227,-2470,2.0,35.0,0.0,0.0,95.0,344.0,0.0,1830.0,103.0,11.0,411.0,311.0,301.0,-349.0,0.0,2026,9,12,15,5,Saturday,Automne,Weekend,24150.0,57.5
France,Données temps réel,2026-09-12,13,2026-09-12 13:30:00,41292.0,41500,41600,37.0,0.0,440.0,30806.0,1979.0,1844.0,135.0,20216.0,1913.0,-1290.0,1028.0,-13555.0,13.0,-2897,-1698,-4070,-2217,-2262,2.0,35.0,0.0,0.0,95.0,346.0,0.0,1798.0,104.0,11.0,414.0,313.0,301.0,-282.0,1.0,2026,9,12,30,5,Saturday,Automne,Weekend,24108.0,58.4
France,Données temps réel,2026-09-12,13,2026-09-12 13:45:00,40842.0,41350,41450,37.0,0.0,211.0,30948.0,1995.0,1856.0,139.0,20015.0,1895.0,-1290.0,1026.0,-13625.0,11.0,-2897,-2134,-4070,-2227,-2323,2.0,35.0,0.0,0.0,95.0,117.0,0.0,1788.0,96.0,11.0,413.0,312.0,301.0,-372.0,4.0,2026,9,12,45,5,Saturday,Automne,Weekend,23905.0,58.5
France,Données temps réel,2026-09-12,14,2026-09-12 14:00:00,41396.0,41200,41300,37.0,0.0,209.0,30803.0,2011.0,1874.0,137.0,20151.0,1847.0,-1225.0,1032.0,-13143.0,11.0,-2820,-1706,-4070,-2227,-2556,2.0,35.0,0.0,0.0,95.0,116.0,0.0,1746.0,91.0,11.0,419.0,312.0,301.0,-327.0,1.0,2026,9,12,0,5,Saturday,Automne,Weekend,24009.0,58.0
France,Données temps réel,2026-09-12,14,2026-09-12 14:15:00,41585.0,41800,41750,37.0,0.0,210.0,31235.0,2034.0,1906.0,128.0,19971.0,1775.0,-1216.0,1013.0,-13226.0,11.0,-2820,-1630,-4070,-2227,-2569,2.0,35.0,0.0,0.0,95.0,117.0,0.0,1728.0,37.0,11.0,416.0,296.0,301.0,-247.0,1.0,2026,9,12,15,5,Saturday,Automne,Weekend,23780.0,57.2
France,Données temps réel,2026-09-12,14,2026-09-12 14:30:00,41026.0,42400,42200,36.0,0.0,211.0,30951.0,2056.0,1932.0,124.0,19625.0,1784.0,-1218.0,1018.0,-13235.0,11.0,-2820,-1473,-4070,-2227,-2524,1.0,35.0,0.0,0.0,95.0,117.0,0.0,1737.0,37.0,11.0,421.0,296.0,301.0,-201.0,1.0,2026,9,12,30,5,Saturday,Automne,Weekend,23465.0,57.2
France,Données temps réel,2026-09-12,14,2026-09-12 14:45:00,41136.0,41900,41600,36.0,0.0,210.0,31182.0,2010.0,1906.0,103.0,19405.0,1779.0,-1214.0,1014.0,-13027.0,11.0,-2820,-1547,-4070,-2227,-2568,1.0,35.0,0.0,0.0,95.0,117.0,0.0,1726.0,43.0,11.0,418.0,295.0,301.0,-258.0,0.0,2026,9,12,45,5,Saturday,Automne,Weekend,23194.0,56.4
France,Données temps réel,2026-09-12,15,2026-09-12 15:00:00,40907.0,41400,41000,36.0,0.0,212.0,31097.0,2000.0,1911.0,89.0,19429.0,1775.0,-1214.0,1013.0,-13193.0,11.0,-3001,-1431,-4044,-2227,-2379,1.0,35.0,0.0,0.0,95.0,118.0,0.0,1720.0,45.0,11.0,421.0,291.0,301.0,-249.0,2.0,2026,9,12,0,5,Saturday,Automne,Weekend,23204.0,56.7
France,Données temps réel,2026-09-12,15,2026-09-12 15:15:00,40693.0,40800,40500,36.0,0.0,209.0,31287.0,2033.0,1950.0,82.0,19005.0,1772.0,-1211.0,1013.0,-13276.0,11.0,-3001,-1429,-4044,-2227,-2327,1.0,35.0,0.0,0.0,95.0,115.0,0.0,1726.0,36.0,11.0,419.0,293.0,301.0,-176.0,4.0,2026,9,12,15,5,Saturday,Automne,Weekend,22810.0,56.1
France,Données temps réel,2026-09-12,15,2026-09-12 15:30:00,40721.0,40200,40000,36.0,0.0,209.0,31508.0,2033.0,1944.0,90.0,18880.0,1846.0,-1211.0,1013.0,-13433.0,11.0,-3001,-953,-4044,-2227,-2668,1.0,35.0,0.0,0.0,95.0,116.0,0.0,1758.0,77.0,11.0,419.0,293.0,301.0,-159.0,0.0,2026,9,12,30,5,Saturday,Automne,Weekend,22759.0,55.9
France,Données temps réel,2026-09-12,15,2026-09-12 15:45:00,40177.0,39850,39750,36.0,0.0,212.0,31595.0,1961.0,1888.0,73.0,18348.0,1856.0,-1209.0,1014.0,-13468.0,11.0,-3001,-1002,-4044,-2227,-2753,1.0,35.0,0.0,0.0,95.0,119.0,0.0,1769.0,77.0,11.0,418.0,294.0,301.0,-167.0,0.0,2026,9,12,45,5,Saturday,Automne,Weekend,22165.0,55.2
France,Données temps réel,2026-09-12,16,2026-09-12 16:00:00,40186.0,39500,39500,35.0,0.0,207.0,31487.0,1998.0,1921.0,77.0,17764.0,2037.0,-1210.0,1016.0,-13023.0,11.0,-2756,-1045,-4044,-2227,-2891,0.0,35.0,0.0,0.0,95.0,114.0,0.0,1798.0,137.0,102.0,421.0,294.0,301.0,-124.0,1.0,2026,9,12,0,5,Saturday,Automne,Weekend,21799.0,54.2
France,Données temps réel,2026-09-12,16,2026-09-12 16:15:00,39720.0,39250,39500,36.0,0.0,210.0,31881.0,2008.0,1916.0,92.0,17062.0,2024.0,-1207.0,1010.0,-13281.0,11.0,-2756,-682,-4044,-2227,-2979,1.0,35.0,0.0,0.0,95.0,116.0,0.0,1794.0,153.0,77.0,416.0,293.0,301.0,-22.0,0.0,2026,9,12,15,5,Saturday,Automne,Weekend,21094.0,53.1
France,Données temps réel,2026-09-12,16,2026-09-12 16:30:00,39926.0,39000,39500,36.0,0.0,211.0,32308.0,1913.0,1825.0,89.0,16195.0,2010.0,-1203.0,1013.0,-12537.0,12.0,-2756,-99,-4044,-2227,-3022,1.0,35.0,0.0,0.0,95.0,117.0,0.0,1776.0,152.0,82.0,417.0,294.0,301.0,-19.0,1.0,2026,9,12,30,5,Saturday,Automne,Weekend,20118.0,50.4
France,Données temps réel,2026-09-12,16,2026-09-12 16:45:00,39843.0,39050,39600,35.0,0.0,204.0,32490.0,1931.0,1839.0,92.0,15414.0,2036.0,-1202.0,1019.0,-12076.0,12.0,-2756,199,-4044,-2227,-3008,0.0,35.0,0.0,0.0,94.0,111.0,0.0,1843.0,112.0,81.0,424.0,294.0,301.0,-8.0,0.0,2026,9,12,45,5,Saturday,Automne,Weekend,19381.0,48.6
France,Données temps réel,2026-09-12,17,2026-09-12 17:00:00,39582.0,39100,39700,35.0,0.0,205.0,32633.0,1965.0,1860.0,105.0,14402.0,2152.0,-1201.0,1021.0,-11637.0,12.0,-3028,1200,-4044,-2227,-3036,0.0,35.0,0.0,0.0,94.0,111.0,0.0,1811.0,195.0,145.0,425.0,295.0,301.0,-8.0,16.0,2026,9,12,0,5,Saturday,Automne,Weekend,18519.0,46.8
France,Données temps réel,2026-09-12,17,2026-09-12 17:15:00,39694.0,39350,39850,35.0,0.0,206.0,33051.0,1991.0,1897.0,94.0,13371.0,2107.0,-960.0,1019.0,-11169.0,12.0,-3028,1856,-4044,-2227,-3027,0.0,35.0,0.0,0.0,95.0,112.0,0.0,1779.0,205.0,123.0,423.0,295.0,301.0,-7.0,50.0,2026,9,12,15,5,Saturday,Automne,Weekend,17469.0,44.0
France,Données temps réel,2026-09-12,17,2026-09-12 17:30:00,39928.0,39600,40000,35.0,0.0,208.0,33882.0,1944.0,1886.0,58.0,12167.0,2150.0,-789.0,1023.0,-10721.0,12.0,-3028,2078,-4044,-2227,-3030,0.0,35.0,0.0,0.0,95.0,114.0,0.0,1720.0,311.0,119.0,425.0,296.0,301.0,-2.0,31.0,2026,9,12,30,5,Saturday,Automne,Weekend,16261.0,40.7
France,Données temps réel,2026-09-12,17,2026-09-12 17:45:00,40697.0,40100,40450,35.0,0.0,204.0,35136.0,1924.0,1881.0,44.0,10939.0,2165.0,-623.0,1021.0,-10122.0,12.0,-3028,2100,-4044,-2227,-2628,0.0,35.0,0.0,0.0,95.0,111.0,0.0,1676.0,334.0,154.0,423.0,296.0,301.0,-8.0,26.0,2026,9,12,45,5,Saturday,Automne,Weekend,15028.0,36.9
France,Données temps réel,2026-09-12,18,2026-09-12 18:00:00,40717.0,40600,40900,35.0,0.0,209.0,35375.0,1922.0,1862.0,60.0,9526.0,2537.0,-456.0,1018.0,-9562.0,12.0,-2073,2016,-4038,-2227,-2993,0.0,35.0,0.0,0.0,100.0,111.0,0.0,1641.0,490.0,406.0,422.0,295.0,301.0,-5.0,118.0,2026,9,12,0,5,Saturday,Automne,Weekend,13985.0,34.3
France,Données temps réel,2026-09-12,18,2026-09-12 18:15:00,40862.0,41100,41300,35.0,0.0,271.0,36400.0,1896.0,1825.0,71.0,8112.0,2981.0,-413.0,1019.0,-9508.0,13.0,-2073,2272,-4038,-2227,-2812,0.0,35.0,0.0,0.0,108.0,165.0,0.0,1693.0,637.0,650.0,423.0,295.0,301.0,-8.0,78.0,2026,9,12,15,5,Saturday,Automne,Weekend,12989.0,31.8
France,Données temps réel,2026-09-12,18,2026-09-12 18:30:00,41433.0,41600,41700,35.0,0.0,755.0,37021.0,1915.0,1852.0,64.0,6649.0,3582.0,-414.0,1019.0,-9145.0,17.0,-2073,2400,-4038,-2065,-2736,0.0,35.0,0.0,0.0,96.0,660.0,0.0,1729.0,683.0,1170.0,422.0,296.0,301.0,-1.0,18.0,2026,9,12,30,5,Saturday,Automne,Weekend,12146.0,29.3
France,Données temps réel,2026-09-12,18,2026-09-12 18:45:00,42037.0,42050,42100,35.0,0.0,1310.0,37454.0,1885.0,1839.0,46.0,5333.0,3923.0,-417.0,1019.0,-8502.0,21.0,-2073,2400,-3812,-1824,-2670,0.0,35.0,0.0,0.0,104.0,1208.0,0.0,1729.0,925.0,1268.0,423.0,294.0,301.0,-8.0,6.0,2026,9,12,45,5,Saturday,Automne,Weekend,11141.0,26.5
France,Données temps réel,2026-09-12,19,2026-09-12 19:00:00,42397.0,42500,42500,35.0,0.0,1456.0,38042.0,1858.0,1813.0,45.0,3838.0,4169.0,-415.0,1017.0,-7800.0,23.0,-971,2360,-3723,-825,-4133,0.0,35.0,0.0,0.0,108.0,1349.0,0.0,1779.0,1002.0,1388.0,422.0,293.0,301.0,-8.0,206.0,2026,9,12,0,5,Saturday,Automne,Weekend,9865.0,23.3
France,Données temps réel,2026-09-12,19,2026-09-12 19:15:00,42560.0,42650,42550,35.0,0.0,1463.0,38309.0,1757.0,1698.0,59.0,2619.0,4814.0,-415.0,1017.0,-7037.0,23.0,-971,2400,-3718,-853,-3122,0.0,35.0,0.0,0.0,106.0,1358.0,0.0,1936.0,1391.0,1487.0,423.0,293.0,301.0,-11.0,10.0,2026,9,12,15,5,Saturday,Automne,Weekend,9190.0,21.6
France,Données temps réel,2026-09-12,19,2026-09-12 19:30:00,42202.0,42800,42600,34.0,0.0,1457.0,38384.0,1692.0,1606.0,87.0,1621.0,4783.0,-416.0,1021.0,-6370.0,24.0,-971,2392,-3822,-755,-2525,0.0,35.0,0.0,0.0,95.0,1363.0,0.0,1950.0,1395.0,1437.0,424.0,295.0,301.0,-12.0,8.0,2026,9,12,30,5,Saturday,Automne,Weekend,8096.0,19.2
France,Données temps réel,2026-09-12,19,2026-09-12 19:45:00,42338.0,42600,42400,35.0,0.0,1466.0,38462.0,1618.0,1518.0,100.0,998.0,4358.0,-417.0,1018.0,-5196.0,24.0,-971,1493,-3778,-667,-1643,0.0,35.0,0.0,0.0,96.0,1371.0,0.0,1983.0,1331.0,1044.0,421.0,295.0,301.0,-14.0,11.0,2026,9,12,45,5,Saturday,Automne,Weekend,6974.0,16.5
France,Données temps réel,2026-09-12,20,2026-09-12 20:00:00,42386.0,42400,42200,35.0,0.0,1473.0,38735.0,1688.0,1579.0,110.0,569.0,4525.0,-414.0,1018.0,-5267.0,24.0,-2302,540,-3514,186,-536,0.0,35.0,0.0,0.0,96.0,1379.0,0.0,2015.0,1305.0,1205.0,423.0,294.0,301.0,-6.0,29.0,2026,9,12,0,5,Saturday,Automne,Weekend,6782.0,16.0
France,Données temps réel,2026-09-12,20,2026-09-12 20:15:00,42128.0,42350,42150,36.0,0.0,1493.0,38690.0,1588.0,1459.0,129.0,315.0,4229.0,-1.0,1020.0,-5632.0,25.0,-2302,-500,-3332,266,752,1.0,35.0,0.0,0.0,109.0,1386.0,0.0,2016.0,1112.0,1102.0,422.0,297.0,301.0,-11.0,402.0,2026,9,12,15,5,Saturday,Automne,Weekend,6132.0,14.6
France,Données temps réel,2026-09-12,20,2026-09-12 20:30:00,42050.0,42300,42100,35.0,0.0,1498.0,38722.0,1618.0,1487.0,131.0,222.0,4136.0,-1.0,1016.0,-5588.0,25.0,-2302,-1799,-3338,315,1511,0.0,35.0,0.0,0.0,108.0,1391.0,0.0,1949.0,1122.0,1065.0,419.0,296.0,301.0,-11.0,403.0,2026,9,12,30,5,Saturday,Automne,Weekend,5976.0,14.2
France,Données temps réel,2026-09-12,20,2026-09-12 20:45:00,41732.0,42200,42000,35.0,0.0,1501.0,38734.0,1729.0,1587.0,142.0,204.0,3988.0,0.0,1020.0,-5862.0,25.0,-2302,-2155,-3473,338,1849,0.0,35.0,0.0,0.0,109.0,1393.0,0.0,1916.0,1090.0,982.0,423.0,296.0,301.0,-13.0,397.0,2026,9,12,45,5,Saturday,Automne,Weekend,5921.0,14.2
France,Données temps réel,2026-09-12,21,2026-09-12 21:00:00,41328.0,42100,41900,36.0,0.0,1500.0,38809.0,1772.0,1628.0,143.0,196.0,3662.0,-1.0,1018.0,-5900.0,25.0,-2825,-2066,-3836,-235,2376,1.0,35.0,0.0,0.0,106.0,1394.0,0.0,1923.0,1092.0,648.0,421.0,296.0,301.0,-18.0,257.0,2026,9,12,0,5,Saturday,Automne,Weekend,5630.0,13.6
France,Données temps réel,2026-09-12,21,2026-09-12 21:15:00,40866.0,41450,41250,36.0,0.0,1507.0,38807.0,1862.0,1699.0,163.0,0.0,4187.0,0.0,1018.0,-6877.0,25.0,-2825,-2528,-3788,-415,2595,1.0,35.0,0.0,0.0,109.0,1400.0,0.0,1862.0,1090.0,1235.0,421.0,296.0,301.0,-12.0,340.0,2026,9,12,15,5,Saturday,Automne,Weekend,6049.0,14.8
France,Données temps réel,2026-09-12,21,2026-09-12 21:30:00,40525.0,40800,40600,36.0,0.0,1497.0,38790.0,1944.0,1793.0,151.0,0.0,3913.0,0.0,1014.0,-6917.0,25.0,-2825,-2376,-3716,-523,2630,1.0,35.0,0.0,0.0,99.0,1399.0,0.0,1814.0,1075.0,1024.0,416.0,296.0,301.0,-33.0,282.0,2026,9,12,30,5,Saturday,Automne,Weekend,5857.0,14.5
France,Données temps réel,2026-09-12,21,2026-09-12 21:45:00,39643.0,40350,40150,36.0,0.0,1503.0,38864.0,2055.0,1870.0,185.0,0.0,3616.0,0.0,1009.0,-7519.0,25.0,-2825,-2329,-3799,-790,2528,1.0,35.0,0.0,0.0,101.0,1403.0,0.0,1814.0,979.0,824.0,413.0,295.0,301.0,-24.0,105.0,2026,9,12,45,5,Saturday,Automne,Weekend,5671.0,14.3
France,Données temps réel,2026-09-12,22,2026-09-12 22:00:00,39533.0,39900,39700,35.0,0.0,1507.0,38753.0,2165.0,1960.0,205.0,0.0,3564.0,-25.0,1012.0,-7451.0,25.0,-2777,-1664,-3831,-884,2731,0.0,35.0,0.0,0.0,106.0,1402.0,0.0,1817.0,971.0,776.0,415.0,296.0,301.0,-27.0,0.0,2026,9,12,0,5,Saturday,Automne,Weekend,5729.0,14.5
France,Données temps réel,2026-09-12,22,2026-09-12 22:15:00,40207.0,40500,40300,36.0,0.0,1514.0,38884.0,2293.0,2067.0,226.0,0.0,3413.0,-369.0,1012.0,-6627.0,25.0,-2777,-1742,-3552,-1072,2693,1.0,35.0,0.0,0.0,109.0,1406.0,0.0,1799.0,801.0,814.0,415.0,296.0,301.0,-4.0,56.0,2026,9,12,15,5,Saturday,Automne,Weekend,5706.0,14.2
France,Données temps réel,2026-09-12,22,2026-09-12 22:30:00,40052.0,41100,40900,36.0,0.0,1518.0,38891.0,2399.0,2143.0,257.0,0.0,3442.0,-337.0,1018.0,-6965.0,25.0,-2777,-1212,-3362,-1011,2821,1.0,35.0,0.0,0.0,109.0,1410.0,0.0,1766.0,799.0,877.0,420.0,296.0,301.0,-9.0,61.0,2026,9,12,30,5,Saturday,Automne,Weekend,5841.0,14.6
France,Données temps réel,2026-09-12,22,2026-09-12 22:45:00,41181.0,41550,41350,36.0,0.0,1519.0,38538.0,2311.0,2083.0,227.0,0.0,3553.0,-338.0,1013.0,-5441.0,25.0,-2777,-1432,-3277,-716,2588,1.0,35.0,0.0,0.0,109.0,1412.0,0.0,1746.0,800.0,1008.0,418.0,293.0,301.0,-10.0,2.0,2026,9,12,45,5,Saturday,Automne,Weekend,5864.0,14.2
France,Données temps réel,2026-09-12,23,2026-09-12 23:00:00,40524.0,42000,41800,36.0,0.0,1518.0,38081.0,2307.0,2092.0,215.0,0.0,3489.0,-339.0,1005.0,-5571.0,25.0,-2546,-1013,-3095,-1437,1980,1.0,35.0,0.0,0.0,109.0,1410.0,0.0,1750.0,706.0,1032.0,414.0,290.0,301.0,-7.0,5.0,2026,9,12,0,5,Saturday,Automne,Weekend,5796.0,14.3
France,Données temps réel,2026-09-12,23,2026-09-12 23:15:00,40204.0,41600,41450,37.0,0.0,1522.0,38002.0,2264.0,2088.0,176.0,0.0,3077.0,-14.0,1009.0,-5735.0,26.0,-2546,-1478,-3418,-1423,2412,2.0,35.0,0.0,0.0,109.0,1414.0,0.0,1694.0,638.0,745.0,414.0,294.0,301.0,-10.0,52.0,2026,9,12,15,5,Saturday,Automne,Weekend,5341.0,13.3
France,Données temps réel,2026-09-12,23,2026-09-12 23:30:00,39925.0,41200,41100,37.0,0.0,1523.0,38031.0,2334.0,2122.0,212.0,0.0,3063.0,-13.0,1015.0,-6056.0,26.0,-2546,-1693,-3071,-1441,2546,2.0,35.0,0.0,0.0,109.0,1415.0,0.0,1710.0,744.0,609.0,418.0,295.0,301.0,-13.0,5.0,2026,9,12,30,5,Saturday,Automne,Weekend,5397.0,13.5
France,Données temps réel,2026-09-12,23,2026-09-12 23:45:00,39831.0,40550,40500,36.0,0.0,1523.0,37464.0,2336.0,2137.0,199.0,0.0,3152.0,-1.0,1016.0,-5768.0,26.0,-2546,-2355,-3304,-1166,2484,1.0,35.0,0.0,0.0,109.0,1415.0,0.0,1709.0,834.0,609.0,421.0,294.0,301.0,-7.0,81.0,2026,9,12,45,5,Saturday,Automne,Weekend,5488.0,13.8
France,Données temps réel,2026-09-13,0,2026-09-13 00:00:00,39307.0,39900,39900,35.0,0.0,1523.0,37023.0,2389.0,2212.0,177.0,0.0,3105.0,-13.0,1008.0,-5779.0,26.0,-2297,-2074,-3538,-1142,4099,0.0,35.0,0.0,0.0,109.0,1416.0,0.0,1729.0,796.0,581.0,418.0,289.0,301.0,-2.0,19.0,2026,9,13,0,6,Sunday,Automne,Weekend,5494.0,14.0
France,Données temps réel,2026-09-13,0,2026-09-13 00:15:00,39563.0,39100,39100,37.0,0.0,1348.0,36991.0,2471.0,2256.0,215.0,0.0,2920.0,-14.0,1009.0,-5202.0,25.0,-2297,-2234,-3646,-1174,4130,2.0,35.0,0.0,0.0,104.0,1245.0,0.0,1735.0,802.0,383.0,417.0,291.0,301.0,-7.0,13.0,2026,9,13,15,6,Sunday,Automne,Weekend,5391.0,13.6
France,Données temps réel,2026-09-13,0,2026-09-13 00:30:00,38435.0,38300,38300,37.0,0.0,1082.0,36993.0,2433.0,2223.0,210.0,0.0,2732.0,-175.0,1011.0,-5670.0,22.0,-2297,-2515,-3573,-1187,4022,2.0,35.0,0.0,0.0,100.0,983.0,0.0,1733.0,799.0,200.0,418.0,292.0,301.0,-9.0,3.0,2026,9,13,30,6,Sunday,Automne,Weekend,5165.0,13.4
France,Données temps réel,2026-09-13,0,2026-09-13 00:45:00,37253.0,37600,37600,36.0,0.0,586.0,36935.0,2378.0,2151.0,228.0,0.0,2508.0,-185.0,1017.0,-5998.0,18.0,-2297,-2638,-3554,-1217,3800,1.0,35.0,0.0,0.0,97.0,490.0,0.0,1728.0,572.0,208.0,419.0,296.0,301.0,-22.0,0.0,2026,9,13,45,6,Sunday,Automne,Weekend,4886.0,13.1
France,Données temps réel,2026-09-13,1,2026-09-13 01:00:00,36813.0,36900,36900,37.0,0.0,439.0,36916.0,2312.0,2098.0,213.0,0.0,2492.0,-198.0,1010.0,-6170.0,17.0,-2726,-1895,-3414,-1501,4029,2.0,35.0,0.0,0.0,97.0,343.0,0.0,1715.0,568.0,209.0,413.0,296.0,301.0,-25.0,0.0,2026,9,13,0,6,Sunday,Automne,Weekend,4804.0,13.0
France,Données temps réel,2026-09-13,1,2026-09-13 01:15:00,37100.0,36800,36800,37.0,0.0,418.0,36936.0,2192.0,1976.0,216.0,0.0,2490.0,-194.0,1002.0,-5724.0,16.0,-2726,-2326,-3547,-1503,4207,2.0,35.0,0.0,0.0,97.0,322.0,0.0,1725.0,556.0,209.0,405.0,296.0,301.0,-57.0,1.0,2026,9,13,15,6,Sunday,Automne,Weekend,4682.0,12.6
France,Données temps réel,2026-09-13,1,2026-09-13 01:30:00,36385.0,36700,36700,36.0,0.0,417.0,36927.0,2018.0,1849.0,169.0,0.0,2505.0,-233.0,1004.0,-6244.0,16.0,-2726,-2694,-3213,-1485,4149,1.0,35.0,0.0,0.0,97.0,321.0,0.0,1732.0,564.0,209.0,407.0,295.0,301.0,-45.0,0.0,2026,9,13,30,6,Sunday,Automne,Weekend,4523.0,12.4
France,Données temps réel,2026-09-13,1,2026-09-13 01:45:00,36206.0,36200,36200,36.0,0.0,428.0,37009.0,1936.0,1758.0,179.0,0.0,2435.0,-397.0,1003.0,-6192.0,16.0,-2726,-2628,-3451,-1489,3931,1.0,35.0,0.0,0.0,106.0,324.0,0.0,1680.0,547.0,209.0,405.0,297.0,301.0,-53.0,1.0,2026,9,13,45,6,Sunday,Automne,Weekend,4371.0,12.1
France,Données temps réel,2026-09-13,2,2026-09-13 02:00:00,35506.0,35700,35700,37.0,0.0,415.0,36989.0,1897.0,1689.0,207.0,0.0,2430.0,-590.0,1000.0,-6626.0,16.0,-3028,-2780,-3653,-1709,4623,2.0,35.0,0.0,0.0,97.0,320.0,0.0,1689.0,531.0,210.0,406.0,293.0,301.0,-46.0,0.0,2026,9,13,0,6,Sunday,Automne,Weekend,4327.0,12.2
France,Données temps réel,2026-09-13,2,2026-09-13 02:15:00,35041.0,34850,34850,37.0,0.0,421.0,36425.0,1815.0,1637.0,178.0,0.0,2373.0,-580.0,1004.0,-6440.0,17.0,-3028,-2854,-3657,-1701,4157,2.0,35.0,0.0,0.0,103.0,319.0,0.0,1714.0,450.0,209.0,410.0,293.0,301.0,-17.0,3.0,2026,9,13,15,6,Sunday,Automne,Weekend,4188.0,12.0
France,Données temps réel,2026-09-13,2,2026-09-13 02:30:00,33969.0,34000,34000,35.0,0.0,416.0,36065.0,1776.0,1607.0,169.0,0.0,2356.0,-591.0,1003.0,-7061.0,17.0,-3028,-2867,-3601,-1707,3709,0.0,35.0,0.0,0.0,97.0,320.0,0.0,1700.0,447.0,209.0,408.0,294.0,301.0,-31.0,2.0,2026,9,13,30,6,Sunday,Automne,Weekend,4132.0,12.2
France,Données temps réel,2026-09-13,2,2026-09-13 02:45:00,33306.0,33400,33450,35.0,0.0,425.0,36009.0,1747.0,1580.0,168.0,0.0,2335.0,-586.0,1001.0,-7669.0,17.0,-3028,-2867,-3536,-1716,3184,0.0,35.0,0.0,0.0,109.0,317.0,0.0,1695.0,430.0,210.0,408.0,292.0,301.0,-7.0,17.0,2026,9,13,45,6,Sunday,Automne,Weekend,4082.0,12.3
France,Données temps réel,2026-09-13,3,2026-09-13 03:00:00,32700.0,32800,32900,36.0,0.0,415.0,36082.0,1685.0,1493.0,192.0,0.0,2187.0,-586.0,1002.0,-8056.0,17.0,-3028,-2867,-3804,-1829,2902,1.0,35.0,0.0,0.0,97.0,319.0,0.0,1694.0,432.0,61.0,408.0,292.0,301.0,-70.0,6.0,2026,9,13,0,6,Sunday,Automne,Weekend,3872.0,11.8
France,Données temps réel,2026-09-13,3,2026-09-13 03:15:00,32277.0,32500,32650,35.0,0.0,417.0,36084.0,1652.0,1468.0,185.0,0.0,2176.0,-583.0,1004.0,-8512.0,17.0,-3028,-2867,-3704,-1848,2646,0.0,35.0,0.0,0.0,100.0,318.0,0.0,1686.0,426.0,64.0,409.0,293.0,301.0,-3.0,9.0,2026,9,13,15,6,Sunday,Automne,Weekend,3828.0,11.9
France,Données temps réel,2026-09-13,3,2026-09-13 03:30:00,31914.0,32200,32400,37.0,0.0,425.0,36171.0,1680.0,1482.0,198.0,0.0,2190.0,-585.0,1004.0,-8934.0,17.0,-3028,-2867,-3804,-1843,2550,2.0,35.0,0.0,0.0,110.0,316.0,0.0,1692.0,434.0,63.0,410.0,293.0,301.0,-76.0,5.0,2026,9,13,30,6,Sunday,Automne,Weekend,3870.0,12.1
France,Données temps réel,2026-09-13,3,2026-09-13 03:45:00,31846.0,31900,32100,36.0,0.0,424.0,36146.0,1664.0,1472.0,193.0,0.0,2221.0,-585.0,1003.0,-8979.0,17.0,-3028,-2867,-3729,-1848,2357,1.0,35.0,0.0,0.0,109.0,317.0,0.0,1700.0,458.0,63.0,410.0,292.0,301.0,-94.0,9.0,2026,9,13,45,6,Sunday,Automne,Weekend,3885.0,12.2
France,Données temps réel,2026-09-13,4,2026-09-13 04:00:00,31277.0,31600,31800,37.0,0.0,423.0,36161.0,1658.0,1450.0,208.0,0.0,2287.0,-548.0,1011.0,-9708.0,17.0,-3028,-2867,-3804,-1706,1957,2.0,35.0,0.0,0.0,103.0,322.0,0.0,1692.0,531.0,65.0,416.0,293.0,301.0,-55.0,11.0,2026,9,13,0,6,Sunday,Automne,Weekend,3945.0,12.6
France,Données temps réel,2026-09-13,4,2026-09-13 04:15:00,31490.0,31300,31650,36.0,0.0,427.0,36194.0,1686.0,1481.0,205.0,0.0,2308.0,-875.0,1016.0,-9258.0,17.0,-3028,-2867,-3754,-1695,1679,1.0,35.0,0.0,0.0,109.0,319.0,0.0,1726.0,518.0,63.0,420.0,295.0,301.0,-43.0,2.0,2026,9,13,15,6,Sunday,Automne,Weekend,3994.0,12.7
France,Données temps réel,2026-09-13,4,2026-09-13 04:30:00,31184.0,31000,31500,35.0,0.0,428.0,36195.0,1637.0,1454.0,184.0,0.0,2343.0,-871.0,1016.0,-9575.0,17.0,-3028,-2819,-3577,-1702,1206,0.0,35.0,0.0,0.0,110.0,320.0,0.0,1749.0,530.0,64.0,422.0,292.0,301.0,-28.0,4.0,2026,9,13,30,6,Sunday,Automne,Weekend,3980.0,12.8
France,Données temps réel,2026-09-13,4,2026-09-13 04:45:00,31155.0,31050,31500,36.0,0.0,427.0,36191.0,1620.0,1445.0,175.0,0.0,2335.0,-879.0,1010.0,-9574.0,17.0,-3028,-2811,-3393,-1701,950,1.0,35.0,0.0,0.0,109.0,319.0,0.0,1759.0,513.0,63.0,416.0,293.0,301.0,-13.0,3.0,2026,9,13,45,6,Sunday,Automne,Weekend,3955.0,12.7
France,Données temps réel,2026-09-13,5,2026-09-13 05:00:00,31045.0,31100,31500,37.0,0.0,427.0,36220.0,1627.0,1463.0,164.0,0.0,2346.0,-878.0,1013.0,-9644.0,17.0,-3028,-2723,-3460,-1505,736,2.0,35.0,0.0,0.0,109.0,319.0,0.0,1754.0,528.0,64.0,418.0,294.0,301.0,-104.0,2.0,2026,9,13,0,6,Sunday,Automne,Weekend,3973.0,12.8
France,Données temps réel,2026-09-13,5,2026-09-13 05:15:00,31269.0,31250,31550,37.0,0.0,424.0,36232.0,1693.0,1510.0,184.0,0.0,2275.0,-505.0,1008.0,-9781.0,17.0,-3028,-2709,-3351,-1558,521,2.0,35.0,0.0,0.0,106.0,319.0,0.0,1686.0,525.0,64.0,412.0,295.0,301.0,-116.0,2.0,2026,9,13,15,6,Sunday,Automne,Weekend,3968.0,12.7
France,Données temps réel,2026-09-13,5,2026-09-13 05:30:00,31202.0,31400,31600,37.0,0.0,427.0,36225.0,1713.0,1526.0,187.0,0.0,2241.0,-506.0,1011.0,-9884.0,17.0,-3028,-2773,-3014,-1561,67,2.0,35.0,0.0,0.0,109.0,319.0,0.0,1659.0,519.0,64.0,413.0,296.0,301.0,-66.0,2.0,2026,9,13,30,6,Sunday,Automne,Weekend,3954.0,12.7
France,Données temps réel,2026-09-13,5,2026-09-13 05:45:00,31111.0,31500,31650,37.0,0.0,426.0,36180.0,1678.0,1492.0,186.0,0.0,2199.0,-350.0,1016.0,-9986.0,17.0,-3028,-2723,-3201,-1584,114,2.0,35.0,0.0,0.0,109.0,318.0,0.0,1616.0,519.0,63.0,419.0,295.0,301.0,-91.0,3.0,2026,9,13,45,6,Sunday,Automne,Weekend,3877.0,12.5
France,Données temps réel,2026-09-13,6,2026-09-13 06:00:00,31317.0,31600,31700,37.0,0.0,425.0,36199.0,1748.0,1560.0,188.0,0.0,2227.0,-347.0,1011.0,-9979.0,17.0,-2956,-2500,-3193,-1357,-392,2.0,35.0,0.0,0.0,109.0,318.0,0.0,1560.0,602.0,64.0,416.0,294.0,301.0,-11.0,7.0,2026,9,13,0,6,Sunday,Automne,Weekend,3975.0,12.7
France,Données temps réel,2026-09-13,6,2026-09-13 06:15:00,31548.0,31850,31950,36.0,0.0,427.0,36147.0,1810.0,1611.0,199.0,0.0,2300.0,-186.0,1010.0,-9915.0,17.0,-2956,-2377,-3157,-1351,-314,1.0,35.0,0.0,0.0,109.0,319.0,0.0,1570.0,667.0,63.0,414.0,295.0,301.0,-123.0,42.0,2026,9,13,15,6,Sunday,Automne,Weekend,4110.0,13.0
France,Données temps réel,2026-09-13,6,2026-09-13 06:30:00,31626.0,32100,32200,37.0,0.0,426.0,36176.0,1824.0,1623.0,201.0,0.0,2270.0,-183.0,1014.0,-9916.0,17.0,-2956,-2408,-3303,-1348,-245,2.0,35.0,0.0,0.0,109.0,318.0,0.0,1572.0,634.0,64.0,419.0,294.0,301.0,-59.0,38.0,2026,9,13,30,6,Sunday,Automne,Weekend,4094.0,12.9
France,Données temps réel,2026-09-13,6,2026-09-13 06:45:00,31913.0,32150,32250,36.0,0.0,424.0,36147.0,1858.0,1642.0,216.0,0.0,2355.0,-187.0,1012.0,-9702.0,17.0,-2956,-2594,-3289,-1341,175,1.0,35.0,0.0,0.0,109.0,316.0,0.0,1571.0,724.0,60.0,418.0,293.0,301.0,-40.0,10.0,2026,9,13,45,6,Sunday,Automne,Weekend,4213.0,13.2
France,Données temps réel,2026-09-13,7,2026-09-13 07:00:00,32221.0,32200,32300,35.0,0.0,428.0,36157.0,1843.0,1625.0,218.0,184.0,2354.0,-184.0,1022.0,-9605.0,17.0,-3028,-2572,-2923,-1498,87,0.0,35.0,0.0,0.0,109.0,320.0,0.0,1575.0,719.0,60.0,425.0,295.0,301.0,-19.0,7.0,2026,9,13,0,6,Sunday,Automne,Weekend,4381.0,13.6
France,Données temps réel,2026-09-13,7,2026-09-13 07:15:00,32298.0,32150,32250,35.0,0.0,413.0,36193.0,1848.0,1613.0,235.0,197.0,2374.0,-183.0,1016.0,-9636.0,17.0,-3028,-2626,-3150,-1557,469,0.0,35.0,0.0,0.0,97.0,318.0,0.0,1596.0,718.0,60.0,421.0,294.0,301.0,-13.0,57.0,2026,9,13,15,6,Sunday,Automne,Weekend,4419.0,13.7
France,Données temps réel,2026-09-13,7,2026-09-13 07:30:00,32091.0,32100,32200,35.0,0.0,415.0,36174.0,1930.0,1716.0,213.0,242.0,2300.0,-186.0,1015.0,-9837.0,17.0,-3028,-2707,-3078,-1631,713,0.0,35.0,0.0,0.0,97.0,319.0,0.0,1632.0,606.0,61.0,421.0,293.0,301.0,-20.0,26.0,2026,9,13,30,6,Sunday,Automne,Weekend,4472.0,13.9
France,Données temps réel,2026-09-13,7,2026-09-13 07:45:00,32156.0,32300,32400,35.0,0.0,416.0,36075.0,1941.0,1752.0,189.0,438.0,2197.0,-182.0,1012.0,-9776.0,17.0,-3028,-2779,-3002,-1595,611,0.0,35.0,0.0,0.0,97.0,320.0,0.0,1700.0,400.0,97.0,418.0,293.0,301.0,-6.0,8.0,2026,9,13,45,6,Sunday,Automne,Weekend,4576.0,14.2
France,Données temps réel,2026-09-13,8,2026-09-13 08:00:00,32494.0,32500,32600,35.0,0.0,416.0,35938.0,2020.0,1804.0,216.0,828.0,2152.0,-185.0,1009.0,-9705.0,17.0,-3028,-2395,-3160,-1960,842,0.0,35.0,0.0,0.0,97.0,320.0,0.0,1690.0,383.0,79.0,414.0,293.0,301.0,-14.0,2.0,2026,9,13,0,6,Sunday,Automne,Weekend,5000.0,15.4
France,Données temps réel,2026-09-13,8,2026-09-13 08:15:00,32933.0,33000,33100,36.0,0.0,415.0,35769.0,2021.0,1849.0,171.0,1455.0,2136.0,-349.0,1011.0,-9654.0,16.0,-3028,-1845,-2832,-1957,-302,1.0,35.0,0.0,0.0,97.0,320.0,0.0,1688.0,312.0,136.0,416.0,294.0,301.0,-7.0,101.0,2026,9,13,15,6,Sunday,Automne,Weekend,5612.0,17.0
France,Données temps réel,2026-09-13,8,2026-09-13 08:30:00,33394.0,33500,33600,35.0,0.0,415.0,35757.0,2158.0,1937.0,221.0,2281.0,2139.0,-381.0,1004.0,-10107.0,16.0,-3028,-872,-2007,-1928,-2087,0.0,35.0,0.0,0.0,97.0,320.0,0.0,1685.0,321.0,133.0,410.0,292.0,301.0,-28.0,122.0,2026,9,13,30,6,Sunday,Automne,Weekend,6578.0,19.7
France,Données temps réel,2026-09-13,8,2026-09-13 08:45:00,33621.0,34250,34350,35.0,0.0,413.0,35880.0,2175.0,1966.0,209.0,3354.0,2151.0,-748.0,1010.0,-10764.0,16.0,-3028,200,-3411,-1933,-2983,0.0,35.0,0.0,0.0,97.0,318.0,0.0,1624.0,325.0,202.0,415.0,293.0,301.0,-8.0,124.0,2026,9,13,45,6,Sunday,Automne,Weekend,7680.0,22.8
France,Données temps réel,2026-09-13,9,2026-09-13 09:00:00,33757.0,35000,35100,35.0,0.0,395.0,36014.0,2200.0,1967.0,233.0,4354.0,2098.0,-945.0,1002.0,-11423.0,15.0,-3028,1000,-3460,-2227,-3636,0.0,35.0,0.0,0.0,99.0,298.0,0.0,1623.0,271.0,204.0,408.0,292.0,301.0,-7.0,35.0,2026,9,13,0,6,Sunday,Automne,Weekend,8652.0,25.6
France,Données temps réel,2026-09-13,9,2026-09-13 09:15:00,34579.0,35300,35400,35.0,0.0,362.0,35597.0,2118.0,1871.0,247.0,5765.0,1788.0,-1113.0,1001.0,-11304.0,15.0,-3028,2000,-3668,-2227,-4092,0.0,35.0,0.0,0.0,98.0,265.0,0.0,1582.0,157.0,48.0,408.0,292.0,301.0,-6.0,337.0,2026,9,13,15,6,Sunday,Automne,Weekend,9671.0,28.0
France,Données temps réel,2026-09-13,9,2026-09-13 09:30:00,35420.0,35600,35700,35.0,0.0,327.0,35360.0,1984.0,1729.0,255.0,7188.0,1733.0,-1113.0,1005.0,-11032.0,14.0,-3028,2400,-3691,-2227,-4090,0.0,35.0,0.0,0.0,95.0,233.0,0.0,1557.0,149.0,27.0,412.0,292.0,301.0,-67.0,2.0,2026,9,13,30,6,Sunday,Automne,Weekend,10905.0,30.8
France,Données temps réel,2026-09-13,9,2026-09-13 09:45:00,35909.0,36050,36150,37.0,0.0,214.0,34777.0,1935.0,1691.0,243.0,8506.0,1755.0,-1386.0,1008.0,-10759.0,13.0,-3028,2400,-3306,-2227,-4103,2.0,35.0,0.0,0.0,95.0,120.0,0.0,1579.0,148.0,28.0,413.0,293.0,301.0,-182.0,5.0,2026,9,13,45,6,Sunday,Automne,Weekend,12196.0,34.0
France,Données temps réel,2026-09-13,10,2026-09-13 10:00:00,36758.0,36500,36600,35.0,0.0,195.0,33915.0,2013.0,1758.0,255.0,9873.0,1727.0,-1631.0,1011.0,-10201.0,13.0,-3028,2333,-2902,-2227,-4080,0.0,35.0,0.0,0.0,95.0,101.0,0.0,1552.0,125.0,50.0,417.0,293.0,301.0,-191.0,15.0,2026,9,13,0,6,Sunday,Automne,Weekend,13613.0,37.0
France,Données temps réel,2026-09-13,10,2026-09-13 10:15:00,37664.0,37150,37250,35.0,0.0,174.0,33420.0,2028.0,1808.0,220.0,11235.0,1563.0,-1668.0,1010.0,-9912.0,12.0,-3028,2218,-2902,-2227,-3893,0.0,35.0,0.0,0.0,95.0,80.0,0.0,1517.0,35.0,11.0,413.0,295.0,301.0,-261.0,41.0,2026,9,13,15,6,Sunday,Automne,Weekend,14826.0,39.4
France,Données temps réel,2026-09-13,10,2026-09-13 10:30:00,38239.0,37800,37900,33.0,0.0,176.0,33484.0,2122.0,1845.0,276.0,12484.0,1568.0,-1906.0,1012.0,-10454.0,12.0,-3028,1944,-2902,-2227,-3912,0.0,35.0,0.0,0.0,94.0,83.0,0.0,1522.0,35.0,11.0,415.0,295.0,301.0,-288.0,9.0,2026,9,13,30,6,Sunday,Automne,Weekend,16174.0,42.3
France,Données temps réel,2026-09-13,10,2026-09-13 10:45:00,38570.0,38150,38300,33.0,0.0,200.0,32825.0,2013.0,1780.0,233.0,13497.0,1495.0,-1916.0,1011.0,-10300.0,12.0,-3028,1562,-2902,-2227,-3930,0.0,35.0,0.0,0.0,95.0,107.0,0.0,1453.0,32.0,11.0,417.0,292.0,301.0,-287.0,0.0,2026,9,13,45,6,Sunday,Automne,Weekend,17005.0,44.1
France,Données temps réel,2026-09-13,11,2026-09-13 11:00:00,38963.0,38500,38700,33.0,0.0,207.0,32246.0,1991.0,1763.0,228.0,14383.0,1504.0,-1908.0,1010.0,-10348.0,12.0,-3028,427,-2295,-2227,-4008,0.0,35.0,0.0,0.0,94.0,114.0,0.0,1461.0,32.0,12.0,417.0,292.0,301.0,-155.0,0.0,2026,9,13,0,6,Sunday,Automne,Weekend,17878.0,45.9
France,Données temps réel,2026-09-13,11,2026-09-13 11:15:00,38898.0,39000,39200,33.0,0.0,206.0,31878.0,2127.0,1890.0,237.0,15351.0,1509.0,-1878.0,1006.0,-11255.0,12.0,-3028,381,-2295,-2227,-3933,0.0,35.0,0.0,0.0,94.0,113.0,0.0,1464.0,35.0,11.0,413.0,292.0,301.0,-94.0,17.0,2026,9,13,15,6,Sunday,Automne,Weekend,18987.0,48.8
France,Données temps réel,2026-09-13,11,2026-09-13 11:30:00,39612.0,39500,39700,33.0,0.0,208.0,31952.0,2224.0,1994.0,230.0,16111.0,1507.0,-1914.0,1013.0,-11383.0,12.0,-3028,266,-2295,-2227,-3922,0.0,35.0,0.0,0.0,95.0,114.0,0.0,1461.0,35.0,12.0,419.0,293.0,301.0,-147.0,9.0,2026,9,13,30,6,Sunday,Automne,Weekend,19842.0,50.1
France,Données temps réel,2026-09-13,11,2026-09-13 11:45:00,40069.0,40350,40600,33.0,0.0,209.0,31930.0,2242.0,2062.0,180.0,16799.0,1478.0,-1943.0,1009.0,-11634.0,11.0,-3028,192,-2295,-2227,-3818,0.0,35.0,0.0,0.0,95.0,116.0,0.0,1434.0,34.0,11.0,417.0,291.0,301.0,-82.0,28.0,2026,9,13,45,6,Sunday,Automne,Weekend,20519.0,51.2
France,Données temps réel,2026-09-13,12,2026-09-13 12:00:00,40798.0,41200,41500,33.0,0.0,211.0,31823.0,2260.0,2063.0,197.0,17316.0,1480.0,-1938.0,1003.0,-11427.0,11.0,-3028,498,-1687,-2227,-4127,0.0,35.0,0.0,0.0,95.0,117.0,0.0,1424.0,44.0,12.0,409.0,292.0,301.0,-125.0,163.0,2026,9,13,0,6,Sunday,Automne,Weekend,21056.0,51.6
France,Données temps réel,2026-09-13,12,2026-09-13 12:15:00,41254.0,41300,41600,33.0,0.0,213.0,31812.0,2176.0,2000.0,176.0,17751.0,1535.0,-1935.0,1006.0,-11448.0,11.0,-3028,89,-1687,-2227,-3555,0.0,35.0,0.0,0.0,95.0,120.0,0.0,1474.0,51.0,11.0,409.0,296.0,301.0,-93.0,167.0,2026,9,13,15,6,Sunday,Automne,Weekend,21462.0,52.0
France,Données temps réel,2026-09-13,12,2026-09-13 12:30:00,41500.0,41400,41700,33.0,0.0,209.0,31900.0,1798.0,1611.0,187.0,14978.0,1536.0,-1940.0,998.0,-9624.0,12.0,-3028,1100,-1687,-2227,-3331,0.0,35.0,0.0,0.0,95.0,115.0,0.0,1485.0,39.0,12.0,404.0,292.0,301.0,-36.0,152.0,2026,9,13,30,6,Sunday,Automne,Weekend,18312.0,44.1
France,Données temps réel,2026-09-13,12,2026-09-13 12:45:00,42500.0,41950,42250,35.0,0.0,216.0,32297.0,1721.0,1558.0,163.0,14272.0,1563.0,-1694.0,1006.0,-8670.0,12.0,-3028,1713,-1687,-2227,-3276,0.0,35.0,0.0,0.0,104.0,113.0,0.0,1513.0,40.0,11.0,409.0,296.0,301.0,-11.0,291.0,2026,9,13,45,6,Sunday,Automne,Weekend,17556.0,41.3
France,Données temps réel,2026-09-13,13,2026-09-13 13:00:00,41701.0,42500,42800,34.0,0.0,206.0,31992.0,1664.0,1495.0,169.0,15462.0,1611.0,-1692.0,1004.0,-8565.0,12.0,-3028,1749,-1687,-2227,-3289,0.0,35.0,0.0,0.0,95.0,112.0,0.0,1539.0,62.0,11.0,407.0,295.0,301.0,-15.0,2.0,2026,9,13,0,6,Sunday,Automne,Weekend,18737.0,44.9
France,Données temps réel,2026-09-13,13,2026-09-13 13:15:00,41263.0,41400,41700,33.0,0.0,211.0,31940.0,1700.0,1519.0,181.0,15603.0,1630.0,-1692.0,1001.0,-8978.0,12.0,-3028,1438,-1687,-2227,-3461,0.0,35.0,0.0,0.0,94.0,118.0,0.0,1548.0,72.0,11.0,404.0,295.0,301.0,-189.0,5.0,2026,9,13,15,6,Sunday,Automne,Weekend,18933.0,45.9
France,Données temps réel,2026-09-13,13,2026-09-13 13:30:00,40510.0,40300,40600,34.0,0.0,209.0,31802.0,1659.0,1482.0,177.0,15649.0,1603.0,-1699.0,1000.0,-9632.0,12.0,-3028,1310,-1687,-2226,-3477,0.0,35.0,0.0,0.0,95.0,116.0,0.0,1543.0,49.0,12.0,404.0,294.0,301.0,-115.0,0.0,2026,9,13,30,6,Sunday,Automne,Weekend,18911.0,46.7
France,Données temps réel,2026-09-13,13,2026-09-13 13:45:00,39985.0,40150,40450,35.0,0.0,213.0,32000.0,1694.0,1497.0,197.0,15734.0,1604.0,-1864.0,1004.0,-10105.0,12.0,-3028,1289,-1687,-2226,-3631,0.0,35.0,0.0,0.0,95.0,120.0,0.0,1553.0,40.0,11.0,408.0,295.0,301.0,-338.0,9.0,2026,9,13,45,6,Sunday,Automne,Weekend,19032.0,47.6
France,Données temps réel,2026-09-13,14,2026-09-13 14:00:00,40206.0,40000,40300,33.0,0.0,210.0,31965.0,1705.0,1481.0,224.0,15599.0,1585.0,-1868.0,999.0,-9816.0,12.0,-3028,1866,-1601,-2227,-4120,0.0,35.0,0.0,0.0,95.0,117.0,0.0,1536.0,39.0,11.0,405.0,292.0,301.0,-210.0,4.0,2026,9,13,0,6,Sunday,Automne,Weekend,18889.0,47.0
France,Données temps réel,2026-09-13,14,2026-09-13 14:15:00,41013.0,40700,40700,37.0,0.0,209.0,32289.0,1648.0,1417.0,231.0,15555.0,1586.0,-1863.0,1000.0,-9186.0,12.0,-3028,1815,-1687,-2227,-4160,2.0,35.0,0.0,0.0,95.0,116.0,0.0,1540.0,35.0,11.0,405.0,294.0,301.0,-264.0,4.0,2026,9,13,15,6,Sunday,Automne,Weekend,18789.0,45.8
France,Données temps réel,2026-09-13,14,2026-09-13 14:30:00,40521.0,41400,41100,35.0,0.0,213.0,32217.0,1717.0,1456.0,261.0,15424.0,1582.0,-1861.0,999.0,-9713.0,12.0,-3028,1947,-1661,-2227,-4396,0.0,35.0,0.0,0.0,95.0,120.0,0.0,1536.0,34.0,12.0,403.0,294.0,301.0,-98.0,6.0,2026,9,13,30,6,Sunday,Automne,Weekend,18723.0,46.2
France,Données temps réel,2026-09-13,14,2026-09-13 14:45:00,40383.0,40850,40550,34.0,0.0,212.0,32209.0,1741.0,1478.0,263.0,15210.0,1578.0,-1860.0,1001.0,-9723.0,12.0,-3028,1930,-1612,-2227,-4407,0.0,35.0,0.0,0.0,95.0,118.0,0.0,1532.0,35.0,11.0,406.0,294.0,301.0,-24.0,5.0,2026,9,13,45,6,Sunday,Automne,Weekend,18529.0,45.9
France,Données temps réel,2026-09-13,15,2026-09-13 15:00:00,40129.0,40300,40000,36.0,0.0,213.0,32246.0,1779.0,1563.0,216.0,15078.0,1597.0,-1856.0,1004.0,-9960.0,12.0,-3028,2282,-2423,-2227,-4258,1.0,35.0,0.0,0.0,95.0,120.0,0.0,1549.0,36.0,12.0,411.0,292.0,301.0,-11.0,7.0,2026,9,13,0,6,Sunday,Automne,Weekend,18454.0,46.0
France,Données temps réel,2026-09-13,15,2026-09-13 15:15:00,40204.0,40000,39750,35.0,0.0,212.0,32078.0,1843.0,1589.0,254.0,14822.0,1603.0,-1686.0,1006.0,-9686.0,12.0,-3028,2280,-2423,-2227,-4346,0.0,35.0,0.0,0.0,94.0,119.0,0.0,1539.0,52.0,12.0,409.0,295.0,301.0,-28.0,7.0,2026,9,13,15,6,Sunday,Automne,Weekend,18268.0,45.4
France,Données temps réel,2026-09-13,15,2026-09-13 15:30:00,39803.0,39700,39500,34.0,0.0,211.0,32384.0,1888.0,1619.0,268.0,14523.0,1605.0,-1680.0,1001.0,-10170.0,12.0,-3028,2259,-2408,-2227,-4508,0.0,35.0,0.0,0.0,94.0,118.0,0.0,1530.0,65.0,11.0,408.0,291.0,301.0,-4.0,13.0,2026,9,13,30,6,Sunday,Automne,Weekend,18016.0,45.3
France,Données temps réel,2026-09-13,15,2026-09-13 15:45:00,39355.0,39550,39500,34.0,0.0,212.0,32555.0,1825.0,1571.0,253.0,14124.0,1618.0,-1681.0,1006.0,-10348.0,12.0,-3028,1500,-2423,-2227,-4675,0.0,35.0,0.0,0.0,94.0,119.0,0.0,1539.0,66.0,14.0,411.0,293.0,301.0,-2.0,13.0,2026,9,13,45,6,Sunday,Automne,Weekend,17567.0,44.6
France,Données temps réel,2026-09-13,16,2026-09-13 16:00:00,39198.0,39400,39500,34.0,0.0,223.0,32661.0,1946.0,1676.0,270.0,13922.0,1719.0,-1755.0,1004.0,-11335.0,12.0,-3028,550,-3003,-2227,-4485,0.0,35.0,0.0,0.0,94.0,130.0,0.0,1588.0,118.0,14.0,408.0,294.0,301.0,-6.0,13.0,2026,9,13,0,6,Sunday,Automne,Weekend,17587.0,44.9
France,Données temps réel,2026-09-13,16,2026-09-13 16:15:00,39183.0,39000,39100,34.0,0.0,208.0,32444.0,2384.0,2132.0,253.0,16447.0,1829.0,-1912.0,1001.0,-12090.0,11.0,-3028,1132,-3003,-2227,-4479,0.0,35.0,0.0,0.0,94.0,116.0,0.0,1589.0,122.0,118.0,409.0,291.0,301.0,-389.0,0.0,2026,9,13,15,6,Sunday,Automne,Weekend,20660.0,52.7
France,Données temps réel,2026-09-13,16,2026-09-13 16:30:00,38945.0,38600,38700,34.0,0.0,206.0,32704.0,2435.0,2199.0,236.0,14863.0,1853.0,-1906.0,1006.0,-11959.0,12.0,-3028,2060,-3003,-2227,-4448,0.0,35.0,0.0,0.0,95.0,112.0,0.0,1580.0,122.0,151.0,411.0,293.0,301.0,-291.0,2.0,2026,9,13,30,6,Sunday,Automne,Weekend,19151.0,49.2
France,Données temps réel,2026-09-13,16,2026-09-13 16:45:00,38971.0,38650,38700,34.0,0.0,199.0,32748.0,2409.0,2185.0,224.0,14081.0,1962.0,-1907.0,1004.0,-11366.0,12.0,-3028,2017,-3003,-2227,-4440,0.0,35.0,0.0,0.0,94.0,106.0,0.0,1621.0,200.0,141.0,408.0,294.0,301.0,-193.0,2.0,2026,9,13,45,6,Sunday,Automne,Weekend,18452.0,47.3
France,Données temps réel,2026-09-13,17,2026-09-13 17:00:00,39072.0,38700,38700,33.0,0.0,231.0,33543.0,2287.0,2047.0,239.0,13099.0,2027.0,-1913.0,1004.0,-11151.0,12.0,-3028,2400,-3903,-2227,-4646,0.0,35.0,0.0,0.0,95.0,138.0,0.0,1662.0,235.0,131.0,410.0,292.0,301.0,-90.0,2.0,2026,9,13,0,6,Sunday,Automne,Weekend,17413.0,44.6
France,Données temps réel,2026-09-13,17,2026-09-13 17:15:00,39414.0,38850,38850,35.0,0.0,241.0,35120.0,2234.0,1982.0,252.0,12067.0,2199.0,-1595.0,1006.0,-11852.0,12.0,-3028,2400,-3903,-2227,-4693,0.0,35.0,0.0,0.0,95.0,147.0,0.0,1671.0,340.0,188.0,410.0,294.0,301.0,-41.0,1.0,2026,9,13,15,6,Sunday,Automne,Weekend,16500.0,41.9
France,Données temps réel,2026-09-13,17,2026-09-13 17:30:00,39392.0,39000,39000,36.0,0.0,294.0,36172.0,2104.0,1866.0,238.0,10871.0,2451.0,-1589.0,1004.0,-11955.0,12.0,-3028,2400,-3903,-2227,-4618,1.0,35.0,0.0,0.0,95.0,201.0,0.0,1677.0,457.0,316.0,409.0,293.0,301.0,-2.0,7.0,2026,9,13,30,6,Sunday,Automne,Weekend,15426.0,39.2
France,Données temps réel,2026-09-13,17,2026-09-13 17:45:00,39547.0,39700,39700,34.0,0.0,464.0,36625.0,2055.0,1831.0,224.0,9786.0,2530.0,-1098.0,1000.0,-11849.0,14.0,-3028,2400,-3848,-2227,-4556,0.0,35.0,0.0,0.0,94.0,371.0,0.0,1678.0,488.0,364.0,408.0,291.0,301.0,-6.0,6.0,2026,9,13,45,6,Sunday,Automne,Weekend,14371.0,36.3
France,Données temps réel,2026-09-13,18,2026-09-13 18:00:00,40072.0,40400,40400,33.0,0.0,829.0,37332.0,2056.0,1846.0,210.0,8594.0,2886.0,-1100.0,1006.0,-11573.0,17.0,-3028,2400,-3513,-2225,-5469,0.0,35.0,0.0,0.0,94.0,736.0,0.0,1645.0,641.0,600.0,412.0,293.0,301.0,-3.0,13.0,2026,9,13,0,6,Sunday,Automne,Weekend,13536.0,33.8
France,Données temps réel,2026-09-13,18,2026-09-13 18:15:00,40687.0,40950,41000,35.0,0.0,1489.0,37790.0,2014.0,1800.0,214.0,7279.0,3389.0,-446.0,1008.0,-11878.0,22.0,-3028,2400,-3317,-2175,-5178,0.0,35.0,0.0,0.0,96.0,1395.0,0.0,1683.0,1010.0,696.0,414.0,292.0,301.0,-1.0,10.0,2026,9,13,15,6,Sunday,Automne,Weekend,12682.0,31.2
France,Données temps réel,2026-09-13,18,2026-09-13 18:30:00,41079.0,41500,41600,35.0,0.0,1873.0,37980.0,1991.0,1786.0,206.0,5986.0,3838.0,-414.0,999.0,-11232.0,25.0,-3028,2400,-2985,-2133,-4477,0.0,35.0,0.0,0.0,104.0,1770.0,0.0,1687.0,1135.0,1015.0,406.0,291.0,301.0,-4.0,28.0,2026,9,13,30,6,Sunday,Automne,Weekend,11815.0,28.8
France,Données temps réel,2026-09-13,18,2026-09-13 18:45:00,41998.0,42200,42300,35.0,0.0,2223.0,38126.0,1879.0,1681.0,197.0,4792.0,4178.0,-413.0,1002.0,-9852.0,28.0,-3028,2400,-2944,-1817,-3675,0.0,35.0,0.0,0.0,100.0,2124.0,0.0,1754.0,1289.0,1135.0,408.0,293.0,301.0,-1.0,28.0,2026,9,13,45,6,Sunday,Automne,Weekend,10849.0,25.8
France,Données temps réel,2026-09-13,19,2026-09-13 19:00:00,42771.0,42900,43000,35.0,0.0,2445.0,38093.0,1927.0,1738.0,189.0,3448.0,4564.0,0.0,1005.0,-8784.0,31.0,-3028,2400,-2792,-975,-3631,0.0,35.0,0.0,0.0,107.0,2339.0,0.0,1773.0,1421.0,1370.0,409.0,295.0,301.0,-8.0,48.0,2026,9,13,0,6,Sunday,Automne,Weekend,9939.0,23.2
France,Données temps réel,2026-09-13,19,2026-09-13 19:15:00,43115.0,43150,43250,33.0,0.0,2509.0,38265.0,1762.0,1598.0,164.0,2347.0,5139.0,0.0,1002.0,-8003.0,31.0,-3028,2400,-3167,-1006,-2682,0.0,35.0,0.0,0.0,109.0,2402.0,0.0,1938.0,1529.0,1672.0,405.0,295.0,301.0,-11.0,76.0,2026,9,13,15,6,Sunday,Automne,Weekend,9248.0,21.4
France,Données temps réel,2026-09-13,19,2026-09-13 19:30:00,43168.0,43400,43500,35.0,0.0,2543.0,38273.0,1618.0,1461.0,158.0,1425.0,5342.0,-1.0,1001.0,-7157.0,32.0,-3028,2397,-3426,-1001,-1730,0.0,35.0,0.0,0.0,101.0,2443.0,0.0,2022.0,1510.0,1810.0,404.0,295.0,301.0,-2.0,92.0,2026,9,13,30,6,Sunday,Automne,Weekend,8385.0,19.4
France,Données temps réel,2026-09-13,19,2026-09-13 19:45:00,42974.0,43350,43450,35.0,0.0,2580.0,38292.0,1569.0,1403.0,165.0,887.0,5603.0,0.0,1003.0,-7168.0,33.0,-3028,1838,-3664,-958,-828,0.0,35.0,0.0,0.0,101.0,2481.0,0.0,2113.0,1632.0,1858.0,405.0,296.0,301.0,-5.0,178.0,2026,9,13,45,6,Sunday,Automne,Weekend,8059.0,18.8
France,Données temps réel,2026-09-13,20,2026-09-13 20:00:00,42892.0,43300,43400,35.0,0.0,2613.0,38298.0,1554.0,1383.0,171.0,503.0,5582.0,0.0,1001.0,-7014.0,33.0,-3028,926,-3136,-410,-962,0.0,35.0,0.0,0.0,101.0,2513.0,0.0,2142.0,1612.0,1829.0,403.0,296.0,301.0,-1.0,321.0,2026,9,13,0,6,Sunday,Automne,Weekend,7639.0,17.8
France,Données temps réel,2026-09-13,20,2026-09-13 20:15:00,43062.0,43050,43150,35.0,0.0,2635.0,38315.0,1509.0,1331.0,178.0,274.0,5663.0,0.0,1005.0,-6745.0,33.0,-3028,-200,-3128,-402,487,0.0,35.0,0.0,0.0,109.0,2528.0,0.0,2190.0,1675.0,1798.0,408.0,296.0,301.0,-8.0,379.0,2026,9,13,15,6,Sunday,Automne,Weekend,7446.0,17.3
France,Données temps réel,2026-09-13,20,2026-09-13 20:30:00,42919.0,42800,42900,35.0,0.0,2663.0,38322.0,1528.0,1351.0,177.0,210.0,5374.0,-1.0,1002.0,-6518.0,34.0,-3028,-1727,-2600,-392,1276,0.0,35.0,0.0,0.0,109.0,2556.0,0.0,2178.0,1652.0,1544.0,405.0,296.0,301.0,-4.0,309.0,2026,9,13,30,6,Sunday,Automne,Weekend,7112.0,16.6
France,Données temps réel,2026-09-13,20,2026-09-13 20:45:00,42977.0,42600,42700,33.0,0.0,2665.0,38337.0,1510.0,1340.0,169.0,201.0,4910.0,0.0,1002.0,-5983.0,34.0,-3028,-2146,-2580,-371,1520,0.0,35.0,0.0,0.0,109.0,2557.0,0.0,2154.0,1575.0,1181.0,406.0,295.0,301.0,-7.0,310.0,2026,9,13,45,6,Sunday,Automne,Weekend,6621.0,15.4
France,Données temps réel,2026-09-13,21,2026-09-13 21:00:00,42172.0,42400,42500,33.0,0.0,2669.0,38544.0,1533.0,1361.0,172.0,190.0,4687.0,-1.0,999.0,-6766.0,34.0,-3028,-2203,-2562,13,710,0.0,35.0,0.0,0.0,109.0,2562.0,0.0,2060.0,1407.0,1220.0,404.0,294.0,301.0,-6.0,290.0,2026,9,13,0,6,Sunday,Automne,Weekend,6410.0,15.2
France,Données temps réel,2026-09-13,21,2026-09-13 21:15:00,41664.0,42100,42150,34.0,0.0,2689.0,38556.0,1581.0,1444.0,137.0,0.0,4902.0,0.0,1001.0,-7406.0,34.0,-3028,-2567,-2678,68,825,0.0,35.0,0.0,0.0,109.0,2582.0,0.0,1915.0,1386.0,1600.0,406.0,294.0,301.0,-6.0,314.0,2026,9,13,15,6,Sunday,Automne,Weekend,6483.0,15.6
France,Données temps réel,2026-09-13,21,2026-09-13 21:30:00,41234.0,41800,41800,35.0,0.0,2701.0,38730.0,1597.0,1461.0,136.0,0.0,4409.0,-1.0,1001.0,-7422.0,35.0,-3028,-2192,-3367,73,1229,0.0,35.0,0.0,0.0,109.0,2593.0,0.0,1886.0,1340.0,1182.0,405.0,294.0,301.0,-13.0,199.0,2026,9,13,30,6,Sunday,Automne,Weekend,6006.0,14.6
France,Données temps réel,2026-09-13,21,2026-09-13 21:45:00,40491.0,41300,41300,34.0,0.0,2727.0,38781.0,1637.0,1463.0,174.0,0.0,4024.0,-2.0,1005.0,-7696.0,35.0,-3028,-2713,-3049,115,870,0.0,35.0,0.0,0.0,109.0,2619.0,0.0,1852.0,1085.0,1087.0,409.0,295.0,301.0,-25.0,8.0,2026,9,13,45,6,Sunday,Automne,Weekend,5661.0,14.0
France,Données temps réel,2026-09-13,22,2026-09-13 22:00:00,39803.0,40800,40800,34.0,0.0,2779.0,38796.0,1693.0,1521.0,172.0,0.0,3986.0,-1.0,1006.0,-8412.0,35.0,-3028,-1669,-2859,59,-54,0.0,35.0,0.0,0.0,109.0,2672.0,0.0,1840.0,1108.0,1038.0,409.0,296.0,301.0,-83.0,7.0,2026,9,13,0,6,Sunday,Automne,Weekend,5679.0,14.3
France,Données temps réel,2026-09-13,22,2026-09-13 22:15:00,40782.0,41200,41200,34.0,0.0,2864.0,39063.0,1675.0,1508.0,167.0,0.0,3879.0,-12.0,998.0,-7911.0,36.0,-3028,-1878,-2925,96,141,0.0,35.0,0.0,0.0,109.0,2756.0,0.0,1825.0,1006.0,1049.0,401.0,295.0,301.0,-24.0,218.0,2026,9,13,15,6,Sunday,Automne,Weekend,5554.0,13.6
France,Données temps réel,2026-09-13,22,2026-09-13 22:30:00,40555.0,41600,41600,35.0,0.0,2902.0,38999.0,1666.0,1501.0,165.0,0.0,3780.0,-41.0,999.0,-7761.0,36.0,-3028,-1386,-2667,131,418,0.0,35.0,0.0,0.0,109.0,2794.0,0.0,1828.0,990.0,962.0,404.0,294.0,301.0,-25.0,0.0,2026,9,13,30,6,Sunday,Automne,Weekend,5446.0,13.4
France,Données temps réel,2026-09-13,22,2026-09-13 22:45:00,41672.0,41950,41950,36.0,0.0,2938.0,39056.0,1659.0,1481.0,178.0,0.0,3890.0,-41.0,1004.0,-6817.0,37.0,-3028,-2174,-2518,167,842,1.0,35.0,0.0,0.0,107.0,2832.0,0.0,1814.0,1040.0,1036.0,407.0,295.0,301.0,-51.0,0.0,2026,9,13,45,6,Sunday,Automne,Weekend,5549.0,13.3
France,Données temps réel,2026-09-13,23,2026-09-13 23:00:00,40839.0,42300,42300,36.0,0.0,2973.0,39022.0,1678.0,1500.0,178.0,0.0,3685.0,-45.0,1004.0,-7457.0,37.0,-1751,-1806,-3111,-388,290,1.0,35.0,0.0,0.0,108.0,2867.0,0.0,1822.0,971.0,892.0,408.0,295.0,301.0,-55.0,0.0,2026,9,13,0,6,Sunday,Automne,Weekend,5363.0,13.1
France,Données temps réel,2026-09-13,23,2026-09-13 23:15:00,40448.0,41850,41850,35.0,0.0,3018.0,39051.0,1650.0,1456.0,194.0,0.0,3156.0,-10.0,1012.0,-7416.0,38.0,-1751,-2123,-3163,-506,112,0.0,35.0,0.0,0.0,110.0,2910.0,0.0,1822.0,848.0,486.0,415.0,296.0,301.0,-50.0,2.0,2026,9,13,15,6,Sunday,Automne,Weekend,4806.0,11.9
France,Données temps réel,2026-09-13,23,2026-09-13 23:30:00,40205.0,41400,41400,35.0,0.0,3073.0,39040.0,1634.0,1413.0,222.0,0.0,3001.0,-21.0,1005.0,-7516.0,38.0,-1751,-2105,-2970,-486,210,0.0,35.0,0.0,0.0,109.0,2964.0,0.0,1816.0,839.0,346.0,408.0,295.0,301.0,-45.0,0.0,2026,9,13,30,6,Sunday,Automne,Weekend,4635.0,11.5
France,Données temps réel,2026-09-13,23,2026-09-13 23:45:00,40083.0,40800,40800,37.0,0.0,3126.0,38501.0,1602.0,1369.0,233.0,0.0,3033.0,-21.0,1006.0,-7187.0,39.0,-1751,-2618,-2976,-461,192,2.0,35.0,0.0,0.0,109.0,3018.0,0.0,1833.0,779.0,422.0,410.0,295.0,301.0,-14.0,2.0,2026,9,13,45,6,Sunday,Automne,Weekend,4635.0,11.6
France,Données temps réel,2026-09-14,0,2026-09-14 00:00:00,39393.0,40200,40200,37.0,0.0,3125.0,38132.0,1592.0,1390.0,203.0,0.0,2726.0,-21.0,1001.0,-7183.0,40.0,-1786,-2644,-1690,-1481,879,2.0,35.0,0.0,0.0,109.0,3017.0,0.0,1819.0,648.0,259.0,407.0,292.0,301.0,-15.0,0.0,2026,9,14,0,0,Monday,Automne,Jour_de_semaine,4318.0,11.0
France,Données temps réel,2026-09-14,0,2026-09-14 00:15:00,39349.0,39400,39400,37.0,0.0,2931.0,38180.0,1483.0,1321.0,162.0,0.0,2743.0,-23.0,1004.0,-7004.0,38.0,-1786,-2867,-2065,-1436,924,2.0,35.0,0.0,0.0,109.0,2823.0,0.0,1829.0,652.0,261.0,407.0,295.0,301.0,-3.0,3.0,2026,9,14,15,0,Monday,Automne,Jour_de_semaine,4226.0,10.7
France,Données temps réel,2026-09-14,0,2026-09-14 00:30:00,38095.0,38600,38600,37.0,0.0,2764.0,38212.0,1398.0,1261.0,136.0,0.0,2554.0,-26.0,1005.0,-7853.0,37.0,-1786,-2867,-2597,-1416,760,2.0,35.0,0.0,0.0,109.0,2656.0,0.0,1840.0,655.0,60.0,407.0,296.0,301.0,-7.0,11.0,2026,9,14,30,0,Monday,Automne,Jour_de_semaine,3952.0,10.4
France,Données temps réel,2026-09-14,0,2026-09-14 00:45:00,36964.0,37900,37900,36.0,0.0,2508.0,38196.0,1346.0,1224.0,121.0,0.0,2515.0,-19.0,1004.0,-8620.0,35.0,-1786,-2867,-3051,-1431,934,1.0,35.0,0.0,0.0,104.0,2405.0,0.0,1815.0,639.0,61.0,406.0,296.0,301.0,-29.0,29.0,2026,9,14,45,0,Monday,Automne,Jour_de_semaine,3861.0,10.4
France,Données temps réel,2026-09-14,1,2026-09-14 01:00:00,36650.0,37200,37200,37.0,0.0,2489.0,38211.0,1313.0,1216.0,97.0,0.0,2534.0,-25.0,1004.0,-8751.0,35.0,-1365,-2587,-2990,-1559,-81,2.0,35.0,0.0,0.0,107.0,2383.0,0.0,1823.0,653.0,59.0,407.0,296.0,301.0,-162.0,0.0,2026,9,14,0,0,Monday,Automne,Jour_de_semaine,3847.0,10.5
France,Données temps réel,2026-09-14,1,2026-09-14 01:15:00,36882.0,37050,37050,37.0,0.0,2492.0,38210.0,1280.0,1188.0,93.0,0.0,2552.0,-21.0,1004.0,-8645.0,35.0,-1365,-2680,-3635,-1553,294,2.0,35.0,0.0,0.0,110.0,2384.0,0.0,1824.0,669.0,59.0,407.0,296.0,301.0,-34.0,8.0,2026,9,14,15,0,Monday,Automne,Jour_de_semaine,3832.0,10.4
France,Données temps réel,2026-09-14,1,2026-09-14 01:30:00,36175.0,36900,36900,37.0,0.0,2483.0,38233.0,1251.0,1168.0,84.0,0.0,2527.0,-21.0,1001.0,-9287.0,35.0,-1365,-2685,-3398,-1557,0,2.0,35.0,0.0,0.0,101.0,2383.0,0.0,1827.0,641.0,59.0,407.0,292.0,301.0,-51.0,4.0,2026,9,14,30,0,Monday,Automne,Jour_de_semaine,3778.0,10.4
France,Données temps réel,2026-09-14,1,2026-09-14 01:45:00,36199.0,36600,36550,37.0,0.0,2484.0,38235.0,1224.0,1151.0,73.0,0.0,2495.0,-24.0,1000.0,-9242.0,35.0,-1365,-2713,-3291,-1547,-533,2.0,35.0,0.0,0.0,101.0,2384.0,0.0,1816.0,619.0,59.0,409.0,290.0,301.0,-8.0,0.0,2026,9,14,45,0,Monday,Automne,Jour_de_semaine,3719.0,10.3
France,Données temps réel,2026-09-14,2,2026-09-14 02:00:00,35582.0,36300,36200,36.0,0.0,2489.0,38226.0,1184.0,1112.0,71.0,0.0,2508.0,-26.0,1000.0,-9792.0,35.0,-842,-2747,-3570,-2069,-366,1.0,35.0,0.0,0.0,101.0,2390.0,0.0,1826.0,623.0,59.0,407.0,292.0,301.0,-42.0,0.0,2026,9,14,0,0,Monday,Automne,Jour_de_semaine,3692.0,10.4
France,Données temps réel,2026-09-14,2,2026-09-14 02:15:00,35279.0,35600,35450,37.0,0.0,2579.0,38216.0,1144.0,1097.0,47.0,0.0,2513.0,-293.0,1007.0,-9894.0,36.0,-842,-2631,-3592,-2068,-552,2.0,35.0,0.0,0.0,101.0,2480.0,0.0,1793.0,661.0,60.0,412.0,294.0,301.0,-43.0,13.0,2026,9,14,15,0,Monday,Automne,Jour_de_semaine,3657.0,10.4
France,Données temps réel,2026-09-14,2,2026-09-14 02:30:00,34350.0,34900,34700,37.0,0.0,2569.0,38214.0,1075.0,1029.0,46.0,0.0,2486.0,-538.0,1005.0,-10374.0,36.0,-842,-2632,-3841,-2065,-789,2.0,35.0,0.0,0.0,101.0,2469.0,0.0,1789.0,638.0,58.0,410.0,294.0,301.0,-124.0,3.0,2026,9,14,30,0,Monday,Automne,Jour_de_semaine,3561.0,10.4
France,Données temps réel,2026-09-14,2,2026-09-14 02:45:00,33792.0,34350,34150,37.0,0.0,2571.0,38221.0,1085.0,1025.0,60.0,0.0,2489.0,-864.0,1009.0,-10668.0,36.0,-842,-2644,-3881,-2065,-1212,2.0,35.0,0.0,0.0,101.0,2471.0,0.0,1781.0,650.0,58.0,417.0,291.0,301.0,-91.0,3.0,2026,9,14,45,0,Monday,Automne,Jour_de_semaine,3574.0,10.6
France,Données temps réel,2026-09-14,3,2026-09-14 03:00:00,33171.0,33800,33600,37.0,0.0,2596.0,38234.0,1083.0,1029.0,54.0,0.0,2403.0,-857.0,1000.0,-11329.0,36.0,-991,-2589,-3408,-2182,-2044,2.0,35.0,0.0,0.0,101.0,2496.0,0.0,1776.0,568.0,59.0,407.0,291.0,301.0,-36.0,41.0,2026,9,14,0,0,Monday,Automne,Jour_de_semaine,3486.0,10.5
France,Données temps réel,2026-09-14,3,2026-09-14 03:15:00,32967.0,33500,33250,37.0,0.0,2642.0,38245.0,1076.0,1016.0,60.0,0.0,2416.0,-851.0,1003.0,-11482.0,36.0,-991,-2782,-3511,-2176,-2116,2.0,35.0,0.0,0.0,101.0,2543.0,0.0,1821.0,536.0,58.0,409.0,293.0,301.0,-207.0,89.0,2026,9,14,15,0,Monday,Automne,Jour_de_semaine,3492.0,10.6
France,Données temps réel,2026-09-14,3,2026-09-14 03:30:00,32570.0,33200,32900,36.0,0.0,2643.0,38226.0,1065.0,1004.0,61.0,0.0,2406.0,-852.0,1004.0,-11839.0,36.0,-991,-2791,-3321,-2178,-2465,1.0,35.0,0.0,0.0,101.0,2544.0,0.0,1816.0,531.0,59.0,407.0,295.0,301.0,-180.0,61.0,2026,9,14,30,0,Monday,Automne,Jour_de_semaine,3471.0,10.7
France,Données temps réel,2026-09-14,3,2026-09-14 03:45:00,32492.0,33000,32700,37.0,0.0,2658.0,38252.0,1070.0,1006.0,63.0,0.0,2308.0,-851.0,1002.0,-11882.0,37.0,-991,-2749,-3314,-2180,-2449,2.0,35.0,0.0,0.0,101.0,2559.0,0.0,1792.0,458.0,58.0,404.0,296.0,301.0,-111.0,11.0,2026,9,14,45,0,Monday,Automne,Jour_de_semaine,3378.0,10.4
France,Données temps réel,2026-09-14,4,2026-09-14 04:00:00,32345.0,32800,32500,36.0,0.0,2662.0,38238.0,1080.0,1005.0,74.0,0.0,2329.0,-680.0,1001.0,-12022.0,37.0,-808,-2867,-3696,-2146,-2648,1.0,35.0,0.0,0.0,101.0,2562.0,0.0,1785.0,485.0,59.0,403.0,296.0,301.0,-297.0,0.0,2026,9,14,0,0,Monday,Automne,Jour_de_semaine,3409.0,10.5
France,Données temps réel,2026-09-14,4,2026-09-14 04:15:00,32396.0,32850,32550,36.0,0.0,2676.0,38256.0,1051.0,972.0,79.0,0.0,2317.0,-353.0,998.0,-12381.0,37.0,-808,-2867,-3422,-2145,-2940,1.0,35.0,0.0,0.0,101.0,2577.0,0.0,1782.0,477.0,59.0,401.0,295.0,301.0,-207.0,5.0,2026,9,14,15,0,Monday,Automne,Jour_de_semaine,3368.0,10.4
France,Données temps réel,2026-09-14,4,2026-09-14 04:30:00,32441.0,32900,32600,37.0,0.0,2692.0,38243.0,1066.0,983.0,83.0,0.0,2328.0,-350.0,996.0,-12374.0,37.0,-808,-2620,-3029,-2145,-3460,2.0,35.0,0.0,0.0,101.0,2593.0,0.0,1775.0,494.0,59.0,401.0,293.0,301.0,-198.0,0.0,2026,9,14,30,0,Monday,Automne,Jour_de_semaine,3394.0,10.5
France,Données temps réel,2026-09-14,4,2026-09-14 04:45:00,32618.0,33250,32950,37.0,0.0,2810.0,38262.0,1046.0,980.0,66.0,0.0,2330.0,-189.0,998.0,-12475.0,38.0,-808,-2424,-2574,-2146,-4169,2.0,35.0,0.0,0.0,109.0,2703.0,0.0,1784.0,486.0,60.0,403.0,293.0,301.0,-204.0,4.0,2026,9,14,45,0,Monday,Automne,Jour_de_semaine,3376.0,10.4
France,Données temps réel,2026-09-14,5,2026-09-14 05:00:00,32956.0,33600,33300,36.0,0.0,2829.0,38273.0,1056.0,1001.0,55.0,0.0,2451.0,-191.0,999.0,-12264.0,38.0,271,-2060,-3734,-2218,-3657,1.0,35.0,0.0,0.0,109.0,2721.0,0.0,1791.0,548.0,112.0,406.0,292.0,301.0,-236.0,4.0,2026,9,14,0,0,Monday,Automne,Jour_de_semaine,3507.0,10.6
France,Données temps réel,2026-09-14,5,2026-09-14 05:15:00,34002.0,34250,33950,37.0,0.0,2850.0,38295.0,1049.0,1005.0,44.0,0.0,2594.0,-184.0,997.0,-11416.0,38.0,271,-1797,-3734,-2227,-3616,2.0,35.0,0.0,0.0,109.0,2742.0,0.0,1846.0,634.0,114.0,401.0,294.0,301.0,-222.0,3.0,2026,9,14,15,0,Monday,Automne,Jour_de_semaine,3643.0,10.7
France,Données temps réel,2026-09-14,5,2026-09-14 05:30:00,34461.0,34900,34600,37.0,0.0,3020.0,38271.0,1052.0,1014.0,38.0,0.0,2660.0,-21.0,995.0,-11445.0,39.0,271,-1370,-3734,-2227,-4020,2.0,35.0,0.0,0.0,109.0,2912.0,0.0,1852.0,695.0,113.0,402.0,292.0,301.0,-109.0,2.0,2026,9,14,30,0,Monday,Automne,Jour_de_semaine,3712.0,10.8
France,Données temps réel,2026-09-14,5,2026-09-14 05:45:00,35117.0,35850,35550,36.0,0.0,3276.0,38281.0,1066.0,1026.0,40.0,0.0,2803.0,-16.0,995.0,-11324.0,41.0,271,-563,-3734,-2227,-4487,1.0,35.0,0.0,0.0,101.0,3177.0,0.0,1869.0,818.0,116.0,401.0,292.0,301.0,-1.0,3.0,2026,9,14,45,0,Monday,Automne,Jour_de_semaine,3869.0,11.0
France,Données temps réel,2026-09-14,6,2026-09-14 06:00:00,36217.0,36800,36500,37.0,0.0,3297.0,38081.0,1060.0,1020.0,40.0,0.0,2909.0,-4.0,992.0,-10145.0,42.0,352,-191,-2809,-2220,-4096,2.0,35.0,0.0,0.0,101.0,3197.0,0.0,1892.0,795.0,223.0,399.0,293.0,301.0,-19.0,10.0,2026,9,14,0,0,Monday,Automne,Jour_de_semaine,3969.0,11.0
France,Données temps réel,2026-09-14,6,2026-09-14 06:15:00,37565.0,37850,37550,37.0,0.0,3301.0,38082.0,1048.0,1009.0,40.0,0.0,2987.0,0.0,997.0,-8914.0,42.0,352,288,-2811,-2217,-3848,2.0,35.0,0.0,0.0,100.0,3203.0,0.0,1860.0,895.0,233.0,400.0,296.0,301.0,-3.0,30.0,2026,9,14,15,0,Monday,Automne,Jour_de_semaine,4035.0,10.7
France,Données temps réel,2026-09-14,6,2026-09-14 06:30:00,38668.0,38900,38600,37.0,0.0,3335.0,38120.0,1053.0,1012.0,42.0,0.0,3299.0,0.0,994.0,-8161.0,41.0,352,786,-2807,-2219,-3807,2.0,35.0,0.0,0.0,101.0,3236.0,0.0,1809.0,883.0,606.0,398.0,294.0,301.0,-15.0,7.0,2026,9,14,30,0,Monday,Automne,Jour_de_semaine,4352.0,11.3
France,Données temps réel,2026-09-14,6,2026-09-14 06:45:00,39833.0,39800,39500,37.0,0.0,3375.0,38098.0,1061.0,1014.0,47.0,0.0,3996.0,0.0,997.0,-7734.0,41.0,352,903,-2685,-2219,-3827,2.0,35.0,0.0,0.0,101.0,3275.0,0.0,1801.0,946.0,1248.0,399.0,296.0,301.0,-5.0,11.0,2026,9,14,45,0,Monday,Automne,Jour_de_semaine,5057.0,12.7
France,Données temps réel,2026-09-14,7,2026-09-14 07:00:00,40945.0,40700,40400,37.0,0.0,3447.0,38103.0,1026.0,974.0,52.0,206.0,4697.0,-1.0,998.0,-7588.0,41.0,20,-133,-1801,-1616,-3342,2.0,35.0,0.0,0.0,101.0,3348.0,0.0,1824.0,973.0,1900.0,402.0,295.0,301.0,0.0,21.0,2026,9,14,0,0,Monday,Automne,Jour_de_semaine,5929.0,14.5
France,Données temps réel,2026-09-14,7,2026-09-14 07:15:00,41890.0,41450,41150,37.0,0.0,3490.0,37746.0,989.0,935.0,55.0,202.0,5128.0,-1.0,995.0,-7011.0,42.0,20,98,-1642,-1638,-3412,2.0,35.0,0.0,0.0,109.0,3382.0,0.0,1958.0,1199.0,1970.0,400.0,294.0,301.0,0.0,316.0,2026,9,14,15,0,Monday,Automne,Jour_de_semaine,6319.0,15.1
France,Données temps réel,2026-09-14,7,2026-09-14 07:30:00,42887.0,42200,41900,37.0,0.0,3528.0,37364.0,1002.0,952.0,49.0,256.0,5732.0,-1.0,987.0,-6420.0,42.0,20,-54,-1344,-1672,-3328,2.0,35.0,0.0,0.0,101.0,3429.0,0.0,2008.0,1310.0,2414.0,393.0,293.0,301.0,-12.0,415.0,2026,9,14,30,0,Monday,Automne,Jour_de_semaine,6990.0,16.3
France,Données temps réel,2026-09-14,7,2026-09-14 07:45:00,43271.0,42950,42650,37.0,0.0,3570.0,37210.0,1037.0,983.0,54.0,422.0,5810.0,-1.0,995.0,-6215.0,42.0,20,12,-1242,-1668,-3360,2.0,35.0,0.0,0.0,100.0,3471.0,0.0,2090.0,1366.0,2355.0,400.0,294.0,301.0,-3.0,409.0,2026,9,14,45,0,Monday,Automne,Jour_de_semaine,7269.0,16.8
France,Données temps réel,2026-09-14,8,2026-09-14 08:00:00,44130.0,43700,43400,37.0,0.0,3459.0,37199.0,1074.0,1028.0,46.0,798.0,5843.0,0.0,995.0,-5451.0,41.0,-285,124,-573,-1550,-3555,2.0,35.0,0.0,0.0,101.0,3360.0,0.0,2072.0,1308.0,2463.0,398.0,295.0,301.0,-4.0,181.0,2026,9,14,0,0,Monday,Automne,Jour_de_semaine,7715.0,17.5
France,Données temps réel,2026-09-14,8,2026-09-14 08:15:00,44699.0,44200,43900,36.0,0.0,3511.0,37199.0,1120.0,1065.0,55.0,1322.0,5609.0,-1.0,996.0,-5502.0,41.0,-285,339,-843,-1596,-3572,1.0,35.0,0.0,0.0,101.0,3412.0,0.0,2013.0,1137.0,2459.0,400.0,294.0,301.0,-4.0,412.0,2026,9,14,15,0,Monday,Automne,Jour_de_semaine,8051.0,18.0
France,Données temps réel,2026-09-14,8,2026-09-14 08:30:00,44920.0,44700,44400,36.0,0.0,3470.0,37151.0,1075.0,1033.0,42.0,2050.0,4978.0,0.0,997.0,-5220.0,40.0,-285,1200,-1726,-1601,-3565,1.0,35.0,0.0,0.0,101.0,3371.0,0.0,2005.0,1128.0,1845.0,401.0,294.0,301.0,-5.0,388.0,2026,9,14,30,0,Monday,Automne,Jour_de_semaine,8103.0,18.0
France,Données temps réel,2026-09-14,8,2026-09-14 08:45:00,45430.0,45150,44850,37.0,0.0,3359.0,37168.0,1042.0,1004.0,38.0,3166.0,4876.0,-1.0,1000.0,-5354.0,39.0,-285,2134,-2045,-1595,-3682,2.0,35.0,0.0,0.0,101.0,3260.0,0.0,2055.0,1084.0,1737.0,404.0,295.0,301.0,-9.0,147.0,2026,9,14,45,0,Monday,Automne,Jour_de_semaine,9084.0,20.0
France,Données temps réel,2026-09-14,9,2026-09-14 09:00:00,45594.0,45600,45300,37.0,0.0,3369.0,37250.0,972.0,933.0,39.0,4235.0,4707.0,0.0,1008.0,-6011.0,38.0,-2730,2400,-1109,-1944,-3453,2.0,35.0,0.0,0.0,101.0,3269.0,0.0,2111.0,1033.0,1563.0,410.0,296.0,301.0,-42.0,71.0,2026,9,14,0,0,Monday,Automne,Jour_de_semaine,9914.0,21.7
France,Données temps réel,2026-09-14,9,2026-09-14 09:15:00,45955.0,45850,45550,37.0,0.0,3482.0,37419.0,904.0,864.0,41.0,5675.0,4403.0,-1.0,1002.0,-7176.0,38.0,-2730,2400,-1302,-1982,-3466,2.0,35.0,0.0,0.0,101.0,3382.0,0.0,1954.0,996.0,1453.0,405.0,296.0,301.0,-6.0,217.0,2026,9,14,15,0,Monday,Automne,Jour_de_semaine,10982.0,23.9
France,Données temps réel,2026-09-14,9,2026-09-14 09:30:00,46296.0,46100,45800,36.0,0.0,3480.0,37498.0,840.0,814.0,26.0,7085.0,3798.0,-1.0,1002.0,-7346.0,38.0,-2730,2061,-1475,-1983,-3350,1.0,35.0,0.0,0.0,100.0,3381.0,0.0,1983.0,733.0,1082.0,406.0,295.0,301.0,-95.0,1.0,2026,9,14,30,0,Monday,Automne,Jour_de_semaine,11723.0,25.3
France,Données temps réel,2026-09-14,9,2026-09-14 09:45:00,46405.0,46450,46150,36.0,0.0,3122.0,37473.0,807.0,780.0,26.0,8417.0,3070.0,-1.0,979.0,-7477.0,34.0,-2730,2330,-1864,-1980,-3424,1.0,35.0,0.0,0.0,101.0,3023.0,0.0,1918.0,443.0,709.0,399.0,279.0,301.0,-21.0,0.0,2026,9,14,45,0,Monday,Automne,Jour_de_semaine,12294.0,26.5
France,Données temps réel,2026-09-14,10,2026-09-14 10:00:00,46656.0,46800,46500,37.0,0.0,2691.0,37612.0,772.0,753.0,19.0,9813.0,2919.0,-2.0,970.0,-8140.0,30.0,-3028,2400,-1541,-2227,-3708,2.0,35.0,0.0,0.0,101.0,2592.0,0.0,1916.0,392.0,610.0,392.0,277.0,301.0,-17.0,1.0,2026,9,14,0,0,Monday,Automne,Jour_de_semaine,13504.0,28.9
France,Données temps réel,2026-09-14,10,2026-09-14 10:15:00,47050.0,47000,46700,37.0,0.0,2669.0,37640.0,774.0,763.0,10.0,11407.0,2570.0,-1.0,965.0,-8998.0,29.0,-3028,2400,-1821,-2227,-3594,2.0,35.0,0.0,0.0,101.0,2569.0,0.0,1756.0,291.0,523.0,386.0,277.0,301.0,-11.0,0.0,2026,9,14,15,0,Monday,Automne,Jour_de_semaine,14751.0,31.4
France,Données temps réel,2026-09-14,10,2026-09-14 10:30:00,47687.0,47200,46900,37.0,0.0,2082.0,37800.0,776.0,762.0,14.0,12693.0,2325.0,-1.0,964.0,-8692.0,25.0,-3028,2400,-1711,-2217,-3587,2.0,35.0,0.0,0.0,100.0,1983.0,0.0,1758.0,267.0,301.0,384.0,278.0,301.0,-296.0,0.0,2026,9,14,30,0,Monday,Automne,Jour_de_semaine,15794.0,33.1
France,Données temps réel,2026-09-14,10,2026-09-14 10:45:00,47789.0,47650,47350,37.0,0.0,1466.0,38066.0,740.0,722.0,18.0,13871.0,2332.0,-413.0,965.0,-8900.0,20.0,-3028,2332,-1864,-2227,-3551,2.0,35.0,0.0,0.0,101.0,1367.0,0.0,1740.0,278.0,314.0,384.0,280.0,301.0,-378.0,2.0,2026,9,14,45,0,Monday,Automne,Jour_de_semaine,16943.0,35.5
France,Données temps réel,2026-09-14,11,2026-09-14 11:00:00,47855.0,48100,47800,37.0,0.0,1246.0,37980.0,764.0,741.0,23.0,14832.0,2388.0,-433.0,962.0,-9497.0,18.0,-3028,1500,-1864,-2227,-2849,2.0,35.0,0.0,0.0,101.0,1147.0,0.0,1780.0,319.0,288.0,383.0,278.0,301.0,-426.0,2.0,2026,9,14,0,0,Monday,Automne,Jour_de_semaine,17984.0,37.6
France,Données temps réel,2026-09-14,11,2026-09-14 11:15:00,48130.0,48250,48300,37.0,0.0,686.0,37995.0,758.0,728.0,30.0,15889.0,2175.0,-445.0,969.0,-9545.0,14.0,-3028,1476,-1864,-2227,-2934,2.0,35.0,0.0,0.0,101.0,587.0,0.0,1738.0,269.0,168.0,389.0,279.0,301.0,-389.0,0.0,2026,9,14,15,0,Monday,Automne,Jour_de_semaine,18822.0,39.1
France,Données temps réel,2026-09-14,11,2026-09-14 11:30:00,48168.0,48400,48800,37.0,0.0,431.0,37826.0,762.0,735.0,27.0,16651.0,2150.0,-445.0,971.0,-9818.0,12.0,-3028,1500,-1864,-2227,-2982,2.0,35.0,0.0,0.0,101.0,332.0,0.0,1716.0,265.0,168.0,390.0,279.0,301.0,-396.0,0.0,2026,9,14,30,0,Monday,Automne,Jour_de_semaine,19563.0,40.6
France,Données temps réel,2026-09-14,11,2026-09-14 11:45:00,48569.0,48900,49300,42.0,0.0,231.0,37337.0,721.0,695.0,26.0,17488.0,2130.0,-414.0,971.0,-9534.0,10.0,-3028,1296,-1864,-2227,-2935,7.0,35.0,0.0,0.0,100.0,132.0,0.0,1691.0,269.0,170.0,392.0,278.0,301.0,-403.0,0.0,2026,9,14,45,0,Monday,Automne,Jour_de_semaine,20339.0,41.9
France,Données temps réel,2026-09-14,12,2026-09-14 12:00:00,48759.0,49400,49800,36.0,0.0,209.0,37102.0,700.0,669.0,30.0,18010.0,2097.0,-740.0,976.0,-9548.0,10.0,-3012,1500,-2473,-2227,-3020,1.0,35.0,0.0,0.0,101.0,109.0,0.0,1665.0,263.0,169.0,396.0,278.0,301.0,-104.0,23.0,2026,9,14,0,0,Monday,Automne,Jour_de_semaine,20807.0,42.7
France,Données temps réel,2026-09-14,12,2026-09-14 12:15:00,48450.0,49450,49850,36.0,0.0,210.0,36962.0,714.0,680.0,34.0,18624.0,1972.0,-741.0,974.0,-10279.0,10.0,-3012,1500,-2473,-2227,-2957,1.0,35.0,0.0,0.0,100.0,111.0,0.0,1697.0,265.0,10.0,393.0,279.0,301.0,-57.0,37.0,2026,9,14,15,0,Monday,Automne,Jour_de_semaine,21310.0,44.0
France,Données temps réel,2026-09-14,12,2026-09-14 12:30:00,48680.0,49500,49900,36.0,0.0,211.0,36404.0,713.0,674.0,39.0,19032.0,1994.0,-739.0,974.0,-9955.0,10.0,-3012,1500,-2473,-2227,-2672,1.0,35.0,0.0,0.0,101.0,111.0,0.0,1723.0,262.0,9.0,393.0,279.0,301.0,-8.0,19.0,2026,9,14,30,0,Monday,Automne,Jour_de_semaine,21739.0,44.7
France,Données temps réel,2026-09-14,12,2026-09-14 12:45:00,49006.0,49850,49650,36.0,0.0,210.0,36293.0,715.0,682.0,33.0,19297.0,1968.0,-740.0,975.0,-9707.0,10.0,-3012,1453,-2473,-2227,-2719,1.0,35.0,0.0,0.0,101.0,111.0,0.0,1724.0,234.0,10.0,393.0,280.0,301.0,-87.0,47.0,2026,9,14,45,0,Monday,Automne,Jour_de_semaine,21980.0,44.9
France,Données temps réel,2026-09-14,13,2026-09-14 13:00:00,48547.0,50200,49400,36.0,0.0,211.0,36231.0,712.0,685.0,27.0,19563.0,1950.0,-791.0,982.0,-10197.0,10.0,-3027,1321,-2473,-2227,-3113,1.0,35.0,0.0,0.0,101.0,112.0,0.0,1705.0,235.0,10.0,393.0,287.0,301.0,-150.0,1.0,2026,9,14,0,0,Monday,Automne,Jour_de_semaine,22225.0,45.8
France,Données temps réel,2026-09-14,13,2026-09-14 13:15:00,48340.0,49800,48950,36.0,0.0,211.0,36295.0,713.0,686.0,28.0,19701.0,1903.0,-1042.0,989.0,-10455.0,10.0,-3027,1171,-2473,-2227,-3250,1.0,35.0,0.0,0.0,101.0,112.0,0.0,1721.0,172.0,9.0,396.0,291.0,301.0,-83.0,72.0,2026,9,14,15,0,Monday,Automne,Jour_de_semaine,22317.0,46.2
France,Données temps réel,2026-09-14,13,2026-09-14 13:30:00,48191.0,49400,48500,36.0,0.0,211.0,36246.0,717.0,689.0,29.0,19837.0,1889.0,-790.0,984.0,-10679.0,10.0,-3027,966,-2473,-2227,-3368,1.0,35.0,0.0,0.0,101.0,112.0,0.0,1736.0,144.0,9.0,389.0,293.0,301.0,-263.0,4.0,2026,9,14,30,0,Monday,Automne,Jour_de_semaine,22443.0,46.6
France,Données temps réel,2026-09-14,13,2026-09-14 13:45:00,48134.0,49050,48100,36.0,0.0,211.0,36207.0,736.0,711.0,25.0,19785.0,1819.0,-794.0,988.0,-10698.0,10.0,-3027,1019,-2473,-2227,-3311,1.0,35.0,0.0,0.0,101.0,112.0,0.0,1713.0,97.0,9.0,394.0,292.0,301.0,-163.0,10.0,2026,9,14,45,0,Monday,Automne,Jour_de_semaine,22340.0,46.4
France,Données temps réel,2026-09-14,14,2026-09-14 14:00:00,48633.0,48700,47700,36.0,0.0,210.0,36082.0,723.0,706.0,17.0,19790.0,1826.0,-794.0,985.0,-10144.0,10.0,-3027,1500,-2473,-2227,-2740,1.0,35.0,0.0,0.0,101.0,110.0,0.0,1712.0,97.0,17.0,392.0,292.0,301.0,-142.0,63.0,2026,9,14,0,0,Monday,Automne,Jour_de_semaine,22339.0,45.9
France,Données temps réel,2026-09-14,14,2026-09-14 14:15:00,49001.0,49300,48500,36.0,0.0,177.0,36164.0,709.0,703.0,7.0,19611.0,2022.0,-793.0,989.0,-9848.0,10.0,-3027,1498,-2473,-2227,-2758,1.0,35.0,0.0,0.0,101.0,77.0,0.0,1740.0,105.0,177.0,395.0,292.0,301.0,-69.0,4.0,2026,9,14,15,0,Monday,Automne,Jour_de_semaine,22342.0,45.6
France,Données temps réel,2026-09-14,14,2026-09-14 14:30:00,48811.0,49900,49300,35.0,0.0,197.0,36193.0,719.0,712.0,7.0,19246.0,1923.0,-556.0,984.0,-9915.0,10.0,-3027,1447,-2473,-2227,-3156,0.0,35.0,0.0,0.0,101.0,98.0,0.0,1779.0,135.0,9.0,391.0,292.0,301.0,-33.0,19.0,2026,9,14,30,0,Monday,Automne,Jour_de_semaine,21888.0,44.8
France,Données temps réel,2026-09-14,14,2026-09-14 14:45:00,48576.0,49700,49100,35.0,0.0,209.0,36286.0,719.0,720.0,0.0,19171.0,1899.0,-489.0,990.0,-10179.0,10.0,-3027,1272,-2473,-2227,-3054,0.0,35.0,0.0,0.0,100.0,109.0,0.0,1750.0,140.0,9.0,398.0,291.0,301.0,-90.0,26.0,2026,9,14,45,0,Monday,Automne,Jour_de_semaine,21789.0,44.9
France,Données temps réel,2026-09-14,15,2026-09-14 15:00:00,48889.0,49500,48900,35.0,0.0,203.0,36274.0,728.0,727.0,1.0,19013.0,1898.0,-490.0,988.0,-9596.0,10.0,-3028,1076,-2349,-2227,-2773,0.0,35.0,0.0,0.0,100.0,104.0,0.0,1724.0,140.0,35.0,394.0,292.0,301.0,-173.0,10.0,2026,9,14,0,0,Monday,Automne,Jour_de_semaine,21639.0,44.3
France,Données temps réel,2026-09-14,15,2026-09-14 15:15:00,48901.0,49100,48500,35.0,0.0,209.0,36239.0,742.0,747.0,0.0,18780.0,1862.0,-491.0,987.0,-9339.0,10.0,-3028,1133,-2349,-2227,-3004,0.0,35.0,0.0,0.0,100.0,110.0,0.0,1721.0,131.0,9.0,394.0,292.0,301.0,-160.0,38.0,2026,9,14,15,0,Monday,Automne,Jour_de_semaine,21384.0,43.7
France,Données temps réel,2026-09-14,15,2026-09-14 15:30:00,48489.0,48700,48100,35.0,0.0,208.0,36140.0,731.0,740.0,0.0,18449.0,1863.0,-235.0,985.0,-9694.0,10.0,-3028,1014,-2349,-2227,-2530,0.0,35.0,0.0,0.0,101.0,109.0,0.0,1723.0,130.0,10.0,391.0,292.0,301.0,-7.0,14.0,2026,9,14,30,0,Monday,Automne,Jour_de_semaine,21043.0,43.4
France,Données temps réel,2026-09-14,15,2026-09-14 15:45:00,48174.0,48500,47900,35.0,0.0,201.0,36169.0,730.0,737.0,0.0,17938.0,1891.0,-237.0,989.0,-9550.0,10.0,-3028,1047,-2349,-2227,-2378,0.0,35.0,0.0,0.0,101.0,101.0,0.0,1733.0,148.0,10.0,396.0,292.0,301.0,-8.0,17.0,2026,9,14,45,0,Monday,Automne,Jour_de_semaine,20559.0,42.7
France,Données temps réel,2026-09-14,16,2026-09-14 16:00:00,48087.0,48300,47700,35.0,0.0,256.0,36084.0,721.0,732.0,0.0,17465.0,2296.0,-238.0,991.0,-9475.0,11.0,-3028,998,-2349,-2227,-2889,0.0,35.0,0.0,0.0,101.0,157.0,0.0,1727.0,275.0,294.0,397.0,293.0,301.0,-60.0,13.0,2026,9,14,0,0,Monday,Automne,Jour_de_semaine,20482.0,42.6
France,Données temps réel,2026-09-14,16,2026-09-14 16:15:00,47811.0,48050,47450,35.0,0.0,239.0,36593.0,752.0,767.0,0.0,16747.0,2182.0,-235.0,990.0,-9465.0,11.0,-3028,1137,-2349,-2227,-2889,0.0,35.0,0.0,0.0,101.0,140.0,0.0,1748.0,345.0,89.0,396.0,293.0,301.0,-40.0,13.0,2026,9,14,15,0,Monday,Automne,Jour_de_semaine,19681.0,41.2
France,Données temps réel,2026-09-14,16,2026-09-14 16:30:00,47570.0,47800,47200,35.0,0.0,281.0,37001.0,738.0,751.0,0.0,16004.0,2316.0,-7.0,995.0,-9786.0,11.0,-3028,1153,-2349,-2227,-2771,0.0,35.0,0.0,0.0,101.0,182.0,0.0,1762.0,384.0,170.0,400.0,294.0,301.0,-10.0,3.0,2026,9,14,30,0,Monday,Automne,Jour_de_semaine,19058.0,40.1
France,Données temps réel,2026-09-14,16,2026-09-14 16:45:00,47377.0,47600,47000,35.0,0.0,379.0,37470.0,716.0,732.0,0.0,15149.0,2602.0,0.0,991.0,-9968.0,12.0,-3028,1188,-2349,-2227,-2616,0.0,35.0,0.0,0.0,107.0,273.0,0.0,1793.0,468.0,342.0,395.0,294.0,301.0,-10.0,14.0,2026,9,14,45,0,Monday,Automne,Jour_de_semaine,18467.0,39.0
France,Données temps réel,2026-09-14,17,2026-09-14 17:00:00,47497.0,47400,46800,35.0,0.0,744.0,37589.0,722.0,739.0,0.0,14110.0,2470.0,0.0,994.0,-9193.0,15.0,-2927,1513,-2349,-2157,-3118,0.0,35.0,0.0,0.0,124.0,621.0,0.0,1789.0,450.0,231.0,399.0,294.0,301.0,-6.0,32.0,2026,9,14,0,0,Monday,Automne,Jour_de_semaine,17302.0,36.4
France,Données temps réel,2026-09-14,17,2026-09-14 17:15:00,47042.0,47450,47000,35.0,0.0,1639.0,37152.0,737.0,748.0,0.0,12985.0,2842.0,0.0,992.0,-9364.0,22.0,-2927,1819,-2289,-2208,-2938,0.0,35.0,0.0,0.0,174.0,1467.0,0.0,1861.0,633.0,348.0,397.0,294.0,301.0,-1.0,27.0,2026,9,14,15,0,Monday,Automne,Jour_de_semaine,16564.0,35.2
France,Données temps réel,2026-09-14,17,2026-09-14 17:30:00,47400.0,47500,47200,35.0,0.0,2409.0,37212.0,766.0,770.0,0.0,11662.0,2769.0,0.0,991.0,-8435.0,28.0,-2927,1849,-2251,-2208,-2680,0.0,35.0,0.0,0.0,168.0,2243.0,0.0,1916.0,560.0,293.0,397.0,293.0,301.0,-15.0,7.0,2026,9,14,30,0,Monday,Automne,Jour_de_semaine,15197.0,32.1
France,Données temps réel,2026-09-14,17,2026-09-14 17:45:00,47894.0,47950,47650,35.0,0.0,2887.0,37338.0,764.0,760.0,4.0,10580.0,3134.0,0.0,995.0,-7848.0,32.0,-2927,1820,-1882,-2208,-2521,0.0,35.0,0.0,0.0,167.0,2721.0,0.0,1937.0,859.0,339.0,400.0,294.0,301.0,-3.0,13.0,2026,9,14,45,0,Monday,Automne,Jour_de_semaine,14478.0,30.2
France,Données temps réel,2026-09-14,18,2026-09-14 18:00:00,48061.0,48400,48100,35.0,0.0,3015.0,37454.0,762.0,758.0,4.0,9125.0,4335.0,0.0,1002.0,-7702.0,33.0,-1207,1810,-1976,-1165,-3607,0.0,35.0,0.0,0.0,168.0,2849.0,0.0,1911.0,1238.0,1186.0,407.0,294.0,301.0,-2.0,37.0,2026,9,14,0,0,Monday,Automne,Jour_de_semaine,14222.0,29.6
France,Données temps réel,2026-09-14,18,2026-09-14 18:15:00,48732.0,48750,48450,35.0,0.0,2947.0,37437.0,738.0,735.0,3.0,7708.0,4871.0,0.0,1001.0,-6008.0,33.0,-1207,1850,-1215,-1146,-3514,0.0,35.0,0.0,0.0,167.0,2782.0,0.0,2028.0,1330.0,1512.0,407.0,292.0,301.0,-7.0,10.0,2026,9,14,15,0,Monday,Automne,Jour_de_semaine,13317.0,27.3
France,Données temps réel,2026-09-14,18,2026-09-14 18:30:00,49325.0,49100,48800,35.0,0.0,3060.0,37650.0,771.0,769.0,2.0,6236.0,5005.0,0.0,1002.0,-4444.0,34.0,-1207,1850,-656,-1176,-3034,0.0,35.0,0.0,0.0,167.0,2894.0,0.0,2104.0,1741.0,1161.0,406.0,294.0,301.0,-8.0,19.0,2026,9,14,30,0,Monday,Automne,Jour_de_semaine,12012.0,24.4
France,Données temps réel,2026-09-14,18,2026-09-14 18:45:00,50201.0,49850,49550,35.0,0.0,3158.0,37800.0,776.0,777.0,0.0,4939.0,5994.0,0.0,1004.0,-3908.0,35.0,-1207,1807,0,-1186,-2709,0.0,35.0,0.0,0.0,167.0,2992.0,0.0,2197.0,2342.0,1455.0,408.0,294.0,301.0,-6.0,409.0,2026,9,14,45,0,Monday,Automne,Jour_de_semaine,11709.0,23.3
France,Données temps réel,2026-09-14,19,2026-09-14 19:00:00,50272.0,50600,50300,35.0,0.0,3231.0,37892.0,765.0,767.0,0.0,3470.0,6099.0,0.0,1005.0,-2646.0,36.0,537,1835,-1056,900,-3651,0.0,35.0,0.0,0.0,168.0,3064.0,0.0,2275.0,2395.0,1429.0,410.0,293.0,301.0,-6.0,429.0,2026,9,14,0,0,Monday,Automne,Jour_de_semaine,10334.0,20.6
France,Données temps réel,2026-09-14,19,2026-09-14 19:15:00,50661.0,50300,50000,35.0,0.0,3313.0,38169.0,756.0,759.0,0.0,2352.0,6204.0,0.0,1004.0,-1199.0,38.0,537,1600,-771,900,-3510,0.0,35.0,0.0,0.0,168.0,3146.0,0.0,2331.0,2293.0,1580.0,410.0,292.0,301.0,-1.0,28.0,2026,9,14,15,0,Monday,Automne,Jour_de_semaine,9312.0,18.4
France,Données temps réel,2026-09-14,19,2026-09-14 19:30:00,49967.0,50000,49700,35.0,0.0,3337.0,38353.0,795.0,797.0,0.0,1392.0,6505.0,-1.0,1004.0,-1887.0,38.0,537,1550,-371,900,-3559,0.0,35.0,0.0,0.0,168.0,3171.0,0.0,2314.0,2527.0,1665.0,411.0,292.0,301.0,-3.0,436.0,2026,9,14,30,0,Monday,Automne,Jour_de_semaine,8692.0,17.4
France,Données temps réel,2026-09-14,19,2026-09-14 19:45:00,49604.0,49600,49300,35.0,0.0,3146.0,38520.0,754.0,761.0,0.0,872.0,6501.0,0.0,1004.0,-1429.0,37.0,537,1246,-256,900,-3360,0.0,35.0,0.0,0.0,168.0,2980.0,0.0,2364.0,2481.0,1655.0,411.0,292.0,301.0,-2.0,204.0,2026,9,14,45,0,Monday,Automne,Jour_de_semaine,8127.0,16.4
France,Données temps réel,2026-09-14,20,2026-09-14 20:00:00,49225.0,49200,48900,35.0,0.0,2849.0,38638.0,782.0,793.0,0.0,495.0,6533.0,-1.0,1004.0,-1232.0,35.0,495,340,0,766,-2923,0.0,35.0,0.0,0.0,168.0,2683.0,0.0,2381.0,2492.0,1660.0,412.0,291.0,301.0,-9.0,131.0,2026,9,14,0,0,Monday,Automne,Jour_de_semaine,7810.0,15.9
France,Données temps réel,2026-09-14,20,2026-09-14 20:15:00,48953.0,48700,48400,35.0,0.0,2876.0,38694.0,788.0,800.0,0.0,285.0,6237.0,0.0,1006.0,-1353.0,35.0,495,-488,0,802,-2283,0.0,35.0,0.0,0.0,168.0,2709.0,0.0,2333.0,2310.0,1594.0,411.0,294.0,301.0,-13.0,400.0,2026,9,14,15,0,Monday,Automne,Jour_de_semaine,7310.0,14.9
France,Données temps réel,2026-09-14,20,2026-09-14 20:30:00,48470.0,48200,47900,35.0,0.0,2877.0,38709.0,789.0,801.0,0.0,230.0,6459.0,0.0,1008.0,-2036.0,35.0,495,-1824,-1,798,-1766,0.0,35.0,0.0,0.0,169.0,2710.0,0.0,2319.0,2488.0,1652.0,412.0,294.0,301.0,-3.0,403.0,2026,9,14,30,0,Monday,Automne,Jour_de_semaine,7478.0,15.4
France,Données temps réel,2026-09-14,20,2026-09-14 20:45:00,47801.0,47750,47450,35.0,0.0,3074.0,38725.0,810.0,820.0,0.0,221.0,6223.0,0.0,1007.0,-2689.0,37.0,495,-2262,-53,807,-1823,0.0,35.0,0.0,0.0,169.0,2906.0,0.0,2305.0,2317.0,1600.0,411.0,295.0,301.0,-5.0,402.0,2026,9,14,45,0,Monday,Automne,Jour_de_semaine,7254.0,15.2
France,Données temps réel,2026-09-14,21,2026-09-14 21:00:00,47051.0,47300,47000,35.0,0.0,3099.0,38750.0,850.0,857.0,0.0,212.0,5530.0,0.0,1014.0,-2799.0,38.0,596,-2138,275,17,-1722,0.0,35.0,0.0,0.0,169.0,2931.0,0.0,2326.0,2147.0,1057.0,417.0,296.0,301.0,-6.0,368.0,2026,9,14,0,0,Monday,Automne,Jour_de_semaine,6592.0,14.0
France,Données temps réel,2026-09-14,21,2026-09-14 21:15:00,46184.0,46550,46250,35.0,0.0,3081.0,38752.0,856.0,865.0,0.0,0.0,5535.0,-1.0,1010.0,-3391.0,37.0,596,-2809,218,112,-1397,0.0,35.0,0.0,0.0,168.0,2914.0,0.0,2269.0,2157.0,1110.0,414.0,296.0,301.0,-8.0,315.0,2026,9,14,15,0,Monday,Automne,Jour_de_semaine,6391.0,13.8
France,Données temps réel,2026-09-14,21,2026-09-14 21:30:00,45354.0,45800,45500,35.0,0.0,2932.0,38759.0,885.0,899.0,0.0,0.0,5521.0,0.0,1009.0,-3895.0,36.0,596,-2352,-62,152,-1114,0.0,35.0,0.0,0.0,168.0,2765.0,0.0,2176.0,2180.0,1165.0,412.0,296.0,301.0,-13.0,122.0,2026,9,14,30,0,Monday,Automne,Jour_de_semaine,6406.0,14.1
France,Données temps réel,2026-09-14,21,2026-09-14 21:45:00,44351.0,45000,44700,35.0,0.0,2580.0,38491.0,897.0,914.0,0.0,0.0,5032.0,0.0,1010.0,-3652.0,34.0,596,-1993,-483,140,-1516,0.0,35.0,0.0,0.0,168.0,2413.0,0.0,2123.0,1869.0,1040.0,413.0,296.0,301.0,-41.0,1.0,2026,9,14,45,0,Monday,Automne,Jour_de_semaine,5929.0,13.4
France,Données temps réel,2026-09-14,22,2026-09-14 22:00:00,43909.0,44200,43900,35.0,0.0,2518.0,38154.0,885.0,902.0,0.0,0.0,5182.0,0.0,1006.0,-3690.0,33.0,1003,-1487,-1090,193,-1135,0.0,35.0,0.0,0.0,169.0,2351.0,0.0,2083.0,1800.0,1299.0,409.0,295.0,301.0,-180.0,0.0,2026,9,14,0,0,Monday,Automne,Jour_de_semaine,6067.0,13.8
France,Données temps réel,2026-09-14,22,2026-09-14 22:15:00,44201.0,44550,44250,34.0,0.0,2535.0,38235.0,882.0,897.0,0.0,0.0,5042.0,0.0,1010.0,-3454.0,34.0,1003,-1790,-914,208,-1627,0.0,35.0,0.0,0.0,168.0,2368.0,0.0,1943.0,1828.0,1271.0,413.0,296.0,301.0,-81.0,0.0,2026,9,14,15,0,Monday,Automne,Jour_de_semaine,5924.0,13.4
France,Données temps réel,2026-09-14,22,2026-09-14 22:30:00,44021.0,44900,44600,35.0,0.0,2536.0,38253.0,892.0,906.0,0.0,0.0,5272.0,-1.0,1011.0,-3884.0,34.0,1003,-1750,-674,566,-493,0.0,35.0,0.0,0.0,169.0,2369.0,0.0,1933.0,1788.0,1551.0,414.0,296.0,301.0,-92.0,1.0,2026,9,14,30,0,Monday,Automne,Jour_de_semaine,6164.0,14.0
France,Données temps réel,2026-09-14,22,2026-09-14 22:45:00,45060.0,45500,45200,35.0,0.0,2542.0,38263.0,904.0,919.0,0.0,0.0,5226.0,-19.0,1009.0,-2841.0,34.0,1003,-2497,-495,199,860,0.0,35.0,0.0,0.0,168.0,2375.0,0.0,1902.0,1770.0,1554.0,412.0,295.0,301.0,-60.0,0.0,2026,9,14,45,0,Monday,Automne,Jour_de_semaine,6130.0,13.6
France,Données temps réel,2026-09-14,23,2026-09-14 23:00:00,44214.0,46100,45800,35.0,0.0,2522.0,37646.0,885.0,899.0,0.0,0.0,4748.0,-34.0,1011.0,-2366.0,34.0,1066,-915,-807,659,58,0.0,35.0,0.0,0.0,171.0,2352.0,0.0,1876.0,1512.0,1360.0,414.0,296.0,301.0,-233.0,1.0,2026,9,14,0,0,Monday,Automne,Jour_de_semaine,5633.0,12.7
France,Données temps réel,2026-09-14,23,2026-09-14 23:15:00,43797.0,45400,45050,35.0,0.0,2506.0,36979.0,882.0,896.0,0.0,0.0,4279.0,-33.0,1009.0,-1540.0,35.0,1066,-2561,-718,639,994,0.0,35.0,0.0,0.0,170.0,2337.0,0.0,1877.0,1540.0,862.0,413.0,294.0,301.0,-320.0,0.0,2026,9,14,15,0,Monday,Automne,Jour_de_semaine,5161.0,11.8
France,Données temps réel,2026-09-14,23,2026-09-14 23:30:00,43243.0,44700,44300,35.0,0.0,2513.0,36723.0,869.0,885.0,0.0,0.0,4008.0,-31.0,1011.0,-1695.0,35.0,1066,-2484,-620,681,1001,0.0,35.0,0.0,0.0,171.0,2343.0,0.0,1876.0,1400.0,731.0,415.0,294.0,301.0,-188.0,0.0,2026,9,14,30,0,Monday,Automne,Jour_de_semaine,4877.0,11.3
France,Données temps réel,2026-09-14,23,2026-09-14 23:45:00,43000.0,43750,43500,36.0,0.0,2503.0,36748.0,864.0,880.0,0.0,0.0,3777.0,-37.0,1010.0,-1731.0,35.0,1066,-2751,-1175,853,1115,1.0,35.0,0.0,0.0,171.0,2334.0,0.0,1851.0,1240.0,685.0,415.0,294.0,301.0,-171.0,2.0,2026,9,14,45,0,Monday,Automne,Jour_de_semaine,4641.0,10.8
France,Données temps réel,2026-09-15,0,2026-09-15 00:00:00,42193.0,42800,42700,36.0,0.0,2500.0,36391.0,851.0,867.0,0.0,0.0,3909.0,0.0,1010.0,-2336.0,36.0,1514,-2482,-1062,-626,234,1.0,35.0,0.0,0.0,170.0,2332.0,0.0,1885.0,1265.0,760.0,414.0,295.0,301.0,-168.0,1.0,2026,9,15,0,1,Tuesday,Automne,Jour_de_semaine,4760.0,11.3
France,Données temps réel,2026-09-15,0,2026-09-15 00:15:00,42130.0,42100,42050,36.0,0.0,2510.0,36103.0,837.0,852.0,0.0,0.0,4132.0,-1.0,1005.0,-2436.0,36.0,1514,-2660,-1102,-499,-318,1.0,35.0,0.0,0.0,171.0,2340.0,0.0,1860.0,1403.0,869.0,409.0,295.0,301.0,-55.0,1.0,2026,9,15,15,1,Tuesday,Automne,Jour_de_semaine,4969.0,11.8
France,Données temps réel,2026-09-15,0,2026-09-15 00:30:00,40529.0,41400,41400,35.0,0.0,2513.0,36036.0,815.0,834.0,0.0,0.0,4219.0,0.0,1008.0,-3909.0,36.0,1514,-2835,-1617,-495,-756,0.0,35.0,0.0,0.0,171.0,2343.0,0.0,1863.0,1703.0,654.0,412.0,295.0,301.0,-187.0,0.0,2026,9,15,30,1,Tuesday,Automne,Jour_de_semaine,5034.0,12.4
France,Données temps réel,2026-09-15,0,2026-09-15 00:45:00,39543.0,40550,40550,35.0,0.0,2519.0,36054.0,824.0,841.0,0.0,0.0,4175.0,-1.0,1012.0,-4981.0,36.0,1514,-2836,-2095,-423,-1050,0.0,35.0,0.0,0.0,170.0,2350.0,0.0,1928.0,1745.0,501.0,416.0,295.0,301.0,-92.0,0.0,2026,9,15,45,1,Tuesday,Automne,Jour_de_semaine,4999.0,12.6
France,Données temps réel,2026-09-15,1,2026-09-15 01:00:00,39301.0,39700,39700,36.0,0.0,2522.0,36061.0,837.0,855.0,0.0,0.0,4320.0,0.0,1008.0,-5371.0,36.0,594,-2550,-1438,-1314,202,1.0,35.0,0.0,0.0,171.0,2352.0,0.0,1958.0,1856.0,506.0,412.0,294.0,301.0,-109.0,0.0,2026,9,15,0,1,Tuesday,Automne,Jour_de_semaine,5157.0,13.1
France,Données temps réel,2026-09-15,1,2026-09-15 01:15:00,39300.0,40000,40000,35.0,0.0,2399.0,35981.0,834.0,852.0,0.0,0.0,4207.0,0.0,1013.0,-5177.0,35.0,594,-2730,-1722,-1298,561,0.0,35.0,0.0,0.0,171.0,2230.0,0.0,1958.0,1774.0,475.0,415.0,296.0,301.0,-10.0,20.0,2026,9,15,15,1,Tuesday,Automne,Jour_de_semaine,5041.0,12.8
France,Données temps réel,2026-09-15,1,2026-09-15 01:30:00,38629.0,40300,40300,36.0,0.0,2245.0,35956.0,851.0,869.0,0.0,0.0,4090.0,0.0,1010.0,-5527.0,34.0,594,-2688,-1805,-1284,869,1.0,35.0,0.0,0.0,172.0,2075.0,0.0,2015.0,1660.0,415.0,413.0,296.0,301.0,-39.0,10.0,2026,9,15,30,1,Tuesday,Automne,Jour_de_semaine,4941.0,12.8
France,Données temps réel,2026-09-15,1,2026-09-15 01:45:00,38521.0,39450,39450,37.0,0.0,2127.0,35975.0,861.0,879.0,0.0,0.0,3452.0,-23.0,1012.0,-4911.0,33.0,594,-2723,-2093,-1249,681,2.0,35.0,0.0,0.0,171.0,1957.0,0.0,2009.0,1371.0,72.0,416.0,295.0,301.0,-24.0,15.0,2026,9,15,45,1,Tuesday,Automne,Jour_de_semaine,4313.0,11.2
France,Données temps réel,2026-09-15,2,2026-09-15 02:00:00,37661.0,38600,38600,37.0,0.0,2105.0,35981.0,879.0,898.0,0.0,0.0,3393.0,-22.0,1010.0,-5669.0,33.0,-8,-2399,-1868,-1100,222,2.0,35.0,0.0,0.0,171.0,1936.0,0.0,2012.0,1309.0,72.0,413.0,296.0,301.0,-70.0,16.0,2026,9,15,0,1,Tuesday,Automne,Jour_de_semaine,4272.0,11.3
France,Données temps réel,2026-09-15,2,2026-09-15 02:15:00,37352.0,37850,37378,37.0,0.0,2108.0,36002.0,909.0,927.0,0.0,0.0,3510.0,-24.0,1014.0,-6197.0,33.0,-8,-2343,-1802,-1047,-258,2.0,35.0,0.0,0.0,170.0,1939.0,0.0,2033.0,1405.0,72.0,416.0,296.0,301.0,-14.0,8.0,2026,9,15,15,1,Tuesday,Automne,Jour_de_semaine,4419.0,11.8
France,Données temps réel,2026-09-15,2,2026-09-15 02:30:00,36561.0,37100,36155,37.0,0.0,2111.0,35831.0,935.0,954.0,0.0,0.0,3217.0,-22.0,1010.0,-6533.0,33.0,-8,-2238,-2120,-1080,75,2.0,35.0,0.0,0.0,171.0,1941.0,0.0,2004.0,1140.0,73.0,414.0,295.0,301.0,-31.0,6.0,2026,9,15,30,1,Tuesday,Automne,Jour_de_semaine,4152.0,11.4
France,Données temps réel,2026-09-15,2,2026-09-15 02:45:00,35850.0,36600,35608,37.0,0.0,2107.0,35206.0,956.0,975.0,0.0,0.0,2937.0,-24.0,1014.0,-6383.0,34.0,-8,-2361,-2127,-1039,-329,2.0,35.0,0.0,0.0,171.0,1937.0,0.0,1953.0,972.0,12.0,417.0,296.0,301.0,-7.0,7.0,2026,9,15,45,1,Tuesday,Automne,Jour_de_semaine,3893.0,10.9
France,Données temps réel,2026-09-15,3,2026-09-15 03:00:00,35516.0,36100,35060,36.0,0.0,2105.0,34740.0,1011.0,1025.0,0.0,0.0,2892.0,-22.0,1010.0,-6243.0,34.0,429,-2814,-1874,-603,-1267,1.0,35.0,0.0,0.0,171.0,1936.0,0.0,1939.0,890.0,63.0,413.0,296.0,301.0,-21.0,11.0,2026,9,15,0,1,Tuesday,Automne,Jour_de_semaine,3903.0,11.0
France,Données temps réel,2026-09-15,3,2026-09-15 03:15:00,35143.0,35750,34749,36.0,0.0,2106.0,34659.0,1048.0,1058.0,0.0,0.0,2704.0,-24.0,1013.0,-6374.0,34.0,429,-2867,-1873,-619,-1535,1.0,35.0,0.0,0.0,170.0,1937.0,0.0,1909.0,731.0,64.0,416.0,296.0,301.0,-26.0,2.0,2026,9,15,15,1,Tuesday,Automne,Jour_de_semaine,3752.0,10.7
France,Données temps réel,2026-09-15,3,2026-09-15 03:30:00,34767.0,35400,34437,36.0,0.0,1904.0,34665.0,1110.0,1120.0,0.0,0.0,2659.0,-23.0,1014.0,-6594.0,32.0,429,-2867,-1902,-676,-1485,1.0,35.0,0.0,0.0,171.0,1734.0,0.0,1885.0,709.0,65.0,416.0,296.0,301.0,-5.0,2.0,2026,9,15,30,1,Tuesday,Automne,Jour_de_semaine,3769.0,10.8
France,Données temps réel,2026-09-15,3,2026-09-15 03:45:00,34525.0,35200,34238,37.0,0.0,1907.0,34701.0,1158.0,1167.0,0.0,0.0,2666.0,-22.0,1013.0,-6834.0,32.0,429,-2867,-1996,-610,-1487,2.0,35.0,0.0,0.0,171.0,1737.0,0.0,1894.0,706.0,66.0,416.0,296.0,301.0,-103.0,3.0,2026,9,15,45,1,Tuesday,Automne,Jour_de_semaine,3824.0,11.1
France,Données temps réel,2026-09-15,4,2026-09-15 04:00:00,34258.0,35000,34038,37.0,0.0,1903.0,34697.0,1189.0,1200.0,0.0,0.0,2626.0,-21.0,1014.0,-7079.0,32.0,628,-2863,-2078,-710,-1586,2.0,35.0,0.0,0.0,171.0,1733.0,0.0,1880.0,681.0,65.0,416.0,296.0,301.0,-113.0,7.0,2026,9,15,0,1,Tuesday,Automne,Jour_de_semaine,3815.0,11.1
France,Données temps réel,2026-09-15,4,2026-09-15 04:15:00,34374.0,35150,34086,37.0,0.0,1894.0,34696.0,1248.0,1253.0,0.0,0.0,2855.0,-21.0,1018.0,-7161.0,32.0,628,-2867,-2078,-681,-1632,2.0,35.0,0.0,0.0,170.0,1726.0,0.0,1835.0,956.0,64.0,420.0,296.0,301.0,-194.0,3.0,2026,9,15,15,1,Tuesday,Automne,Jour_de_semaine,4103.0,11.9
France,Données temps réel,2026-09-15,4,2026-09-15 04:30:00,34341.0,35300,34134,37.0,0.0,1889.0,34679.0,1307.0,1318.0,0.0,0.0,2816.0,-20.0,1016.0,-7020.0,32.0,628,-2867,-2078,-773,-1610,2.0,35.0,0.0,0.0,171.0,1719.0,0.0,1840.0,911.0,65.0,418.0,296.0,301.0,-359.0,0.0,2026,9,15,30,1,Tuesday,Automne,Jour_de_semaine,4123.0,12.0
France,Données temps réel,2026-09-15,4,2026-09-15 04:45:00,34407.0,35600,34521,37.0,0.0,1907.0,34725.0,1410.0,1419.0,0.0,0.0,2968.0,-18.0,1015.0,-7502.0,32.0,628,-2845,-2078,-775,-1641,2.0,35.0,0.0,0.0,170.0,1738.0,0.0,1888.0,1016.0,65.0,417.0,296.0,301.0,-142.0,8.0,2026,9,15,45,1,Tuesday,Automne,Jour_de_semaine,4378.0,12.7
France,Données temps réel,2026-09-15,5,2026-09-15 05:00:00,34621.0,35900,34908,37.0,0.0,1895.0,34704.0,1472.0,1476.0,0.0,0.0,2789.0,-24.0,1012.0,-7111.0,32.0,1480,-2336,-2078,-273,-2429,2.0,35.0,0.0,0.0,171.0,1725.0,0.0,1890.0,835.0,64.0,416.0,294.0,301.0,-169.0,16.0,2026,9,15,0,1,Tuesday,Automne,Jour_de_semaine,4261.0,12.3
France,Données temps réel,2026-09-15,5,2026-09-15 05:15:00,35336.0,36500,35463,37.0,0.0,1908.0,34722.0,1569.0,1565.0,4.0,0.0,3054.0,-22.0,1016.0,-6871.0,32.0,1480,-2124,-2078,-431,-2538,2.0,35.0,0.0,0.0,171.0,1739.0,0.0,1902.0,1087.0,65.0,419.0,296.0,301.0,-97.0,19.0,2026,9,15,15,1,Tuesday,Automne,Jour_de_semaine,4623.0,13.1
France,Données temps réel,2026-09-15,5,2026-09-15 05:30:00,35730.0,37100,36017,37.0,0.0,1907.0,34697.0,1660.0,1659.0,2.0,0.0,3064.0,-20.0,1014.0,-6519.0,32.0,1480,-2040,-2078,-451,-2450,2.0,35.0,0.0,0.0,171.0,1737.0,0.0,1920.0,1079.0,65.0,418.0,295.0,301.0,-109.0,0.0,2026,9,15,30,1,Tuesday,Automne,Jour_de_semaine,4724.0,13.2
France,Données temps réel,2026-09-15,5,2026-09-15 05:45:00,36217.0,37800,36747,37.0,0.0,1911.0,34738.0,1806.0,1762.0,44.0,0.0,3031.0,-21.0,1015.0,-6293.0,32.0,1480,-965,-2078,-546,-3126,2.0,35.0,0.0,0.0,171.0,1741.0,0.0,1935.0,1031.0,65.0,418.0,296.0,301.0,-9.0,3.0,2026,9,15,45,1,Tuesday,Automne,Jour_de_semaine,4837.0,13.4
France,Données temps réel,2026-09-15,6,2026-09-15 06:00:00,36934.0,38500,37477,37.0,0.0,1902.0,34717.0,1938.0,1882.0,57.0,0.0,3330.0,-21.0,1016.0,-6036.0,31.0,1914,-1085,-2077,-487,-3217,2.0,35.0,0.0,0.0,170.0,1733.0,0.0,1943.0,1277.0,110.0,420.0,295.0,301.0,-24.0,75.0,2026,9,15,0,1,Tuesday,Automne,Jour_de_semaine,5268.0,14.3
France,Données temps réel,2026-09-15,6,2026-09-15 06:15:00,38590.0,39500,38539,37.0,0.0,2178.0,34727.0,2073.0,1979.0,93.0,0.0,3474.0,-20.0,1018.0,-4930.0,34.0,1914,682,-2078,-469,-4417,2.0,35.0,0.0,0.0,170.0,2009.0,0.0,1998.0,1361.0,115.0,421.0,296.0,301.0,-7.0,41.0,2026,9,15,15,1,Tuesday,Automne,Jour_de_semaine,5547.0,14.4
France,Données temps réel,2026-09-15,6,2026-09-15 06:30:00,39678.0,40500,39600,37.0,0.0,2390.0,34718.0,2158.0,2038.0,121.0,0.0,4001.0,-1.0,997.0,-4648.0,35.0,1914,1328,-2078,-504,-5206,2.0,35.0,0.0,0.0,208.0,2184.0,0.0,2016.0,1385.0,600.0,401.0,295.0,301.0,-14.0,40.0,2026,9,15,30,1,Tuesday,Automne,Jour_de_semaine,6159.0,15.5
France,Données temps réel,2026-09-15,6,2026-09-15 06:45:00,40901.0,41500,40757,37.0,0.0,2385.0,34644.0,2260.0,2149.0,111.0,0.0,4648.0,0.0,1003.0,-4096.0,34.0,1914,1182,-2078,-447,-4606,2.0,35.0,0.0,0.0,205.0,2181.0,0.0,2010.0,1823.0,815.0,407.0,295.0,301.0,-1.0,21.0,2026,9,15,45,1,Tuesday,Automne,Jour_de_semaine,6908.0,16.9
France,Données temps réel,2026-09-15,7,2026-09-15 07:00:00,41981.0,42500,41913,37.0,0.0,2374.0,34702.0,2340.0,2198.0,143.0,212.0,5063.0,-1.0,1004.0,-3780.0,34.0,1550,-117,-1889,212,-2483,2.0,35.0,0.0,8.0,205.0,2160.0,0.0,1962.0,2048.0,1052.0,408.0,295.0,301.0,0.0,31.0,2026,9,15,0,1,Tuesday,Automne,Jour_de_semaine,7615.0,18.1
France,Données temps réel,2026-09-15,7,2026-09-15 07:15:00,43069.0,43250,42680,37.0,0.0,2506.0,34650.0,2478.0,2302.0,176.0,210.0,5237.0,-1.0,1005.0,-3170.0,35.0,1550,-579,-1889,286,-2501,2.0,35.0,0.0,166.0,206.0,2135.0,0.0,1924.0,2233.0,1081.0,409.0,295.0,301.0,-5.0,124.0,2026,9,15,15,1,Tuesday,Automne,Jour_de_semaine,7925.0,18.4
France,Données temps réel,2026-09-15,7,2026-09-15 07:30:00,43674.0,44000,43447,37.0,0.0,2495.0,34603.0,2563.0,2375.0,188.0,241.0,5107.0,-1.0,1003.0,-2720.0,35.0,1550,-623,-1889,618,-2558,2.0,35.0,0.0,159.0,199.0,2137.0,0.0,1829.0,2189.0,1088.0,406.0,295.0,301.0,-9.0,356.0,2026,9,15,30,1,Tuesday,Automne,Jour_de_semaine,7911.0,18.1
France,Données temps réel,2026-09-15,7,2026-09-15 07:45:00,44282.0,44600,44035,36.0,0.0,2459.0,34547.0,2697.0,2462.0,234.0,438.0,5086.0,0.0,1003.0,-2299.0,34.0,1550,-1355,-1889,881,-1971,1.0,35.0,0.0,159.0,205.0,2095.0,0.0,1839.0,2187.0,1060.0,406.0,296.0,301.0,-13.0,327.0,2026,9,15,45,1,Tuesday,Automne,Jour_de_semaine,8221.0,18.6
France,Données temps réel,2026-09-15,8,2026-09-15 08:00:00,44323.0,45200,44623,37.0,0.0,2017.0,34569.0,2770.0,2537.0,233.0,791.0,5417.0,0.0,1002.0,-2475.0,30.0,350,-943,-1357,900,-612,2.0,35.0,0.0,160.0,199.0,1658.0,0.0,1834.0,2065.0,1518.0,406.0,294.0,301.0,-7.0,205.0,2026,9,15,0,1,Tuesday,Automne,Jour_de_semaine,8978.0,20.3
France,Données temps réel,2026-09-15,8,2026-09-15 08:15:00,44757.0,45700,44973,37.0,0.0,2018.0,34547.0,2753.0,2582.0,171.0,1388.0,5111.0,0.0,1001.0,-2439.0,30.0,350,-1842,-1460,900,300,2.0,35.0,0.0,160.0,201.0,1658.0,0.0,1860.0,1825.0,1426.0,406.0,293.0,301.0,-3.0,347.0,2026,9,15,15,1,Tuesday,Automne,Jour_de_semaine,9252.0,20.7
France,Données temps réel,2026-09-15,8,2026-09-15 08:30:00,45042.0,46200,45323,36.0,0.0,1965.0,34302.0,2749.0,2582.0,167.0,2187.0,4352.0,0.0,997.0,-1737.0,29.0,350,-1541,-1624,900,968,1.0,35.0,0.0,162.0,206.0,1597.0,0.0,1873.0,1619.0,861.0,400.0,295.0,301.0,-5.0,195.0,2026,9,15,30,1,Tuesday,Automne,Jour_de_semaine,9288.0,20.6
France,Données temps réel,2026-09-15,8,2026-09-15 08:45:00,45076.0,46450,45564,37.0,0.0,1930.0,34362.0,2734.0,2606.0,128.0,3388.0,3891.0,0.0,993.0,-2231.0,28.0,350,-1000,-1889,544,1412,2.0,35.0,0.0,161.0,205.0,1564.0,0.0,1848.0,1411.0,632.0,397.0,295.0,301.0,-31.0,3.0,2026,9,15,45,1,Tuesday,Automne,Jour_de_semaine,10013.0,22.2
France,Données temps réel,2026-09-15,9,2026-09-15 09:00:00,45376.0,46700,45805,37.0,0.0,1895.0,34283.0,2611.0,2498.0,113.0,4556.0,3423.0,0.0,996.0,-2170.0,28.0,-1069,0,-2057,6,764,2.0,35.0,0.0,161.0,204.0,1531.0,0.0,1851.0,1143.0,428.0,401.0,294.0,301.0,-255.0,0.0,2026,9,15,0,1,Tuesday,Automne,Jour_de_semaine,10590.0,23.3
France,Données temps réel,2026-09-15,9,2026-09-15 09:15:00,45390.0,47000,46249,37.0,0.0,1955.0,33903.0,2483.0,2342.0,141.0,6042.0,3270.0,0.0,997.0,-3295.0,28.0,-1069,574,-2057,-446,1266,2.0,35.0,0.0,161.0,205.0,1589.0,0.0,1733.0,1067.0,469.0,402.0,294.0,301.0,-6.0,5.0,2026,9,15,15,1,Tuesday,Automne,Jour_de_semaine,11795.0,26.0
France,Données temps réel,2026-09-15,9,2026-09-15 09:30:00,46029.0,47300,46692,37.0,0.0,1886.0,33920.0,2321.0,2181.0,140.0,7509.0,2635.0,-1.0,997.0,-3254.0,27.0,-1069,1502,-2057,-967,345,2.0,35.0,0.0,161.0,199.0,1526.0,0.0,1763.0,441.0,432.0,402.0,294.0,301.0,-24.0,3.0,2026,9,15,30,1,Tuesday,Automne,Jour_de_semaine,12465.0,27.1
France,Données temps réel,2026-09-15,9,2026-09-15 09:45:00,46059.0,47600,46861,37.0,0.0,1222.0,33543.0,2058.0,1913.0,145.0,8981.0,2541.0,0.0,994.0,-3314.0,21.0,-1069,2400,-2057,-742,-1208,2.0,35.0,0.0,65.0,171.0,987.0,0.0,1679.0,431.0,431.0,399.0,294.0,301.0,-3.0,1.0,2026,9,15,45,1,Tuesday,Automne,Jour_de_semaine,13580.0,29.5
France,Données temps réel,2026-09-15,10,2026-09-15 10:00:00,46253.0,47900,47030,37.0,0.0,1189.0,33157.0,1818.0,1634.0,184.0,10413.0,2620.0,0.0,995.0,-3988.0,21.0,-2557,2400,-2057,-2143,56,2.0,35.0,0.0,0.0,171.0,1020.0,0.0,1670.0,455.0,495.0,399.0,294.0,301.0,-1.0,13.0,2026,9,15,0,1,Tuesday,Automne,Jour_de_semaine,14851.0,32.1
France,Données temps réel,2026-09-15,10,2026-09-15 10:15:00,46237.0,48350,47512,37.0,0.0,1274.0,33078.0,1621.0,1365.0,256.0,11936.0,2489.0,0.0,993.0,-5258.0,21.0,-2557,2400,-2057,-2227,3,2.0,35.0,0.0,0.0,171.0,1104.0,0.0,1642.0,298.0,549.0,399.0,293.0,301.0,-1.0,70.0,2026,9,15,15,1,Tuesday,Automne,Jour_de_semaine,16046.0,34.7
France,Données temps réel,2026-09-15,10,2026-09-15 10:30:00,47295.0,48800,47993,37.0,0.0,1142.0,32788.0,1464.0,1177.0,287.0,13291.0,2373.0,0.0,978.0,-4793.0,19.0,-2557,2399,-2057,-2217,-378,2.0,35.0,0.0,0.0,171.0,972.0,0.0,1633.0,262.0,479.0,399.0,278.0,301.0,-6.0,23.0,2026,9,15,30,1,Tuesday,Automne,Jour_de_semaine,17128.0,36.2
France,Données temps réel,2026-09-15,10,2026-09-15 10:45:00,47493.0,48850,48063,37.0,0.0,1075.0,32744.0,1374.0,1093.0,281.0,14484.0,2121.0,-14.0,978.0,-5296.0,18.0,-2557,1733,-2057,-2217,-374,2.0,35.0,0.0,0.0,171.0,905.0,0.0,1599.0,114.0,408.0,398.0,278.0,301.0,-13.0,4.0,2026,9,15,45,1,Tuesday,Automne,Jour_de_semaine,17979.0,37.9
France,Données temps réel,2026-09-15,11,2026-09-15 11:00:00,47688.0,48900,48133,37.0,0.0,1085.0,32505.0,1432.0,1148.0,284.0,15421.0,2118.0,-24.0,996.0,-5867.0,18.0,-3028,1050,-2057,-2227,371,2.0,35.0,0.0,0.0,171.0,915.0,0.0,1596.0,109.0,412.0,408.0,286.0,301.0,-15.0,2.0,2026,9,15,0,1,Tuesday,Automne,Jour_de_semaine,18971.0,39.8
France,Données temps réel,2026-09-15,11,2026-09-15 11:15:00,48101.0,49100,48339,37.0,0.0,1125.0,32712.0,1489.0,1200.0,289.0,16444.0,1754.0,-54.0,998.0,-6384.0,18.0,-3028,1050,-2057,-2227,235,2.0,35.0,0.0,0.0,171.0,955.0,0.0,1579.0,110.0,65.0,402.0,295.0,301.0,-21.0,4.0,2026,9,15,15,1,Tuesday,Automne,Jour_de_semaine,19687.0,40.9
France,Données temps réel,2026-09-15,11,2026-09-15 11:30:00,48495.0,49300,48545,37.0,0.0,1069.0,32612.0,1598.0,1258.0,340.0,17249.0,1750.0,-27.0,999.0,-6674.0,18.0,-3028,1050,-2057,-2227,-143,2.0,35.0,0.0,0.0,170.0,900.0,0.0,1574.0,111.0,65.0,404.0,294.0,301.0,-119.0,2.0,2026,9,15,30,1,Tuesday,Automne,Jour_de_semaine,20597.0,42.5
France,Données temps réel,2026-09-15,11,2026-09-15 11:45:00,48721.0,49750,48823,37.0,0.0,1145.0,32801.0,1649.0,1359.0,290.0,17940.0,1730.0,-27.0,970.0,-7417.0,18.0,-3028,1050,-2057,-2218,-42,2.0,35.0,0.0,0.0,170.0,976.0,0.0,1551.0,113.0,66.0,375.0,293.0,301.0,-115.0,7.0,2026,9,15,45,1,Tuesday,Automne,Jour_de_semaine,21319.0,43.8
France,Données temps réel,2026-09-15,12,2026-09-15 12:00:00,49175.0,50200,49100,37.0,0.0,1045.0,32235.0,1682.0,1424.0,259.0,18507.0,1725.0,-29.0,975.0,-6891.0,17.0,-2838,1050,-2859,-2202,813,2.0,35.0,0.0,0.0,170.0,876.0,0.0,1550.0,111.0,64.0,381.0,293.0,301.0,-112.0,2.0,2026,9,15,0,1,Tuesday,Automne,Jour_de_semaine,21914.0,44.6
France,Données temps réel,2026-09-15,12,2026-09-15 12:15:00,49390.0,49850,48750,36.0,0.0,1059.0,32290.0,2045.0,1693.0,352.0,19009.0,1710.0,-19.0,982.0,-7389.0,17.0,-2838,1050,-2859,-2227,399,1.0,35.0,0.0,0.0,171.0,890.0,0.0,1534.0,111.0,65.0,386.0,294.0,301.0,-332.0,0.0,2026,9,15,15,1,Tuesday,Automne,Jour_de_semaine,22764.0,46.1
France,Données temps réel,2026-09-15,12,2026-09-15 12:30:00,49474.0,49500,48400,37.0,0.0,854.0,32226.0,2347.0,1900.0,447.0,19361.0,1709.0,-239.0,980.0,-7401.0,15.0,-2838,1050,-2859,-2227,838,2.0,35.0,0.0,0.0,170.0,686.0,0.0,1534.0,110.0,65.0,385.0,293.0,301.0,-398.0,0.0,2026,9,15,30,1,Tuesday,Automne,Jour_de_semaine,23417.0,47.3
France,Données temps réel,2026-09-15,12,2026-09-15 12:45:00,49494.0,50100,49000,36.0,0.0,352.0,32474.0,2549.0,2072.0,477.0,19664.0,1664.0,-237.0,989.0,-7601.0,12.0,-2838,700,-2859,-2227,875,1.0,35.0,0.0,0.0,170.0,183.0,0.0,1487.0,111.0,66.0,395.0,292.0,301.0,-395.0,0.0,2026,9,15,45,1,Tuesday,Automne,Jour_de_semaine,23877.0,48.2
France,Données temps réel,2026-09-15,13,2026-09-15 13:00:00,49089.0,50700,49600,36.0,0.0,227.0,32360.0,2934.0,2321.0,613.0,19902.0,1628.0,-239.0,1005.0,-8337.0,11.0,-3028,1050,-2859,-2227,-111,1.0,35.0,0.0,0.0,171.0,57.0,0.0,1474.0,109.0,44.0,412.0,292.0,301.0,-427.0,0.0,2026,9,15,0,1,Tuesday,Automne,Jour_de_semaine,24464.0,49.8
France,Données temps réel,2026-09-15,13,2026-09-15 13:15:00,49212.0,50000,49150,37.0,0.0,229.0,32558.0,3094.0,2407.0,687.0,19827.0,1652.0,-237.0,978.0,-8701.0,10.0,-3028,1050,-2859,-2227,-695,2.0,35.0,0.0,0.0,170.0,60.0,0.0,1528.0,113.0,10.0,384.0,292.0,301.0,-226.0,3.0,2026,9,15,15,1,Tuesday,Automne,Jour_de_semaine,24573.0,49.9
France,Données temps réel,2026-09-15,13,2026-09-15 13:30:00,48952.0,49300,48700,37.0,0.0,228.0,32671.0,3172.0,2558.0,614.0,19246.0,1697.0,-238.0,974.0,-8447.0,10.0,-3028,1050,-2859,-2227,-1040,2.0,35.0,0.0,0.0,170.0,59.0,0.0,1555.0,131.0,10.0,385.0,288.0,301.0,-390.0,3.0,2026,9,15,30,1,Tuesday,Automne,Jour_de_semaine,24115.0,49.3
France,Données temps réel,2026-09-15,13,2026-09-15 13:45:00,48810.0,49200,48600,36.0,0.0,231.0,32680.0,3392.0,2742.0,650.0,19229.0,1681.0,-236.0,998.0,-8806.0,11.0,-3028,813,-2859,-2227,-1093,1.0,35.0,0.0,0.0,171.0,61.0,0.0,1548.0,123.0,10.0,405.0,291.0,301.0,-417.0,22.0,2026,9,15,45,1,Tuesday,Automne,Jour_de_semaine,24302.0,49.8
France,Données temps réel,2026-09-15,14,2026-09-15 14:00:00,49260.0,49100,48500,36.0,0.0,231.0,32508.0,3724.0,2975.0,749.0,18953.0,1680.0,-239.0,999.0,-8321.0,11.0,-3028,222,-2859,-2227,-144,1.0,35.0,0.0,0.0,170.0,62.0,0.0,1561.0,108.0,10.0,405.0,292.0,301.0,-317.0,6.0,2026,9,15,0,1,Tuesday,Automne,Jour_de_semaine,24357.0,49.4
France,Données temps réel,2026-09-15,14,2026-09-15 14:15:00,50223.0,49800,49200,36.0,0.0,231.0,32765.0,4110.0,3337.0,772.0,19039.0,1675.0,-238.0,996.0,-8180.0,11.0,-3028,201,-2859,-2227,-311,1.0,35.0,0.0,0.0,170.0,62.0,0.0,1555.0,109.0,11.0,402.0,292.0,301.0,-249.0,39.0,2026,9,15,15,1,Tuesday,Automne,Jour_de_semaine,24824.0,49.4
France,Données temps réel,2026-09-15,14,2026-09-15 14:30:00,49492.0,50500,49900,37.0,0.0,229.0,32836.0,4216.0,3432.0,784.0,18534.0,1734.0,-237.0,995.0,-8627.0,11.0,-3028,890,-2808,-2227,-1201,2.0,35.0,0.0,0.0,171.0,59.0,0.0,1590.0,134.0,10.0,401.0,292.0,301.0,-253.0,31.0,2026,9,15,30,1,Tuesday,Automne,Jour_de_semaine,24484.0,49.5
France,Données temps réel,2026-09-15,14,2026-09-15 14:45:00,49206.0,50250,49650,37.0,0.0,235.0,32864.0,4310.0,3529.0,781.0,18424.0,1771.0,-235.0,1001.0,-9179.0,11.0,-3028,618,-2624,-2227,-1203,2.0,35.0,0.0,0.0,170.0,66.0,0.0,1622.0,138.0,11.0,409.0,291.0,301.0,-26.0,6.0,2026,9,15,45,1,Tuesday,Automne,Jour_de_semaine,24505.0,49.8
France,Données temps réel,2026-09-15,15,2026-09-15 15:00:00,48953.0,50000,49400,37.0,0.0,228.0,32686.0,4725.0,3826.0,899.0,18400.0,1778.0,-238.0,997.0,-9652.0,11.0,-3028,784,-2433,-2172,-2114,2.0,35.0,0.0,0.0,170.0,60.0,0.0,1634.0,133.0,10.0,405.0,291.0,301.0,-18.0,10.0,2026,9,15,0,1,Tuesday,Automne,Jour_de_semaine,24903.0,50.9
France,Données temps réel,2026-09-15,15,2026-09-15 15:15:00,48939.0,49650,49350,37.0,0.0,219.0,32677.0,5017.0,4050.0,967.0,18331.0,1780.0,-237.0,971.0,-9845.0,10.0,-3028,1186,-2433,-2227,-2550,2.0,35.0,0.0,0.0,162.0,58.0,0.0,1634.0,136.0,10.0,379.0,290.0,301.0,-17.0,7.0,2026,9,15,15,1,Tuesday,Automne,Jour_de_semaine,25128.0,51.3
France,Données temps réel,2026-09-15,15,2026-09-15 15:30:00,48644.0,49300,49300,37.0,0.0,225.0,32701.0,5306.0,4212.0,1094.0,18035.0,1888.0,-235.0,974.0,-10279.0,10.0,-3028,1507,-2433,-2227,-3192,2.0,35.0,0.0,0.0,165.0,61.0,0.0,1686.0,192.0,10.0,383.0,290.0,301.0,-16.0,9.0,2026,9,15,30,1,Tuesday,Automne,Jour_de_semaine,25229.0,51.9
France,Données temps réel,2026-09-15,15,2026-09-15 15:45:00,48590.0,49050,49050,37.0,0.0,231.0,32785.0,5587.0,4410.0,1177.0,17464.0,2057.0,-235.0,977.0,-10313.0,10.0,-3028,1552,-2433,-2227,-3330,2.0,35.0,0.0,0.0,174.0,58.0,0.0,1747.0,300.0,10.0,384.0,292.0,301.0,-6.0,8.0,2026,9,15,45,1,Tuesday,Automne,Jour_de_semaine,25108.0,51.7
France,Données temps réel,2026-09-15,16,2026-09-15 16:00:00,48457.0,48800,48800,37.0,0.0,239.0,32565.0,5651.0,4519.0,1132.0,16825.0,2157.0,-236.0,972.0,-9741.0,10.0,-2978,1800,-2433,-2128,-3091,2.0,35.0,0.0,0.0,181.0,59.0,0.0,1735.0,411.0,10.0,380.0,291.0,301.0,-19.0,8.0,2026,9,15,0,1,Tuesday,Automne,Jour_de_semaine,24633.0,50.8
France,Données temps réel,2026-09-15,16,2026-09-15 16:15:00,48321.0,48600,48600,37.0,0.0,240.0,32869.0,6059.0,4907.0,1152.0,16123.0,2254.0,-237.0,977.0,-9991.0,10.0,-2978,1701,-2433,-2044,-3145,2.0,35.0,0.0,0.0,180.0,61.0,0.0,1755.0,472.0,27.0,384.0,292.0,301.0,-11.0,4.0,2026,9,15,15,1,Tuesday,Automne,Jour_de_semaine,24436.0,50.6
France,Données temps réel,2026-09-15,16,2026-09-15 16:30:00,47899.0,48400,48400,37.0,0.0,237.0,32869.0,6145.0,4912.0,1233.0,15255.0,2386.0,-562.0,973.0,-9446.0,11.0,-2978,1800,-2018,-1772,-3363,2.0,35.0,0.0,0.0,179.0,60.0,0.0,1749.0,592.0,45.0,381.0,291.0,301.0,-7.0,12.0,2026,9,15,30,1,Tuesday,Automne,Jour_de_semaine,23786.0,49.7
France,Données temps réel,2026-09-15,16,2026-09-15 16:45:00,47587.0,48300,48150,37.0,0.0,235.0,33118.0,6424.0,5190.0,1234.0,14437.0,2263.0,-722.0,968.0,-9182.0,11.0,-2978,1800,-1922,-1520,-3272,2.0,35.0,0.0,0.0,176.0,60.0,0.0,1796.0,437.0,30.0,375.0,291.0,301.0,-2.0,11.0,2026,9,15,45,1,Tuesday,Automne,Jour_de_semaine,23124.0,48.6
France,Données temps réel,2026-09-15,17,2026-09-15 17:00:00,47330.0,48200,47900,37.0,0.0,227.0,32704.0,6492.0,5239.0,1253.0,13356.0,2541.0,-726.0,968.0,-8281.0,11.0,-2262,1800,-2081,-252,-3983,2.0,35.0,0.0,0.0,170.0,58.0,0.0,1739.0,566.0,237.0,374.0,292.0,301.0,-2.0,14.0,2026,9,15,0,1,Tuesday,Automne,Jour_de_semaine,22389.0,47.3
France,Données temps réel,2026-09-15,17,2026-09-15 17:15:00,47614.0,48400,48150,37.0,0.0,223.0,32761.0,6814.0,5597.0,1217.0,12233.0,2628.0,-488.0,975.0,-7505.0,11.0,-2262,1800,-1862,423,-4106,2.0,35.0,0.0,0.0,171.0,53.0,0.0,1832.0,610.0,186.0,380.0,294.0,301.0,-63.0,0.0,2026,9,15,15,1,Tuesday,Automne,Jour_de_semaine,21675.0,45.5
France,Données temps réel,2026-09-15,17,2026-09-15 17:30:00,47364.0,48600,48400,37.0,0.0,254.0,33039.0,6995.0,5587.0,1408.0,10913.0,2682.0,-491.0,976.0,-7047.0,11.0,-2262,1800,-1447,165,-4266,2.0,35.0,0.0,0.0,178.0,77.0,0.0,1898.0,596.0,188.0,382.0,292.0,301.0,-6.0,13.0,2026,9,15,30,1,Tuesday,Automne,Jour_de_semaine,20590.0,43.5
France,Données temps réel,2026-09-15,17,2026-09-15 17:45:00,47958.0,48950,48750,37.0,0.0,563.0,33036.0,6771.0,5418.0,1353.0,9454.0,3995.0,-488.0,975.0,-6404.0,14.0,-2262,1800,-1429,530,-4078,2.0,35.0,0.0,0.0,172.0,392.0,0.0,1935.0,1041.0,1019.0,381.0,293.0,301.0,-6.0,25.0,2026,9,15,45,1,Tuesday,Automne,Jour_de_semaine,20220.0,42.2
France,Données temps réel,2026-09-15,18,2026-09-15 18:00:00,48457.0,49300,49100,36.0,0.0,1026.0,32905.0,6981.0,5536.0,1445.0,8150.0,4240.0,-492.0,975.0,-5373.0,17.0,-787,1900,-2171,900,-4571,1.0,35.0,0.0,0.0,170.0,857.0,0.0,1928.0,1204.0,1108.0,380.0,294.0,301.0,-6.0,15.0,2026,9,15,0,1,Tuesday,Automne,Jour_de_semaine,19371.0,40.0
France,Données temps réel,2026-09-15,18,2026-09-15 18:15:00,48673.0,49650,49500,37.0,0.0,1381.0,32981.0,6922.0,5712.0,1211.0,6811.0,4338.0,-2.0,977.0,-4783.0,21.0,-787,1900,-1484,900,-4480,2.0,35.0,0.0,0.0,170.0,1213.0,0.0,2138.0,1185.0,1016.0,382.0,293.0,301.0,-5.0,15.0,2026,9,15,15,1,Tuesday,Automne,Jour_de_semaine,18071.0,37.1
France,Données temps réel,2026-09-15,18,2026-09-15 18:30:00,48921.0,50000,49900,37.0,0.0,1697.0,32972.0,7192.0,6103.0,1090.0,5643.0,5078.0,-2.0,978.0,-4705.0,23.0,-787,1900,-1004,900,-4322,2.0,35.0,0.0,0.0,170.0,1529.0,0.0,2175.0,1373.0,1530.0,385.0,292.0,301.0,-1.0,33.0,2026,9,15,30,1,Tuesday,Automne,Jour_de_semaine,17913.0,36.6
France,Données temps réel,2026-09-15,18,2026-09-15 18:45:00,49474.0,50650,50550,37.0,0.0,1743.0,33047.0,7061.0,6089.0,972.0,4513.0,6039.0,-1.0,982.0,-3992.0,24.0,-787,1900,-123,900,-4199,2.0,35.0,0.0,0.0,170.0,1574.0,0.0,2272.0,1779.0,1989.0,388.0,292.0,301.0,-1.0,47.0,2026,9,15,45,1,Tuesday,Automne,Jour_de_semaine,17613.0,35.6
France,Données temps réel,2026-09-15,19,2026-09-15 19:00:00,50008.0,51300,51200,36.0,0.0,1743.0,33046.0,7535.0,6168.0,1367.0,3142.0,6031.0,0.0,985.0,-2524.0,24.0,759,1900,-116,900,-4380,1.0,35.0,0.0,0.0,170.0,1574.0,0.0,2262.0,1809.0,1960.0,391.0,293.0,301.0,-7.0,23.0,2026,9,15,0,1,Tuesday,Automne,Jour_de_semaine,16708.0,33.4
France,Données temps réel,2026-09-15,19,2026-09-15 19:15:00,49990.0,50900,50800,37.0,0.0,1770.0,33103.0,7484.0,5915.0,1569.0,2083.0,5930.0,0.0,984.0,-1425.0,25.0,759,1900,-167,900,-4127,2.0,35.0,0.0,0.0,171.0,1601.0,0.0,2299.0,1978.0,1654.0,389.0,294.0,301.0,-2.0,25.0,2026,9,15,15,1,Tuesday,Automne,Jour_de_semaine,15497.0,31.0
France,Données temps réel,2026-09-15,19,2026-09-15 19:30:00,49654.0,50500,50400,37.0,0.0,1778.0,33132.0,7515.0,5877.0,1637.0,1228.0,5911.0,0.0,1004.0,-982.0,25.0,759,1900,-249,900,-4275,2.0,35.0,0.0,0.0,170.0,1609.0,0.0,2336.0,1901.0,1675.0,409.0,294.0,301.0,-3.0,35.0,2026,9,15,30,1,Tuesday,Automne,Jour_de_semaine,14654.0,29.5
France,Données temps réel,2026-09-15,19,2026-09-15 19:45:00,49151.0,50100,50000,37.0,0.0,1785.0,33236.0,7693.0,6024.0,1669.0,745.0,6647.0,-2.0,1007.0,-2269.0,25.0,759,1900,-311,900,-4148,2.0,35.0,0.0,0.0,171.0,1615.0,0.0,2351.0,2125.0,2171.0,412.0,294.0,301.0,-2.0,274.0,2026,9,15,45,1,Tuesday,Automne,Jour_de_semaine,15085.0,30.7
France,Données temps réel,2026-09-15,20,2026-09-15 20:00:00,48933.0,49700,49600,37.0,0.0,1797.0,33180.0,7532.0,5908.0,1623.0,439.0,6553.0,-1.0,1012.0,-1782.0,26.0,733,1898,-1649,745,-3114,2.0,35.0,0.0,0.0,178.0,1620.0,0.0,2348.0,2089.0,2115.0,417.0,294.0,301.0,-8.0,176.0,2026,9,15,0,1,Tuesday,Automne,Jour_de_semaine,14524.0,29.7
France,Données temps réel,2026-09-15,20,2026-09-15 20:15:00,48678.0,48900,49150,36.0,0.0,1810.0,33203.0,7464.0,5824.0,1640.0,264.0,6144.0,0.0,1012.0,-1603.0,26.0,733,1826,-1965,810,-3190,1.0,35.0,0.0,0.0,171.0,1641.0,0.0,2389.0,2033.0,1722.0,417.0,293.0,301.0,-14.0,364.0,2026,9,15,15,1,Tuesday,Automne,Jour_de_semaine,13872.0,28.5
France,Données temps réel,2026-09-15,20,2026-09-15 20:30:00,47927.0,48100,48700,37.0,0.0,1818.0,33203.0,7244.0,5672.0,1572.0,219.0,5929.0,0.0,1013.0,-1800.0,26.0,733,1856,-1965,878,-3615,2.0,35.0,0.0,0.0,171.0,1648.0,0.0,2347.0,1923.0,1659.0,417.0,294.0,301.0,-7.0,274.0,2026,9,15,30,1,Tuesday,Automne,Jour_de_semaine,13392.0,27.9
France,Données temps réel,2026-09-15,20,2026-09-15 20:45:00,47151.0,47650,48150,34.0,0.0,1821.0,33277.0,7405.0,5933.0,1472.0,211.0,6087.0,0.0,1016.0,-2972.0,26.0,733,1562,-2148,878,-3547,0.0,35.0,0.0,0.0,171.0,1651.0,0.0,2372.0,1845.0,1871.0,422.0,293.0,301.0,-4.0,276.0,2026,9,15,45,1,Tuesday,Automne,Jour_de_semaine,13703.0,29.1
France,Données temps réel,2026-09-15,21,2026-09-15 21:00:00,46476.0,47200,47600,136.0,0.0,1852.0,33284.0,7546.0,6235.0,1311.0,201.0,6298.0,0.0,1016.0,-4125.0,28.0,-146,1897,-2217,121,-4620,101.0,35.0,0.0,0.0,202.0,1652.0,0.0,2362.0,1886.0,2049.0,420.0,294.0,301.0,-3.0,275.0,2026,9,15,0,1,Tuesday,Automne,Jour_de_semaine,14045.0,30.2
France,Données temps réel,2026-09-15,21,2026-09-15 21:15:00,45571.0,46600,46950,450.0,0.0,1878.0,33632.0,7899.0,6593.0,1306.0,0.0,6627.0,0.0,1018.0,-6133.0,32.0,-146,1397,-2217,-59,-4457,415.0,35.0,0.0,0.0,203.0,1676.0,0.0,2290.0,2001.0,2336.0,421.0,296.0,301.0,-6.0,210.0,2026,9,15,15,1,Tuesday,Automne,Jour_de_semaine,14526.0,31.9
France,Données temps réel,2026-09-15,21,2026-09-15 21:30:00,44812.0,46000,46300,558.0,0.0,1687.0,33928.0,8399.0,6995.0,1404.0,0.0,5587.0,0.0,1015.0,-6275.0,32.0,-146,1331,-2495,-316,-3114,523.0,35.0,0.0,0.0,201.0,1487.0,0.0,2234.0,1841.0,1511.0,421.0,293.0,301.0,-94.0,9.0,2026,9,15,30,1,Tuesday,Automne,Jour_de_semaine,13986.0,31.2
France,Données temps réel,2026-09-15,21,2026-09-15 21:45:00,44112.0,45350,45550,560.0,0.0,1590.0,34541.0,8856.0,7288.0,1568.0,0.0,3821.0,-1.0,1014.0,-6286.0,32.0,-146,235,-2534,-275,-2638,525.0,35.0,0.0,0.0,202.0,1389.0,0.0,2029.0,1379.0,414.0,421.0,292.0,301.0,-84.0,102.0,2026,9,15,45,1,Tuesday,Automne,Jour_de_semaine,12677.0,28.7
France,Données temps réel,2026-09-15,22,2026-09-15 22:00:00,43730.0,44700,44800,561.0,0.0,1103.0,35522.0,8987.0,7450.0,1536.0,0.0,3849.0,0.0,1011.0,-7056.0,27.0,-38,532,-2534,-1752,-3556,526.0,35.0,0.0,0.0,202.0,902.0,0.0,2081.0,1345.0,423.0,418.0,292.0,301.0,-246.0,0.0,2026,9,15,0,1,Tuesday,Automne,Jour_de_semaine,12836.0,29.4
France,Données temps réel,2026-09-15,22,2026-09-15 22:15:00,44336.0,45300,45000,564.0,0.0,1301.0,36536.0,8607.0,7192.0,1415.0,0.0,4345.0,0.0,1012.0,-8043.0,28.0,-38,172,-2534,-1441,-3965,529.0,35.0,0.0,0.0,204.0,1098.0,0.0,2087.0,1340.0,918.0,418.0,293.0,301.0,-11.0,27.0,2026,9,15,15,1,Tuesday,Automne,Jour_de_semaine,12952.0,29.2
France,Données temps réel,2026-09-15,22,2026-09-15 22:30:00,44384.0,45900,45200,566.0,0.0,1912.0,37173.0,8433.0,7032.0,1401.0,0.0,3729.0,-1.0,1018.0,-8312.0,33.0,-38,595,-2534,-1382,-2993,531.0,35.0,0.0,0.0,203.0,1710.0,0.0,2082.0,1068.0,579.0,425.0,292.0,301.0,-133.0,0.0,2026,9,15,30,1,Tuesday,Automne,Jour_de_semaine,12162.0,27.4
France,Données temps réel,2026-09-15,22,2026-09-15 22:45:00,45093.0,46150,45600,569.0,0.0,2094.0,37603.0,8404.0,6915.0,1489.0,0.0,3512.0,-1.0,1015.0,-7854.0,34.0,-38,642,-2516,-1473,-3288,534.0,35.0,0.0,0.0,203.0,1892.0,0.0,2093.0,1052.0,367.0,422.0,292.0,301.0,-248.0,0.0,2026,9,15,45,1,Tuesday,Automne,Jour_de_semaine,11916.0,26.4
France,Données temps réel,2026-09-15,23,2026-09-15 23:00:00,44503.0,46400,46000,572.0,0.0,2070.0,37735.0,8452.0,7015.0,1437.0,0.0,3475.0,-15.0,1015.0,-8542.0,34.0,35,125,-2306,-2217,-3565,537.0,35.0,0.0,0.0,203.0,1868.0,0.0,2101.0,1013.0,362.0,420.0,293.0,301.0,-256.0,0.0,2026,9,15,0,1,Tuesday,Automne,Jour_de_semaine,11927.0,26.8
France,Données temps réel,2026-09-15,23,2026-09-15 23:15:00,44128.0,45500,45150,572.0,0.0,2108.0,37900.0,8250.0,6945.0,1305.0,0.0,3388.0,-28.0,1015.0,-8909.0,35.0,35,-142,-2306,-2222,-3442,537.0,35.0,0.0,0.0,204.0,1905.0,0.0,2134.0,882.0,371.0,421.0,293.0,301.0,-172.0,5.0,2026,9,15,15,1,Tuesday,Automne,Jour_de_semaine,11638.0,26.4
France,Données temps réel,2026-09-15,23,2026-09-15 23:30:00,43425.0,44600,44300,300.0,0.0,2064.0,37958.0,7832.0,6594.0,1238.0,0.0,3109.0,-34.0,1018.0,-8638.0,31.0,35,-405,-2306,-1985,-2291,265.0,35.0,0.0,0.0,171.0,1895.0,0.0,2138.0,949.0,22.0,423.0,293.0,301.0,-183.0,0.0,2026,9,15,30,1,Tuesday,Automne,Jour_de_semaine,10941.0,25.2
France,Données temps réel,2026-09-15,23,2026-09-15 23:45:00,43263.0,43850,43700,160.0,0.0,1212.0,37554.0,7574.0,6431.0,1143.0,0.0,3121.0,-33.0,1014.0,-7308.0,23.0,35,-241,-2306,-2062,-2732,125.0,35.0,0.0,0.0,171.0,1043.0,0.0,2142.0,952.0,27.0,420.0,293.0,301.0,-28.0,0.0,2026,9,15,45,1,Tuesday,Automne,Jour_de_semaine,10695.0,24.7
France,Données temps réel,2026-09-16,0,2026-09-16 00:00:00,42589.0,43100,43100,36.0,0.0,927.0,37986.0,7570.0,6337.0,1233.0,0.0,3099.0,-41.0,1017.0,-7849.0,18.0,-1056,509,-1584,-2227,-3088,1.0,35.0,0.0,0.0,172.0,756.0,0.0,2125.0,913.0,61.0,422.0,293.0,301.0,-158.0,5.0,2026,9,16,0,2,Wednesday,Automne,Jour_de_semaine,10669.0,25.1
France,Données temps réel,2026-09-16,0,2026-09-16 00:15:00,42543.0,42200,42200,36.0,0.0,837.0,37744.0,7329.0,6065.0,1264.0,0.0,2917.0,-687.0,1006.0,-6657.0,18.0,-1056,115,-1584,-2227,-3033,1.0,35.0,0.0,0.0,170.0,668.0,0.0,2024.0,845.0,48.0,420.0,284.0,301.0,-2.0,22.0,2026,9,16,15,2,Wednesday,Automne,Jour_de_semaine,10246.0,24.1
France,Données temps réel,2026-09-16,0,2026-09-16 00:30:00,40939.0,41300,41300,37.0,0.0,714.0,37775.0,7190.0,5869.0,1321.0,0.0,2886.0,-684.0,1008.0,-7989.0,17.0,-1056,292,-1584,-2227,-3741,2.0,35.0,0.0,0.0,172.0,544.0,0.0,1995.0,842.0,49.0,423.0,284.0,301.0,-2.0,5.0,2026,9,16,30,2,Wednesday,Automne,Jour_de_semaine,10076.0,24.6
France,Données temps réel,2026-09-16,0,2026-09-16 00:45:00,39450.0,40550,40550,37.0,0.0,165.0,37675.0,6951.0,5682.0,1269.0,0.0,2707.0,-672.0,999.0,-8541.0,12.0,-1056,212,-1584,-2227,-3870,2.0,35.0,0.0,0.0,172.0,0.0,0.0,1947.0,710.0,50.0,422.0,276.0,301.0,-22.0,152.0,2026,9,16,45,2,Wednesday,Automne,Jour_de_semaine,9658.0,24.5
France,Données temps réel,2026-09-16,1,2026-09-16 01:00:00,39204.0,39800,39800,37.0,0.0,163.0,37594.0,6968.0,5693.0,1276.0,0.0,2644.0,-1011.0,995.0,-8340.0,12.0,-1304,499,-1584,-2227,-3413,2.0,35.0,0.0,0.0,170.0,0.0,0.0,1921.0,675.0,47.0,422.0,272.0,301.0,-3.0,158.0,2026,9,16,0,2,Wednesday,Automne,Jour_de_semaine,9612.0,24.5
France,Données temps réel,2026-09-16,1,2026-09-16 01:15:00,39839.0,40050,40050,37.0,0.0,164.0,37609.0,6926.0,5716.0,1210.0,0.0,2535.0,-776.0,993.0,-7727.0,12.0,-1304,543,-1584,-2227,-3871,2.0,35.0,0.0,0.0,170.0,0.0,0.0,1895.0,592.0,49.0,420.0,272.0,301.0,-3.0,82.0,2026,9,16,15,2,Wednesday,Automne,Jour_de_semaine,9461.0,23.7
France,Données temps réel,2026-09-16,1,2026-09-16 01:30:00,39081.0,40300,40300,37.0,0.0,164.0,37440.0,6797.0,5641.0,1156.0,0.0,2541.0,-776.0,993.0,-8180.0,12.0,-1304,580,-1584,-2227,-3950,2.0,35.0,0.0,0.0,169.0,0.0,0.0,1903.0,591.0,48.0,420.0,272.0,301.0,-6.0,71.0,2026,9,16,30,2,Wednesday,Automne,Jour_de_semaine,9338.0,23.9
France,Données temps réel,2026-09-16,1,2026-09-16 01:45:00,39040.0,39500,39500,37.0,0.0,164.0,37341.0,6793.0,5676.0,1117.0,0.0,2568.0,-772.0,994.0,-8083.0,12.0,-1304,868,-1584,-2227,-4817,2.0,35.0,0.0,0.0,171.0,0.0,0.0,1932.0,586.0,50.0,421.0,272.0,301.0,-12.0,12.0,2026,9,16,45,2,Wednesday,Automne,Jour_de_semaine,9361.0,24.0
France,Données temps réel,2026-09-16,2,2026-09-16 02:00:00,38232.0,38700,38700,37.0,0.0,165.0,37276.0,6774.0,5716.0,1059.0,0.0,2577.0,-935.0,998.0,-8665.0,12.0,-2116,882,-1584,-2227,-4134,2.0,35.0,0.0,0.0,171.0,0.0,0.0,1940.0,588.0,48.0,425.0,271.0,301.0,-7.0,12.0,2026,9,16,0,2,Wednesday,Automne,Jour_de_semaine,9351.0,24.5
France,Données temps réel,2026-09-16,2,2026-09-16 02:15:00,37910.0,38000,38151,37.0,0.0,166.0,37351.0,6664.0,5674.0,990.0,0.0,2576.0,-936.0,994.0,-8985.0,12.0,-2116,1154,-1584,-2227,-5162,2.0,35.0,0.0,0.0,170.0,0.0,0.0,1963.0,564.0,48.0,421.0,272.0,301.0,-3.0,50.0,2026,9,16,15,2,Wednesday,Automne,Jour_de_semaine,9240.0,24.4
France,Données temps réel,2026-09-16,2,2026-09-16 02:30:00,37105.0,37300,37601,36.0,0.0,162.0,37302.0,6528.0,5585.0,943.0,0.0,2648.0,-937.0,995.0,-9609.0,12.0,-2116,1248,-1584,-2227,-5609,1.0,35.0,0.0,0.0,170.0,0.0,0.0,1988.0,613.0,48.0,422.0,272.0,301.0,-25.0,6.0,2026,9,16,30,2,Wednesday,Automne,Jour_de_semaine,9176.0,24.7
France,Données temps réel,2026-09-16,2,2026-09-16 02:45:00,36403.0,36750,36711,37.0,0.0,163.0,37316.0,6323.0,5433.0,890.0,0.0,2662.0,-936.0,995.0,-10046.0,12.0,-2116,1163,-1584,-2227,-5877,2.0,35.0,0.0,0.0,170.0,0.0,0.0,1996.0,619.0,47.0,422.0,271.0,301.0,-111.0,0.0,2026,9,16,45,2,Wednesday,Automne,Jour_de_semaine,8985.0,24.7
France,Données temps réel,2026-09-16,3,2026-09-16 03:00:00,35942.0,36200,35820,37.0,0.0,166.0,37335.0,6149.0,5259.0,889.0,0.0,2727.0,-930.0,992.0,-10273.0,12.0,-2751,1124,-1725,-2227,-5636,2.0,35.0,0.0,0.0,171.0,0.0,0.0,2011.0,666.0,50.0,419.0,271.0,301.0,-260.0,2.0,2026,9,16,0,2,Wednesday,Automne,Jour_de_semaine,8876.0,24.7
France,Données temps réel,2026-09-16,3,2026-09-16 03:15:00,35608.0,35850,35526,37.0,0.0,167.0,37379.0,5942.0,5066.0,876.0,0.0,2667.0,-931.0,993.0,-10612.0,12.0,-2751,1170,-1725,-2227,-5735,2.0,35.0,0.0,0.0,171.0,0.0,0.0,1979.0,639.0,49.0,421.0,271.0,301.0,-33.0,0.0,2026,9,16,15,2,Wednesday,Automne,Jour_de_semaine,8609.0,24.2
France,Données temps réel,2026-09-16,3,2026-09-16 03:30:00,35383.0,35500,35231,37.0,0.0,166.0,37365.0,5879.0,5072.0,807.0,0.0,2625.0,-933.0,991.0,-10646.0,12.0,-2751,1264,-1725,-2227,-5737,2.0,35.0,0.0,0.0,170.0,0.0,0.0,1968.0,608.0,48.0,419.0,271.0,301.0,-101.0,2.0,2026,9,16,30,2,Wednesday,Automne,Jour_de_semaine,8504.0,24.0
France,Données temps réel,2026-09-16,3,2026-09-16 03:45:00,34996.0,35200,34871,37.0,0.0,166.0,37428.0,5822.0,4993.0,829.0,0.0,2542.0,-932.0,992.0,-10863.0,13.0,-2751,1226,-1725,-2227,-5738,2.0,35.0,0.0,0.0,171.0,0.0,0.0,1905.0,588.0,48.0,420.0,271.0,301.0,-197.0,0.0,2026,9,16,45,2,Wednesday,Automne,Jour_de_semaine,8364.0,23.9
France,Données temps réel,2026-09-16,4,2026-09-16 04:00:00,34916.0,34900,34510,37.0,0.0,166.0,37402.0,5694.0,4900.0,794.0,0.0,2542.0,-931.0,994.0,-10755.0,13.0,-2978,1350,-1725,-2227,-5553,2.0,35.0,0.0,0.0,171.0,0.0,0.0,1900.0,593.0,49.0,421.0,272.0,301.0,-240.0,7.0,2026,9,16,0,2,Wednesday,Automne,Jour_de_semaine,8236.0,23.6
France,Données temps réel,2026-09-16,4,2026-09-16 04:15:00,35070.0,34900,34567,37.0,0.0,166.0,37440.0,5631.0,4881.0,750.0,0.0,2545.0,-929.0,995.0,-10528.0,13.0,-2978,1350,-1725,-2227,-5540,2.0,35.0,0.0,0.0,171.0,0.0,0.0,1895.0,602.0,49.0,422.0,272.0,301.0,-291.0,5.0,2026,9,16,15,2,Wednesday,Automne,Jour_de_semaine,8176.0,23.3
France,Données temps réel,2026-09-16,4,2026-09-16 04:30:00,34828.0,34900,34624,37.0,0.0,166.0,37464.0,5483.0,4781.0,702.0,0.0,2552.0,-928.0,994.0,-10641.0,13.0,-2978,1350,-1725,-2227,-5538,2.0,35.0,0.0,0.0,172.0,0.0,0.0,1904.0,599.0,50.0,421.0,272.0,301.0,-299.0,2.0,2026,9,16,30,2,Wednesday,Automne,Jour_de_semaine,8035.0,23.1
France,Données temps réel,2026-09-16,4,2026-09-16 04:45:00,34975.0,35150,34872,37.0,0.0,166.0,37533.0,5382.0,4776.0,607.0,0.0,2571.0,-927.0,994.0,-10540.0,13.0,-2978,1350,-1725,-2227,-5516,2.0,35.0,0.0,0.0,171.0,0.0,0.0,1923.0,598.0,51.0,421.0,272.0,301.0,-251.0,9.0,2026,9,16,45,2,Wednesday,Automne,Jour_de_semaine,7953.0,22.7
France,Données temps réel,2026-09-16,5,2026-09-16 05:00:00,35274.0,35400,35119,37.0,0.0,163.0,37542.0,5153.0,4634.0,519.0,0.0,2658.0,-932.0,994.0,-10203.0,13.0,-2683,1350,-1725,-2227,-5352,2.0,35.0,0.0,0.0,170.0,0.0,0.0,1910.0,699.0,48.0,421.0,272.0,301.0,-146.0,11.0,2026,9,16,0,2,Wednesday,Automne,Jour_de_semaine,7811.0,22.1
France,Données temps réel,2026-09-16,5,2026-09-16 05:15:00,35833.0,36000,35676,37.0,0.0,161.0,37594.0,5045.0,4528.0,518.0,0.0,2714.0,-927.0,993.0,-9848.0,13.0,-2683,1350,-1725,-2227,-5386,2.0,35.0,0.0,0.0,170.0,0.0,0.0,1944.0,721.0,49.0,420.0,272.0,301.0,-6.0,70.0,2026,9,16,15,2,Wednesday,Automne,Jour_de_semaine,7759.0,21.7
France,Données temps réel,2026-09-16,5,2026-09-16 05:30:00,36064.0,36600,36232,37.0,0.0,163.0,37634.0,4979.0,4489.0,491.0,0.0,2733.0,-925.0,986.0,-9676.0,13.0,-2683,1350,-1725,-2227,-5421,2.0,35.0,0.0,0.0,171.0,0.0,0.0,1942.0,742.0,49.0,414.0,271.0,301.0,-11.0,143.0,2026,9,16,30,2,Wednesday,Automne,Jour_de_semaine,7712.0,21.4
France,Données temps réel,2026-09-16,5,2026-09-16 05:45:00,36906.0,37450,37051,37.0,0.0,243.0,37659.0,5007.0,4519.0,489.0,0.0,2826.0,-579.0,987.0,-9390.0,13.0,-2683,1350,-1725,-2227,-5420,2.0,35.0,0.0,0.0,171.0,74.0,0.0,1939.0,838.0,50.0,415.0,271.0,301.0,-4.0,121.0,2026,9,16,45,2,Wednesday,Automne,Jour_de_semaine,7833.0,21.2
France,Données temps réel,2026-09-16,6,2026-09-16 06:00:00,37430.0,38300,37869,37.0,0.0,897.0,37647.0,5067.0,4563.0,504.0,0.0,2796.0,-580.0,991.0,-9541.0,19.0,-1300,2374,-1725,-2227,-5484,2.0,35.0,0.0,0.0,170.0,729.0,0.0,1915.0,833.0,48.0,418.0,271.0,301.0,-23.0,140.0,2026,9,16,0,2,Wednesday,Automne,Jour_de_semaine,7863.0,21.0
France,Données temps réel,2026-09-16,6,2026-09-16 06:15:00,39466.0,39250,38918,37.0,0.0,1591.0,37622.0,5085.0,4588.0,497.0,0.0,2969.0,0.0,988.0,-8732.0,25.0,-1300,2399,-1725,-2222,-5561,2.0,35.0,0.0,0.0,170.0,1422.0,0.0,1923.0,906.0,141.0,415.0,271.0,301.0,-91.0,0.0,2026,9,16,15,2,Wednesday,Automne,Jour_de_semaine,8054.0,20.4
France,Données temps réel,2026-09-16,6,2026-09-16 06:30:00,40167.0,40200,39966,37.0,0.0,1711.0,37593.0,5109.0,4602.0,507.0,0.0,3224.0,-1.0,990.0,-8312.0,26.0,-1300,2399,-1725,-2181,-5566,2.0,35.0,0.0,0.0,170.0,1542.0,0.0,1923.0,1008.0,293.0,417.0,271.0,301.0,-183.0,1.0,2026,9,16,30,2,Wednesday,Automne,Jour_de_semaine,8333.0,20.7
France,Données temps réel,2026-09-16,6,2026-09-16 06:45:00,40953.0,41000,40863,37.0,0.0,1816.0,37640.0,4988.0,4498.0,490.0,0.0,3437.0,-1.0,988.0,-7790.0,26.0,-1300,2372,-1725,-2161,-5556,2.0,35.0,0.0,0.0,170.0,1647.0,0.0,1907.0,1053.0,476.0,416.0,271.0,301.0,-164.0,4.0,2026,9,16,45,2,Wednesday,Automne,Jour_de_semaine,8425.0,20.6
France,Données temps réel,2026-09-16,7,2026-09-16 07:00:00,42110.0,41800,41760,37.0,0.0,1837.0,37685.0,4882.0,4478.0,404.0,204.0,4679.0,0.0,996.0,-8060.0,26.0,-759,2371,-1976,-2193,-5118,2.0,35.0,0.0,0.0,171.0,1667.0,0.0,1897.0,1066.0,1715.0,418.0,277.0,301.0,-160.0,10.0,2026,9,16,0,2,Wednesday,Automne,Jour_de_semaine,9765.0,23.2
France,Données temps réel,2026-09-16,7,2026-09-16 07:15:00,43239.0,42550,42391,37.0,0.0,1844.0,37672.0,4844.0,4493.0,351.0,209.0,4737.0,-1.0,988.0,-7026.0,26.0,-759,2400,-1976,-2147,-4868,2.0,35.0,0.0,0.0,170.0,1675.0,0.0,1947.0,1109.0,1681.0,415.0,272.0,301.0,-69.0,7.0,2026,9,16,15,2,Wednesday,Automne,Jour_de_semaine,9790.0,22.6
France,Données temps réel,2026-09-16,7,2026-09-16 07:30:00,43254.0,43300,43021,37.0,0.0,2054.0,37698.0,4908.0,4600.0,308.0,228.0,5105.0,0.0,988.0,-8009.0,27.0,-759,2400,-1976,-2182,-4610,2.0,35.0,0.0,0.0,170.0,1885.0,0.0,1933.0,1203.0,1969.0,414.0,272.0,301.0,-9.0,256.0,2026,9,16,30,2,Wednesday,Automne,Jour_de_semaine,10241.0,23.7
France,Données temps réel,2026-09-16,7,2026-09-16 07:45:00,43300.0,43750,43617,37.0,0.0,1791.0,37732.0,4865.0,4552.0,313.0,371.0,4883.0,0.0,985.0,-7576.0,25.0,-759,2400,-1976,-2227,-4187,2.0,35.0,0.0,0.0,171.0,1622.0,0.0,1938.0,1122.0,1823.0,410.0,273.0,301.0,-11.0,225.0,2026,9,16,45,2,Wednesday,Automne,Jour_de_semaine,10119.0,23.4
France,Données temps réel,2026-09-16,8,2026-09-16 08:00:00,44294.0,44200,44213,36.0,0.0,1824.0,37702.0,4760.0,4475.0,285.0,680.0,4849.0,-1.0,980.0,-6691.0,25.0,-1694,2400,-1976,-1798,-3596,1.0,35.0,0.0,0.0,170.0,1656.0,0.0,1921.0,1058.0,1870.0,406.0,272.0,301.0,-2.0,159.0,2026,9,16,0,2,Wednesday,Automne,Jour_de_semaine,10289.0,23.2
France,Données temps réel,2026-09-16,8,2026-09-16 08:15:00,44987.0,44500,44790,37.0,0.0,1856.0,37782.0,4668.0,4398.0,271.0,1160.0,4950.0,-1.0,979.0,-6747.0,25.0,-1694,2400,-1976,-1718,-3840,2.0,35.0,0.0,0.0,170.0,1687.0,0.0,1921.0,994.0,2036.0,407.0,271.0,301.0,-2.0,307.0,2026,9,16,15,2,Wednesday,Automne,Jour_de_semaine,10778.0,24.0
France,Données temps réel,2026-09-16,8,2026-09-16 08:30:00,45571.0,44800,45367,37.0,0.0,1855.0,37790.0,4493.0,4250.0,243.0,1720.0,4527.0,-2.0,971.0,-6131.0,25.0,-1694,2393,-1976,-1724,-3093,2.0,35.0,0.0,0.0,171.0,1686.0,0.0,1911.0,960.0,1655.0,398.0,271.0,301.0,-1.0,312.0,2026,9,16,30,2,Wednesday,Automne,Jour_de_semaine,10740.0,23.6
France,Données temps réel,2026-09-16,8,2026-09-16 08:45:00,45815.0,45000,45638,37.0,0.0,1855.0,37752.0,4210.0,3945.0,266.0,2689.0,4134.0,-1.0,973.0,-5933.0,25.0,-1694,2400,-1976,-2227,-2501,2.0,35.0,0.0,0.0,171.0,1685.0,0.0,1919.0,787.0,1427.0,400.0,271.0,301.0,-2.0,101.0,2026,9,16,45,2,Wednesday,Automne,Jour_de_semaine,11033.0,24.1
France,Données temps réel,2026-09-16,9,2026-09-16 09:00:00,46282.0,45200,45908,37.0,0.0,1858.0,37801.0,4003.0,3698.0,305.0,3231.0,3662.0,-1.0,977.0,-5373.0,25.0,-2879,2400,-2125,-1446,-1686,2.0,35.0,0.0,0.0,172.0,1688.0,0.0,1882.0,663.0,1116.0,403.0,272.0,301.0,-5.0,94.0,2026,9,16,0,2,Wednesday,Automne,Jour_de_semaine,10896.0,23.5
France,Données temps réel,2026-09-16,9,2026-09-16 09:15:00,46686.0,45450,46261,37.0,0.0,1854.0,37788.0,3686.0,3368.0,318.0,4310.0,3344.0,-1.0,959.0,-5475.0,25.0,-2879,2400,-2125,-1760,-1694,2.0,35.0,0.0,0.0,170.0,1685.0,0.0,1820.0,371.0,1153.0,386.0,271.0,301.0,-24.0,209.0,2026,9,16,15,2,Wednesday,Automne,Jour_de_semaine,11340.0,24.3
France,Données temps réel,2026-09-16,9,2026-09-16 09:30:00,47190.0,45700,46613,37.0,0.0,1859.0,37759.0,3432.0,3176.0,256.0,5406.0,3248.0,-1.0,969.0,-5652.0,25.0,-2879,2400,-2125,-1795,-1740,2.0,35.0,0.0,0.0,172.0,1689.0,0.0,1797.0,519.0,932.0,395.0,272.0,301.0,-2.0,137.0,2026,9,16,30,2,Wednesday,Automne,Jour_de_semaine,12086.0,25.6
France,Données temps réel,2026-09-16,9,2026-09-16 09:45:00,46752.0,45800,46638,37.0,0.0,1854.0,37740.0,3241.0,3005.0,237.0,6360.0,2821.0,-1.0,973.0,-6303.0,25.0,-2879,2400,-2125,-1807,-2326,2.0,35.0,0.0,0.0,171.0,1684.0,0.0,1760.0,388.0,673.0,400.0,271.0,301.0,-4.0,35.0,2026,9,16,45,2,Wednesday,Automne,Jour_de_semaine,12422.0,26.6
France,Données temps réel,2026-09-16,10,2026-09-16 10:00:00,46961.0,45900,46663,36.0,0.0,1737.0,37767.0,3246.0,3006.0,240.0,7537.0,2631.0,0.0,971.0,-6981.0,23.0,-2929,2400,-2125,-2227,-2499,1.0,35.0,0.0,0.0,171.0,1568.0,0.0,1773.0,344.0,515.0,397.0,272.0,301.0,-3.0,22.0,2026,9,16,0,2,Wednesday,Automne,Jour_de_semaine,13414.0,28.6
France,Données temps réel,2026-09-16,10,2026-09-16 10:15:00,47393.0,46350,47164,36.0,0.0,1522.0,37668.0,3248.0,3003.0,245.0,8627.0,2607.0,-163.0,970.0,-7077.0,21.0,-2929,2400,-2125,-2227,-2360,1.0,35.0,0.0,0.0,171.0,1353.0,0.0,1751.0,329.0,527.0,396.0,272.0,301.0,-45.0,1.0,2026,9,16,15,2,Wednesday,Automne,Jour_de_semaine,14482.0,30.6
France,Données temps réel,2026-09-16,10,2026-09-16 10:30:00,47639.0,46800,47664,36.0,0.0,1434.0,37566.0,3288.0,3008.0,279.0,9665.0,2601.0,-162.0,970.0,-7597.0,20.0,-2929,2400,-2125,-2227,-2455,1.0,35.0,0.0,0.0,171.0,1264.0,0.0,1736.0,329.0,535.0,395.0,274.0,301.0,-161.0,1.0,2026,9,16,30,2,Wednesday,Automne,Jour_de_semaine,15554.0,32.6
France,Données temps réel,2026-09-16,10,2026-09-16 10:45:00,48070.0,46950,47622,36.0,0.0,1442.0,37599.0,3439.0,3172.0,267.0,10805.0,2265.0,-327.0,972.0,-7956.0,20.0,-2929,2100,-2125,-2227,-2613,1.0,35.0,0.0,0.0,171.0,1272.0,0.0,1732.0,348.0,185.0,397.0,273.0,301.0,-207.0,2.0,2026,9,16,45,2,Wednesday,Automne,Jour_de_semaine,16509.0,34.3
France,Données temps réel,2026-09-16,11,2026-09-16 11:00:00,48391.0,47100,47580,36.0,0.0,1414.0,37540.0,3480.0,3202.0,278.0,11545.0,2397.0,-349.0,968.0,-8428.0,19.0,-3028,1350,-2125,-2227,-2313,1.0,35.0,0.0,0.0,170.0,1245.0,0.0,1721.0,338.0,339.0,392.0,274.0,301.0,-210.0,0.0,2026,9,16,0,2,Wednesday,Automne,Jour_de_semaine,17422.0,36.0
France,Données temps réel,2026-09-16,11,2026-09-16 11:15:00,49006.0,47450,48069,37.0,0.0,1300.0,37209.0,3653.0,3366.0,287.0,12625.0,2577.0,-958.0,968.0,-8278.0,18.0,-3028,1350,-2125,-2227,-2701,2.0,35.0,0.0,0.0,170.0,1131.0,0.0,1729.0,439.0,409.0,396.0,270.0,301.0,-127.0,1.0,2026,9,16,15,2,Wednesday,Automne,Jour_de_semaine,18855.0,38.5
France,Données temps réel,2026-09-16,11,2026-09-16 11:30:00,49232.0,47800,48557,37.0,0.0,1273.0,37378.0,3705.0,3401.0,304.0,13359.0,2459.0,-952.0,966.0,-8913.0,18.0,-3028,1350,-2125,-2227,-2882,2.0,35.0,0.0,0.0,172.0,1102.0,0.0,1742.0,425.0,292.0,392.0,272.0,301.0,-80.0,0.0,2026,9,16,30,2,Wednesday,Automne,Jour_de_semaine,19523.0,39.7
France,Données temps réel,2026-09-16,11,2026-09-16 11:45:00,49747.0,48200,49279,37.0,0.0,1268.0,37162.0,3758.0,3478.0,280.0,13856.0,2461.0,-952.0,961.0,-8790.0,18.0,-3028,1350,-2125,-2227,-2902,2.0,35.0,0.0,0.0,171.0,1098.0,0.0,1727.0,438.0,296.0,397.0,262.0,301.0,-16.0,2.0,2026,9,16,45,2,Wednesday,Automne,Jour_de_semaine,20075.0,40.4
France,Données temps réel,2026-09-16,12,2026-09-16 12:00:00,50108.0,48600,50000,37.0,0.0,1196.0,37052.0,3892.0,3638.0,254.0,14287.0,2190.0,-952.0,968.0,-8550.0,17.0,-3028,1350,-2652,-2227,-2432,2.0,35.0,0.0,0.0,170.0,1027.0,0.0,1690.0,245.0,255.0,395.0,272.0,301.0,-11.0,2.0,2026,9,16,0,2,Wednesday,Automne,Jour_de_semaine,20369.0,40.7
France,Données temps réel,2026-09-16,12,2026-09-16 12:15:00,50163.0,48350,49700,37.0,0.0,1180.0,37089.0,4004.0,3740.0,264.0,14618.0,2172.0,-950.0,946.0,-8865.0,17.0,-3028,1350,-2652,-2227,-2597,2.0,35.0,0.0,0.0,170.0,1012.0,0.0,1686.0,240.0,245.0,389.0,256.0,301.0,-70.0,3.0,2026,9,16,15,2,Wednesday,Automne,Jour_de_semaine,20794.0,41.5
France,Données temps réel,2026-09-16,12,2026-09-16 12:30:00,49985.0,48100,49400,37.0,0.0,1188.0,37090.0,4220.0,3988.0,232.0,15023.0,2160.0,-950.0,947.0,-9713.0,17.0,-3028,1350,-2652,-2227,-2586,2.0,35.0,0.0,0.0,170.0,1019.0,0.0,1682.0,236.0,241.0,388.0,258.0,301.0,-17.0,0.0,2026,9,16,30,2,Wednesday,Automne,Jour_de_semaine,21403.0,42.8
France,Données temps réel,2026-09-16,12,2026-09-16 12:45:00,50415.0,48650,49850,36.0,0.0,1190.0,37040.0,4335.0,4114.0,221.0,15446.0,2203.0,-933.0,944.0,-9827.0,16.0,-3028,1350,-2652,-2227,-3079,1.0,35.0,0.0,0.0,171.0,1020.0,0.0,1682.0,280.0,241.0,385.0,257.0,301.0,-17.0,0.0,2026,9,16,45,2,Wednesday,Automne,Jour_de_semaine,21984.0,43.6
France,Données temps réel,2026-09-16,13,2026-09-16 13:00:00,49965.0,49200,50300,37.0,0.0,1169.0,37077.0,4503.0,4251.0,252.0,15519.0,2219.0,-914.0,949.0,-10471.0,16.0,-3028,1350,-2685,-2227,-3816,2.0,35.0,0.0,0.0,171.0,999.0,0.0,1698.0,280.0,241.0,383.0,264.0,301.0,-124.0,2.0,2026,9,16,0,2,Wednesday,Automne,Jour_de_semaine,22241.0,44.5
France,Données temps réel,2026-09-16,13,2026-09-16 13:15:00,50380.0,48300,49400,37.0,0.0,1182.0,37164.0,4654.0,4406.0,249.0,15986.0,2090.0,-966.0,959.0,-10693.0,16.0,-3028,1350,-2685,-2227,-4015,2.0,35.0,0.0,0.0,170.0,1013.0,0.0,1664.0,181.0,245.0,388.0,270.0,301.0,-40.0,7.0,2026,9,16,15,2,Wednesday,Automne,Jour_de_semaine,22730.0,45.1
France,Données temps réel,2026-09-16,13,2026-09-16 13:30:00,49917.0,47400,48500,37.0,0.0,1055.0,37066.0,4771.0,4533.0,238.0,16163.0,2075.0,-982.0,960.0,-11136.0,15.0,-3028,1350,-2685,-2227,-4031,2.0,35.0,0.0,0.0,170.0,886.0,0.0,1660.0,174.0,241.0,386.0,273.0,301.0,-92.0,4.0,2026,9,16,30,2,Wednesday,Automne,Jour_de_semaine,23009.0,46.1
France,Données temps réel,2026-09-16,13,2026-09-16 13:45:00,50287.0,47150,48200,36.0,0.0,958.0,36989.0,4933.0,4704.0,229.0,16195.0,2142.0,-985.0,956.0,-10662.0,15.0,-3028,1350,-2685,-2227,-4124,1.0,35.0,0.0,0.0,170.0,789.0,0.0,1682.0,218.0,242.0,384.0,271.0,301.0,-277.0,1.0,2026,9,16,45,2,Wednesday,Automne,Jour_de_semaine,23270.0,46.3
France,Données temps réel,2026-09-16,14,2026-09-16 14:00:00,50442.0,46900,47900,35.0,0.0,966.0,37072.0,5033.0,4827.0,206.0,16130.0,2201.0,-982.0,957.0,-10661.0,15.0,-3028,1350,-2529,-2227,-3836,0.0,35.0,0.0,0.0,170.0,797.0,0.0,1716.0,243.0,242.0,383.0,272.0,301.0,-313.0,5.0,2026,9,16,0,2,Wednesday,Automne,Jour_de_semaine,23364.0,46.3
France,Données temps réel,2026-09-16,14,2026-09-16 14:15:00,50851.0,47350,48350,37.0,0.0,391.0,36692.0,5052.0,4871.0,181.0,16063.0,2397.0,-980.0,957.0,-10061.0,11.0,-3028,1350,-2529,-2227,-3842,2.0,35.0,0.0,0.0,170.0,222.0,0.0,1725.0,378.0,294.0,384.0,272.0,301.0,-7.0,312.0,2026,9,16,15,2,Wednesday,Automne,Jour_de_semaine,23512.0,46.2
France,Données temps réel,2026-09-16,14,2026-09-16 14:30:00,50417.0,47800,48800,36.0,0.0,154.0,36314.0,5115.0,4920.0,195.0,15824.0,2827.0,-982.0,960.0,-10230.0,9.0,-3028,1338,-2529,-2227,-3890,1.0,35.0,0.0,0.0,170.0,0.0,0.0,1725.0,682.0,420.0,388.0,271.0,301.0,-4.0,407.0,2026,9,16,30,2,Wednesday,Automne,Jour_de_semaine,23766.0,47.1
France,Données temps réel,2026-09-16,14,2026-09-16 14:45:00,50261.0,47400,49050,36.0,0.0,160.0,36435.0,5059.0,4834.0,225.0,15692.0,2968.0,-978.0,962.0,-10068.0,9.0,-3028,1338,-2529,-2227,-3976,1.0,35.0,0.0,0.0,170.0,0.0,0.0,1763.0,735.0,470.0,390.0,271.0,301.0,-13.0,8.0,2026,9,16,45,2,Wednesday,Automne,Jour_de_semaine,23719.0,47.2
France,Données temps réel,2026-09-16,15,2026-09-16 15:00:00,49775.0,47000,49300,36.0,0.0,161.0,36264.0,5163.0,4926.0,237.0,15581.0,2523.0,-979.0,969.0,-9931.0,9.0,-3028,1400,-2400,-2227,-4266,1.0,35.0,0.0,0.0,170.0,0.0,0.0,1778.0,500.0,245.0,396.0,272.0,301.0,-14.0,3.0,2026,9,16,0,2,Wednesday,Automne,Jour_de_semaine,23267.0,46.7
France,Données temps réel,2026-09-16,15,2026-09-16 15:15:00,49398.0,46750,48950,36.0,0.0,162.0,36646.0,5196.0,4939.0,257.0,15014.0,2915.0,-910.0,966.0,-10722.0,9.0,-3028,1389,-2400,-2227,-4216,1.0,35.0,0.0,0.0,170.0,0.0,0.0,1774.0,822.0,320.0,394.0,271.0,301.0,-1.0,98.0,2026,9,16,15,2,Wednesday,Automne,Jour_de_semaine,23125.0,46.8
France,Données temps réel,2026-09-16,15,2026-09-16 15:30:00,49146.0,46500,48600,36.0,0.0,164.0,36695.0,5039.0,4741.0,298.0,15034.0,2728.0,-910.0,973.0,-10512.0,10.0,-3028,1388,-2400,-2227,-4184,1.0,35.0,0.0,0.0,171.0,0.0,0.0,1801.0,678.0,249.0,400.0,272.0,301.0,-100.0,0.0,2026,9,16,30,2,Wednesday,Automne,Jour_de_semaine,22801.0,46.4
France,Données temps réel,2026-09-16,15,2026-09-16 15:45:00,48606.0,46350,48400,36.0,0.0,165.0,36724.0,5222.0,4860.0,362.0,14428.0,2794.0,-910.0,969.0,-10734.0,10.0,-3028,1387,-2400,-2227,-4124,1.0,35.0,0.0,0.0,171.0,0.0,0.0,1816.0,724.0,254.0,396.0,271.0,301.0,-87.0,0.0,2026,9,16,45,2,Wednesday,Automne,Jour_de_semaine,22444.0,46.2
France,Données temps réel,2026-09-16,16,2026-09-16 16:00:00,47417.0,46200,48200,36.0,0.0,190.0,36520.0,5368.0,4924.0,444.0,13013.0,2890.0,-907.0,976.0,-10578.0,10.0,-3028,1400,-2400,-2227,-4578,1.0,35.0,0.0,0.0,170.0,22.0,0.0,1836.0,715.0,338.0,402.0,273.0,301.0,-91.0,2.0,2026,9,16,0,2,Wednesday,Automne,Jour_de_semaine,21271.0,44.9
France,Données temps réel,2026-09-16,16,2026-09-16 16:15:00,46665.0,45950,47850,36.0,0.0,190.0,36420.0,5600.0,5065.0,535.0,12280.0,3177.0,-923.0,971.0,-10898.0,10.0,-3028,1400,-2400,-2227,-4430,1.0,35.0,0.0,0.0,170.0,21.0,0.0,1859.0,911.0,407.0,399.0,271.0,301.0,-191.0,4.0,2026,9,16,15,2,Wednesday,Automne,Jour_de_semaine,21057.0,45.1
France,Données temps réel,2026-09-16,16,2026-09-16 16:30:00,46405.0,45700,47500,36.0,0.0,191.0,36995.0,5468.0,4989.0,478.0,11543.0,3354.0,-903.0,972.0,-11085.0,10.0,-3028,1400,-2400,-2227,-4154,1.0,35.0,0.0,0.0,171.0,21.0,0.0,1849.0,1048.0,457.0,399.0,272.0,301.0,-166.0,2.0,2026,9,16,30,2,Wednesday,Automne,Jour_de_semaine,20365.0,43.9
France,Données temps réel,2026-09-16,16,2026-09-16 16:45:00,46190.0,45400,47100,36.0,0.0,219.0,37329.0,5285.0,4881.0,405.0,10806.0,3681.0,-908.0,957.0,-10947.0,10.0,-3028,1400,-2400,-2227,-3981,1.0,35.0,0.0,0.0,170.0,51.0,0.0,1959.0,1256.0,465.0,400.0,256.0,301.0,-278.0,10.0,2026,9,16,45,2,Wednesday,Automne,Jour_de_semaine,19772.0,42.8
France,Données temps réel,2026-09-16,17,2026-09-16 17:00:00,45941.0,45100,46700,36.0,0.0,372.0,37341.0,5294.0,4844.0,450.0,9960.0,3378.0,-672.0,953.0,-10407.0,11.0,-2908,1400,-2400,-2227,-5348,1.0,35.0,0.0,0.0,170.0,203.0,0.0,1958.0,1062.0,358.0,400.0,251.0,301.0,-321.0,10.0,2026,9,16,0,2,Wednesday,Automne,Jour_de_semaine,18632.0,40.6
France,Données temps réel,2026-09-16,17,2026-09-16 17:15:00,45767.0,45350,46750,36.0,0.0,399.0,37569.0,5357.0,4852.0,505.0,9188.0,3668.0,-162.0,949.0,-11210.0,12.0,-2908,1370,-2400,-2227,-5139,1.0,35.0,0.0,0.0,171.0,229.0,0.0,2046.0,1030.0,591.0,399.0,249.0,301.0,-40.0,16.0,2026,9,16,15,2,Wednesday,Automne,Jour_de_semaine,18213.0,39.8
France,Données temps réel,2026-09-16,17,2026-09-16 17:30:00,45959.0,45600,46800,36.0,0.0,491.0,37749.0,5356.0,4772.0,584.0,8258.0,4210.0,-163.0,946.0,-10914.0,12.0,-2908,1370,-2400,-2227,-5211,1.0,35.0,0.0,0.0,170.0,321.0,0.0,2094.0,1152.0,964.0,402.0,243.0,301.0,-16.0,10.0,2026,9,16,30,2,Wednesday,Automne,Jour_de_semaine,17824.0,38.8
France,Données temps réel,2026-09-16,17,2026-09-16 17:45:00,46347.0,46050,47050,36.0,0.0,630.0,37841.0,5198.0,4538.0,660.0,7491.0,4741.0,0.0,944.0,-10548.0,13.0,-2908,1400,-2400,-2227,-4969,1.0,35.0,0.0,0.0,170.0,461.0,0.0,2218.0,1457.0,1066.0,399.0,243.0,301.0,-2.0,18.0,2026,9,16,45,2,Wednesday,Automne,Jour_de_semaine,17430.0,37.6
France,Données temps réel,2026-09-16,18,2026-09-16 18:00:00,46608.0,46500,47300,36.0,0.0,1321.0,37683.0,5072.0,4415.0,657.0,6532.0,5214.0,0.0,955.0,-10377.0,19.0,-2773,1120,-2588,-2227,-3969,1.0,35.0,0.0,0.0,169.0,1153.0,0.0,2168.0,1709.0,1337.0,400.0,254.0,301.0,-5.0,178.0,2026,9,16,0,2,Wednesday,Automne,Jour_de_semaine,16818.0,36.1
France,Données temps réel,2026-09-16,18,2026-09-16 18:15:00,46933.0,47000,47550,36.0,0.0,2455.0,37810.0,5084.0,4433.0,651.0,5528.0,5440.0,0.0,972.0,-10393.0,27.0,-2773,920,-2620,-2227,-3558,1.0,35.0,0.0,0.0,170.0,2287.0,0.0,2263.0,1573.0,1605.0,403.0,267.0,301.0,-3.0,5.0,2026,9,16,15,2,Wednesday,Automne,Jour_de_semaine,16052.0,34.2
France,Données temps réel,2026-09-16,18,2026-09-16 18:30:00,47299.0,47500,47800,35.0,0.0,2516.0,37880.0,5025.0,4354.0,670.0,4612.0,5876.0,0.0,976.0,-9630.0,28.0,-2773,1120,-2620,-2191,-3152,0.0,35.0,0.0,0.0,170.0,2348.0,0.0,2284.0,1611.0,1981.0,404.0,271.0,301.0,-3.0,12.0,2026,9,16,30,2,Wednesday,Automne,Jour_de_semaine,15513.0,32.8
France,Données temps réel,2026-09-16,18,2026-09-16 18:45:00,48489.0,48300,48400,36.0,0.0,2569.0,37933.0,5013.0,4277.0,736.0,3733.0,6552.0,-1.0,978.0,-8350.0,28.0,-2773,1100,-2620,-1750,-2269,1.0,35.0,0.0,0.0,171.0,2400.0,0.0,2478.0,1859.0,2215.0,406.0,271.0,301.0,-7.0,34.0,2026,9,16,45,2,Wednesday,Automne,Jour_de_semaine,15298.0,31.5
France,Données temps réel,2026-09-16,19,2026-09-16 19:00:00,49175.0,49100,49000,36.0,0.0,2607.0,37924.0,4999.0,4212.0,787.0,2636.0,6846.0,0.0,979.0,-6909.0,29.0,-579,1150,-2620,-1488,-3144,1.0,35.0,0.0,0.0,170.0,2438.0,0.0,2465.0,2043.0,2339.0,405.0,273.0,301.0,-10.0,69.0,2026,9,16,0,2,Wednesday,Automne,Jour_de_semaine,14481.0,29.4
France,Données temps réel,2026-09-16,19,2026-09-16 19:15:00,48951.0,48950,48450,36.0,0.0,2624.0,37991.0,4675.0,3880.0,795.0,1836.0,6973.0,0.0,979.0,-6211.0,30.0,-579,1130,-2620,-1387,-2867,1.0,35.0,0.0,0.0,171.0,2454.0,0.0,2507.0,2125.0,2341.0,405.0,273.0,301.0,-5.0,54.0,2026,9,16,15,2,Wednesday,Automne,Jour_de_semaine,13484.0,27.5
France,Données temps réel,2026-09-16,19,2026-09-16 19:30:00,48746.0,48800,47900,36.0,0.0,2630.0,38158.0,4310.0,3501.0,809.0,1124.0,7044.0,-1.0,985.0,-5613.0,30.0,-579,1100,-2620,-1197,-2674,1.0,35.0,0.0,0.0,172.0,2459.0,0.0,2533.0,2171.0,2340.0,412.0,273.0,301.0,-9.0,82.0,2026,9,16,30,2,Wednesday,Automne,Jour_de_semaine,12478.0,25.6
France,Données temps réel,2026-09-16,19,2026-09-16 19:45:00,48457.0,48350,47450,36.0,0.0,2630.0,38287.0,4081.0,3269.0,812.0,722.0,7156.0,-2.0,985.0,-5459.0,30.0,-579,1100,-2522,-1307,-2759,1.0,35.0,0.0,0.0,170.0,2461.0,0.0,2503.0,2299.0,2354.0,411.0,273.0,301.0,-4.0,27.0,2026,9,16,45,2,Wednesday,Automne,Jour_de_semaine,11959.0,24.7
France,Données temps réel,2026-09-16,20,2026-09-16 20:00:00,48033.0,47900,47000,36.0,0.0,2635.0,38441.0,3882.0,3006.0,876.0,404.0,7316.0,-2.0,983.0,-5923.0,31.0,-1345,1100,-2584,751,-4405,1.0,35.0,0.0,0.0,171.0,2465.0,0.0,2534.0,2244.0,2538.0,409.0,273.0,301.0,-4.0,264.0,2026,9,16,0,2,Wednesday,Automne,Jour_de_semaine,11602.0,24.2
France,Données temps réel,2026-09-16,20,2026-09-16 20:15:00,47913.0,47600,46650,36.0,0.0,2649.0,38584.0,3641.0,2736.0,905.0,246.0,7138.0,0.0,986.0,-5774.0,31.0,-1345,1100,-2620,839,-4728,1.0,35.0,0.0,0.0,172.0,2478.0,0.0,2518.0,2043.0,2576.0,412.0,273.0,301.0,-8.0,416.0,2026,9,16,15,2,Wednesday,Automne,Jour_de_semaine,11025.0,23.0
France,Données temps réel,2026-09-16,20,2026-09-16 20:30:00,47373.0,47300,46300,35.0,0.0,2647.0,38765.0,3644.0,2628.0,1016.0,210.0,7051.0,0.0,984.0,-6299.0,31.0,-1345,1100,-2620,820,-4896,0.0,35.0,0.0,0.0,171.0,2477.0,0.0,2488.0,1981.0,2582.0,410.0,273.0,301.0,-7.0,343.0,2026,9,16,30,2,Wednesday,Automne,Jour_de_semaine,10905.0,23.0
France,Données temps réel,2026-09-16,20,2026-09-16 20:45:00,46556.0,46600,45600,36.0,0.0,2647.0,39056.0,3824.0,2720.0,1104.0,205.0,6361.0,-2.0,984.0,-6889.0,31.0,-1345,1150,-2620,851,-5115,1.0,35.0,0.0,0.0,171.0,2477.0,0.0,2370.0,1572.0,2418.0,410.0,273.0,301.0,-1.0,338.0,2026,9,16,45,2,Wednesday,Automne,Jour_de_semaine,10390.0,22.3
France,Données temps réel,2026-09-16,21,2026-09-16 21:00:00,45614.0,45900,44900,36.0,0.0,2648.0,39144.0,3727.0,2644.0,1083.0,196.0,6151.0,0.0,983.0,-7616.0,31.0,-1266,1150,-2594,-1277,-4151,1.0,35.0,0.0,0.0,171.0,2478.0,0.0,2292.0,1461.0,2397.0,409.0,273.0,301.0,-2.0,349.0,2026,9,16,0,2,Wednesday,Automne,Jour_de_semaine,10074.0,22.1
France,Données temps réel,2026-09-16,21,2026-09-16 21:15:00,44986.0,45200,44200,36.0,0.0,2665.0,39208.0,3681.0,2556.0,1124.0,0.0,5954.0,-1.0,969.0,-7711.0,31.0,-1266,1150,-2594,-1313,-4189,1.0,35.0,0.0,0.0,171.0,2495.0,0.0,2132.0,1436.0,2385.0,396.0,271.0,301.0,-19.0,206.0,2026,9,16,15,2,Wednesday,Automne,Jour_de_semaine,9635.0,21.4
France,Données temps réel,2026-09-16,21,2026-09-16 21:30:00,44503.0,44500,43500,36.0,0.0,2664.0,39429.0,3698.0,2600.0,1098.0,0.0,5121.0,0.0,970.0,-7532.0,32.0,-1266,1150,-2594,-1305,-4022,1.0,35.0,0.0,0.0,171.0,2495.0,0.0,2118.0,1270.0,1734.0,397.0,272.0,301.0,-28.0,146.0,2026,9,16,30,2,Wednesday,Automne,Jour_de_semaine,8819.0,19.8
France,Données temps réel,2026-09-16,21,2026-09-16 21:45:00,43857.0,44150,43150,36.0,0.0,2664.0,39425.0,3739.0,2617.0,1121.0,0.0,4653.0,0.0,979.0,-7605.0,32.0,-1266,1150,-2594,-1259,-3901,1.0,35.0,0.0,0.0,170.0,2495.0,0.0,2071.0,973.0,1609.0,405.0,272.0,301.0,-32.0,1.0,2026,9,16,45,2,Wednesday,Automne,Jour_de_semaine,8392.0,19.1
France,Données temps réel,2026-09-16,22,2026-09-16 22:00:00,43042.0,43800,42800,36.0,0.0,2452.0,39464.0,3730.0,2636.0,1093.0,0.0,3571.0,0.0,981.0,-6969.0,31.0,-661,1150,-2594,-1575,-2975,1.0,35.0,0.0,0.0,171.0,2283.0,0.0,2099.0,967.0,505.0,407.0,272.0,301.0,-222.0,1.0,2026,9,16,0,2,Wednesday,Automne,Jour_de_semaine,7301.0,17.0
France,Données temps réel,2026-09-16,22,2026-09-16 22:15:00,43542.0,43900,43050,36.0,0.0,2492.0,39445.0,3656.0,2563.0,1093.0,0.0,3549.0,-11.0,986.0,-6592.0,31.0,-661,1150,-2562,-1505,-3389,1.0,35.0,0.0,0.0,171.0,2322.0,0.0,2093.0,875.0,582.0,412.0,272.0,301.0,-16.0,1.0,2026,9,16,15,2,Wednesday,Automne,Jour_de_semaine,7205.0,16.5
France,Données temps réel,2026-09-16,22,2026-09-16 22:30:00,43677.0,44000,43300,36.0,0.0,2505.0,39501.0,3661.0,2611.0,1050.0,0.0,3470.0,-9.0,983.0,-6290.0,32.0,-661,1150,-2594,-1545,-2413,1.0,35.0,0.0,0.0,170.0,2336.0,0.0,2112.0,830.0,528.0,411.0,271.0,301.0,-182.0,0.0,2026,9,16,30,2,Wednesday,Automne,Jour_de_semaine,7131.0,16.3
France,Données temps réel,2026-09-16,22,2026-09-16 22:45:00,44124.0,44500,43900,37.0,0.0,2505.0,39497.0,3678.0,2633.0,1045.0,0.0,3510.0,-11.0,985.0,-5827.0,32.0,-661,1150,-2577,-1488,-2744,2.0,35.0,0.0,0.0,171.0,2335.0,0.0,2071.0,1006.0,433.0,412.0,272.0,301.0,-247.0,2.0,2026,9,16,45,2,Wednesday,Automne,Jour_de_semaine,7188.0,16.3
France,Données temps réel,2026-09-16,23,2026-09-16 23:00:00,43420.0,45000,44500,36.0,0.0,2509.0,39503.0,3671.0,2684.0,987.0,0.0,3158.0,-15.0,984.0,-6306.0,32.0,300,1150,-2367,-2204,-3206,1.0,35.0,0.0,0.0,172.0,2339.0,0.0,2037.0,836.0,285.0,411.0,272.0,301.0,-120.0,0.0,2026,9,16,0,2,Wednesday,Automne,Jour_de_semaine,6829.0,15.7
France,Données temps réel,2026-09-16,23,2026-09-16 23:15:00,43099.0,44200,43700,36.0,0.0,1963.0,39499.0,3728.0,2695.0,1033.0,0.0,3170.0,-38.0,987.0,-6206.0,27.0,300,1150,-2367,-2189,-3429,1.0,35.0,0.0,0.0,170.0,1794.0,0.0,2030.0,865.0,275.0,414.0,271.0,301.0,-40.0,0.0,2026,9,16,15,2,Wednesday,Automne,Jour_de_semaine,6898.0,16.0
France,Données temps réel,2026-09-16,23,2026-09-16 23:30:00,42648.0,43400,42900,37.0,0.0,1718.0,39497.0,3653.0,2624.0,1029.0,0.0,3064.0,-35.0,985.0,-6351.0,25.0,300,1150,-2348,-2180,-2918,2.0,35.0,0.0,0.0,171.0,1548.0,0.0,2004.0,872.0,188.0,411.0,272.0,301.0,-23.0,105.0,2026,9,16,30,2,Wednesday,Automne,Jour_de_semaine,6717.0,15.7
France,Données temps réel,2026-09-16,23,2026-09-16 23:45:00,42237.0,42900,42650,36.0,0.0,1237.0,39482.0,3509.0,2548.0,961.0,0.0,3061.0,-49.0,988.0,-6097.0,22.0,300,1150,-2366,-2146,-3488,1.0,35.0,0.0,0.0,170.0,1068.0,0.0,1968.0,903.0,190.0,414.0,272.0,301.0,-29.0,105.0,2026,9,16,45,2,Wednesday,Automne,Jour_de_semaine,6570.0,15.6
France,Données temps réel,2026-09-17,0,2026-09-17 00:00:00,41530.0,42400,42400,36.0,0.0,1226.0,39497.0,3396.0,2530.0,866.0,0.0,2885.0,-29.0,983.0,-6452.0,22.0,1485,1227,-2052,-2223,-3944,1.0,35.0,0.0,0.0,171.0,1057.0,0.0,1927.0,778.0,180.0,410.0,271.0,301.0,-12.0,0.0,2026,9,17,0,3,Thursday,Automne,Jour_de_semaine,6281.0,15.1
France,Données temps réel,2026-09-17,0,2026-09-17 00:15:00,41356.0,41300,41300,37.0,0.0,1200.0,39201.0,3354.0,2534.0,819.0,0.0,3041.0,-34.0,984.0,-6538.0,21.0,1485,555,-2052,-2227,-4197,2.0,35.0,0.0,0.0,171.0,1030.0,0.0,1921.0,883.0,237.0,411.0,272.0,301.0,-7.0,120.0,2026,9,17,15,3,Thursday,Automne,Jour_de_semaine,6395.0,15.5
France,Données temps réel,2026-09-17,0,2026-09-17 00:30:00,40447.0,40200,40200,37.0,0.0,822.0,38675.0,3305.0,2490.0,815.0,0.0,3316.0,-30.0,985.0,-6679.0,18.0,1485,396,-2052,-2227,-4482,2.0,35.0,0.0,0.0,171.0,653.0,0.0,1903.0,982.0,431.0,411.0,272.0,301.0,-4.0,21.0,2026,9,17,30,3,Thursday,Automne,Jour_de_semaine,6621.0,16.4
France,Données temps réel,2026-09-17,0,2026-09-17 00:45:00,39770.0,39400,39400,37.0,0.0,846.0,38530.0,3207.0,2456.0,751.0,0.0,3353.0,-187.0,986.0,-6998.0,19.0,1485,436,-2052,-2227,-4757,2.0,35.0,0.0,0.0,171.0,677.0,0.0,1858.0,896.0,599.0,412.0,272.0,301.0,-5.0,1.0,2026,9,17,45,3,Thursday,Automne,Jour_de_semaine,6560.0,16.5
France,Données temps réel,2026-09-17,1,2026-09-17 01:00:00,39394.0,38600,38600,37.0,0.0,555.0,38445.0,3158.0,2439.0,719.0,0.0,3305.0,-164.0,983.0,-6917.0,16.0,1331,1202,-2052,-2219,-4574,2.0,35.0,0.0,0.0,171.0,385.0,0.0,1843.0,853.0,609.0,409.0,272.0,301.0,-8.0,1.0,2026,9,17,0,3,Thursday,Automne,Jour_de_semaine,6463.0,16.4
France,Données temps réel,2026-09-17,1,2026-09-17 01:15:00,39586.0,39150,39150,37.0,0.0,507.0,38480.0,3046.0,2369.0,677.0,0.0,3013.0,-163.0,984.0,-6297.0,16.0,1331,1108,-2052,-2213,-4702,2.0,35.0,0.0,0.0,171.0,338.0,0.0,1837.0,575.0,602.0,410.0,272.0,301.0,-24.0,3.0,2026,9,17,15,3,Thursday,Automne,Jour_de_semaine,6059.0,15.3
France,Données temps réel,2026-09-17,1,2026-09-17 01:30:00,39029.0,39700,39700,37.0,0.0,500.0,38486.0,3027.0,2360.0,667.0,0.0,2926.0,-163.0,986.0,-6770.0,16.0,1331,1057,-2052,-2218,-4617,2.0,35.0,0.0,0.0,170.0,331.0,0.0,1820.0,500.0,606.0,412.0,272.0,301.0,-8.0,8.0,2026,9,17,30,3,Thursday,Automne,Jour_de_semaine,5953.0,15.3
France,Données temps réel,2026-09-17,1,2026-09-17 01:45:00,38800.0,39000,39000,37.0,0.0,421.0,38436.0,3042.0,2395.0,647.0,0.0,2821.0,-1.0,979.0,-6920.0,15.0,1331,1015,-2052,-2208,-4951,2.0,35.0,0.0,0.0,170.0,252.0,0.0,1820.0,408.0,592.0,408.0,269.0,301.0,-13.0,0.0,2026,9,17,45,3,Thursday,Automne,Jour_de_semaine,5863.0,15.1
France,Données temps réel,2026-09-17,2,2026-09-17 02:00:00,38131.0,38300,38300,37.0,0.0,418.0,38263.0,3066.0,2397.0,668.0,0.0,2748.0,-9.0,981.0,-7364.0,15.0,261,1069,-2052,-2227,-4507,2.0,35.0,0.0,0.0,171.0,248.0,0.0,1789.0,352.0,607.0,411.0,268.0,301.0,-7.0,0.0,2026,9,17,0,3,Thursday,Automne,Jour_de_semaine,5814.0,15.2
France,Données temps réel,2026-09-17,2,2026-09-17 02:15:00,37857.0,37650,37650,37.0,0.0,358.0,38319.0,3067.0,2390.0,676.0,0.0,2554.0,-174.0,984.0,-7286.0,15.0,261,929,-2052,-2227,-4440,2.0,35.0,0.0,0.0,170.0,190.0,0.0,1717.0,225.0,612.0,412.0,271.0,301.0,-6.0,4.0,2026,9,17,15,3,Thursday,Automne,Jour_de_semaine,5621.0,14.8
France,Données temps réel,2026-09-17,2,2026-09-17 02:30:00,37026.0,37000,37000,37.0,0.0,162.0,38282.0,3148.0,2484.0,664.0,0.0,2353.0,-194.0,985.0,-7737.0,13.0,261,633,-2052,-2227,-4436,2.0,35.0,0.0,0.0,171.0,0.0,0.0,1751.0,225.0,377.0,412.0,272.0,301.0,-11.0,2.0,2026,9,17,30,3,Thursday,Automne,Jour_de_semaine,5501.0,14.9
France,Données temps réel,2026-09-17,2,2026-09-17 02:45:00,36429.0,36300,36300,37.0,0.0,166.0,38280.0,3223.0,2636.0,586.0,0.0,2206.0,-533.0,985.0,-7934.0,13.0,261,496,-2052,-2227,-4447,2.0,35.0,0.0,0.0,171.0,0.0,0.0,1772.0,245.0,190.0,411.0,272.0,301.0,-7.0,7.0,2026,9,17,45,3,Thursday,Automne,Jour_de_semaine,5429.0,14.9
France,Données temps réel,2026-09-17,3,2026-09-17 03:00:00,35915.0,35600,35600,37.0,0.0,165.0,38211.0,3312.0,2714.0,598.0,0.0,2227.0,-530.0,984.0,-8370.0,13.0,-341,233,-1991,-2227,-4226,2.0,35.0,0.0,0.0,171.0,0.0,0.0,1790.0,261.0,176.0,410.0,272.0,301.0,-123.0,3.0,2026,9,17,0,3,Thursday,Automne,Jour_de_semaine,5539.0,15.4
France,Données temps réel,2026-09-17,3,2026-09-17 03:15:00,35355.0,35200,35200,37.0,0.0,162.0,38330.0,3348.0,2798.0,550.0,0.0,2270.0,-695.0,983.0,-8957.0,13.0,-341,170,-1991,-2227,-4229,2.0,35.0,0.0,0.0,170.0,0.0,0.0,1808.0,268.0,194.0,409.0,272.0,301.0,-127.0,7.0,2026,9,17,15,3,Thursday,Automne,Jour_de_semaine,5618.0,15.9
France,Données temps réel,2026-09-17,3,2026-09-17 03:30:00,34997.0,34800,34800,37.0,0.0,168.0,38286.0,3388.0,2787.0,602.0,0.0,2244.0,-930.0,984.0,-9108.0,13.0,-341,30,-1991,-2227,-4231,2.0,35.0,0.0,0.0,171.0,0.0,0.0,1783.0,267.0,194.0,411.0,272.0,301.0,-72.0,0.0,2026,9,17,30,3,Thursday,Automne,Jour_de_semaine,5632.0,16.1
France,Données temps réel,2026-09-17,3,2026-09-17 03:45:00,35011.0,34550,34550,37.0,0.0,168.0,38238.0,3468.0,2844.0,625.0,0.0,2032.0,-1003.0,984.0,-8889.0,13.0,-341,-83,-1991,-2227,-4347,2.0,35.0,0.0,0.0,171.0,0.0,0.0,1759.0,264.0,9.0,410.0,272.0,301.0,-26.0,5.0,2026,9,17,45,3,Thursday,Automne,Jour_de_semaine,5500.0,15.7
France,Données temps réel,2026-09-17,4,2026-09-17 04:00:00,34894.0,34300,34300,37.0,0.0,160.0,38231.0,3513.0,2883.0,630.0,0.0,1986.0,-1005.0,986.0,-8941.0,13.0,-627,-47,-1991,-2227,-4179,2.0,35.0,0.0,0.0,170.0,0.0,0.0,1764.0,212.0,10.0,413.0,272.0,301.0,-71.0,0.0,2026,9,17,0,3,Thursday,Automne,Jour_de_semaine,5499.0,15.8
France,Données temps réel,2026-09-17,4,2026-09-17 04:15:00,35098.0,34400,34400,36.0,0.0,161.0,38214.0,3555.0,2877.0,678.0,0.0,1885.0,-1000.0,981.0,-8581.0,13.0,-627,-36,-1991,-2227,-4146,1.0,35.0,0.0,0.0,170.0,0.0,0.0,1723.0,154.0,9.0,412.0,267.0,301.0,-151.0,0.0,2026,9,17,15,3,Thursday,Automne,Jour_de_semaine,5440.0,15.5
France,Données temps réel,2026-09-17,4,2026-09-17 04:30:00,34706.0,34500,34500,37.0,0.0,162.0,38235.0,3457.0,2807.0,649.0,0.0,1911.0,-1003.0,988.0,-8835.0,13.0,-627,-224,-1991,-2227,-4185,2.0,35.0,0.0,0.0,171.0,0.0,0.0,1728.0,174.0,9.0,415.0,271.0,301.0,-245.0,0.0,2026,9,17,30,3,Thursday,Automne,Jour_de_semaine,5368.0,15.5
France,Données temps réel,2026-09-17,4,2026-09-17 04:45:00,34846.0,34650,34800,37.0,0.0,163.0,38257.0,3484.0,2858.0,626.0,0.0,1897.0,-1002.0,984.0,-8912.0,13.0,-627,-216,-1991,-2227,-4171,2.0,35.0,0.0,0.0,171.0,0.0,0.0,1749.0,140.0,9.0,410.0,272.0,301.0,-62.0,0.0,2026,9,17,45,3,Thursday,Automne,Jour_de_semaine,5381.0,15.4
France,Données temps réel,2026-09-17,5,2026-09-17 05:00:00,35269.0,34800,35100,37.0,0.0,160.0,38223.0,3472.0,2845.0,627.0,0.0,1888.0,-997.0,986.0,-8403.0,13.0,765,-665,-1991,-2227,-3703,2.0,35.0,0.0,0.0,170.0,0.0,0.0,1742.0,137.0,9.0,412.0,272.0,301.0,-95.0,0.0,2026,9,17,0,3,Thursday,Automne,Jour_de_semaine,5360.0,15.2
France,Données temps réel,2026-09-17,5,2026-09-17 05:15:00,36053.0,35300,35750,37.0,0.0,163.0,38279.0,3588.0,2973.0,614.0,0.0,1913.0,-1001.0,987.0,-7586.0,13.0,765,-788,-1991,-2227,-3623,2.0,35.0,0.0,0.0,170.0,0.0,0.0,1745.0,159.0,9.0,413.0,272.0,301.0,-327.0,4.0,2026,9,17,15,3,Thursday,Automne,Jour_de_semaine,5501.0,15.3
France,Données temps réel,2026-09-17,5,2026-09-17 05:30:00,36348.0,35800,36400,37.0,0.0,158.0,38284.0,3766.0,3098.0,668.0,0.0,1897.0,-767.0,984.0,-7725.0,13.0,765,-729,-1991,-2227,-3620,2.0,35.0,0.0,0.0,170.0,0.0,0.0,1759.0,130.0,9.0,410.0,272.0,301.0,-286.0,1.0,2026,9,17,30,3,Thursday,Automne,Jour_de_semaine,5663.0,15.6
France,Données temps réel,2026-09-17,5,2026-09-17 05:45:00,36947.0,36600,37150,37.0,0.0,161.0,38316.0,3861.0,3175.0,687.0,0.0,1924.0,-695.0,982.0,-7550.0,13.0,765,-657,-1991,-2227,-3560,2.0,35.0,0.0,0.0,171.0,0.0,0.0,1788.0,128.0,9.0,408.0,272.0,301.0,-92.0,3.0,2026,9,17,45,3,Thursday,Automne,Jour_de_semaine,5785.0,15.7
France,Données temps réel,2026-09-17,6,2026-09-17 06:00:00,37806.0,37400,37900,37.0,0.0,159.0,38293.0,4002.0,3202.0,800.0,0.0,2050.0,-699.0,984.0,-6976.0,13.0,2027,-419,-1991,-2227,-4420,2.0,35.0,0.0,0.0,170.0,0.0,0.0,1778.0,263.0,9.0,410.0,272.0,301.0,-61.0,18.0,2026,9,17,0,3,Thursday,Automne,Jour_de_semaine,6052.0,16.0
France,Données temps réel,2026-09-17,6,2026-09-17 06:15:00,39270.0,38600,39050,37.0,0.0,164.0,38410.0,4014.0,3230.0,783.0,0.0,2113.0,-19.0,984.0,-6482.0,13.0,2027,329,-1991,-2227,-4629,2.0,35.0,0.0,0.0,170.0,0.0,0.0,1807.0,298.0,9.0,411.0,271.0,301.0,-3.0,56.0,2026,9,17,15,3,Thursday,Automne,Jour_de_semaine,6127.0,15.6
France,Données temps réel,2026-09-17,6,2026-09-17 06:30:00,40277.0,39800,40200,37.0,0.0,315.0,38400.0,4135.0,3304.0,831.0,0.0,2115.0,-22.0,983.0,-5876.0,14.0,2027,760,-1991,-2227,-4689,2.0,35.0,0.0,0.0,170.0,146.0,0.0,1795.0,311.0,10.0,410.0,271.0,301.0,-1.0,194.0,2026,9,17,30,3,Thursday,Automne,Jour_de_semaine,6250.0,15.5
France,Données temps réel,2026-09-17,6,2026-09-17 06:45:00,41541.0,40900,41250,37.0,0.0,568.0,38391.0,4247.0,3345.0,902.0,0.0,2726.0,-19.0,981.0,-5524.0,16.0,2027,994,-1991,-2227,-4678,2.0,35.0,0.0,0.0,170.0,399.0,0.0,1779.0,559.0,388.0,407.0,272.0,301.0,0.0,135.0,2026,9,17,45,3,Thursday,Automne,Jour_de_semaine,6973.0,16.8
France,Données temps réel,2026-09-17,7,2026-09-17 07:00:00,42756.0,42000,42300,37.0,0.0,583.0,38409.0,4304.0,3453.0,851.0,205.0,3695.0,-1.0,982.0,-5520.0,16.0,1625,2112,-2124,-2101,-4940,2.0,35.0,0.0,0.0,171.0,414.0,0.0,1784.0,622.0,1288.0,408.0,272.0,301.0,-13.0,76.0,2026,9,17,0,3,Thursday,Automne,Jour_de_semaine,8204.0,19.2
France,Données temps réel,2026-09-17,7,2026-09-17 07:15:00,43739.0,42850,43100,36.0,0.0,585.0,38339.0,4480.0,3584.0,896.0,204.0,3940.0,-1.0,978.0,-4905.0,16.0,1625,2126,-2124,-2046,-4760,1.0,35.0,0.0,0.0,170.0,417.0,0.0,1778.0,844.0,1318.0,404.0,272.0,301.0,-8.0,93.0,2026,9,17,15,3,Thursday,Automne,Jour_de_semaine,8624.0,19.7
France,Données temps réel,2026-09-17,7,2026-09-17 07:30:00,44164.0,43700,43900,37.0,0.0,591.0,38376.0,4533.0,3625.0,908.0,221.0,4066.0,0.0,978.0,-4749.0,16.0,1625,1641,-2124,-1930,-4475,2.0,35.0,0.0,0.0,171.0,421.0,0.0,1739.0,998.0,1329.0,404.0,272.0,301.0,-4.0,117.0,2026,9,17,30,3,Thursday,Automne,Jour_de_semaine,8820.0,20.0
France,Données temps réel,2026-09-17,7,2026-09-17 07:45:00,44736.0,44050,44200,36.0,0.0,597.0,38322.0,4548.0,3629.0,918.0,376.0,4342.0,0.0,979.0,-4830.0,16.0,1625,1083,-2124,-1610,-4205,1.0,35.0,0.0,0.0,171.0,427.0,0.0,1700.0,1098.0,1545.0,405.0,272.0,301.0,-10.0,378.0,2026,9,17,45,3,Thursday,Automne,Jour_de_semaine,9266.0,20.7
France,Données temps réel,2026-09-17,8,2026-09-17 08:00:00,44919.0,44400,44500,37.0,0.0,598.0,38398.0,4525.0,3599.0,926.0,719.0,4333.0,-1.0,977.0,-4894.0,15.0,1226,1213,-2119,-2046,-3015,2.0,35.0,0.0,0.0,171.0,429.0,0.0,1678.0,1104.0,1552.0,405.0,271.0,301.0,-2.0,231.0,2026,9,17,0,3,Thursday,Automne,Jour_de_semaine,9577.0,21.3
France,Données temps réel,2026-09-17,8,2026-09-17 08:15:00,45666.0,44700,44750,37.0,0.0,597.0,38386.0,4738.0,3750.0,989.0,1305.0,4218.0,0.0,966.0,-4866.0,15.0,1226,496,-2119,-2036,-2511,2.0,35.0,0.0,0.0,171.0,428.0,0.0,1707.0,987.0,1525.0,392.0,272.0,301.0,-6.0,293.0,2026,9,17,15,3,Thursday,Automne,Jour_de_semaine,10261.0,22.5
France,Données temps réel,2026-09-17,8,2026-09-17 08:30:00,45693.0,45000,45000,37.0,0.0,596.0,38244.0,4942.0,3822.0,1120.0,2003.0,3798.0,0.0,963.0,-4962.0,15.0,1226,212,-2119,-2155,-1876,2.0,35.0,0.0,0.0,171.0,426.0,0.0,1702.0,947.0,1150.0,390.0,272.0,301.0,-4.0,79.0,2026,9,17,30,3,Thursday,Automne,Jour_de_semaine,10743.0,23.5
France,Données temps réel,2026-09-17,8,2026-09-17 08:45:00,45773.0,45200,45850,36.0,0.0,591.0,38062.0,5063.0,3828.0,1235.0,3016.0,3350.0,0.0,966.0,-5303.0,15.0,1226,-152,-2119,-2151,-1826,1.0,35.0,0.0,0.0,170.0,422.0,0.0,1657.0,870.0,823.0,392.0,272.0,301.0,-45.0,40.0,2026,9,17,45,3,Thursday,Automne,Jour_de_semaine,11429.0,25.0
France,Données temps réel,2026-09-17,9,2026-09-17 09:00:00,45838.0,45400,46700,37.0,0.0,592.0,38100.0,5059.0,3755.0,1304.0,3804.0,3227.0,-1.0,967.0,-5950.0,15.0,-1956,600,-2224,-2227,-81,2.0,35.0,0.0,0.0,169.0,423.0,0.0,1658.0,972.0,597.0,394.0,272.0,301.0,-63.0,66.0,2026,9,17,0,3,Thursday,Automne,Jour_de_semaine,12090.0,26.4
France,Données temps réel,2026-09-17,9,2026-09-17 09:15:00,46025.0,45700,46900,37.0,0.0,351.0,38015.0,5222.0,3885.0,1336.0,5088.0,2882.0,-163.0,967.0,-6374.0,13.0,-1956,-55,-2224,-2227,36,2.0,35.0,0.0,0.0,170.0,183.0,0.0,1620.0,933.0,329.0,394.0,272.0,301.0,-18.0,19.0,2026,9,17,15,3,Thursday,Automne,Jour_de_semaine,13192.0,28.7
France,Données temps réel,2026-09-17,9,2026-09-17 09:30:00,45757.0,46000,47100,37.0,0.0,197.0,37860.0,5225.0,3874.0,1351.0,6413.0,2570.0,-590.0,975.0,-6947.0,11.0,-1956,310,-2224,-2227,-411,2.0,35.0,0.0,0.0,171.0,27.0,0.0,1565.0,777.0,228.0,401.0,272.0,301.0,-29.0,48.0,2026,9,17,30,3,Thursday,Automne,Jour_de_semaine,14208.0,31.1
France,Données temps réel,2026-09-17,9,2026-09-17 09:45:00,46045.0,46250,46650,37.0,0.0,165.0,37969.0,5217.0,3879.0,1338.0,7668.0,2444.0,-751.0,977.0,-7539.0,11.0,-1956,1300,-2224,-2227,-2642,2.0,35.0,0.0,0.0,176.0,0.0,0.0,1548.0,656.0,240.0,403.0,272.0,301.0,-144.0,4.0,2026,9,17,45,3,Thursday,Automne,Jour_de_semaine,15329.0,33.3
France,Données temps réel,2026-09-17,10,2026-09-17 10:00:00,46243.0,46500,46200,37.0,0.0,178.0,37741.0,5322.0,3997.0,1325.0,9015.0,2387.0,-768.0,964.0,-8583.0,10.0,-3028,2260,-2224,-2227,-3348,2.0,35.0,0.0,0.0,183.0,0.0,0.0,1553.0,616.0,217.0,403.0,260.0,301.0,-91.0,41.0,2026,9,17,0,3,Thursday,Automne,Jour_de_semaine,16724.0,36.2
France,Données temps réel,2026-09-17,10,2026-09-17 10:15:00,46448.0,46900,46550,37.0,0.0,178.0,37748.0,5494.0,4247.0,1247.0,10299.0,2048.0,-1147.0,953.0,-9195.0,10.0,-3028,1875,-2224,-2227,-3701,2.0,35.0,0.0,0.0,183.0,0.0,0.0,1492.0,486.0,70.0,395.0,256.0,301.0,-41.0,76.0,2026,9,17,15,3,Thursday,Automne,Jour_de_semaine,17841.0,38.4
France,Données temps réel,2026-09-17,10,2026-09-17 10:30:00,46690.0,47300,46900,36.0,0.0,177.0,37640.0,5826.0,4609.0,1217.0,11461.0,1960.0,-1108.0,955.0,-10131.0,10.0,-3028,1226,-2224,-2227,-3718,1.0,35.0,0.0,0.0,182.0,0.0,0.0,1479.0,413.0,68.0,393.0,261.0,301.0,-127.0,0.0,2026,9,17,30,3,Thursday,Automne,Jour_de_semaine,19247.0,41.2
France,Données temps réel,2026-09-17,10,2026-09-17 10:45:00,46795.0,47550,47050,37.0,0.0,167.0,37096.0,6216.0,5020.0,1196.0,12550.0,1960.0,-1107.0,971.0,-10878.0,10.0,-3028,985,-2224,-2227,-3849,2.0,35.0,0.0,0.0,172.0,0.0,0.0,1474.0,417.0,68.0,402.0,268.0,301.0,-216.0,0.0,2026,9,17,45,3,Thursday,Automne,Jour_de_semaine,20726.0,44.3
France,Données temps réel,2026-09-17,11,2026-09-17 11:00:00,46988.0,47800,47200,37.0,0.0,169.0,36234.0,6631.0,5395.0,1236.0,13626.0,1960.0,-1544.0,975.0,-11056.0,10.0,-2936,-56,-2224,-2227,-3667,2.0,35.0,0.0,0.0,173.0,0.0,0.0,1457.0,434.0,69.0,402.0,271.0,301.0,-44.0,0.0,2026,9,17,0,3,Thursday,Automne,Jour_de_semaine,22217.0,47.3
France,Données temps réel,2026-09-17,11,2026-09-17 11:15:00,46941.0,48150,47500,37.0,0.0,170.0,35834.0,7206.0,6005.0,1201.0,14354.0,1934.0,-1358.0,967.0,-12137.0,10.0,-2936,-788,-2224,-2227,-3608,2.0,35.0,0.0,0.0,173.0,0.0,0.0,1431.0,434.0,69.0,393.0,272.0,301.0,-175.0,111.0,2026,9,17,15,3,Thursday,Automne,Jour_de_semaine,23494.0,50.1
France,Données temps réel,2026-09-17,11,2026-09-17 11:30:00,47510.0,48500,47800,37.0,0.0,168.0,35743.0,7706.0,6502.0,1204.0,15176.0,1930.0,-1360.0,965.0,-12672.0,9.0,-2936,-1497,-2224,-2227,-3513,2.0,35.0,0.0,0.0,172.0,0.0,0.0,1424.0,437.0,69.0,392.0,271.0,301.0,-184.0,4.0,2026,9,17,30,3,Thursday,Automne,Jour_de_semaine,24812.0,52.2
France,Données temps réel,2026-09-17,11,2026-09-17 11:45:00,47964.0,49000,48200,37.0,0.0,169.0,35735.0,8236.0,7046.0,1190.0,15727.0,1936.0,-1366.0,966.0,-13200.0,9.0,-2936,-1861,-2224,-2227,-3370,2.0,35.0,0.0,0.0,173.0,0.0,0.0,1425.0,442.0,69.0,394.0,270.0,301.0,-275.0,0.0,2026,9,17,45,3,Thursday,Automne,Jour_de_semaine,25899.0,54.0
France,Données temps réel,2026-09-17,12,2026-09-17 12:00:00,48655.0,49500,48600,37.0,0.0,166.0,35636.0,8481.0,7319.0,1162.0,16051.0,1955.0,-1371.0,971.0,-13088.0,9.0,-3028,-2500,-2613,-2227,-3756,2.0,35.0,0.0,0.0,172.0,0.0,0.0,1458.0,429.0,68.0,397.0,272.0,301.0,-183.0,1.0,2026,9,17,0,3,Thursday,Automne,Jour_de_semaine,26487.0,54.4
France,Données temps réel,2026-09-17,12,2026-09-17 12:15:00,48713.0,49300,48100,37.0,0.0,168.0,35212.0,8846.0,7719.0,1127.0,16389.0,1989.0,-1367.0,965.0,-13464.0,9.0,-3028,-2800,-2613,-2227,-3760,2.0,35.0,0.0,0.0,173.0,0.0,0.0,1489.0,432.0,68.0,393.0,271.0,301.0,-97.0,34.0,2026,9,17,15,3,Thursday,Automne,Jour_de_semaine,27224.0,55.9
France,Données temps réel,2026-09-17,12,2026-09-17 12:30:00,48493.0,49100,47600,37.0,0.0,171.0,35035.0,9085.0,7906.0,1179.0,16355.0,1989.0,-1370.0,964.0,-13810.0,9.0,-3028,-2800,-2613,-2227,-3705,2.0,35.0,0.0,0.0,174.0,0.0,0.0,1493.0,428.0,69.0,391.0,271.0,301.0,-74.0,113.0,2026,9,17,30,3,Thursday,Automne,Jour_de_semaine,27429.0,56.6
France,Données temps réel,2026-09-17,12,2026-09-17 12:45:00,49260.0,49600,48100,36.0,0.0,167.0,34894.0,9216.0,8090.0,1126.0,16515.0,1893.0,-1379.0,964.0,-13195.0,9.0,-3028,-2800,-2613,-2227,-3647,1.0,35.0,0.0,0.0,173.0,0.0,0.0,1479.0,404.0,10.0,391.0,271.0,301.0,-1.0,150.0,2026,9,17,45,3,Thursday,Automne,Jour_de_semaine,27624.0,56.1
France,Données temps réel,2026-09-17,13,2026-09-17 13:00:00,48100.0,50100,48600,37.0,0.0,168.0,35003.0,9322.0,8212.0,1110.0,16088.0,1885.0,-1539.0,963.0,-13877.0,9.0,-3028,-2800,-2613,-2227,-3415,2.0,35.0,0.0,0.0,173.0,0.0,0.0,1484.0,392.0,10.0,393.0,269.0,301.0,-7.0,57.0,2026,9,17,0,3,Thursday,Automne,Jour_de_semaine,27295.0,56.7
France,Données temps réel,2026-09-17,13,2026-09-17 13:15:00,47958.0,49550,47950,37.0,0.0,171.0,34997.0,9434.0,8291.0,1143.0,16140.0,1830.0,-1575.0,956.0,-13867.0,9.0,-3028,-2800,-2613,-2227,-3363,2.0,35.0,0.0,0.0,173.0,0.0,0.0,1482.0,339.0,9.0,391.0,263.0,301.0,-252.0,87.0,2026,9,17,15,3,Thursday,Automne,Jour_de_semaine,27404.0,57.1
France,Données temps réel,2026-09-17,13,2026-09-17 13:30:00,46893.0,49000,47300,37.0,0.0,173.0,34932.0,9447.0,8253.0,1194.0,15661.0,1893.0,-1571.0,952.0,-14348.0,9.0,-3028,-2800,-2613,-2227,-3298,2.0,35.0,0.0,0.0,174.0,0.0,0.0,1483.0,402.0,9.0,394.0,256.0,301.0,-295.0,11.0,2026,9,17,30,3,Thursday,Automne,Jour_de_semaine,27001.0,57.6
France,Données temps réel,2026-09-17,13,2026-09-17 13:45:00,47046.0,48800,47000,36.0,0.0,170.0,34852.0,9550.0,8342.0,1208.0,15723.0,1721.0,-1572.0,950.0,-14034.0,9.0,-3028,-2800,-2613,-2227,-3209,1.0,35.0,0.0,0.0,176.0,0.0,0.0,1465.0,246.0,10.0,391.0,258.0,301.0,-351.0,2.0,2026,9,17,45,3,Thursday,Automne,Jour_de_semaine,26994.0,57.4
France,Données temps réel,2026-09-17,14,2026-09-17 14:00:00,46651.0,48600,46700,37.0,0.0,166.0,34867.0,9328.0,8064.0,1264.0,15212.0,1723.0,-1572.0,962.0,-13779.0,9.0,-3028,-2800,-2607,-2227,-2610,2.0,35.0,0.0,0.0,176.0,0.0,0.0,1443.0,270.0,10.0,394.0,266.0,301.0,-326.0,34.0,2026,9,17,0,3,Thursday,Automne,Jour_de_semaine,26263.0,56.3
France,Données temps réel,2026-09-17,14,2026-09-17 14:15:00,47851.0,49250,47500,37.0,0.0,173.0,34873.0,9604.0,8401.0,1203.0,15439.0,1661.0,-1570.0,966.0,-13098.0,9.0,-3028,-2800,-2607,-2227,-2612,2.0,35.0,0.0,0.0,178.0,0.0,0.0,1447.0,205.0,9.0,393.0,272.0,301.0,-253.0,19.0,2026,9,17,15,3,Thursday,Automne,Jour_de_semaine,26704.0,55.8
France,Données temps réel,2026-09-17,14,2026-09-17 14:30:00,47621.0,49900,48300,37.0,0.0,171.0,35006.0,9697.0,8445.0,1252.0,14926.0,1721.0,-1769.0,959.0,-13090.0,9.0,-3028,-2799,-2607,-2227,-2562,2.0,35.0,0.0,0.0,179.0,0.0,0.0,1442.0,270.0,9.0,392.0,266.0,301.0,-46.0,9.0,2026,9,17,30,3,Thursday,Automne,Jour_de_semaine,26344.0,55.3
France,Données temps réel,2026-09-17,14,2026-09-17 14:45:00,47877.0,49250,47650,37.0,0.0,177.0,35024.0,9872.0,8590.0,1282.0,14821.0,1782.0,-1563.0,964.0,-13107.0,9.0,-3028,-2800,-2607,-2227,-2622,2.0,35.0,0.0,0.0,179.0,0.0,0.0,1479.0,294.0,10.0,392.0,271.0,301.0,-139.0,9.0,2026,9,17,45,3,Thursday,Automne,Jour_de_semaine,26475.0,55.3
France,Données temps réel,2026-09-17,15,2026-09-17 15:00:00,47435.0,48600,47000,36.0,0.0,169.0,34858.0,9832.0,8620.0,1212.0,14578.0,1746.0,-1563.0,969.0,-13161.0,9.0,-3028,-2799,-2647,-2227,-2613,1.0,35.0,0.0,0.0,179.0,0.0,0.0,1512.0,226.0,9.0,396.0,272.0,301.0,-37.0,9.0,2026,9,17,0,3,Thursday,Automne,Jour_de_semaine,26156.0,55.1
France,Données temps réel,2026-09-17,15,2026-09-17 15:15:00,47166.0,48350,46500,36.0,0.0,204.0,34707.0,10027.0,8768.0,1259.0,14143.0,1763.0,-1325.0,968.0,-13233.0,10.0,-3028,-2772,-2647,-2227,-2726,1.0,35.0,0.0,0.0,180.0,25.0,0.0,1493.0,261.0,9.0,396.0,271.0,301.0,-126.0,3.0,2026,9,17,15,3,Thursday,Automne,Jour_de_semaine,25933.0,55.0
France,Données temps réel,2026-09-17,15,2026-09-17 15:30:00,46796.0,48100,46000,37.0,0.0,208.0,34423.0,10331.0,9014.0,1316.0,13936.0,1797.0,-1323.0,966.0,-13465.0,10.0,-3028,-2449,-2647,-2227,-2937,2.0,35.0,0.0,0.0,179.0,30.0,0.0,1538.0,251.0,9.0,393.0,271.0,301.0,-118.0,7.0,2026,9,17,30,3,Thursday,Automne,Jour_de_semaine,26064.0,55.7
France,Données temps réel,2026-09-17,15,2026-09-17 15:45:00,46562.0,47300,45500,37.0,0.0,255.0,34321.0,10589.0,9247.0,1342.0,13739.0,1678.0,-1318.0,978.0,-13626.0,10.0,-3028,-2452,-2647,-2227,-3003,2.0,35.0,0.0,0.0,182.0,74.0,0.0,1552.0,117.0,10.0,406.0,271.0,301.0,-93.0,2.0,2026,9,17,45,3,Thursday,Automne,Jour_de_semaine,26006.0,55.9
France,Données temps réel,2026-09-17,16,2026-09-17 16:00:00,46494.0,46500,45000,36.0,0.0,284.0,34045.0,10448.0,9181.0,1268.0,13040.0,1845.0,-1323.0,969.0,-12696.0,10.0,-3028,-1816,-2647,-2227,-3306,1.0,35.0,0.0,0.0,180.0,104.0,0.0,1578.0,258.0,9.0,397.0,271.0,301.0,-158.0,5.0,2026,9,17,0,3,Thursday,Automne,Jour_de_semaine,25333.0,54.5
France,Données temps réel,2026-09-17,16,2026-09-17 16:15:00,46271.0,46200,44700,37.0,0.0,307.0,34528.0,10578.0,9398.0,1179.0,12515.0,1954.0,-1316.0,967.0,-13166.0,10.0,-3028,-1143,-2647,-2227,-3668,2.0,35.0,0.0,0.0,171.0,138.0,0.0,1619.0,241.0,94.0,394.0,272.0,301.0,-132.0,2.0,2026,9,17,15,3,Thursday,Automne,Jour_de_semaine,25047.0,54.1
France,Données temps réel,2026-09-17,16,2026-09-17 16:30:00,45939.0,45900,44400,37.0,0.0,331.0,35074.0,10401.0,9202.0,1199.0,11708.0,2012.0,-1315.0,965.0,-13250.0,11.0,-3028,-493,-2647,-2227,-3813,2.0,35.0,0.0,0.0,171.0,161.0,0.0,1663.0,253.0,95.0,392.0,271.0,301.0,-24.0,2.0,2026,9,17,30,3,Thursday,Automne,Jour_de_semaine,24121.0,52.5
France,Données temps réel,2026-09-17,16,2026-09-17 16:45:00,45966.0,45600,44300,37.0,0.0,346.0,35185.0,10411.0,9222.0,1189.0,10933.0,1966.0,-1316.0,975.0,-12548.0,11.0,-3028,-196,-2647,-2227,-3941,2.0,35.0,0.0,0.0,170.0,178.0,0.0,1698.0,204.0,63.0,401.0,272.0,301.0,-22.0,0.0,2026,9,17,45,3,Thursday,Automne,Jour_de_semaine,23310.0,50.7
France,Données temps réel,2026-09-17,17,2026-09-17 17:00:00,45925.0,45300,44200,36.0,0.0,348.0,35668.0,10089.0,8980.0,1108.0,9811.0,2054.0,-1317.0,976.0,-11705.0,11.0,-3028,800,-2647,-2227,-4841,1.0,35.0,0.0,0.0,172.0,177.0,0.0,1719.0,257.0,78.0,402.0,272.0,301.0,-32.0,1.0,2026,9,17,0,3,Thursday,Automne,Jour_de_semaine,21954.0,47.8
France,Données temps réel,2026-09-17,17,2026-09-17 17:15:00,45457.0,45500,44500,37.0,0.0,355.0,36225.0,9892.0,8803.0,1090.0,8960.0,2338.0,-1309.0,974.0,-12018.0,11.0,-3028,1678,-2647,-2227,-4927,2.0,35.0,0.0,0.0,176.0,180.0,0.0,1840.0,376.0,122.0,400.0,272.0,301.0,-3.0,5.0,2026,9,17,15,3,Thursday,Automne,Jour_de_semaine,21190.0,46.6
France,Données temps réel,2026-09-17,17,2026-09-17 17:30:00,45746.0,45700,44800,37.0,0.0,453.0,36408.0,9926.0,8697.0,1229.0,8116.0,2462.0,-1310.0,978.0,-11322.0,12.0,-3028,1827,-2647,-2227,-4993,2.0,35.0,0.0,0.0,179.0,275.0,0.0,1858.0,447.0,157.0,404.0,272.0,301.0,-7.0,6.0,2026,9,17,30,3,Thursday,Automne,Jour_de_semaine,20504.0,44.8
France,Données temps réel,2026-09-17,17,2026-09-17 17:45:00,46403.0,46100,45100,37.0,0.0,450.0,36913.0,9722.0,8563.0,1159.0,7113.0,2531.0,-654.0,976.0,-10686.0,12.0,-3028,2134,-2582,-2227,-4889,2.0,35.0,0.0,0.0,182.0,270.0,0.0,1853.0,522.0,156.0,402.0,273.0,301.0,-5.0,6.0,2026,9,17,45,3,Thursday,Automne,Jour_de_semaine,19366.0,41.7
France,Données temps réel,2026-09-17,18,2026-09-17 18:00:00,46591.0,46500,45400,37.0,0.0,445.0,37142.0,9560.0,8289.0,1271.0,6088.0,2721.0,-327.0,978.0,-10053.0,12.0,-1284,2175,-2391,-2078,-5497,2.0,35.0,0.0,0.0,179.0,267.0,0.0,1855.0,712.0,154.0,404.0,273.0,301.0,-6.0,6.0,2026,9,17,0,3,Thursday,Automne,Jour_de_semaine,18369.0,39.4
France,Données temps réel,2026-09-17,18,2026-09-17 18:15:00,46757.0,46650,46200,37.0,0.0,444.0,37259.0,9296.0,8016.0,1280.0,5167.0,2936.0,-1.0,976.0,-9336.0,12.0,-1284,2342,-2391,-2003,-5306,2.0,35.0,0.0,0.0,171.0,274.0,0.0,1892.0,780.0,265.0,402.0,273.0,301.0,-25.0,5.0,2026,9,17,15,3,Thursday,Automne,Jour_de_semaine,17399.0,37.2
France,Données temps réel,2026-09-17,18,2026-09-17 18:30:00,47616.0,46800,47000,37.0,0.0,795.0,37447.0,9168.0,7993.0,1174.0,4162.0,3631.0,0.0,974.0,-8611.0,15.0,-1284,2400,-2391,-1882,-4761,2.0,35.0,0.0,0.0,169.0,626.0,0.0,1889.0,1015.0,728.0,400.0,273.0,301.0,-1.0,15.0,2026,9,17,30,3,Thursday,Automne,Jour_de_semaine,16961.0,35.6
France,Données temps réel,2026-09-17,18,2026-09-17 18:45:00,48350.0,47400,47750,37.0,0.0,1617.0,37560.0,8964.0,7779.0,1185.0,3184.0,4115.0,-1.0,978.0,-8102.0,21.0,-1284,2400,-2391,-1754,-4444,2.0,35.0,0.0,0.0,171.0,1447.0,0.0,1892.0,1272.0,950.0,404.0,273.0,301.0,-10.0,10.0,2026,9,17,45,3,Thursday,Automne,Jour_de_semaine,16263.0,33.6
France,Données temps réel,2026-09-17,19,2026-09-17 19:00:00,48775.0,48000,48500,37.0,0.0,2123.0,37807.0,8485.0,7260.0,1225.0,2224.0,4663.0,-1.0,974.0,-7542.0,25.0,-144,2400,-2391,-1470,-4824,2.0,35.0,0.0,0.0,170.0,1954.0,0.0,1894.0,1390.0,1379.0,401.0,273.0,301.0,-6.0,12.0,2026,9,17,0,3,Thursday,Automne,Jour_de_semaine,15372.0,31.5
France,Données temps réel,2026-09-17,19,2026-09-17 19:15:00,49017.0,47800,48300,37.0,0.0,2378.0,37832.0,8064.0,6890.0,1174.0,1552.0,4671.0,0.0,985.0,-6508.0,28.0,-144,1139,-2391,-413,-4384,2.0,35.0,0.0,0.0,170.0,2209.0,0.0,1929.0,1437.0,1305.0,408.0,276.0,301.0,-3.0,12.0,2026,9,17,15,3,Thursday,Automne,Jour_de_semaine,14287.0,29.1
France,Données temps réel,2026-09-17,19,2026-09-17 19:30:00,48592.0,47600,48100,37.0,0.0,2394.0,37926.0,7671.0,6556.0,1115.0,910.0,5160.0,0.0,987.0,-6507.0,28.0,-144,461,-2391,-206,-4117,2.0,35.0,0.0,0.0,171.0,2225.0,0.0,1992.0,1488.0,1680.0,410.0,276.0,301.0,-10.0,25.0,2026,9,17,30,3,Thursday,Automne,Jour_de_semaine,13741.0,28.3
France,Données temps réel,2026-09-17,19,2026-09-17 19:45:00,48364.0,47450,47900,37.0,0.0,2429.0,38117.0,7374.0,6291.0,1084.0,585.0,5272.0,0.0,983.0,-6445.0,28.0,-144,-841,-2391,-170,-2902,2.0,35.0,0.0,0.0,170.0,2260.0,0.0,1998.0,1612.0,1662.0,409.0,273.0,301.0,-3.0,16.0,2026,9,17,45,3,Thursday,Automne,Jour_de_semaine,13231.0,27.4
France,Données temps réel,2026-09-17,20,2026-09-17 20:00:00,48380.0,47300,47700,37.0,0.0,2451.0,38364.0,6975.0,5906.0,1069.0,351.0,5232.0,0.0,985.0,-6038.0,29.0,726,-1980,-2391,801,-3338,2.0,35.0,0.0,0.0,172.0,2281.0,0.0,1992.0,1729.0,1511.0,411.0,273.0,301.0,-1.0,26.0,2026,9,17,0,3,Thursday,Automne,Jour_de_semaine,12558.0,26.0
France,Données temps réel,2026-09-17,20,2026-09-17 20:15:00,48072.0,46850,47250,37.0,0.0,2454.0,38400.0,6472.0,5528.0,944.0,229.0,5466.0,0.0,983.0,-6225.0,29.0,726,-2658,-2391,821,-3300,2.0,35.0,0.0,0.0,171.0,2285.0,0.0,2019.0,1817.0,1630.0,409.0,273.0,301.0,-14.0,271.0,2026,9,17,15,3,Thursday,Automne,Jour_de_semaine,12167.0,25.3
France,Données temps réel,2026-09-17,20,2026-09-17 20:30:00,47609.0,46400,46800,37.0,0.0,2464.0,38473.0,6223.0,5309.0,914.0,219.0,5413.0,-1.0,985.0,-6466.0,29.0,726,-2754,-2344,821,-3404,2.0,35.0,0.0,0.0,171.0,2294.0,0.0,1982.0,1795.0,1636.0,411.0,273.0,301.0,-8.0,271.0,2026,9,17,30,3,Thursday,Automne,Jour_de_semaine,11855.0,24.9
France,Données temps réel,2026-09-17,20,2026-09-17 20:45:00,46788.0,45650,46050,36.0,0.0,2481.0,38456.0,6252.0,5303.0,949.0,205.0,5253.0,0.0,985.0,-7138.0,29.0,726,-2781,-2391,821,-3446,1.0,35.0,0.0,0.0,171.0,2312.0,0.0,1958.0,1792.0,1504.0,412.0,273.0,301.0,-13.0,270.0,2026,9,17,45,3,Thursday,Automne,Jour_de_semaine,11710.0,25.0
France,Données temps réel,2026-09-17,21,2026-09-17 21:00:00,45615.0,44900,45300,37.0,0.0,2556.0,38443.0,6163.0,5130.0,1033.0,196.0,4981.0,0.0,983.0,-7911.0,30.0,663,-2761,-2581,-225,-2640,2.0,35.0,0.0,0.0,171.0,2386.0,0.0,1962.0,1662.0,1358.0,409.0,273.0,301.0,-4.0,172.0,2026,9,17,0,3,Thursday,Automne,Jour_de_semaine,11340.0,24.9
France,Données temps réel,2026-09-17,21,2026-09-17 21:15:00,44850.0,44250,44600,37.0,0.0,2662.0,38423.0,6028.0,4960.0,1068.0,0.0,4898.0,0.0,981.0,-8401.0,31.0,663,-2970,-2593,-300,-2884,2.0,35.0,0.0,0.0,171.0,2492.0,0.0,1837.0,1700.0,1361.0,407.0,273.0,301.0,-7.0,229.0,2026,9,17,15,3,Thursday,Automne,Jour_de_semaine,10926.0,24.4
France,Données temps réel,2026-09-17,21,2026-09-17 21:30:00,44398.0,43600,43900,37.0,0.0,2767.0,38448.0,6161.0,5068.0,1093.0,0.0,4408.0,0.0,982.0,-8460.0,32.0,663,-2530,-2593,-401,-2846,2.0,35.0,0.0,0.0,170.0,2598.0,0.0,1835.0,1518.0,1055.0,408.0,273.0,301.0,-6.0,64.0,2026,9,17,30,3,Thursday,Automne,Jour_de_semaine,10569.0,23.8
France,Données temps réel,2026-09-17,21,2026-09-17 21:45:00,43673.0,43050,43350,37.0,0.0,2831.0,38455.0,6283.0,5123.0,1160.0,0.0,3715.0,0.0,984.0,-8607.0,33.0,663,-2800,-2593,-402,-2581,2.0,35.0,0.0,0.0,171.0,2661.0,0.0,1819.0,1280.0,616.0,410.0,273.0,301.0,-31.0,8.0,2026,9,17,45,3,Thursday,Automne,Jour_de_semaine,9998.0,22.9
France,Données temps réel,2026-09-17,22,2026-09-17 22:00:00,43147.0,42500,42800,36.0,0.0,2779.0,38428.0,6237.0,5131.0,1106.0,0.0,3834.0,0.0,983.0,-9143.0,32.0,902,-2130,-2646,-1706,-1476,1.0,35.0,0.0,0.0,170.0,2610.0,0.0,1891.0,1323.0,619.0,409.0,273.0,301.0,-52.0,47.0,2026,9,17,0,3,Thursday,Automne,Jour_de_semaine,10071.0,23.3
France,Données temps réel,2026-09-17,22,2026-09-17 22:15:00,43662.0,43050,43250,37.0,0.0,2723.0,38463.0,6026.0,4955.0,1072.0,0.0,3342.0,-1.0,984.0,-8008.0,33.0,902,-2065,-2646,-1722,-1376,2.0,35.0,0.0,0.0,172.0,2552.0,0.0,1924.0,895.0,523.0,410.0,273.0,301.0,-4.0,101.0,2026,9,17,15,3,Thursday,Automne,Jour_de_semaine,9368.0,21.5
France,Données temps réel,2026-09-17,22,2026-09-17 22:30:00,43777.0,43600,43700,37.0,0.0,2427.0,38470.0,5929.0,4834.0,1095.0,0.0,3291.0,0.0,984.0,-7443.0,30.0,902,-1906,-2646,-1696,-510,2.0,35.0,0.0,0.0,170.0,2258.0,0.0,1893.0,880.0,518.0,410.0,273.0,301.0,-12.0,97.0,2026,9,17,30,3,Thursday,Automne,Jour_de_semaine,9220.0,21.1
France,Données temps réel,2026-09-17,22,2026-09-17 22:45:00,44348.0,44100,44100,37.0,0.0,2149.0,38446.0,5937.0,4845.0,1092.0,0.0,3268.0,0.0,982.0,-6485.0,28.0,902,-2110,-2633,-1609,-395,2.0,35.0,0.0,0.0,170.0,1980.0,0.0,1889.0,864.0,515.0,408.0,273.0,301.0,-82.0,96.0,2026,9,17,45,3,Thursday,Automne,Jour_de_semaine,9205.0,20.8
France,Données temps réel,2026-09-17,23,2026-09-17 23:00:00,43431.0,44600,44500,37.0,0.0,1656.0,38423.0,5775.0,4734.0,1041.0,0.0,3094.0,-14.0,982.0,-6432.0,24.0,1351,-1981,-2419,-2067,-645,2.0,35.0,0.0,0.0,171.0,1486.0,0.0,1879.0,874.0,341.0,408.0,273.0,301.0,-89.0,0.0,2026,9,17,0,3,Thursday,Automne,Jour_de_semaine,8869.0,20.4
France,Données temps réel,2026-09-17,23,2026-09-17 23:15:00,43113.0,43650,43500,37.0,0.0,1502.0,38416.0,5676.0,4567.0,1109.0,0.0,2981.0,-13.0,987.0,-6457.0,23.0,1351,-2277,-2419,-2070,-434,2.0,35.0,0.0,0.0,170.0,1334.0,0.0,1838.0,815.0,328.0,413.0,273.0,301.0,-19.0,3.0,2026,9,17,15,3,Thursday,Automne,Jour_de_semaine,8657.0,20.1
France,Données temps réel,2026-09-17,23,2026-09-17 23:30:00,42462.0,42700,42500,37.0,0.0,1137.0,38417.0,5642.0,4630.0,1012.0,0.0,2979.0,-22.0,982.0,-6673.0,20.0,1351,-2347,-2419,-2041,-83,2.0,35.0,0.0,0.0,172.0,966.0,0.0,1825.0,853.0,301.0,408.0,273.0,301.0,-38.0,1.0,2026,9,17,30,3,Thursday,Automne,Jour_de_semaine,8621.0,20.3
France,Données temps réel,2026-09-17,23,2026-09-17 23:45:00,42657.0,42100,42000,37.0,0.0,1414.0,38387.0,5643.0,4582.0,1061.0,0.0,2956.0,-29.0,984.0,-6719.0,23.0,1351,-2608,-2419,-1985,-384,2.0,35.0,0.0,0.0,170.0,1245.0,0.0,1756.0,854.0,346.0,410.0,273.0,301.0,-18.0,3.0,2026,9,17,45,3,Thursday,Automne,Jour_de_semaine,8599.0,20.2
France,Données temps réel,2026-09-18,0,2026-09-18 00:00:00,42021.0,41500,41500,36.0,0.0,1351.0,38373.0,5461.0,4445.0,1016.0,0.0,2648.0,-29.0,982.0,-6759.0,22.0,1968,-2775,-2234,-2227,-219,1.0,35.0,0.0,0.0,171.0,1181.0,0.0,1758.0,733.0,157.0,408.0,273.0,301.0,-40.0,0.0,2026,9,18,0,4,Friday,Automne,Jour_de_semaine,8109.0,19.3
France,Données temps réel,2026-09-18,0,2026-09-18 00:15:00,41777.0,41000,41000,37.0,0.0,1099.0,38429.0,5244.0,4396.0,847.0,0.0,2601.0,-31.0,987.0,-6524.0,20.0,1968,-2775,-2234,-2227,-1022,2.0,35.0,0.0,0.0,170.0,930.0,0.0,1724.0,718.0,159.0,413.0,272.0,301.0,-169.0,106.0,2026,9,18,15,4,Friday,Automne,Jour_de_semaine,7845.0,18.8
France,Données temps réel,2026-09-18,0,2026-09-18 00:30:00,40413.0,40500,40500,36.0,0.0,654.0,38490.0,5233.0,4293.0,940.0,0.0,2654.0,-29.0,985.0,-7496.0,16.0,1968,-2775,-2234,-2227,-1513,1.0,35.0,0.0,0.0,171.0,484.0,0.0,1743.0,684.0,226.0,413.0,271.0,301.0,-159.0,48.0,2026,9,18,30,4,Friday,Automne,Jour_de_semaine,7887.0,19.5
France,Données temps réel,2026-09-18,0,2026-09-18 00:45:00,39247.0,39850,39850,37.0,0.0,433.0,38502.0,5324.0,4396.0,929.0,0.0,2597.0,-191.0,983.0,-8295.0,15.0,1968,-2775,-2234,-2227,-1833,2.0,35.0,0.0,0.0,171.0,264.0,0.0,1716.0,687.0,194.0,411.0,271.0,301.0,-145.0,5.0,2026,9,18,45,4,Friday,Automne,Jour_de_semaine,7921.0,20.2
France,Données temps réel,2026-09-18,1,2026-09-18 01:00:00,39249.0,39200,39200,36.0,0.0,462.0,38499.0,5309.0,4437.0,872.0,0.0,2557.0,-617.0,983.0,-7838.0,15.0,1186,-2775,-2234,-2227,-545,1.0,35.0,0.0,0.0,170.0,292.0,0.0,1720.0,640.0,197.0,410.0,271.0,301.0,-145.0,3.0,2026,9,18,0,4,Friday,Automne,Jour_de_semaine,7866.0,20.0
France,Données temps réel,2026-09-18,1,2026-09-18 01:15:00,39404.0,39400,39400,37.0,0.0,465.0,38553.0,5198.0,4297.0,901.0,0.0,2468.0,-794.0,985.0,-7503.0,15.0,1186,-2775,-2234,-2227,-627,2.0,35.0,0.0,0.0,171.0,295.0,0.0,1704.0,573.0,191.0,411.0,272.0,301.0,-12.0,9.0,2026,9,18,15,4,Friday,Automne,Jour_de_semaine,7666.0,19.5
France,Données temps réel,2026-09-18,1,2026-09-18 01:30:00,38712.0,39600,39600,37.0,0.0,223.0,38505.0,5142.0,4096.0,1046.0,0.0,2468.0,-924.0,982.0,-7712.0,13.0,1186,-2775,-2234,-2227,-310,2.0,35.0,0.0,0.0,171.0,54.0,0.0,1688.0,589.0,192.0,409.0,272.0,301.0,-11.0,2.0,2026,9,18,30,4,Friday,Automne,Jour_de_semaine,7610.0,19.7
France,Données temps réel,2026-09-18,1,2026-09-18 01:45:00,38851.0,39000,39000,37.0,0.0,221.0,38421.0,4992.0,3947.0,1046.0,0.0,2430.0,-927.0,982.0,-7276.0,13.0,1186,-2775,-2234,-2227,-843,2.0,35.0,0.0,0.0,171.0,52.0,0.0,1664.0,577.0,189.0,408.0,272.0,301.0,-34.0,6.0,2026,9,18,45,4,Friday,Automne,Jour_de_semaine,7422.0,19.1
France,Données temps réel,2026-09-18,2,2026-09-18 02:00:00,38038.0,38400,38400,37.0,0.0,228.0,38410.0,4872.0,3872.0,1001.0,0.0,2231.0,-924.0,979.0,-7832.0,13.0,1135,-2775,-2234,-2227,-1121,2.0,35.0,0.0,0.0,170.0,58.0,0.0,1670.0,552.0,9.0,405.0,272.0,301.0,-14.0,53.0,2026,9,18,0,4,Friday,Automne,Jour_de_semaine,7103.0,18.7
France,Données temps réel,2026-09-18,2,2026-09-18 02:15:00,37621.0,37750,37750,37.0,0.0,229.0,38412.0,4465.0,3602.0,864.0,0.0,2033.0,-721.0,970.0,-7819.0,13.0,1135,-2775,-2234,-2227,-1655,2.0,35.0,0.0,0.0,171.0,60.0,0.0,1640.0,384.0,9.0,409.0,259.0,301.0,-39.0,55.0,2026,9,18,15,4,Friday,Automne,Jour_de_semaine,6498.0,17.3
France,Données temps réel,2026-09-18,2,2026-09-18 02:30:00,36792.0,37100,37100,37.0,0.0,231.0,38380.0,4213.0,3342.0,871.0,0.0,2013.0,-888.0,974.0,-8231.0,13.0,1135,-2775,-2234,-2227,-1999,2.0,35.0,0.0,0.0,170.0,62.0,0.0,1622.0,382.0,9.0,413.0,259.0,301.0,-43.0,106.0,2026,9,18,30,4,Friday,Automne,Jour_de_semaine,6226.0,16.9
France,Données temps réel,2026-09-18,2,2026-09-18 02:45:00,36370.0,36550,36550,37.0,0.0,230.0,38442.0,4149.0,3346.0,803.0,0.0,1977.0,-1102.0,973.0,-8422.0,13.0,1135,-2775,-2234,-2227,-2422,2.0,35.0,0.0,0.0,171.0,60.0,0.0,1573.0,394.0,9.0,404.0,267.0,301.0,-37.0,125.0,2026,9,18,45,4,Friday,Automne,Jour_de_semaine,6126.0,16.8
France,Données temps réel,2026-09-18,3,2026-09-18 03:00:00,35758.0,36000,36000,37.0,0.0,230.0,38406.0,4007.0,3241.0,766.0,0.0,1921.0,-1099.0,971.0,-8685.0,13.0,1398,-2775,-2140,-2227,-3064,2.0,35.0,0.0,0.0,170.0,61.0,0.0,1521.0,391.0,9.0,402.0,267.0,301.0,-133.0,105.0,2026,9,18,0,4,Friday,Automne,Jour_de_semaine,5928.0,16.6
France,Données temps réel,2026-09-18,3,2026-09-18 03:15:00,35325.0,35600,35600,37.0,0.0,231.0,38125.0,3840.0,3146.0,694.0,0.0,1985.0,-1113.0,979.0,-8814.0,13.0,1398,-2775,-2140,-2227,-3075,2.0,35.0,0.0,0.0,170.0,62.0,0.0,1606.0,358.0,21.0,410.0,268.0,301.0,-24.0,80.0,2026,9,18,15,4,Friday,Automne,Jour_de_semaine,5825.0,16.5
France,Données temps réel,2026-09-18,3,2026-09-18 03:30:00,34893.0,35200,35200,37.0,0.0,227.0,37947.0,3663.0,3109.0,554.0,0.0,1980.0,-1164.0,970.0,-8649.0,13.0,1398,-2775,-2140,-2227,-3006,2.0,35.0,0.0,0.0,170.0,58.0,0.0,1615.0,356.0,9.0,398.0,270.0,301.0,-131.0,12.0,2026,9,18,30,4,Friday,Automne,Jour_de_semaine,5643.0,16.2
France,Données temps réel,2026-09-18,3,2026-09-18 03:45:00,34968.0,35050,35050,37.0,0.0,229.0,38430.0,3507.0,2982.0,525.0,0.0,1995.0,-1161.0,972.0,-8958.0,13.0,1398,-2775,-2140,-2227,-3397,2.0,35.0,0.0,0.0,171.0,59.0,0.0,1627.0,358.0,9.0,402.0,269.0,301.0,-97.0,16.0,2026,9,18,45,4,Friday,Automne,Jour_de_semaine,5502.0,15.7
France,Données temps réel,2026-09-18,4,2026-09-18 04:00:00,34594.0,34900,34900,36.0,0.0,226.0,38335.0,3360.0,2901.0,459.0,0.0,1979.0,-1401.0,970.0,-8780.0,13.0,1388,-2775,-2140,-2227,-2919,1.0,35.0,0.0,0.0,171.0,57.0,0.0,1571.0,399.0,9.0,399.0,269.0,301.0,-141.0,11.0,2026,9,18,0,4,Friday,Automne,Jour_de_semaine,5339.0,15.4
France,Données temps réel,2026-09-18,4,2026-09-18 04:15:00,34811.0,34800,34800,36.0,0.0,225.0,38449.0,3272.0,2805.0,467.0,0.0,1985.0,-1400.0,971.0,-8408.0,13.0,1388,-2775,-2140,-2227,-3220,1.0,35.0,0.0,0.0,170.0,56.0,0.0,1582.0,394.0,9.0,399.0,270.0,301.0,-320.0,3.0,2026,9,18,15,4,Friday,Automne,Jour_de_semaine,5257.0,15.1
France,Données temps réel,2026-09-18,4,2026-09-18 04:30:00,34726.0,34700,34700,36.0,0.0,228.0,38471.0,3340.0,2775.0,565.0,0.0,1990.0,-1397.0,972.0,-8667.0,13.0,1388,-2775,-2140,-2227,-3109,1.0,35.0,0.0,0.0,170.0,59.0,0.0,1586.0,394.0,10.0,401.0,270.0,301.0,-252.0,5.0,2026,9,18,30,4,Friday,Automne,Jour_de_semaine,5330.0,15.3
France,Données temps réel,2026-09-18,4,2026-09-18 04:45:00,34710.0,35000,35000,37.0,0.0,226.0,38476.0,3255.0,2698.0,557.0,0.0,2017.0,-1399.0,969.0,-8647.0,13.0,1388,-2775,-2140,-2227,-2982,2.0,35.0,0.0,0.0,170.0,56.0,0.0,1610.0,398.0,9.0,397.0,270.0,301.0,-223.0,0.0,2026,9,18,45,4,Friday,Automne,Jour_de_semaine,5272.0,15.2
France,Données temps réel,2026-09-18,5,2026-09-18 05:00:00,35258.0,35300,35300,37.0,0.0,228.0,38483.0,3104.0,2627.0,477.0,0.0,2021.0,-1395.0,960.0,-8193.0,13.0,2027,-2775,-2140,-2181,-2683,2.0,35.0,0.0,0.0,171.0,58.0,0.0,1590.0,422.0,9.0,389.0,269.0,301.0,-21.0,35.0,2026,9,18,0,4,Friday,Automne,Jour_de_semaine,5125.0,14.5
France,Données temps réel,2026-09-18,5,2026-09-18 05:15:00,35818.0,36000,36000,37.0,0.0,329.0,38528.0,3063.0,2565.0,498.0,0.0,2032.0,-1399.0,962.0,-7575.0,14.0,2027,-2775,-2140,-2224,-2964,2.0,35.0,0.0,0.0,170.0,160.0,0.0,1594.0,430.0,9.0,393.0,268.0,301.0,-211.0,53.0,2026,9,18,15,4,Friday,Automne,Jour_de_semaine,5095.0,14.2
France,Données temps réel,2026-09-18,5,2026-09-18 05:30:00,36131.0,36700,36700,37.0,0.0,567.0,38568.0,3095.0,2558.0,537.0,0.0,2054.0,-1162.0,959.0,-8013.0,16.0,2027,-2775,-2140,-2227,-3504,2.0,35.0,0.0,0.0,171.0,398.0,0.0,1599.0,446.0,9.0,390.0,267.0,301.0,-3.0,29.0,2026,9,18,30,4,Friday,Automne,Jour_de_semaine,5149.0,14.3
France,Données temps réel,2026-09-18,5,2026-09-18 05:45:00,36756.0,37400,37400,37.0,0.0,833.0,38595.0,3132.0,2601.0,531.0,0.0,2115.0,-421.0,959.0,-8507.0,19.0,2027,-2209,-2140,-2227,-4238,2.0,35.0,0.0,0.0,171.0,664.0,0.0,1616.0,469.0,29.0,390.0,268.0,301.0,-3.0,16.0,2026,9,18,45,4,Friday,Automne,Jour_de_semaine,5247.0,14.3
France,Données temps réel,2026-09-18,6,2026-09-18 06:00:00,37418.0,38100,38100,37.0,0.0,1029.0,38616.0,3087.0,2561.0,525.0,0.0,2410.0,0.0,956.0,-8821.0,20.0,2027,-1529,-2140,-1669,-4865,2.0,35.0,0.0,0.0,170.0,860.0,0.0,1596.0,454.0,360.0,387.0,267.0,301.0,-15.0,121.0,2026,9,18,0,4,Friday,Automne,Jour_de_semaine,5497.0,14.7
France,Données temps réel,2026-09-18,6,2026-09-18 06:15:00,38916.0,39150,39150,37.0,0.0,1389.0,38631.0,3099.0,2572.0,527.0,0.0,2964.0,0.0,964.0,-8186.0,23.0,2027,92,-2140,-1758,-5991,2.0,35.0,0.0,0.0,171.0,1219.0,0.0,1643.0,522.0,800.0,394.0,268.0,301.0,-2.0,22.0,2026,9,18,15,4,Friday,Automne,Jour_de_semaine,6063.0,15.6
France,Données temps réel,2026-09-18,6,2026-09-18 06:30:00,39847.0,40200,40200,37.0,0.0,2212.0,38639.0,3045.0,2556.0,488.0,0.0,3427.0,-2.0,964.0,-8464.0,30.0,2027,356,-2140,-1812,-6167,2.0,35.0,0.0,0.0,170.0,2044.0,0.0,1745.0,612.0,1070.0,396.0,267.0,301.0,-14.0,2.0,2026,9,18,30,4,Friday,Automne,Jour_de_semaine,6472.0,16.2
France,Données temps réel,2026-09-18,6,2026-09-18 06:45:00,41032.0,41250,41200,37.0,0.0,2719.0,38462.0,2948.0,2490.0,458.0,0.0,3885.0,0.0,959.0,-7983.0,34.0,2027,1080,-2140,-1807,-6395,2.0,35.0,0.0,0.0,170.0,2550.0,0.0,1766.0,726.0,1392.0,393.0,265.0,301.0,-3.0,8.0,2026,9,18,45,4,Friday,Automne,Jour_de_semaine,6833.0,16.7
France,Données temps réel,2026-09-18,7,2026-09-18 07:00:00,42429.0,42300,42200,37.0,0.0,2786.0,38270.0,2847.0,2400.0,447.0,198.0,4129.0,-1.0,957.0,-6807.0,34.0,1754,802,-2011,-2227,-4716,2.0,35.0,0.0,0.0,170.0,2618.0,0.0,1748.0,675.0,1705.0,394.0,261.0,301.0,-14.0,29.0,2026,9,18,0,4,Friday,Automne,Jour_de_semaine,7174.0,16.9
France,Données temps réel,2026-09-18,7,2026-09-18 07:15:00,43242.0,43050,42950,37.0,0.0,2855.0,38109.0,2864.0,2419.0,444.0,201.0,4130.0,0.0,953.0,-6034.0,35.0,1754,622,-2011,-1874,-4425,2.0,35.0,0.0,0.0,171.0,2685.0,0.0,1833.0,541.0,1756.0,393.0,259.0,301.0,0.0,129.0,2026,9,18,15,4,Friday,Automne,Jour_de_semaine,7195.0,16.6
France,Données temps réel,2026-09-18,7,2026-09-18 07:30:00,43818.0,43800,43700,37.0,0.0,2921.0,37926.0,2853.0,2427.0,426.0,220.0,4303.0,-1.0,956.0,-5624.0,36.0,1754,202,-2011,-1875,-4090,2.0,35.0,0.0,0.0,171.0,2752.0,0.0,1876.0,561.0,1866.0,394.0,260.0,301.0,-8.0,235.0,2026,9,18,30,4,Friday,Automne,Jour_de_semaine,7376.0,16.8
France,Données temps réel,2026-09-18,7,2026-09-18 07:45:00,44574.0,44500,44400,37.0,0.0,2954.0,37807.0,2880.0,2454.0,427.0,333.0,4559.0,0.0,958.0,-5265.0,36.0,1754,-130,-2011,-1297,-3767,2.0,35.0,0.0,0.0,171.0,2784.0,0.0,1923.0,561.0,2075.0,397.0,259.0,301.0,-12.0,325.0,2026,9,18,45,4,Friday,Automne,Jour_de_semaine,7772.0,17.4
France,Données temps réel,2026-09-18,8,2026-09-18 08:00:00,45164.0,45200,45100,37.0,0.0,2957.0,37750.0,2910.0,2516.0,395.0,594.0,4608.0,0.0,954.0,-4934.0,36.0,937,619,-2011,-498,-4158,2.0,35.0,0.0,0.0,171.0,2787.0,0.0,1899.0,539.0,2169.0,392.0,260.0,301.0,-3.0,293.0,2026,9,18,0,4,Friday,Automne,Jour_de_semaine,8112.0,18.0
France,Données temps réel,2026-09-18,8,2026-09-18 08:15:00,45519.0,45400,45300,37.0,0.0,2953.0,37722.0,2854.0,2496.0,358.0,1040.0,4783.0,0.0,954.0,-5057.0,35.0,937,-89,-2011,-644,-3257,2.0,35.0,0.0,0.0,170.0,2784.0,0.0,1879.0,537.0,2367.0,393.0,259.0,301.0,-4.0,239.0,2026,9,18,15,4,Friday,Automne,Jour_de_semaine,8677.0,19.1
France,Données temps réel,2026-09-18,8,2026-09-18 08:30:00,45785.0,45600,45500,37.0,0.0,2890.0,37680.0,2837.0,2418.0,419.0,1597.0,4271.0,0.0,946.0,-4680.0,35.0,937,611,-2011,-251,-3453,2.0,35.0,0.0,0.0,172.0,2720.0,0.0,1867.0,591.0,1812.0,387.0,258.0,301.0,-13.0,220.0,2026,9,18,30,4,Friday,Automne,Jour_de_semaine,8705.0,19.0
France,Données temps réel,2026-09-18,8,2026-09-18 08:45:00,46214.0,45900,45850,37.0,0.0,2888.0,37661.0,2811.0,2387.0,424.0,2499.0,3742.0,-1.0,951.0,-4485.0,34.0,937,1362,-2011,-176,-3971,2.0,35.0,0.0,0.0,171.0,2718.0,0.0,1790.0,544.0,1408.0,395.0,255.0,301.0,-11.0,124.0,2026,9,18,45,4,Friday,Automne,Jour_de_semaine,9052.0,19.6
France,Données temps réel,2026-09-18,9,2026-09-18 09:00:00,46419.0,46200,46200,37.0,0.0,2811.0,37638.0,2600.0,2265.0,335.0,3212.0,3183.0,-2.0,951.0,-4051.0,34.0,-1177,2400,-2314,-1959,-983,2.0,35.0,0.0,0.0,171.0,2642.0,0.0,1737.0,514.0,932.0,394.0,256.0,301.0,-27.0,68.0,2026,9,18,0,4,Friday,Automne,Jour_de_semaine,8995.0,19.4
France,Données temps réel,2026-09-18,9,2026-09-18 09:15:00,46263.0,46500,46500,36.0,0.0,2101.0,37630.0,2501.0,2106.0,395.0,4313.0,3119.0,0.0,950.0,-4418.0,28.0,-1177,2400,-2314,-2032,-797,1.0,35.0,0.0,0.0,171.0,1931.0,0.0,1736.0,489.0,894.0,391.0,257.0,301.0,-5.0,38.0,2026,9,18,15,4,Friday,Automne,Jour_de_semaine,9933.0,21.5
France,Données temps réel,2026-09-18,9,2026-09-18 09:30:00,46554.0,46800,46800,37.0,0.0,1620.0,37632.0,2241.0,1828.0,413.0,5561.0,3138.0,-6.0,951.0,-4473.0,23.0,-1177,2394,-2314,-1950,-726,2.0,35.0,0.0,0.0,172.0,1449.0,0.0,1711.0,646.0,781.0,393.0,257.0,301.0,-145.0,0.0,2026,9,18,30,4,Friday,Automne,Jour_de_semaine,10940.0,23.5
France,Données temps réel,2026-09-18,9,2026-09-18 09:45:00,46412.0,46800,46800,37.0,0.0,1454.0,37621.0,2091.0,1667.0,425.0,6764.0,2535.0,-163.0,955.0,-4775.0,22.0,-1177,2368,-2314,-1895,-792,2.0,35.0,0.0,0.0,172.0,1283.0,0.0,1655.0,445.0,435.0,393.0,261.0,301.0,-105.0,1.0,2026,9,18,45,4,Friday,Automne,Jour_de_semaine,11390.0,24.5
France,Données temps réel,2026-09-18,10,2026-09-18 10:00:00,46600.0,46800,46800,36.0,0.0,819.0,37458.0,1949.0,1575.0,373.0,8131.0,2030.0,-163.0,954.0,-4556.0,17.0,-853,2165,-2314,-2227,-493,1.0,35.0,0.0,0.0,171.0,649.0,0.0,1640.0,381.0,9.0,391.0,261.0,301.0,-57.0,1.0,2026,9,18,0,4,Friday,Automne,Jour_de_semaine,12110.0,26.0
France,Données temps réel,2026-09-18,10,2026-09-18 10:15:00,46565.0,46850,46850,37.0,0.0,570.0,37412.0,1846.0,1471.0,375.0,9549.0,1700.0,-326.0,945.0,-5081.0,14.0,-853,2069,-2314,-2227,-893,2.0,35.0,0.0,0.0,172.0,400.0,0.0,1583.0,108.0,9.0,390.0,254.0,301.0,-86.0,0.0,2026,9,18,15,4,Friday,Automne,Jour_de_semaine,13095.0,28.1
France,Données temps réel,2026-09-18,10,2026-09-18 10:30:00,47208.0,46900,46900,36.0,0.0,431.0,37120.0,1846.0,1457.0,389.0,10745.0,1678.0,-331.0,940.0,-5170.0,13.0,-853,2078,-2314,-2224,-1264,1.0,35.0,0.0,0.0,170.0,262.0,0.0,1559.0,111.0,9.0,385.0,254.0,301.0,-90.0,3.0,2026,9,18,30,4,Friday,Automne,Jour_de_semaine,14269.0,30.2
France,Données temps réel,2026-09-18,10,2026-09-18 10:45:00,47127.0,47250,47300,36.0,0.0,427.0,37078.0,1921.0,1565.0,357.0,11792.0,1677.0,-792.0,930.0,-5852.0,12.0,-853,2100,-2314,-2217,-1335,1.0,35.0,0.0,0.0,172.0,257.0,0.0,1567.0,102.0,9.0,376.0,253.0,301.0,-91.0,1.0,2026,9,18,45,4,Friday,Automne,Jour_de_semaine,15390.0,32.7
France,Données temps réel,2026-09-18,11,2026-09-18 11:00:00,47038.0,47600,47700,37.0,0.0,163.0,36515.0,2018.0,1711.0,307.0,12779.0,1781.0,-1131.0,938.0,-5973.0,10.0,-2100,2010,-2314,-2227,-1077,2.0,35.0,0.0,0.0,172.0,0.0,0.0,1586.0,186.0,9.0,378.0,259.0,301.0,-90.0,3.0,2026,9,18,0,4,Friday,Automne,Jour_de_semaine,16578.0,35.2
France,Données temps réel,2026-09-18,11,2026-09-18 11:15:00,47325.0,47550,47650,37.0,0.0,162.0,36220.0,2179.0,1881.0,298.0,13552.0,1968.0,-1128.0,935.0,-6590.0,10.0,-2100,1801,-2314,-2227,-1260,2.0,35.0,0.0,0.0,171.0,0.0,0.0,1620.0,340.0,9.0,376.0,258.0,301.0,-13.0,4.0,2026,9,18,15,4,Friday,Automne,Jour_de_semaine,17699.0,37.4
France,Données temps réel,2026-09-18,11,2026-09-18 11:30:00,47545.0,47500,47600,37.0,0.0,161.0,35845.0,2398.0,2066.0,332.0,14330.0,2056.0,-1130.0,930.0,-7078.0,10.0,-2100,1831,-2314,-2227,-1780,2.0,35.0,0.0,0.0,171.0,0.0,0.0,1613.0,434.0,10.0,371.0,258.0,301.0,-8.0,4.0,2026,9,18,30,4,Friday,Automne,Jour_de_semaine,18784.0,39.5
France,Données temps réel,2026-09-18,11,2026-09-18 11:45:00,48169.0,48000,48000,36.0,0.0,158.0,35755.0,2629.0,2293.0,337.0,14887.0,2037.0,-1304.0,927.0,-6958.0,10.0,-2100,1850,-2314,-2227,-1967,1.0,35.0,0.0,0.0,171.0,0.0,0.0,1578.0,450.0,9.0,369.0,258.0,301.0,-5.0,8.0,2026,9,18,45,4,Friday,Automne,Jour_de_semaine,19553.0,40.6
France,Données temps réel,2026-09-18,12,2026-09-18 12:00:00,47951.0,48500,48400,37.0,0.0,156.0,35396.0,2821.0,2494.0,327.0,15017.0,1963.0,-1200.0,922.0,-7156.0,10.0,-2661,1937,-2644,-2227,-1513,2.0,35.0,0.0,0.0,171.0,0.0,0.0,1568.0,386.0,10.0,364.0,258.0,301.0,-9.0,3.0,2026,9,18,0,4,Friday,Automne,Jour_de_semaine,19801.0,41.3
France,Données temps réel,2026-09-18,12,2026-09-18 12:15:00,47906.0,48450,48350,37.0,0.0,212.0,35614.0,2951.0,2647.0,304.0,15242.0,1803.0,-1402.0,925.0,-7375.0,10.0,-2661,1728,-2644,-2227,-1646,2.0,35.0,0.0,50.0,170.0,0.0,0.0,1568.0,226.0,9.0,366.0,258.0,301.0,-106.0,6.0,2026,9,18,15,4,Friday,Automne,Jour_de_semaine,19996.0,41.7
France,Données temps réel,2026-09-18,12,2026-09-18 12:30:00,47790.0,48400,48300,36.0,0.0,355.0,35680.0,3094.0,2852.0,243.0,15378.0,1765.0,-1403.0,944.0,-7965.0,11.0,-2661,1626,-2644,-2227,-1884,1.0,35.0,0.0,193.0,171.0,0.0,0.0,1527.0,229.0,9.0,382.0,261.0,301.0,-103.0,10.0,2026,9,18,30,4,Friday,Automne,Jour_de_semaine,20237.0,42.3
France,Données temps réel,2026-09-18,12,2026-09-18 12:45:00,48141.0,48800,48650,36.0,0.0,353.0,35732.0,3195.0,2945.0,251.0,15434.0,1749.0,-1404.0,944.0,-7807.0,11.0,-2661,1327,-2644,-2227,-2135,1.0,35.0,0.0,193.0,170.0,0.0,0.0,1512.0,228.0,9.0,384.0,259.0,301.0,-101.0,11.0,2026,9,18,45,4,Friday,Automne,Jour_de_semaine,20378.0,42.3
France,Données temps réel,2026-09-18,13,2026-09-18 13:00:00,47101.0,49200,49000,36.0,0.0,352.0,35446.0,3240.0,2959.0,281.0,15329.0,1648.0,-1404.0,943.0,-8384.0,11.0,-2772,1659,-2644,-2227,-2801,1.0,35.0,0.0,192.0,171.0,0.0,0.0,1512.0,127.0,9.0,382.0,259.0,301.0,-108.0,7.0,2026,9,18,0,4,Friday,Automne,Jour_de_semaine,20217.0,42.9
France,Données temps réel,2026-09-18,13,2026-09-18 13:15:00,46709.0,48300,48150,36.0,0.0,355.0,35515.0,3492.0,3146.0,345.0,15411.0,1575.0,-1398.0,953.0,-9176.0,11.0,-2772,1360,-2644,-2227,-3026,1.0,35.0,0.0,192.0,171.0,0.0,0.0,1521.0,45.0,10.0,392.0,259.0,301.0,-52.0,1.0,2026,9,18,15,4,Friday,Automne,Jour_de_semaine,20478.0,43.8
France,Données temps réel,2026-09-18,13,2026-09-18 13:30:00,45947.0,47400,47300,37.0,0.0,357.0,35593.0,3594.0,3232.0,362.0,15086.0,1608.0,-1396.0,958.0,-9855.0,11.0,-2772,1115,-2644,-2227,-3060,2.0,35.0,0.0,192.0,171.0,0.0,0.0,1554.0,45.0,9.0,397.0,259.0,301.0,-32.0,0.0,2026,9,18,30,4,Friday,Automne,Jour_de_semaine,20288.0,44.2
France,Données temps réel,2026-09-18,13,2026-09-18 13:45:00,45665.0,46950,46850,37.0,0.0,260.0,35403.0,3603.0,3220.0,384.0,15314.0,1578.0,-1397.0,960.0,-9895.0,11.0,-2772,825,-2644,-2227,-3057,2.0,35.0,0.0,98.0,170.0,0.0,0.0,1533.0,35.0,10.0,399.0,259.0,301.0,-198.0,1.0,2026,9,18,45,4,Friday,Automne,Jour_de_semaine,20495.0,44.9
France,Données temps réel,2026-09-18,14,2026-09-18 14:00:00,46268.0,46500,46400,37.0,0.0,269.0,35338.0,3549.0,3199.0,351.0,15570.0,1563.0,-1328.0,954.0,-9620.0,11.0,-2872,1625,-2644,-2227,-2822,2.0,35.0,0.0,107.0,170.0,0.0,0.0,1520.0,35.0,9.0,394.0,259.0,301.0,-64.0,0.0,2026,9,18,0,4,Friday,Automne,Jour_de_semaine,20682.0,44.7
France,Données temps réel,2026-09-18,14,2026-09-18 14:15:00,47371.0,47400,47350,36.0,0.0,279.0,35545.0,3665.0,3303.0,362.0,15926.0,1528.0,-1332.0,954.0,-9181.0,11.0,-2872,1377,-2644,-2227,-3084,1.0,35.0,0.0,106.0,181.0,0.0,0.0,1483.0,36.0,9.0,394.0,258.0,301.0,-54.0,6.0,2026,9,18,15,4,Friday,Automne,Jour_de_semaine,21119.0,44.6
France,Données temps réel,2026-09-18,14,2026-09-18 14:30:00,46562.0,48300,48300,37.0,0.0,309.0,35843.0,3813.0,3447.0,367.0,15794.0,1531.0,-1325.0,957.0,-10338.0,11.0,-2872,1407,-2601,-2227,-3377,2.0,35.0,0.0,107.0,208.0,0.0,0.0,1488.0,34.0,9.0,396.0,259.0,301.0,-59.0,2.0,2026,9,18,30,4,Friday,Automne,Jour_de_semaine,21138.0,45.4
France,Données temps réel,2026-09-18,14,2026-09-18 14:45:00,46281.0,47650,47250,37.0,0.0,281.0,35977.0,3840.0,3477.0,363.0,15189.0,1456.0,-1325.0,960.0,-10081.0,11.0,-2872,1112,-2416,-2223,-3372,2.0,35.0,0.0,109.0,176.0,0.0,0.0,1410.0,36.0,10.0,400.0,259.0,301.0,-57.0,4.0,2026,9,18,45,4,Friday,Automne,Jour_de_semaine,20485.0,44.3
France,Données temps réel,2026-09-18,15,2026-09-18 15:00:00,45903.0,47000,46200,37.0,0.0,365.0,35414.0,4000.0,3583.0,417.0,15117.0,1483.0,-1330.0,960.0,-10138.0,11.0,-3028,1019,-2243,-2227,-4420,2.0,35.0,0.0,193.0,182.0,0.0,0.0,1410.0,63.0,10.0,399.0,259.0,301.0,-58.0,55.0,2026,9,18,0,4,Friday,Automne,Jour_de_semaine,20600.0,44.9
France,Données temps réel,2026-09-18,15,2026-09-18 15:15:00,45876.0,46450,45700,37.0,0.0,369.0,36218.0,4089.0,3687.0,402.0,15022.0,1507.0,-1532.0,958.0,-10731.0,11.0,-3028,1215,-2243,-2227,-4344,2.0,35.0,0.0,192.0,183.0,0.0,0.0,1427.0,70.0,10.0,398.0,259.0,301.0,-66.0,5.0,2026,9,18,15,4,Friday,Automne,Jour_de_semaine,20618.0,44.9
France,Données temps réel,2026-09-18,15,2026-09-18 15:30:00,45329.0,45900,45200,37.0,0.0,364.0,35787.0,4159.0,3758.0,401.0,14732.0,1563.0,-1533.0,957.0,-10640.0,11.0,-3028,978,-2243,-2227,-4422,2.0,35.0,0.0,192.0,183.0,0.0,0.0,1430.0,123.0,10.0,397.0,259.0,301.0,-99.0,4.0,2026,9,18,30,4,Friday,Automne,Jour_de_semaine,20454.0,45.1
France,Données temps réel,2026-09-18,15,2026-09-18 15:45:00,45187.0,45650,45050,37.0,0.0,364.0,35972.0,4301.0,3926.0,376.0,14396.0,1611.0,-1533.0,957.0,-10791.0,11.0,-3028,1082,-2243,-2227,-4383,2.0,35.0,0.0,191.0,182.0,0.0,0.0,1427.0,175.0,9.0,398.0,258.0,301.0,-125.0,1.0,2026,9,18,45,4,Friday,Automne,Jour_de_semaine,20308.0,44.9
France,Données temps réel,2026-09-18,16,2026-09-18 16:00:00,44848.0,45400,44900,37.0,0.0,467.0,35783.0,4415.0,3992.0,422.0,13953.0,1762.0,-1535.0,960.0,-10721.0,12.0,-3028,443,-2250,-2227,-4893,2.0,35.0,0.0,191.0,182.0,95.0,0.0,1443.0,311.0,9.0,400.0,259.0,301.0,-273.0,0.0,2026,9,18,0,4,Friday,Automne,Jour_de_semaine,20130.0,44.9
France,Données temps réel,2026-09-18,16,2026-09-18 16:15:00,44431.0,44950,44500,37.0,0.0,591.0,35970.0,4441.0,4010.0,431.0,13524.0,2003.0,-1532.0,959.0,-11256.0,13.0,-3028,707,-2250,-2227,-4842,2.0,35.0,0.0,192.0,183.0,217.0,0.0,1488.0,369.0,147.0,399.0,259.0,301.0,-309.0,3.0,2026,9,18,15,4,Friday,Automne,Jour_de_semaine,19968.0,44.9
France,Données temps réel,2026-09-18,16,2026-09-18 16:30:00,43919.0,44500,44100,37.0,0.0,456.0,36022.0,4523.0,4069.0,455.0,12978.0,1917.0,-1526.0,960.0,-11344.0,12.0,-3028,781,-2250,-2227,-4772,2.0,35.0,0.0,59.0,182.0,215.0,0.0,1509.0,307.0,101.0,399.0,259.0,301.0,-104.0,1.0,2026,9,18,30,4,Friday,Automne,Jour_de_semaine,19418.0,44.2
France,Données temps réel,2026-09-18,16,2026-09-18 16:45:00,44056.0,44150,43850,37.0,0.0,450.0,36185.0,4622.0,4176.0,446.0,12144.0,2028.0,-1294.0,964.0,-11008.0,12.0,-3028,1255,-2250,-2227,-4826,2.0,35.0,0.0,0.0,182.0,269.0,0.0,1517.0,358.0,153.0,405.0,258.0,301.0,-72.0,5.0,2026,9,18,45,4,Friday,Automne,Jour_de_semaine,18794.0,42.7
France,Données temps réel,2026-09-18,17,2026-09-18 17:00:00,43856.0,43800,43600,37.0,0.0,439.0,36229.0,4708.0,4230.0,478.0,11272.0,1968.0,-1295.0,965.0,-10446.0,12.0,-2171,1753,-2250,-2227,-5015,2.0,35.0,0.0,0.0,183.0,258.0,0.0,1483.0,335.0,149.0,404.0,259.0,301.0,-35.0,16.0,2026,9,18,0,4,Friday,Automne,Jour_de_semaine,17948.0,40.9
France,Données temps réel,2026-09-18,17,2026-09-18 17:15:00,44014.0,44250,44050,37.0,0.0,450.0,36528.0,4684.0,4180.0,505.0,10444.0,2081.0,-1291.0,963.0,-9780.0,13.0,-2171,1928,-2250,-2227,-4830,2.0,35.0,0.0,0.0,182.0,270.0,0.0,1529.0,399.0,153.0,402.0,259.0,301.0,-106.0,3.0,2026,9,18,15,4,Friday,Automne,Jour_de_semaine,17209.0,39.1
France,Données temps réel,2026-09-18,17,2026-09-18 17:30:00,44609.0,44700,44500,37.0,0.0,458.0,37099.0,4665.0,4115.0,551.0,9515.0,2058.0,-1084.0,965.0,-9100.0,13.0,-2171,2204,-2250,-2227,-5386,2.0,35.0,0.0,0.0,183.0,276.0,0.0,1578.0,331.0,148.0,404.0,259.0,301.0,-7.0,3.0,2026,9,18,30,4,Friday,Automne,Jour_de_semaine,16238.0,36.4
France,Données temps réel,2026-09-18,17,2026-09-18 17:45:00,44915.0,44900,44750,36.0,0.0,481.0,38005.0,4726.0,4208.0,518.0,8447.0,2248.0,-739.0,970.0,-9264.0,13.0,-2171,2076,-2250,-2227,-4778,1.0,35.0,0.0,0.0,181.0,301.0,0.0,1641.0,421.0,186.0,409.0,259.0,301.0,-1.0,8.0,2026,9,18,45,4,Friday,Automne,Jour_de_semaine,15421.0,34.3
France,Données temps réel,2026-09-18,18,2026-09-18 18:00:00,45194.0,45100,45000,37.0,0.0,659.0,38390.0,4475.0,3955.0,521.0,7273.0,2491.0,0.0,969.0,-9099.0,15.0,-205,1979,-2510,-2227,-5622,2.0,35.0,0.0,0.0,183.0,477.0,0.0,1617.0,486.0,387.0,409.0,259.0,301.0,-8.0,8.0,2026,9,18,0,4,Friday,Automne,Jour_de_semaine,14239.0,31.5
France,Données temps réel,2026-09-18,18,2026-09-18 18:15:00,45757.0,45400,45300,37.0,0.0,1096.0,38515.0,4475.0,3894.0,581.0,6111.0,2756.0,0.0,960.0,-8195.0,18.0,-205,2334,-2510,-2227,-5026,2.0,35.0,0.0,0.0,182.0,915.0,0.0,1617.0,494.0,645.0,399.0,260.0,301.0,-2.0,5.0,2026,9,18,15,4,Friday,Automne,Jour_de_semaine,13342.0,29.2
France,Données temps réel,2026-09-18,18,2026-09-18 18:30:00,46102.0,45700,45600,36.0,0.0,1247.0,38736.0,4480.0,3784.0,696.0,4888.0,3111.0,0.0,972.0,-7441.0,20.0,-205,2400,-2510,-2217,-4248,1.0,35.0,0.0,0.0,182.0,1066.0,0.0,1692.0,513.0,906.0,402.0,268.0,301.0,-12.0,85.0,2026,9,18,30,4,Friday,Automne,Jour_de_semaine,12479.0,27.1
France,Données temps réel,2026-09-18,18,2026-09-18 18:45:00,46742.0,46100,46000,37.0,0.0,1484.0,38850.0,4460.0,3700.0,760.0,3817.0,3758.0,-1.0,967.0,-6729.0,21.0,-205,2400,-2510,-1990,-3438,2.0,35.0,0.0,0.0,183.0,1302.0,0.0,1724.0,588.0,1446.0,396.0,270.0,301.0,-1.0,100.0,2026,9,18,45,4,Friday,Automne,Jour_de_semaine,12035.0,25.7
France,Données temps réel,2026-09-18,19,2026-09-18 19:00:00,47048.0,46500,46400,37.0,0.0,1474.0,38907.0,4307.0,3443.0,864.0,2616.0,4007.0,-1.0,976.0,-5327.0,22.0,1115,2400,-2493,-2078,-3804,2.0,35.0,0.0,0.0,182.0,1293.0,0.0,1793.0,642.0,1571.0,405.0,270.0,301.0,-11.0,65.0,2026,9,18,0,4,Friday,Automne,Jour_de_semaine,10930.0,23.2
France,Données temps réel,2026-09-18,19,2026-09-18 19:15:00,46845.0,46300,46200,37.0,0.0,1481.0,38956.0,4089.0,3254.0,835.0,1737.0,4192.0,0.0,974.0,-4627.0,22.0,1115,2392,-2493,-1934,-3515,2.0,35.0,0.0,0.0,183.0,1300.0,0.0,1948.0,774.0,1470.0,401.0,271.0,301.0,-2.0,10.0,2026,9,18,15,4,Friday,Automne,Jour_de_semaine,10018.0,21.4
France,Données temps réel,2026-09-18,19,2026-09-18 19:30:00,46601.0,46100,46000,37.0,0.0,1533.0,39131.0,4063.0,3162.0,901.0,974.0,4787.0,0.0,976.0,-4927.0,23.0,1115,2002,-2493,-1771,-3379,2.0,35.0,0.0,0.0,182.0,1352.0,0.0,1950.0,823.0,2014.0,403.0,271.0,301.0,-4.0,34.0,2026,9,18,30,4,Friday,Automne,Jour_de_semaine,9824.0,21.1
France,Données temps réel,2026-09-18,19,2026-09-18 19:45:00,46604.0,45900,45800,37.0,0.0,1537.0,39219.0,3852.0,2976.0,876.0,597.0,5098.0,0.0,989.0,-4694.0,23.0,1115,1371,-2493,-1451,-3067,2.0,35.0,0.0,0.0,182.0,1356.0,0.0,1922.0,955.0,2222.0,417.0,271.0,301.0,-41.0,12.0,2026,9,18,45,4,Friday,Automne,Jour_de_semaine,9547.0,20.5
France,Données temps réel,2026-09-18,20,2026-09-18 20:00:00,46726.0,45700,45600,37.0,0.0,1545.0,39244.0,3655.0,2763.0,892.0,346.0,5036.0,-1.0,982.0,-4083.0,23.0,1127,1744,-2451,-894,-4361,2.0,35.0,0.0,0.0,184.0,1363.0,0.0,1889.0,944.0,2204.0,409.0,271.0,301.0,-52.0,18.0,2026,9,18,0,4,Friday,Automne,Jour_de_semaine,9037.0,19.3
France,Données temps réel,2026-09-18,20,2026-09-18 20:15:00,46499.0,45400,45300,37.0,0.0,1544.0,39141.0,3476.0,2658.0,818.0,233.0,4993.0,0.0,982.0,-4300.0,23.0,1127,987,-2451,-805,-3679,2.0,35.0,0.0,0.0,183.0,1362.0,0.0,1916.0,971.0,2107.0,409.0,271.0,301.0,-24.0,419.0,2026,9,18,15,4,Friday,Automne,Jour_de_semaine,8702.0,18.7
France,Données temps réel,2026-09-18,20,2026-09-18 20:30:00,46276.0,45100,45000,37.0,0.0,1583.0,38993.0,3464.0,2635.0,829.0,210.0,5194.0,-1.0,983.0,-4577.0,24.0,1127,588,-2451,-834,-3337,2.0,35.0,0.0,0.0,182.0,1401.0,0.0,1922.0,1251.0,2021.0,410.0,271.0,301.0,-18.0,413.0,2026,9,18,30,4,Friday,Automne,Jour_de_semaine,8868.0,19.2
France,Données temps réel,2026-09-18,20,2026-09-18 20:45:00,45552.0,44650,44550,36.0,0.0,1586.0,38714.0,3587.0,2692.0,895.0,192.0,4797.0,0.0,985.0,-4739.0,24.0,1127,-9,-2445,-813,-2781,1.0,35.0,0.0,0.0,183.0,1404.0,0.0,1924.0,1013.0,1860.0,412.0,272.0,301.0,-17.0,413.0,2026,9,18,45,4,Friday,Automne,Jour_de_semaine,8576.0,18.8
France,Données temps réel,2026-09-18,21,2026-09-18 21:00:00,44797.0,44200,44100,37.0,0.0,1590.0,38409.0,3555.0,2738.0,817.0,203.0,4467.0,0.0,978.0,-4841.0,24.0,1122,579,-2533,-2031,-1739,2.0,35.0,0.0,0.0,184.0,1407.0,0.0,1927.0,998.0,1542.0,404.0,272.0,301.0,-11.0,412.0,2026,9,18,0,4,Friday,Automne,Jour_de_semaine,8225.0,18.4
France,Données temps réel,2026-09-18,21,2026-09-18 21:15:00,44134.0,43550,43400,37.0,0.0,1590.0,37872.0,3602.0,2779.0,823.0,0.0,4628.0,0.0,982.0,-4958.0,24.0,1122,660,-2644,-2036,-1469,2.0,35.0,0.0,0.0,183.0,1409.0,0.0,1770.0,1160.0,1698.0,408.0,272.0,301.0,-6.0,388.0,2026,9,18,15,4,Friday,Automne,Jour_de_semaine,8230.0,18.6
France,Données temps réel,2026-09-18,21,2026-09-18 21:30:00,43547.0,42900,42700,37.0,0.0,1592.0,37326.0,3687.0,2873.0,814.0,0.0,3666.0,-1.0,984.0,-4124.0,25.0,1122,-451,-2593,-2110,-45,2.0,35.0,0.0,0.0,183.0,1410.0,0.0,1661.0,933.0,1073.0,411.0,272.0,301.0,-6.0,389.0,2026,9,18,30,4,Friday,Automne,Jour_de_semaine,7353.0,16.9
France,Données temps réel,2026-09-18,21,2026-09-18 21:45:00,42816.0,42200,42000,37.0,0.0,1273.0,37099.0,3845.0,2889.0,956.0,0.0,3519.0,0.0,982.0,-4212.0,23.0,1122,-1351,-2644,-2219,847,2.0,35.0,0.0,0.0,182.0,1092.0,0.0,1623.0,891.0,1005.0,409.0,272.0,301.0,-13.0,287.0,2026,9,18,45,4,Friday,Automne,Jour_de_semaine,7364.0,17.2
France,Données temps réel,2026-09-18,22,2026-09-18 22:00:00,42426.0,41500,41300,37.0,0.0,1262.0,37064.0,4063.0,3059.0,1004.0,0.0,3465.0,-212.0,992.0,-4296.0,23.0,1426,839,-2621,-2209,105,2.0,35.0,0.0,0.0,183.0,1081.0,0.0,1622.0,931.0,911.0,418.0,272.0,301.0,-20.0,74.0,2026,9,18,0,4,Friday,Automne,Jour_de_semaine,7528.0,17.7
France,Données temps réel,2026-09-18,22,2026-09-18 22:15:00,42999.0,42000,41800,37.0,0.0,1176.0,37017.0,4120.0,3035.0,1085.0,0.0,3114.0,-211.0,987.0,-3459.0,22.0,1426,-375,-2592,-2171,1126,2.0,35.0,0.0,0.0,183.0,994.0,0.0,1653.0,938.0,524.0,413.0,272.0,301.0,-17.0,238.0,2026,9,18,15,4,Friday,Automne,Jour_de_semaine,7234.0,16.8
France,Données temps réel,2026-09-18,22,2026-09-18 22:30:00,42937.0,42500,42300,37.0,0.0,875.0,37052.0,4084.0,3038.0,1046.0,0.0,2927.0,-210.0,993.0,-2811.0,19.0,1426,221,-2408,-2168,1878,2.0,35.0,0.0,0.0,183.0,693.0,0.0,1657.0,914.0,355.0,418.0,274.0,301.0,-18.0,9.0,2026,9,18,30,4,Friday,Automne,Jour_de_semaine,7011.0,16.3
France,Données temps réel,2026-09-18,22,2026-09-18 22:45:00,43671.0,43100,42900,37.0,0.0,657.0,37070.0,4122.0,3120.0,1002.0,0.0,3065.0,-211.0,991.0,-2051.0,17.0,1426,-666,-2506,-2098,2342,2.0,35.0,0.0,0.0,183.0,476.0,0.0,1647.0,1040.0,377.0,417.0,272.0,301.0,-17.0,9.0,2026,9,18,45,4,Friday,Automne,Jour_de_semaine,7187.0,16.5
France,Données temps réel,2026-09-18,23,2026-09-18 23:00:00,42976.0,43700,43500,37.0,0.0,549.0,36988.0,3994.0,3049.0,945.0,0.0,2768.0,0.0,988.0,-2339.0,17.0,2028,-1745,-2566,-2196,2691,2.0,35.0,0.0,0.0,183.0,367.0,0.0,1679.0,838.0,250.0,414.0,272.0,301.0,-30.0,25.0,2026,9,18,0,4,Friday,Automne,Jour_de_semaine,6762.0,15.7
France,Données temps réel,2026-09-18,23,2026-09-18 23:15:00,42695.0,42650,42600,37.0,0.0,567.0,37057.0,4036.0,3093.0,943.0,0.0,2952.0,-1.0,988.0,-3039.0,17.0,2028,-2246,-2604,-2196,2312,2.0,35.0,0.0,0.0,183.0,386.0,0.0,1659.0,1085.0,208.0,415.0,272.0,301.0,-5.0,104.0,2026,9,18,15,4,Friday,Automne,Jour_de_semaine,6988.0,16.4
France,Données temps réel,2026-09-18,23,2026-09-18 23:30:00,42393.0,41600,41700,37.0,0.0,580.0,36981.0,4138.0,3232.0,907.0,0.0,2692.0,-14.0,987.0,-2972.0,17.0,2028,-2441,-2484,-2149,2967,2.0,35.0,0.0,0.0,183.0,398.0,0.0,1679.0,855.0,158.0,413.0,272.0,301.0,-35.0,2.0,2026,9,18,30,4,Friday,Automne,Jour_de_semaine,6830.0,16.1
France,Données temps réel,2026-09-18,23,2026-09-18 23:45:00,42507.0,41400,41450,37.0,0.0,515.0,36910.0,4285.0,3368.0,917.0,0.0,2973.0,-348.0,990.0,-2859.0,16.0,2028,-2717,-2619,-2120,2956,2.0,35.0,0.0,0.0,182.0,335.0,0.0,1672.0,1042.0,259.0,416.0,272.0,301.0,-13.0,19.0,2026,9,18,45,4,Friday,Automne,Jour_de_semaine,7258.0,17.1
France,Données temps réel,2026-09-19,0,2026-09-19 00:00:00,41494.0,41200,41200,37.0,0.0,558.0,37076.0,4393.0,3502.0,891.0,0.0,2724.0,-355.0,986.0,-3898.0,16.0,2028,-2821,-1969,-2227,2138,2.0,35.0,0.0,0.0,191.0,368.0,0.0,1651.0,777.0,296.0,413.0,272.0,301.0,-27.0,1.0,2026,9,19,0,5,Saturday,Automne,Weekend,7117.0,17.2
France,Données temps réel,2026-09-19,0,2026-09-19 00:15:00,41648.0,40450,40450,37.0,0.0,479.0,37061.0,4459.0,3610.0,849.0,0.0,3204.0,-364.0,985.0,-4201.0,16.0,2028,-2821,-1969,-2227,1606,2.0,35.0,0.0,0.0,192.0,288.0,0.0,1605.0,1006.0,592.0,411.0,272.0,301.0,-19.0,11.0,2026,9,19,15,5,Saturday,Automne,Weekend,7663.0,18.4
France,Données temps réel,2026-09-19,0,2026-09-19 00:30:00,40415.0,39700,39700,37.0,0.0,479.0,37027.0,4479.0,3620.0,859.0,0.0,3037.0,-782.0,984.0,-4792.0,16.0,2028,-2821,-1969,-2227,1318,2.0,35.0,0.0,0.0,193.0,287.0,0.0,1529.0,908.0,599.0,410.0,272.0,301.0,-75.0,22.0,2026,9,19,30,5,Saturday,Automne,Weekend,7516.0,18.6
France,Données temps réel,2026-09-19,0,2026-09-19 00:45:00,39468.0,38750,38750,37.0,0.0,291.0,37012.0,4621.0,3752.0,869.0,0.0,2818.0,-994.0,984.0,-5247.0,14.0,2028,-2821,-1969,-2227,766,2.0,35.0,0.0,0.0,193.0,99.0,0.0,1511.0,876.0,430.0,409.0,273.0,301.0,-64.0,10.0,2026,9,19,45,5,Saturday,Automne,Weekend,7439.0,18.8
France,Données temps réel,2026-09-19,1,2026-09-19 01:00:00,38814.0,37800,37800,37.0,0.0,292.0,36920.0,4534.0,3681.0,854.0,0.0,2917.0,-994.0,990.0,-5732.0,14.0,2028,-2821,-1969,-2227,480,2.0,35.0,0.0,0.0,193.0,100.0,0.0,1520.0,902.0,494.0,415.0,273.0,301.0,-157.0,10.0,2026,9,19,0,5,Saturday,Automne,Weekend,7451.0,19.2
France,Données temps réel,2026-09-19,1,2026-09-19 01:15:00,38991.0,37900,37900,37.0,0.0,291.0,36645.0,4574.0,3756.0,818.0,0.0,2794.0,-1158.0,981.0,-5165.0,14.0,2028,-2821,-1969,-2227,-32,2.0,35.0,0.0,0.0,192.0,100.0,0.0,1509.0,796.0,489.0,407.0,272.0,301.0,-26.0,20.0,2026,9,19,15,5,Saturday,Automne,Weekend,7368.0,18.9
France,Données temps réel,2026-09-19,1,2026-09-19 01:30:00,38201.0,38000,38000,37.0,0.0,293.0,36213.0,4467.0,3694.0,773.0,0.0,2829.0,-1159.0,975.0,-5413.0,14.0,2028,-2821,-1969,-2227,61,2.0,35.0,0.0,0.0,193.0,101.0,0.0,1519.0,787.0,523.0,400.0,273.0,301.0,-51.0,12.0,2026,9,19,30,5,Saturday,Automne,Weekend,7296.0,19.1
France,Données temps réel,2026-09-19,1,2026-09-19 01:45:00,37972.0,37450,37950,37.0,0.0,293.0,36140.0,4566.0,3788.0,778.0,0.0,2783.0,-1486.0,971.0,-5239.0,14.0,2028,-2821,-1969,-2227,-529,2.0,35.0,0.0,0.0,193.0,101.0,0.0,1493.0,762.0,529.0,396.0,273.0,301.0,-97.0,4.0,2026,9,19,45,5,Saturday,Automne,Weekend,7349.0,19.4
France,Données temps réel,2026-09-19,2,2026-09-19 02:00:00,37030.0,36900,37900,37.0,0.0,290.0,36164.0,4555.0,3785.0,769.0,0.0,2510.0,-1451.0,970.0,-5960.0,14.0,2028,-2821,-1969,-2227,-1049,2.0,35.0,0.0,0.0,193.0,98.0,0.0,1450.0,765.0,295.0,396.0,272.0,301.0,-110.0,27.0,2026,9,19,0,5,Saturday,Automne,Weekend,7065.0,19.1
France,Données temps réel,2026-09-19,2,2026-09-19 02:15:00,36664.0,36200,37150,36.0,0.0,290.0,36153.0,4678.0,3865.0,813.0,0.0,2320.0,-1440.0,965.0,-6362.0,14.0,2028,-2821,-1969,-2227,-1384,1.0,35.0,0.0,0.0,193.0,99.0,0.0,1418.0,757.0,145.0,392.0,272.0,301.0,-2.0,28.0,2026,9,19,15,5,Saturday,Automne,Weekend,6998.0,19.1
France,Données temps réel,2026-09-19,2,2026-09-19 02:30:00,36021.0,35500,36400,36.0,0.0,291.0,36094.0,4687.0,3891.0,797.0,0.0,2305.0,-1438.0,974.0,-6852.0,14.0,2028,-2821,-1969,-2226,-1792,1.0,35.0,0.0,0.0,193.0,100.0,0.0,1423.0,754.0,128.0,398.0,274.0,301.0,-94.0,19.0,2026,9,19,30,5,Saturday,Automne,Weekend,6992.0,19.4
France,Données temps réel,2026-09-19,2,2026-09-19 02:45:00,35586.0,34950,35850,37.0,0.0,297.0,36044.0,4821.0,4053.0,767.0,0.0,2291.0,-1436.0,967.0,-7176.0,14.0,2028,-2821,-1969,-2226,-2146,2.0,35.0,0.0,0.0,192.0,106.0,0.0,1424.0,768.0,98.0,393.0,272.0,301.0,-255.0,1.0,2026,9,19,45,5,Saturday,Automne,Weekend,7112.0,20.0
France,Données temps réel,2026-09-19,3,2026-09-19 03:00:00,34672.0,34400,35300,37.0,0.0,296.0,35566.0,4745.0,3981.0,764.0,0.0,2290.0,-1442.0,970.0,-7650.0,14.0,2028,-2821,-1646,-2227,-2680,2.0,35.0,0.0,0.0,193.0,104.0,0.0,1417.0,774.0,99.0,396.0,273.0,301.0,-153.0,14.0,2026,9,19,0,5,Saturday,Automne,Weekend,7035.0,20.3
France,Données temps réel,2026-09-19,3,2026-09-19 03:15:00,34353.0,34100,35000,37.0,0.0,294.0,35602.0,4752.0,3982.0,770.0,0.0,2257.0,-1618.0,970.0,-7799.0,14.0,2028,-2821,-1646,-2227,-3014,2.0,35.0,0.0,0.0,193.0,103.0,0.0,1425.0,733.0,98.0,397.0,272.0,301.0,-141.0,0.0,2026,9,19,15,5,Saturday,Automne,Weekend,7009.0,20.4
France,Données temps réel,2026-09-19,3,2026-09-19 03:30:00,34120.0,33800,34700,37.0,0.0,295.0,35592.0,4706.0,3920.0,786.0,0.0,2223.0,-1794.0,967.0,-7806.0,14.0,2028,-2821,-1646,-2227,-3044,2.0,35.0,0.0,0.0,194.0,102.0,0.0,1396.0,728.0,98.0,393.0,273.0,301.0,-99.0,1.0,2026,9,19,30,5,Saturday,Automne,Weekend,6929.0,20.3
France,Données temps réel,2026-09-19,3,2026-09-19 03:45:00,33590.0,33450,34350,37.0,0.0,294.0,35501.0,4707.0,3906.0,801.0,0.0,2146.0,-1963.0,970.0,-7984.0,14.0,2028,-2821,-1646,-2227,-2921,2.0,35.0,0.0,0.0,193.0,102.0,0.0,1356.0,717.0,74.0,397.0,272.0,301.0,-119.0,2.0,2026,9,19,45,5,Saturday,Automne,Weekend,6853.0,20.4
France,Données temps réel,2026-09-19,4,2026-09-19 04:00:00,33577.0,33100,34000,37.0,0.0,297.0,35564.0,4769.0,3958.0,811.0,0.0,2092.0,-1967.0,970.0,-8137.0,14.0,2028,-3006,-1646,-2227,-2512,2.0,35.0,0.0,0.0,193.0,106.0,0.0,1374.0,709.0,10.0,395.0,273.0,301.0,-62.0,14.0,2026,9,19,0,5,Saturday,Automne,Weekend,6861.0,20.4
France,Données temps réel,2026-09-19,4,2026-09-19 04:15:00,33501.0,32800,33650,36.0,0.0,298.0,35573.0,4827.0,3993.0,834.0,0.0,2055.0,-2207.0,970.0,-7880.0,14.0,2028,-3006,-1646,-2227,-2556,1.0,35.0,0.0,0.0,193.0,106.0,0.0,1401.0,646.0,9.0,396.0,272.0,301.0,-189.0,18.0,2026,9,19,15,5,Saturday,Automne,Weekend,6882.0,20.5
France,Données temps réel,2026-09-19,4,2026-09-19 04:30:00,33327.0,32500,33300,37.0,0.0,296.0,35590.0,4847.0,4013.0,834.0,0.0,2077.0,-2197.0,965.0,-8202.0,14.0,2028,-3006,-1646,-2227,-2662,2.0,35.0,0.0,0.0,192.0,105.0,0.0,1410.0,659.0,9.0,390.0,273.0,301.0,-93.0,7.0,2026,9,19,30,5,Saturday,Automne,Weekend,6924.0,20.8
France,Données temps réel,2026-09-19,4,2026-09-19 04:45:00,33063.0,32550,33350,37.0,0.0,297.0,35476.0,4852.0,4020.0,832.0,0.0,2116.0,-2200.0,968.0,-8388.0,14.0,2028,-3006,-1646,-2227,-2510,2.0,35.0,0.0,0.0,193.0,105.0,0.0,1446.0,661.0,9.0,394.0,272.0,301.0,-92.0,0.0,2026,9,19,45,5,Saturday,Automne,Weekend,6968.0,21.1
France,Données temps réel,2026-09-19,5,2026-09-19 05:00:00,33400.0,32600,33400,37.0,0.0,298.0,35334.0,4906.0,4086.0,819.0,0.0,2119.0,-2195.0,971.0,-7941.0,15.0,2028,-3006,-1646,-2227,-2862,2.0,35.0,0.0,0.0,193.0,106.0,0.0,1443.0,667.0,9.0,397.0,272.0,301.0,-133.0,7.0,2026,9,19,0,5,Saturday,Automne,Weekend,7025.0,21.0
France,Données temps réel,2026-09-19,5,2026-09-19 05:15:00,33603.0,32750,33550,37.0,0.0,299.0,35017.0,4784.0,3948.0,836.0,0.0,2128.0,-1435.0,966.0,-8109.0,15.0,2028,-3006,-1646,-2227,-2826,2.0,35.0,0.0,0.0,193.0,108.0,0.0,1452.0,667.0,9.0,392.0,273.0,301.0,-87.0,3.0,2026,9,19,15,5,Saturday,Automne,Weekend,6912.0,20.6
France,Données temps réel,2026-09-19,5,2026-09-19 05:30:00,33591.0,32900,33700,37.0,0.0,298.0,34887.0,4826.0,3973.0,853.0,0.0,2128.0,-1434.0,967.0,-8056.0,15.0,2028,-3006,-1646,-2227,-2456,2.0,35.0,0.0,0.0,193.0,106.0,0.0,1446.0,673.0,10.0,393.0,272.0,301.0,-61.0,1.0,2026,9,19,30,5,Saturday,Automne,Weekend,6954.0,20.7
France,Données temps réel,2026-09-19,5,2026-09-19 05:45:00,33660.0,33250,34050,37.0,0.0,296.0,34734.0,4869.0,4007.0,862.0,0.0,2065.0,-1437.0,964.0,-7809.0,15.0,2028,-3006,-1646,-2227,-2663,2.0,35.0,0.0,0.0,192.0,105.0,0.0,1458.0,597.0,10.0,390.0,273.0,301.0,-61.0,4.0,2026,9,19,45,5,Saturday,Automne,Weekend,6934.0,20.6
France,Données temps réel,2026-09-19,6,2026-09-19 06:00:00,33716.0,33600,34400,37.0,0.0,301.0,34784.0,4914.0,4056.0,857.0,0.0,2134.0,-1434.0,964.0,-7919.0,15.0,2028,-3006,-1646,-2227,-2058,2.0,35.0,0.0,0.0,193.0,109.0,0.0,1464.0,660.0,10.0,391.0,272.0,301.0,-75.0,13.0,2026,9,19,0,5,Saturday,Automne,Weekend,7048.0,20.9
France,Données temps réel,2026-09-19,6,2026-09-19 06:15:00,34289.0,33750,34500,37.0,0.0,301.0,34502.0,4944.0,4089.0,855.0,0.0,2110.0,-1436.0,970.0,-7155.0,15.0,2028,-3006,-1646,-2227,-1568,2.0,35.0,0.0,0.0,193.0,109.0,0.0,1486.0,615.0,9.0,396.0,272.0,301.0,-10.0,30.0,2026,9,19,15,5,Saturday,Automne,Weekend,7054.0,20.6
France,Données temps réel,2026-09-19,6,2026-09-19 06:30:00,34476.0,33900,34600,37.0,0.0,299.0,34276.0,4930.0,4076.0,855.0,0.0,2226.0,-1433.0,966.0,-6857.0,15.0,2028,-3006,-1646,-2227,-1703,2.0,35.0,0.0,0.0,193.0,108.0,0.0,1525.0,616.0,85.0,390.0,274.0,301.0,-2.0,32.0,2026,9,19,30,5,Saturday,Automne,Weekend,7156.0,20.8
France,Données temps réel,2026-09-19,6,2026-09-19 06:45:00,34654.0,34350,35050,37.0,0.0,301.0,34263.0,4947.0,4085.0,862.0,0.0,2336.0,-1435.0,960.0,-6792.0,15.0,2028,-3006,-1646,-2227,-1494,2.0,35.0,0.0,0.0,193.0,109.0,0.0,1549.0,597.0,190.0,385.0,274.0,301.0,-3.0,41.0,2026,9,19,45,5,Saturday,Automne,Weekend,7283.0,21.0
France,Données temps réel,2026-09-19,7,2026-09-19 07:00:00,34986.0,34800,35500,37.0,0.0,300.0,34241.0,4890.0,4037.0,853.0,195.0,2484.0,-1434.0,955.0,-6714.0,15.0,2028,-2544,-1798,-2227,-1615,2.0,35.0,0.0,0.0,193.0,109.0,0.0,1579.0,562.0,343.0,381.0,273.0,301.0,0.0,34.0,2026,9,19,0,5,Saturday,Automne,Weekend,7569.0,21.6
France,Données temps réel,2026-09-19,7,2026-09-19 07:15:00,35211.0,34850,35550,37.0,0.0,300.0,34014.0,4972.0,4115.0,857.0,190.0,2331.0,-1435.0,953.0,-6351.0,15.0,2028,-2544,-1798,-2227,-1726,2.0,35.0,0.0,0.0,192.0,109.0,0.0,1559.0,395.0,377.0,379.0,273.0,301.0,-43.0,245.0,2026,9,19,15,5,Saturday,Automne,Weekend,7493.0,21.3
France,Données temps réel,2026-09-19,7,2026-09-19 07:30:00,35610.0,34900,35600,36.0,0.0,301.0,33977.0,5131.0,4250.0,880.0,204.0,2318.0,-1437.0,960.0,-5993.0,15.0,2028,-2544,-1798,-2227,-1736,1.0,35.0,0.0,0.0,193.0,110.0,0.0,1553.0,346.0,419.0,385.0,273.0,301.0,-20.0,135.0,2026,9,19,30,5,Saturday,Automne,Weekend,7653.0,21.5
France,Données temps réel,2026-09-19,7,2026-09-19 07:45:00,35610.0,35300,36000,37.0,0.0,303.0,34090.0,5180.0,4298.0,883.0,332.0,2447.0,-1433.0,960.0,-6466.0,15.0,2028,-2544,-1798,-2227,-1622,2.0,35.0,0.0,0.0,194.0,111.0,0.0,1528.0,340.0,579.0,385.0,273.0,301.0,-14.0,173.0,2026,9,19,45,5,Saturday,Automne,Weekend,7959.0,22.4
France,Données temps réel,2026-09-19,8,2026-09-19 08:00:00,35972.0,35700,36400,37.0,0.0,302.0,34041.0,5144.0,4295.0,849.0,611.0,2414.0,-1433.0,963.0,-6178.0,15.0,1385,-2544,-1798,-2227,-847,2.0,35.0,0.0,0.0,194.0,110.0,0.0,1488.0,280.0,646.0,386.0,275.0,301.0,-12.0,84.0,2026,9,19,0,5,Saturday,Automne,Weekend,8169.0,22.7
France,Données temps réel,2026-09-19,8,2026-09-19 08:15:00,36541.0,36150,36800,37.0,0.0,304.0,33783.0,5007.0,4176.0,832.0,1093.0,2296.0,-1432.0,963.0,-5681.0,15.0,1385,-2544,-1798,-2227,-608,2.0,35.0,0.0,0.0,193.0,112.0,0.0,1453.0,272.0,571.0,387.0,274.0,301.0,-8.0,179.0,2026,9,19,15,5,Saturday,Automne,Weekend,8396.0,23.0
France,Données temps réel,2026-09-19,8,2026-09-19 08:30:00,37002.0,36600,37200,37.0,0.0,300.0,33704.0,5104.0,4274.0,830.0,1857.0,2221.0,-1433.0,959.0,-5731.0,14.0,1385,-2544,-1798,-2227,56,2.0,35.0,0.0,0.0,193.0,109.0,0.0,1430.0,270.0,522.0,383.0,275.0,301.0,-32.0,21.0,2026,9,19,30,5,Saturday,Automne,Weekend,9182.0,24.8
France,Données temps réel,2026-09-19,8,2026-09-19 08:45:00,37474.0,37300,37900,37.0,0.0,300.0,32910.0,5100.0,4228.0,872.0,2930.0,1680.0,-1434.0,958.0,-5015.0,14.0,1385,-2544,-1798,-2227,-37,2.0,35.0,0.0,0.0,193.0,108.0,0.0,1396.0,276.0,9.0,382.0,274.0,301.0,-9.0,23.0,2026,9,19,45,5,Saturday,Automne,Weekend,9710.0,25.9
France,Données temps réel,2026-09-19,9,2026-09-19 09:00:00,37551.0,38000,38600,37.0,0.0,305.0,32458.0,4866.0,4007.0,859.0,4050.0,1667.0,-1433.0,973.0,-5373.0,14.0,554,-2544,-2225,-2227,1618,2.0,35.0,0.0,0.0,193.0,113.0,0.0,1408.0,250.0,9.0,394.0,277.0,301.0,-9.0,17.0,2026,9,19,0,5,Saturday,Automne,Weekend,10583.0,28.2
France,Données temps réel,2026-09-19,9,2026-09-19 09:15:00,38155.0,38450,39050,37.0,0.0,309.0,32404.0,4561.0,3714.0,847.0,5439.0,1604.0,-1457.0,962.0,-5628.0,14.0,554,-2544,-2225,-2227,1278,2.0,35.0,0.0,0.0,193.0,117.0,0.0,1341.0,254.0,9.0,384.0,276.0,301.0,-69.0,0.0,2026,9,19,15,5,Saturday,Automne,Weekend,11604.0,30.4
France,Données temps réel,2026-09-19,9,2026-09-19 09:30:00,38604.0,38900,39500,37.0,0.0,306.0,32318.0,4336.0,3470.0,866.0,6894.0,1550.0,-2205.0,967.0,-5467.0,14.0,554,-2544,-2225,-2227,746,2.0,35.0,0.0,0.0,192.0,115.0,0.0,1332.0,208.0,10.0,390.0,276.0,301.0,-127.0,0.0,2026,9,19,30,5,Saturday,Automne,Weekend,12780.0,33.1
France,Données temps réel,2026-09-19,9,2026-09-19 09:45:00,38929.0,39150,39750,37.0,0.0,303.0,32108.0,4172.0,3345.0,827.0,8388.0,1497.0,-2201.0,961.0,-6278.0,13.0,554,-1621,-2225,-2227,-1217,2.0,35.0,0.0,0.0,192.0,112.0,0.0,1312.0,176.0,9.0,384.0,276.0,301.0,-51.0,0.0,2026,9,19,45,5,Saturday,Automne,Weekend,14057.0,36.1
France,Données temps réel,2026-09-19,10,2026-09-19 10:00:00,39368.0,39400,40000,37.0,0.0,304.0,32191.0,4148.0,3273.0,875.0,9838.0,1528.0,-2249.0,967.0,-7176.0,13.0,-969,-812,-2225,-2227,-1614,2.0,35.0,0.0,0.0,192.0,113.0,0.0,1340.0,179.0,9.0,388.0,277.0,301.0,-214.0,1.0,2026,9,19,0,5,Saturday,Automne,Weekend,15514.0,39.4
France,Données temps réel,2026-09-19,10,2026-09-19 10:15:00,39789.0,39600,40150,37.0,0.0,308.0,31882.0,4011.0,3146.0,865.0,11254.0,1415.0,-2263.0,961.0,-7739.0,13.0,-969,251,-2225,-2206,-2934,2.0,35.0,0.0,0.0,193.0,116.0,0.0,1309.0,97.0,9.0,385.0,274.0,301.0,-70.0,2.0,2026,9,19,15,5,Saturday,Automne,Weekend,16680.0,41.9
France,Données temps réel,2026-09-19,10,2026-09-19 10:30:00,39969.0,39800,40300,37.0,0.0,309.0,31376.0,4088.0,3228.0,860.0,12614.0,1423.0,-2257.0,961.0,-8587.0,13.0,-969,796,-2225,-2174,-4348,2.0,35.0,0.0,0.0,193.0,117.0,0.0,1315.0,98.0,10.0,387.0,273.0,301.0,-18.0,27.0,2026,9,19,30,5,Saturday,Automne,Weekend,18125.0,45.3
France,Données temps réel,2026-09-19,10,2026-09-19 10:45:00,40265.0,40100,40600,37.0,0.0,304.0,30588.0,4073.0,3241.0,832.0,13800.0,1408.0,-2270.0,968.0,-8596.0,12.0,-969,387,-2225,-2065,-4805,2.0,35.0,0.0,0.0,193.0,112.0,0.0,1305.0,94.0,9.0,391.0,275.0,301.0,-70.0,25.0,2026,9,19,45,5,Saturday,Automne,Weekend,19281.0,47.9
France,Données temps réel,2026-09-19,11,2026-09-19 11:00:00,40355.0,40400,40900,37.0,0.0,309.0,30675.0,3527.0,2682.0,845.0,12124.0,1365.0,-1910.0,964.0,-7925.0,13.0,-705,971,-2225,-1956,-3298,2.0,35.0,0.0,0.0,193.0,118.0,0.0,1260.0,96.0,9.0,390.0,273.0,301.0,-69.0,27.0,2026,9,19,0,5,Saturday,Automne,Weekend,17016.0,42.2
France,Données temps réel,2026-09-19,11,2026-09-19 11:15:00,40548.0,40500,41000,37.0,0.0,302.0,30656.0,3272.0,2434.0,837.0,12498.0,1333.0,-1499.0,961.0,-6929.0,13.0,-705,1382,-2225,-1900,-3779,2.0,35.0,0.0,0.0,193.0,110.0,0.0,1229.0,95.0,10.0,387.0,272.0,301.0,-91.0,8.0,2026,9,19,15,5,Saturday,Automne,Weekend,17103.0,42.2
France,Données temps réel,2026-09-19,11,2026-09-19 11:30:00,40958.0,40600,41100,37.0,0.0,300.0,30642.0,3272.0,2476.0,796.0,13121.0,1407.0,-1434.0,964.0,-7267.0,13.0,-705,1449,-2225,-1904,-3838,2.0,35.0,0.0,0.0,193.0,108.0,0.0,1277.0,121.0,9.0,390.0,273.0,301.0,-175.0,91.0,2026,9,19,30,5,Saturday,Automne,Weekend,17800.0,43.5
France,Données temps réel,2026-09-19,11,2026-09-19 11:45:00,41346.0,41500,41700,36.0,0.0,307.0,30471.0,3335.0,2585.0,750.0,13580.0,1481.0,-1453.0,966.0,-7269.0,13.0,-705,740,-2225,-1853,-2638,1.0,35.0,0.0,0.0,194.0,115.0,0.0,1310.0,112.0,58.0,391.0,273.0,301.0,-125.0,19.0,2026,9,19,45,5,Saturday,Automne,Weekend,18396.0,44.5
France,Données temps réel,2026-09-19,12,2026-09-19 12:00:00,42195.0,42400,42300,36.0,0.0,296.0,30069.0,3151.0,2398.0,753.0,13624.0,1454.0,-1459.0,964.0,-5779.0,13.0,-692,554,-2478,-1948,23,1.0,35.0,0.0,0.0,182.0,115.0,0.0,1285.0,110.0,59.0,389.0,273.0,301.0,-168.0,7.0,2026,9,19,0,5,Saturday,Automne,Weekend,18229.0,43.2
France,Données temps réel,2026-09-19,12,2026-09-19 12:15:00,42509.0,42700,42650,37.0,0.0,296.0,30179.0,2321.0,1854.0,467.0,12744.0,1488.0,-1455.0,961.0,-4056.0,13.0,-692,804,-2478,-1876,858,2.0,35.0,0.0,0.0,183.0,114.0,0.0,1310.0,117.0,61.0,388.0,272.0,301.0,-50.0,46.0,2026,9,19,15,5,Saturday,Automne,Weekend,16553.0,38.9
France,Données temps réel,2026-09-19,12,2026-09-19 12:30:00,42321.0,43000,43000,37.0,0.0,298.0,29513.0,1689.0,1545.0,144.0,12182.0,1497.0,-2219.0,961.0,-1552.0,14.0,-692,809,-2478,-1846,2489,2.0,35.0,0.0,0.0,183.0,116.0,0.0,1319.0,116.0,61.0,389.0,271.0,301.0,-105.0,21.0,2026,9,19,30,5,Saturday,Automne,Weekend,15368.0,36.3
France,Données temps réel,2026-09-19,12,2026-09-19 12:45:00,42067.0,43300,43300,37.0,0.0,297.0,29170.0,1461.0,1343.0,118.0,11965.0,1474.0,-1981.0,963.0,-1275.0,14.0,-692,-1,-2478,-1795,2931,2.0,35.0,0.0,0.0,183.0,116.0,0.0,1317.0,114.0,42.0,391.0,271.0,301.0,-69.0,26.0,2026,9,19,45,5,Saturday,Automne,Weekend,14900.0,35.4
France,Données temps réel,2026-09-19,13,2026-09-19 13:00:00,41663.0,43600,43600,36.0,0.0,298.0,29090.0,1428.0,1312.0,116.0,12186.0,1421.0,-1987.0,969.0,-1680.0,14.0,-270,-56,-2478,-1732,1842,1.0,35.0,0.0,0.0,183.0,116.0,0.0,1299.0,112.0,10.0,396.0,272.0,301.0,-142.0,45.0,2026,9,19,0,5,Saturday,Automne,Weekend,15035.0,36.1
France,Données temps réel,2026-09-19,13,2026-09-19 13:15:00,41069.0,42450,42450,37.0,0.0,295.0,29170.0,1416.0,1293.0,123.0,12261.0,1423.0,-1983.0,964.0,-2509.0,14.0,-270,-959,-2478,-1726,2301,2.0,35.0,0.0,0.0,183.0,113.0,0.0,1288.0,126.0,9.0,390.0,272.0,301.0,-4.0,2.0,2026,9,19,15,5,Saturday,Automne,Weekend,15100.0,36.8
France,Données temps réel,2026-09-19,13,2026-09-19 13:30:00,40949.0,41300,41300,37.0,0.0,299.0,29065.0,1385.0,1250.0,135.0,13087.0,1400.0,-2058.0,972.0,-3152.0,14.0,-270,-1723,-2478,-1724,2627,2.0,35.0,0.0,0.0,183.0,117.0,0.0,1282.0,110.0,9.0,397.0,273.0,301.0,-84.0,0.0,2026,9,19,30,5,Saturday,Automne,Weekend,15872.0,38.8
France,Données temps réel,2026-09-19,13,2026-09-19 13:45:00,40406.0,40850,40900,37.0,0.0,295.0,29137.0,1360.0,1235.0,125.0,13122.0,1362.0,-2287.0,970.0,-3418.0,14.0,-270,-1718,-2478,-1716,2074,2.0,35.0,0.0,0.0,182.0,114.0,0.0,1264.0,89.0,9.0,397.0,272.0,301.0,-174.0,2.0,2026,9,19,45,5,Saturday,Automne,Weekend,15844.0,39.2
France,Données temps réel,2026-09-19,14,2026-09-19 14:00:00,41173.0,40400,40500,37.0,0.0,293.0,29626.0,1359.0,1241.0,118.0,13020.0,1360.0,-2286.0,972.0,-3044.0,14.0,-499,-1760,-2478,-1564,3125,2.0,35.0,0.0,0.0,184.0,110.0,0.0,1265.0,87.0,9.0,398.0,272.0,301.0,-163.0,1.0,2026,9,19,0,5,Saturday,Automne,Weekend,15739.0,38.2
France,Données temps réel,2026-09-19,14,2026-09-19 14:15:00,41750.0,41150,41250,37.0,0.0,294.0,29841.0,1369.0,1258.0,111.0,12931.0,1352.0,-2247.0,968.0,-2672.0,14.0,-499,-1759,-2478,-1572,2890,2.0,35.0,0.0,0.0,183.0,112.0,0.0,1255.0,91.0,6.0,394.0,272.0,301.0,-122.0,0.0,2026,9,19,15,5,Saturday,Automne,Weekend,15652.0,37.5
France,Données temps réel,2026-09-19,14,2026-09-19 14:30:00,40956.0,41900,42000,37.0,0.0,293.0,30197.0,1385.0,1268.0,117.0,12698.0,1369.0,-2244.0,969.0,-3645.0,13.0,-499,-1680,-2478,-1597,2628,2.0,35.0,0.0,0.0,183.0,112.0,0.0,1250.0,114.0,5.0,396.0,272.0,301.0,-103.0,0.0,2026,9,19,30,5,Saturday,Automne,Weekend,15452.0,37.7
France,Données temps réel,2026-09-19,14,2026-09-19 14:45:00,40987.0,41550,41650,37.0,0.0,289.0,30032.0,1436.0,1321.0,115.0,12532.0,1386.0,-2246.0,966.0,-3384.0,14.0,-499,-1039,-2478,-1594,1725,2.0,35.0,0.0,0.0,182.0,109.0,0.0,1265.0,115.0,5.0,393.0,272.0,301.0,-88.0,29.0,2026,9,19,45,5,Saturday,Automne,Weekend,15354.0,37.5
France,Données temps réel,2026-09-19,15,2026-09-19 15:00:00,41162.0,41200,41300,36.0,0.0,291.0,30171.0,1474.0,1359.0,115.0,12498.0,1396.0,-2244.0,975.0,-3465.0,14.0,-402,-116,-2459,-1714,1135,1.0,35.0,0.0,0.0,183.0,110.0,0.0,1271.0,116.0,9.0,401.0,272.0,301.0,-90.0,121.0,2026,9,19,0,5,Saturday,Automne,Weekend,15368.0,37.3
France,Données temps réel,2026-09-19,15,2026-09-19 15:15:00,40935.0,40850,40950,37.0,0.0,293.0,30390.0,1481.0,1375.0,107.0,12244.0,1398.0,-2169.0,976.0,-3676.0,14.0,-402,498,-2459,-1766,367,2.0,35.0,0.0,0.0,183.0,112.0,0.0,1274.0,115.0,9.0,402.0,272.0,301.0,-57.0,18.0,2026,9,19,15,5,Saturday,Automne,Weekend,15123.0,36.9
France,Données temps réel,2026-09-19,15,2026-09-19 15:30:00,40737.0,40500,40600,37.0,0.0,290.0,30527.0,1801.0,1422.0,380.0,12355.0,1367.0,-2166.0,973.0,-4189.0,13.0,-402,715,-2459,-1791,-1426,2.0,35.0,0.0,0.0,182.0,109.0,0.0,1266.0,93.0,8.0,399.0,272.0,301.0,-259.0,2.0,2026,9,19,30,5,Saturday,Automne,Weekend,15523.0,38.1
France,Données temps réel,2026-09-19,15,2026-09-19 15:45:00,40764.0,40250,40400,37.0,0.0,290.0,30443.0,2661.0,2064.0,597.0,13283.0,1447.0,-2160.0,973.0,-5929.0,13.0,-402,527,-2459,-1802,-3582,2.0,35.0,0.0,0.0,183.0,108.0,0.0,1300.0,138.0,9.0,399.0,272.0,301.0,-289.0,10.0,2026,9,19,45,5,Saturday,Automne,Weekend,17391.0,42.7
France,Données temps réel,2026-09-19,16,2026-09-19 16:00:00,40748.0,40000,40200,37.0,0.0,291.0,30469.0,3141.0,2553.0,588.0,13307.0,1456.0,-2168.0,974.0,-6410.0,13.0,-143,292,-2459,-2188,-2592,2.0,35.0,0.0,0.0,182.0,110.0,0.0,1314.0,134.0,8.0,401.0,272.0,301.0,-353.0,6.0,2026,9,19,0,5,Saturday,Automne,Weekend,17904.0,43.9
France,Données temps réel,2026-09-19,16,2026-09-19 16:15:00,40029.0,39700,39900,37.0,0.0,290.0,30750.0,3162.0,2582.0,581.0,12748.0,1479.0,-2166.0,975.0,-6871.0,13.0,-143,625,-2459,-2227,-3034,2.0,35.0,0.0,0.0,183.0,108.0,0.0,1333.0,136.0,9.0,401.0,272.0,301.0,-377.0,2.0,2026,9,19,15,5,Saturday,Automne,Weekend,17389.0,43.4
France,Données temps réel,2026-09-19,16,2026-09-19 16:30:00,39922.0,39400,39600,37.0,0.0,291.0,31495.0,3366.0,2795.0,571.0,12350.0,1500.0,-2157.0,972.0,-7602.0,13.0,-143,1229,-2459,-2227,-3711,2.0,35.0,0.0,0.0,183.0,109.0,0.0,1353.0,139.0,8.0,399.0,272.0,301.0,-332.0,3.0,2026,9,19,30,5,Saturday,Automne,Weekend,17216.0,43.1
France,Données temps réel,2026-09-19,16,2026-09-19 16:45:00,39398.0,39200,39400,37.0,0.0,294.0,31460.0,3511.0,2959.0,552.0,11684.0,1539.0,-2151.0,970.0,-7785.0,13.0,-143,932,-2459,-2227,-2990,2.0,35.0,0.0,0.0,183.0,112.0,0.0,1389.0,140.0,9.0,397.0,272.0,301.0,-160.0,0.0,2026,9,19,45,5,Saturday,Automne,Weekend,16734.0,42.5
France,Données temps réel,2026-09-19,17,2026-09-19 17:00:00,39571.0,39000,39200,37.0,0.0,290.0,31261.0,3563.0,3034.0,529.0,10872.0,1633.0,-1655.0,965.0,-7272.0,13.0,26,578,-2459,-2227,-3099,2.0,35.0,0.0,0.0,182.0,109.0,0.0,1410.0,214.0,8.0,391.0,272.0,301.0,-123.0,1.0,2026,9,19,0,5,Saturday,Automne,Weekend,16068.0,40.6
France,Données temps réel,2026-09-19,17,2026-09-19 17:15:00,39524.0,39250,39500,37.0,0.0,287.0,31528.0,3823.0,3290.0,533.0,10269.0,1705.0,-1650.0,967.0,-8529.0,13.0,26,-438,-2459,-2227,-4106,2.0,35.0,0.0,0.0,182.0,106.0,0.0,1476.0,221.0,8.0,393.0,272.0,301.0,-65.0,6.0,2026,9,19,15,5,Saturday,Automne,Weekend,15797.0,40.0
France,Données temps réel,2026-09-19,17,2026-09-19 17:30:00,39797.0,39500,39800,37.0,0.0,293.0,31753.0,5096.0,4535.0,560.0,11293.0,1669.0,-1419.0,974.0,-9558.0,12.0,26,99,-2459,-2227,-3620,2.0,35.0,0.0,0.0,183.0,111.0,0.0,1476.0,185.0,9.0,399.0,273.0,301.0,-28.0,7.0,2026,9,19,30,5,Saturday,Automne,Weekend,18058.0,45.4
France,Données temps réel,2026-09-19,17,2026-09-19 17:45:00,40477.0,39900,40200,37.0,0.0,291.0,32008.0,5218.0,4612.0,605.0,9631.0,1733.0,-1418.0,972.0,-7993.0,13.0,26,-260,-2459,-2227,-3117,2.0,35.0,0.0,0.0,182.0,110.0,0.0,1476.0,248.0,9.0,399.0,272.0,301.0,-7.0,10.0,2026,9,19,45,5,Saturday,Automne,Weekend,16582.0,41.0
France,Données temps réel,2026-09-19,18,2026-09-19 18:00:00,40750.0,40300,40600,37.0,0.0,293.0,33430.0,5188.0,4528.0,660.0,8274.0,1844.0,-1422.0,974.0,-7921.0,13.0,-126,-96,-1988,-2227,-3251,2.0,35.0,0.0,0.0,182.0,112.0,0.0,1474.0,320.0,50.0,400.0,272.0,301.0,-1.0,57.0,2026,9,19,0,5,Saturday,Automne,Weekend,15306.0,37.6
France,Données temps réel,2026-09-19,18,2026-09-19 18:15:00,40656.0,40750,41100,37.0,0.0,292.0,34055.0,5169.0,4404.0,765.0,6845.0,2448.0,-1419.0,976.0,-7811.0,13.0,-126,-809,-2062,-2227,-1721,2.0,35.0,0.0,0.0,183.0,111.0,0.0,1557.0,636.0,255.0,402.0,272.0,301.0,-5.0,69.0,2026,9,19,15,5,Saturday,Automne,Weekend,14462.0,35.6
France,Données temps réel,2026-09-19,18,2026-09-19 18:30:00,41249.0,41200,41600,37.0,0.0,290.0,34752.0,5031.0,4222.0,809.0,5419.0,2446.0,-1424.0,968.0,-6749.0,13.0,-126,-1239,-2062,-2227,-441,2.0,35.0,0.0,0.0,182.0,109.0,0.0,1537.0,648.0,260.0,394.0,272.0,301.0,-2.0,483.0,2026,9,19,30,5,Saturday,Automne,Weekend,12896.0,31.3
France,Données temps réel,2026-09-19,18,2026-09-19 18:45:00,41965.0,41600,42000,37.0,0.0,293.0,35116.0,4850.0,3993.0,857.0,4215.0,3053.0,-1100.0,975.0,-5725.0,13.0,-126,-1940,-2062,-2227,1497,2.0,35.0,0.0,0.0,183.0,112.0,0.0,1595.0,809.0,648.0,402.0,272.0,301.0,-1.0,254.0,2026,9,19,45,5,Saturday,Automne,Weekend,12118.0,28.9
France,Données temps réel,2026-09-19,19,2026-09-19 19:00:00,42109.0,42000,42400,37.0,0.0,292.0,35069.0,4615.0,3698.0,917.0,2781.0,3527.0,-1103.0,977.0,-4211.0,13.0,848,-901,-2250,-2227,1539,2.0,35.0,0.0,0.0,183.0,111.0,0.0,1617.0,911.0,999.0,403.0,272.0,301.0,-8.0,135.0,2026,9,19,0,5,Saturday,Automne,Weekend,10923.0,25.9
France,Données temps réel,2026-09-19,19,2026-09-19 19:15:00,42597.0,42150,42600,37.0,0.0,290.0,34750.0,4441.0,3491.0,950.0,1800.0,3679.0,-1102.0,976.0,-2333.0,14.0,848,-1900,-2267,-2227,3044,2.0,35.0,0.0,0.0,182.0,109.0,0.0,1654.0,969.0,1056.0,401.0,273.0,301.0,-2.0,63.0,2026,9,19,15,5,Saturday,Automne,Weekend,9920.0,23.3
France,Données temps réel,2026-09-19,19,2026-09-19 19:30:00,42759.0,42300,42800,37.0,0.0,292.0,35065.0,4251.0,3302.0,949.0,998.0,3832.0,-488.0,972.0,-2258.0,14.0,848,-2400,-2267,-2225,3452,2.0,35.0,0.0,0.0,183.0,111.0,0.0,1708.0,1003.0,1121.0,398.0,272.0,301.0,-1.0,58.0,2026,9,19,30,5,Saturday,Automne,Weekend,9081.0,21.2
France,Données temps réel,2026-09-19,19,2026-09-19 19:45:00,42614.0,42200,42700,37.0,0.0,292.0,35242.0,4095.0,3145.0,950.0,601.0,3998.0,-489.0,976.0,-2562.0,14.0,848,-2400,-2267,-2227,3659,2.0,35.0,0.0,0.0,182.0,111.0,0.0,1766.0,1004.0,1228.0,402.0,272.0,301.0,-2.0,427.0,2026,9,19,45,5,Saturday,Automne,Weekend,8694.0,20.4
France,Données temps réel,2026-09-19,20,2026-09-19 20:00:00,42852.0,42100,42600,37.0,0.0,290.0,35321.0,3836.0,2967.0,869.0,355.0,4070.0,-487.0,971.0,-1625.0,14.0,248,-2600,-2099,-2222,3625,2.0,35.0,0.0,0.0,183.0,108.0,0.0,1773.0,998.0,1299.0,399.0,271.0,301.0,-7.0,91.0,2026,9,19,0,5,Saturday,Automne,Weekend,8261.0,19.3
France,Données temps réel,2026-09-19,20,2026-09-19 20:15:00,42513.0,41850,42350,37.0,0.0,292.0,35415.0,3553.0,2761.0,791.0,233.0,3734.0,0.0,974.0,-2231.0,14.0,248,-2600,-2099,-2227,3545,2.0,35.0,0.0,0.0,183.0,110.0,0.0,1795.0,1018.0,921.0,401.0,272.0,301.0,-2.0,510.0,2026,9,19,15,5,Saturday,Automne,Weekend,7520.0,17.7
France,Données temps réel,2026-09-19,20,2026-09-19 20:30:00,42428.0,41600,42100,37.0,0.0,289.0,35812.0,3461.0,2719.0,741.0,210.0,3571.0,0.0,973.0,-2412.0,14.0,248,-2600,-2099,-2227,3501,2.0,35.0,0.0,0.0,182.0,108.0,0.0,1647.0,1011.0,914.0,399.0,272.0,301.0,-2.0,491.0,2026,9,19,30,5,Saturday,Automne,Weekend,7242.0,17.1
France,Données temps réel,2026-09-19,20,2026-09-19 20:45:00,41736.0,41350,41850,37.0,0.0,290.0,36275.0,3540.0,2766.0,774.0,212.0,3368.0,0.0,972.0,-3343.0,14.0,248,-2600,-2099,-2227,3303,2.0,35.0,0.0,0.0,183.0,108.0,0.0,1485.0,988.0,895.0,398.0,272.0,301.0,-12.0,399.0,2026,9,19,45,5,Saturday,Automne,Weekend,7120.0,17.1
France,Données temps réel,2026-09-19,21,2026-09-19 21:00:00,41137.0,41100,41600,37.0,0.0,291.0,36296.0,3581.0,2810.0,771.0,203.0,3200.0,-1.0,977.0,-3777.0,14.0,192,-2600,-2352,-2227,3483,2.0,35.0,0.0,0.0,183.0,109.0,0.0,1486.0,982.0,732.0,403.0,272.0,301.0,-10.0,341.0,2026,9,19,0,5,Saturday,Automne,Weekend,6984.0,17.0
France,Données temps réel,2026-09-19,21,2026-09-19 21:15:00,40614.0,40700,41150,37.0,0.0,292.0,36264.0,3586.0,2832.0,754.0,0.0,3072.0,0.0,968.0,-3864.0,14.0,192,-2600,-2352,-2227,3188,2.0,35.0,0.0,0.0,183.0,110.0,0.0,1392.0,954.0,725.0,396.0,271.0,301.0,-28.0,291.0,2026,9,19,15,5,Saturday,Automne,Weekend,6658.0,16.4
France,Données temps réel,2026-09-19,21,2026-09-19 21:30:00,40227.0,40300,40700,37.0,0.0,292.0,36306.0,3547.0,2904.0,643.0,0.0,3012.0,-1.0,974.0,-4184.0,14.0,192,-2600,-2352,-2227,3244,2.0,35.0,0.0,0.0,183.0,110.0,0.0,1399.0,963.0,650.0,400.0,272.0,301.0,-42.0,288.0,2026,9,19,30,5,Saturday,Automne,Weekend,6559.0,16.3
France,Données temps réel,2026-09-19,21,2026-09-19 21:45:00,39841.0,39700,40100,37.0,0.0,292.0,36316.0,3587.0,2995.0,592.0,0.0,2993.0,-410.0,973.0,-3946.0,14.0,192,-2600,-2352,-2227,3082,2.0,35.0,0.0,0.0,183.0,110.0,0.0,1382.0,958.0,653.0,400.0,272.0,301.0,-57.0,59.0,2026,9,19,45,5,Saturday,Automne,Weekend,6580.0,16.5
France,Données temps réel,2026-09-19,22,2026-09-19 22:00:00,39721.0,39100,39500,37.0,0.0,289.0,36293.0,3626.0,3042.0,584.0,0.0,2950.0,-620.0,973.0,-3717.0,14.0,1285,-2600,-2352,-2227,3767,2.0,35.0,0.0,0.0,182.0,109.0,0.0,1373.0,924.0,653.0,400.0,272.0,301.0,-114.0,3.0,2026,9,19,0,5,Saturday,Automne,Weekend,6576.0,16.6
France,Données temps réel,2026-09-19,22,2026-09-19 22:15:00,40470.0,39500,39900,36.0,0.0,289.0,36325.0,3632.0,3111.0,521.0,0.0,2944.0,-617.0,973.0,-3049.0,14.0,1285,-2600,-2352,-2227,3544,1.0,35.0,0.0,0.0,182.0,109.0,0.0,1387.0,887.0,670.0,399.0,273.0,301.0,-63.0,1.0,2026,9,19,15,5,Saturday,Automne,Weekend,6576.0,16.2
France,Données temps réel,2026-09-19,22,2026-09-19 22:30:00,40420.0,39900,40300,37.0,0.0,294.0,36315.0,3583.0,3131.0,452.0,0.0,2941.0,-614.0,981.0,-2935.0,14.0,1285,-2600,-2352,-2227,4567,2.0,35.0,0.0,0.0,183.0,112.0,0.0,1377.0,892.0,672.0,405.0,275.0,301.0,-183.0,0.0,2026,9,19,30,5,Saturday,Automne,Weekend,6524.0,16.1
France,Données temps réel,2026-09-19,22,2026-09-19 22:45:00,41415.0,40500,40900,36.0,0.0,292.0,36105.0,3585.0,3225.0,360.0,0.0,2928.0,-615.0,978.0,-1854.0,14.0,1285,-2600,-2352,-2227,4506,1.0,35.0,0.0,0.0,183.0,111.0,0.0,1402.0,866.0,660.0,401.0,276.0,301.0,-89.0,50.0,2026,9,19,45,5,Saturday,Automne,Weekend,6513.0,15.7
France,Données temps réel,2026-09-19,23,2026-09-19 23:00:00,41124.0,41100,41500,36.0,0.0,293.0,35990.0,3619.0,3248.0,371.0,0.0,2995.0,-613.0,972.0,-1975.0,14.0,2023,-2600,-2208,-2227,4149,1.0,35.0,0.0,0.0,183.0,111.0,0.0,1464.0,867.0,665.0,394.0,276.0,301.0,-241.0,50.0,2026,9,19,0,5,Saturday,Automne,Weekend,6614.0,16.1
France,Données temps réel,2026-09-19,23,2026-09-19 23:15:00,40845.0,40650,41100,36.0,0.0,294.0,35377.0,3723.0,3269.0,454.0,0.0,2858.0,-615.0,972.0,-1716.0,15.0,2023,-2600,-2208,-2227,4012,1.0,35.0,0.0,0.0,182.0,113.0,0.0,1459.0,865.0,535.0,396.0,274.0,301.0,-136.0,53.0,2026,9,19,15,5,Saturday,Automne,Weekend,6581.0,16.1
France,Données temps réel,2026-09-19,23,2026-09-19 23:30:00,40460.0,40200,40700,37.0,0.0,291.0,34753.0,3783.0,3315.0,468.0,0.0,2868.0,-612.0,978.0,-1583.0,15.0,2023,-2600,-2208,-2227,4257,2.0,35.0,0.0,0.0,183.0,109.0,0.0,1476.0,886.0,506.0,403.0,273.0,301.0,-53.0,0.0,2026,9,19,30,5,Saturday,Automne,Weekend,6651.0,16.4
France,Données temps réel,2026-09-19,23,2026-09-19 23:45:00,40282.0,40100,40350,37.0,0.0,293.0,34687.0,3724.0,3251.0,473.0,0.0,2739.0,-941.0,976.0,-1337.0,15.0,2023,-2600,-2208,-2227,3689,2.0,35.0,0.0,0.0,183.0,111.0,0.0,1457.0,897.0,386.0,399.0,275.0,301.0,-21.0,126.0,2026,9,19,45,5,Saturday,Automne,Weekend,6463.0,16.0
France,Données temps réel,2026-09-20,0,2026-09-20 00:00:00,39744.0,40000,40000,36.0,0.0,294.0,34555.0,3781.0,3338.0,442.0,0.0,2926.0,-939.0,976.0,-1946.0,15.0,2003,-2590,-2744,-2227,4427,1.0,35.0,0.0,0.0,182.0,113.0,0.0,1433.0,910.0,583.0,400.0,274.0,301.0,-7.0,70.0,2026,9,20,0,6,Sunday,Automne,Weekend,6707.0,16.9
France,Données temps réel,2026-09-20,0,2026-09-20 00:15:00,39672.0,39200,39200,37.0,0.0,288.0,33794.0,3806.0,3346.0,460.0,0.0,2947.0,-1120.0,978.0,-1094.0,15.0,2003,-2590,-2744,-2227,4411,2.0,35.0,0.0,0.0,183.0,107.0,0.0,1387.0,935.0,626.0,401.0,275.0,301.0,-3.0,42.0,2026,9,20,15,6,Sunday,Automne,Weekend,6753.0,17.0
France,Données temps réel,2026-09-20,0,2026-09-20 00:30:00,38129.0,38400,38400,37.0,0.0,292.0,33221.0,3802.0,3357.0,445.0,0.0,2996.0,-1118.0,968.0,-2108.0,15.0,2003,-2590,-2744,-2227,3406,2.0,35.0,0.0,0.0,184.0,110.0,0.0,1472.0,922.0,603.0,391.0,275.0,301.0,-5.0,48.0,2026,9,20,30,6,Sunday,Automne,Weekend,6798.0,17.8
France,Données temps réel,2026-09-20,0,2026-09-20 00:45:00,37092.0,37750,37750,37.0,0.0,294.0,32911.0,3810.0,3346.0,465.0,0.0,2753.0,-1121.0,972.0,-2588.0,15.0,2003,-2590,-2744,-2227,3339,2.0,35.0,0.0,0.0,183.0,112.0,0.0,1457.0,852.0,444.0,396.0,274.0,301.0,-3.0,28.0,2026,9,20,45,6,Sunday,Automne,Weekend,6563.0,17.7
France,Données temps réel,2026-09-20,1,2026-09-20 01:00:00,36742.0,37100,37100,37.0,0.0,289.0,32570.0,3791.0,3265.0,527.0,0.0,2543.0,-1139.0,971.0,-2329.0,16.0,1923,-2590,-2744,-2227,4475,2.0,35.0,0.0,0.0,183.0,108.0,0.0,1501.0,855.0,187.0,397.0,272.0,301.0,-3.0,13.0,2026,9,20,0,6,Sunday,Automne,Weekend,6334.0,17.2
France,Données temps réel,2026-09-20,1,2026-09-20 01:15:00,36822.0,37350,37350,37.0,0.0,293.0,32444.0,3725.0,3267.0,457.0,0.0,2482.0,-1128.0,968.0,-2017.0,16.0,1923,-2590,-2744,-2227,3966,2.0,35.0,0.0,0.0,183.0,111.0,0.0,1506.0,786.0,191.0,394.0,272.0,301.0,-2.0,23.0,2026,9,20,15,6,Sunday,Automne,Weekend,6207.0,16.9
France,Données temps réel,2026-09-20,1,2026-09-20 01:30:00,36330.0,37600,37600,36.0,0.0,295.0,32219.0,3799.0,3250.0,548.0,0.0,2419.0,-1137.0,978.0,-2281.0,16.0,1923,-2590,-2744,-2227,4007,1.0,35.0,0.0,0.0,184.0,113.0,0.0,1516.0,717.0,186.0,405.0,272.0,301.0,-5.0,9.0,2026,9,20,30,6,Sunday,Automne,Weekend,6218.0,17.1
France,Données temps réel,2026-09-20,1,2026-09-20 01:45:00,36278.0,36700,36700,36.0,0.0,293.0,32137.0,3835.0,3245.0,590.0,0.0,2381.0,-1139.0,979.0,-2244.0,16.0,1923,-2590,-2744,-2227,3453,1.0,35.0,0.0,0.0,183.0,111.0,0.0,1537.0,689.0,155.0,404.0,273.0,301.0,-4.0,6.0,2026,9,20,45,6,Sunday,Automne,Weekend,6216.0,17.1
France,Données temps réel,2026-09-20,2,2026-09-20 02:00:00,35397.0,35800,35800,37.0,0.0,293.0,32079.0,3785.0,3168.0,617.0,0.0,2350.0,-1141.0,970.0,-2948.0,16.0,2027,-2590,-2744,-2227,2893,2.0,35.0,0.0,0.0,182.0,112.0,0.0,1550.0,647.0,154.0,395.0,273.0,301.0,-31.0,6.0,2026,9,20,0,6,Sunday,Automne,Weekend,6135.0,17.3
France,Données temps réel,2026-09-20,2,2026-09-20 02:15:00,35244.0,34850,34850,37.0,0.0,292.0,32065.0,3783.0,3184.0,599.0,0.0,2290.0,-1109.0,976.0,-3043.0,16.0,2027,-2590,-2744,-2227,2414,2.0,35.0,0.0,0.0,183.0,111.0,0.0,1521.0,615.0,154.0,401.0,273.0,301.0,-47.0,1.0,2026,9,20,15,6,Sunday,Automne,Weekend,6073.0,17.2
France,Données temps réel,2026-09-20,2,2026-09-20 02:30:00,34276.0,33900,33900,37.0,0.0,294.0,31922.0,3662.0,3155.0,507.0,0.0,2122.0,-1176.0,978.0,-3516.0,16.0,2027,-2590,-2744,-2227,2057,2.0,35.0,0.0,0.0,184.0,112.0,0.0,1537.0,580.0,5.0,404.0,272.0,301.0,-45.0,1.0,2026,9,20,30,6,Sunday,Automne,Weekend,5784.0,16.9
France,Données temps réel,2026-09-20,2,2026-09-20 02:45:00,33570.0,33400,33400,37.0,0.0,292.0,32021.0,3538.0,3048.0,490.0,0.0,2114.0,-1501.0,961.0,-3784.0,16.0,2027,-2590,-2744,-2227,1488,2.0,35.0,0.0,0.0,182.0,111.0,0.0,1535.0,574.0,5.0,387.0,272.0,301.0,-107.0,1.0,2026,9,20,45,6,Sunday,Automne,Weekend,5652.0,16.8
France,Données temps réel,2026-09-20,3,2026-09-20 03:00:00,32989.0,32900,32900,37.0,0.0,294.0,32019.0,3644.0,3125.0,520.0,0.0,2127.0,-1494.0,974.0,-4487.0,16.0,2027,-2590,-2698,-2227,1443,2.0,35.0,0.0,0.0,183.0,112.0,0.0,1541.0,580.0,5.0,400.0,272.0,301.0,-123.0,0.0,2026,9,20,0,6,Sunday,Automne,Weekend,5771.0,17.5
France,Données temps réel,2026-09-20,3,2026-09-20 03:15:00,32735.0,32450,32450,37.0,0.0,287.0,32027.0,3610.0,3034.0,577.0,0.0,1981.0,-1497.0,975.0,-4262.0,16.0,2027,-2590,-2698,-2227,1626,2.0,35.0,0.0,0.0,183.0,106.0,0.0,1467.0,509.0,5.0,400.0,273.0,301.0,-106.0,0.0,2026,9,20,15,6,Sunday,Automne,Weekend,5591.0,17.1
France,Données temps réel,2026-09-20,3,2026-09-20 03:30:00,32308.0,32000,32000,37.0,0.0,359.0,32071.0,3677.0,3066.0,611.0,0.0,1977.0,-1493.0,977.0,-4632.0,17.0,2027,-2590,-2698,-2227,1455,2.0,35.0,0.0,0.0,184.0,176.0,0.0,1458.0,514.0,5.0,400.0,275.0,301.0,-59.0,1.0,2026,9,20,30,6,Sunday,Automne,Weekend,5654.0,17.5
France,Données temps réel,2026-09-20,3,2026-09-20 03:45:00,31876.0,31800,32000,37.0,0.0,394.0,32052.0,3768.0,3135.0,634.0,0.0,1947.0,-1427.0,972.0,-4702.0,17.0,2027,-2590,-2698,-2227,1127,2.0,35.0,0.0,0.0,184.0,212.0,0.0,1439.0,503.0,5.0,398.0,272.0,301.0,-42.0,2.0,2026,9,20,45,6,Sunday,Automne,Weekend,5715.0,17.9
France,Données temps réel,2026-09-20,4,2026-09-20 04:00:00,31445.0,31600,32000,37.0,0.0,393.0,31215.0,3640.0,3069.0,571.0,0.0,1916.0,-1428.0,973.0,-5225.0,18.0,2027,-2590,-2698,-2227,856,2.0,35.0,0.0,0.0,184.0,211.0,0.0,1395.0,474.0,47.0,399.0,273.0,301.0,-74.0,0.0,2026,9,20,0,6,Sunday,Automne,Weekend,5556.0,17.7
France,Données temps réel,2026-09-20,4,2026-09-20 04:15:00,31757.0,31450,31850,37.0,0.0,454.0,31327.0,3716.0,3091.0,626.0,0.0,1837.0,-1433.0,971.0,-5150.0,18.0,2027,-2590,-2698,-2227,908,2.0,35.0,0.0,0.0,183.0,273.0,0.0,1402.0,388.0,47.0,397.0,273.0,301.0,-39.0,38.0,2026,9,20,15,6,Sunday,Automne,Weekend,5553.0,17.5
France,Données temps réel,2026-09-20,4,2026-09-20 04:30:00,31340.0,31300,31700,37.0,0.0,499.0,31286.0,3642.0,3017.0,625.0,0.0,1845.0,-1770.0,979.0,-5183.0,19.0,2027,-2590,-2698,-2227,824,2.0,35.0,0.0,0.0,183.0,317.0,0.0,1405.0,382.0,57.0,404.0,273.0,301.0,-26.0,32.0,2026,9,20,30,6,Sunday,Automne,Weekend,5487.0,17.5
France,Données temps réel,2026-09-20,4,2026-09-20 04:45:00,31082.0,31300,31700,37.0,0.0,499.0,31174.0,3646.0,3048.0,598.0,0.0,1825.0,-1764.0,979.0,-5304.0,19.0,2027,-2590,-2698,-2227,640,2.0,35.0,0.0,0.0,183.0,318.0,0.0,1385.0,383.0,58.0,404.0,273.0,301.0,-19.0,12.0,2026,9,20,45,6,Sunday,Automne,Weekend,5471.0,17.6
France,Données temps réel,2026-09-20,5,2026-09-20 05:00:00,31238.0,31300,31700,37.0,0.0,502.0,31215.0,3601.0,3026.0,575.0,0.0,1726.0,-1770.0,976.0,-5036.0,19.0,2025,-2590,-2698,-2227,1016,2.0,35.0,0.0,0.0,182.0,321.0,0.0,1371.0,319.0,37.0,399.0,275.0,301.0,-27.0,15.0,2026,9,20,0,6,Sunday,Automne,Weekend,5327.0,17.1
France,Données temps réel,2026-09-20,5,2026-09-20 05:15:00,31360.0,31350,31750,37.0,0.0,502.0,31323.0,3496.0,2966.0,530.0,0.0,1712.0,-1770.0,975.0,-5008.0,19.0,2025,-2590,-2698,-2227,991,2.0,35.0,0.0,0.0,183.0,320.0,0.0,1376.0,312.0,24.0,397.0,276.0,301.0,-4.0,100.0,2026,9,20,15,6,Sunday,Automne,Weekend,5208.0,16.6
France,Données temps réel,2026-09-20,5,2026-09-20 05:30:00,31298.0,31400,31800,37.0,0.0,503.0,31229.0,3444.0,2910.0,534.0,0.0,1886.0,-1767.0,973.0,-4877.0,19.0,2025,-2590,-2698,-2227,811,2.0,35.0,0.0,0.0,183.0,321.0,0.0,1390.0,310.0,186.0,395.0,276.0,301.0,-142.0,14.0,2026,9,20,30,6,Sunday,Automne,Weekend,5330.0,17.0
France,Données temps réel,2026-09-20,5,2026-09-20 05:45:00,31308.0,31450,31800,37.0,0.0,500.0,31250.0,3334.0,2821.0,513.0,0.0,1844.0,-1772.0,961.0,-4804.0,19.0,2025,-2590,-2698,-2227,966,2.0,35.0,0.0,0.0,182.0,319.0,0.0,1353.0,304.0,187.0,402.0,257.0,301.0,-51.0,11.0,2026,9,20,45,6,Sunday,Automne,Weekend,5178.0,16.5
France,Données temps réel,2026-09-20,6,2026-09-20 06:00:00,31559.0,31500,31800,37.0,0.0,501.0,31283.0,3322.0,2797.0,525.0,0.0,1644.0,-1767.0,963.0,-4416.0,19.0,2027,-2590,-2698,-2227,834,2.0,35.0,0.0,0.0,183.0,320.0,0.0,1336.0,302.0,5.0,404.0,257.0,301.0,-19.0,12.0,2026,9,20,0,6,Sunday,Automne,Weekend,4966.0,15.7
France,Données temps réel,2026-09-20,6,2026-09-20 06:15:00,31954.0,31700,32000,37.0,0.0,499.0,31453.0,3260.0,2810.0,450.0,0.0,1691.0,-1417.0,951.0,-4522.0,19.0,2027,-2590,-2698,-2227,906,2.0,35.0,0.0,0.0,183.0,317.0,0.0,1379.0,307.0,5.0,393.0,257.0,301.0,-15.0,16.0,2026,9,20,15,6,Sunday,Automne,Weekend,4951.0,15.5
France,Données temps réel,2026-09-20,6,2026-09-20 06:30:00,32025.0,31900,32200,37.0,0.0,502.0,31599.0,3287.0,2806.0,480.0,0.0,1818.0,-1414.0,955.0,-4792.0,19.0,2027,-2590,-2698,-2227,743,2.0,35.0,0.0,0.0,182.0,321.0,0.0,1380.0,340.0,97.0,396.0,257.0,301.0,-11.0,47.0,2026,9,20,30,6,Sunday,Automne,Weekend,5105.0,15.9
France,Données temps réel,2026-09-20,6,2026-09-20 06:45:00,32364.0,32100,32400,37.0,0.0,501.0,31564.0,3262.0,2827.0,436.0,0.0,1853.0,-1419.0,963.0,-4500.0,19.0,2027,-2590,-2698,-2227,842,2.0,35.0,0.0,0.0,184.0,319.0,0.0,1361.0,349.0,143.0,402.0,259.0,301.0,-5.0,110.0,2026,9,20,45,6,Sunday,Automne,Weekend,5115.0,15.8
France,Données temps réel,2026-09-20,7,2026-09-20 07:00:00,32517.0,32300,32600,37.0,0.0,502.0,31886.0,3265.0,2801.0,464.0,198.0,1838.0,-1415.0,960.0,-4771.0,19.0,1950,-2590,-2666,-2227,200,2.0,35.0,0.0,0.0,183.0,320.0,0.0,1386.0,356.0,97.0,401.0,257.0,301.0,-8.0,26.0,2026,9,20,0,6,Sunday,Automne,Weekend,5301.0,16.3
France,Données temps réel,2026-09-20,7,2026-09-20 07:15:00,32812.0,32350,32650,37.0,0.0,502.0,32046.0,3384.0,2871.0,513.0,202.0,1987.0,-1418.0,965.0,-5079.0,18.0,1950,-2590,-2666,-2227,61,2.0,35.0,0.0,0.0,182.0,321.0,0.0,1391.0,363.0,233.0,403.0,260.0,301.0,-2.0,189.0,2026,9,20,15,6,Sunday,Automne,Weekend,5573.0,17.0
France,Données temps réel,2026-09-20,7,2026-09-20 07:30:00,32889.0,32400,32700,37.0,0.0,502.0,32041.0,3374.0,2886.0,488.0,208.0,2109.0,-1417.0,961.0,-5107.0,18.0,1950,-2590,-2666,-2227,242,2.0,35.0,0.0,0.0,182.0,322.0,0.0,1387.0,370.0,352.0,400.0,259.0,301.0,-10.0,191.0,2026,9,20,30,6,Sunday,Automne,Weekend,5691.0,17.3
France,Données temps réel,2026-09-20,7,2026-09-20 07:45:00,32823.0,32600,32850,37.0,0.0,501.0,31868.0,3417.0,2905.0,512.0,327.0,2080.0,-1420.0,961.0,-5023.0,18.0,1950,-2590,-2666,-2227,396,2.0,35.0,0.0,0.0,184.0,319.0,0.0,1376.0,353.0,351.0,402.0,257.0,301.0,-9.0,85.0,2026,9,20,45,6,Sunday,Automne,Weekend,5824.0,17.7
France,Données temps réel,2026-09-20,8,2026-09-20 08:00:00,33104.0,32800,33000,36.0,0.0,500.0,31893.0,3307.0,2861.0,446.0,605.0,2020.0,-1422.0,965.0,-4860.0,18.0,2027,-2590,-2666,-2227,647,1.0,35.0,0.0,0.0,183.0,319.0,0.0,1388.0,306.0,325.0,403.0,261.0,301.0,-14.0,75.0,2026,9,20,0,6,Sunday,Automne,Weekend,5932.0,17.9
France,Données temps réel,2026-09-20,8,2026-09-20 08:15:00,33636.0,33250,33450,37.0,0.0,503.0,31715.0,3343.0,2903.0,440.0,1134.0,1679.0,-1420.0,960.0,-4338.0,18.0,2027,-2590,-2606,-2227,747,2.0,35.0,0.0,0.0,183.0,321.0,0.0,1366.0,196.0,118.0,399.0,260.0,301.0,-27.0,51.0,2026,9,20,15,6,Sunday,Automne,Weekend,6156.0,18.3
France,Données temps réel,2026-09-20,8,2026-09-20 08:30:00,33960.0,33700,33900,36.0,0.0,499.0,31511.0,3434.0,2886.0,548.0,1890.0,1631.0,-1490.0,968.0,-4549.0,18.0,2027,-2590,-2388,-2227,1072,1.0,35.0,0.0,0.0,183.0,317.0,0.0,1349.0,192.0,90.0,408.0,258.0,301.0,-33.0,68.0,2026,9,20,30,6,Sunday,Automne,Weekend,6955.0,20.5
France,Données temps réel,2026-09-20,8,2026-09-20 08:45:00,34356.0,33850,34050,35.0,0.0,502.0,31070.0,3472.0,2929.0,544.0,2905.0,1525.0,-1490.0,960.0,-4593.0,18.0,2027,-2590,-2388,-2227,418,0.0,35.0,0.0,0.0,184.0,320.0,0.0,1309.0,211.0,5.0,402.0,256.0,301.0,-51.0,23.0,2026,9,20,45,6,Sunday,Automne,Weekend,7902.0,23.0
France,Données temps réel,2026-09-20,9,2026-09-20 09:00:00,34615.0,34000,34200,35.0,0.0,499.0,30769.0,3311.0,2862.0,449.0,3904.0,1483.0,-1499.0,958.0,-4843.0,17.0,828,-2590,-2737,-2227,2310,0.0,35.0,0.0,0.0,183.0,318.0,0.0,1288.0,189.0,6.0,400.0,256.0,301.0,-25.0,23.0,2026,9,20,0,6,Sunday,Automne,Weekend,8698.0,25.1
France,Données temps réel,2026-09-20,9,2026-09-20 09:15:00,35186.0,34900,35050,35.0,0.0,498.0,30707.0,3237.0,2788.0,449.0,5123.0,1442.0,-1837.0,962.0,-4947.0,17.0,828,-2590,-2545,-2227,2127,0.0,35.0,0.0,0.0,183.0,317.0,0.0,1263.0,173.0,5.0,404.0,256.0,301.0,-34.0,2.0,2026,9,20,15,6,Sunday,Automne,Weekend,9802.0,27.9
France,Données temps réel,2026-09-20,9,2026-09-20 09:30:00,35808.0,35800,35900,33.0,0.0,500.0,30040.0,3179.0,2730.0,448.0,6539.0,1442.0,-1839.0,954.0,-4935.0,17.0,828,-1700,-2522,-2227,705,0.0,35.0,0.0,0.0,183.0,318.0,0.0,1261.0,174.0,6.0,396.0,256.0,301.0,-103.0,1.0,2026,9,20,30,6,Sunday,Automne,Weekend,11160.0,31.2
France,Données temps réel,2026-09-20,9,2026-09-20 09:45:00,36025.0,36300,36400,33.0,0.0,500.0,29829.0,2997.0,2634.0,364.0,7923.0,1416.0,-2067.0,958.0,-5492.0,16.0,828,-707,-2519,-2227,-862,0.0,35.0,0.0,0.0,183.0,318.0,0.0,1234.0,177.0,5.0,399.0,258.0,301.0,-71.0,2.0,2026,9,20,45,6,Sunday,Automne,Weekend,12336.0,34.2
France,Données temps réel,2026-09-20,10,2026-09-20 10:00:00,36753.0,36800,36900,36.0,0.0,500.0,29886.0,2955.0,2553.0,402.0,9387.0,1397.0,-1996.0,965.0,-6326.0,16.0,-131,300,-1874,-1435,-3038,1.0,35.0,0.0,0.0,183.0,319.0,0.0,1215.0,177.0,5.0,399.0,264.0,301.0,-52.0,3.0,2026,9,20,0,6,Sunday,Automne,Weekend,13739.0,37.4
France,Données temps réel,2026-09-20,10,2026-09-20 10:15:00,37553.0,37600,37700,34.0,0.0,497.0,29450.0,2726.0,2379.0,347.0,10640.0,1275.0,-2004.0,966.0,-6230.0,16.0,-131,1048,-1898,-1535,-3528,0.0,35.0,0.0,0.0,182.0,316.0,0.0,1162.0,108.0,5.0,400.0,264.0,301.0,-35.0,7.0,2026,9,20,15,6,Sunday,Automne,Weekend,14641.0,39.0
France,Données temps réel,2026-09-20,10,2026-09-20 10:30:00,38212.0,38400,38500,35.0,0.0,499.0,29578.0,2258.0,1881.0,377.0,9973.0,1418.0,-1998.0,964.0,-5584.0,16.0,-131,2000,-1607,-1332,-3380,0.0,35.0,0.0,0.0,182.0,318.0,0.0,1170.0,110.0,138.0,397.0,265.0,301.0,-92.0,5.0,2026,9,20,30,6,Sunday,Automne,Weekend,13649.0,35.7
France,Données temps réel,2026-09-20,10,2026-09-20 10:45:00,38871.0,38750,38850,35.0,0.0,501.0,29547.0,2047.0,1623.0,424.0,9922.0,1479.0,-1995.0,963.0,-4670.0,16.0,-131,2210,-1607,-1211,-2773,0.0,35.0,0.0,0.0,183.0,319.0,0.0,1199.0,139.0,141.0,396.0,265.0,301.0,-45.0,5.0,2026,9,20,45,6,Sunday,Automne,Weekend,13448.0,34.6
France,Données temps réel,2026-09-20,11,2026-09-20 11:00:00,39506.0,39100,39200,34.0,0.0,498.0,28752.0,2020.0,1603.0,417.0,11472.0,1441.0,-2001.0,963.0,-3600.0,16.0,120,2400,-2613,-897,-2767,0.0,35.0,0.0,0.0,183.0,316.0,0.0,1211.0,133.0,97.0,396.0,266.0,301.0,-77.0,5.0,2026,9,20,0,6,Sunday,Automne,Weekend,14933.0,37.8
France,Données temps réel,2026-09-20,11,2026-09-20 11:15:00,40085.0,39300,39350,34.0,0.0,500.0,28400.0,2002.0,1631.0,371.0,12179.0,1302.0,-1994.0,963.0,-3312.0,16.0,120,2396,-2645,-828,-2491,0.0,35.0,0.0,0.0,183.0,319.0,0.0,1185.0,112.0,5.0,396.0,266.0,301.0,-5.0,17.0,2026,9,20,15,6,Sunday,Automne,Weekend,15483.0,38.6
France,Données temps réel,2026-09-20,11,2026-09-20 11:30:00,40598.0,39500,39500,33.0,0.0,500.0,27998.0,1657.0,1462.0,195.0,12197.0,1282.0,-1993.0,963.0,-2031.0,16.0,120,2400,-2714,-840,-1493,0.0,35.0,0.0,0.0,183.0,318.0,0.0,1186.0,91.0,5.0,395.0,266.0,301.0,-6.0,1.0,2026,9,20,30,6,Sunday,Automne,Weekend,15136.0,37.3
France,Données temps réel,2026-09-20,11,2026-09-20 11:45:00,40689.0,40500,40500,33.0,0.0,500.0,28030.0,1418.0,1288.0,131.0,11731.0,1322.0,-2001.0,964.0,-1268.0,16.0,120,2320,-2700,-771,-948,0.0,35.0,0.0,0.0,182.0,318.0,0.0,1222.0,91.0,9.0,396.0,267.0,301.0,-41.0,2.0,2026,9,20,45,6,Sunday,Automne,Weekend,14471.0,35.6
France,Données temps réel,2026-09-20,12,2026-09-20 12:00:00,40762.0,41500,41500,33.0,0.0,501.0,28051.0,1198.0,1155.0,43.0,11280.0,1328.0,-2063.0,962.0,-527.0,17.0,160,2161,-2736,-788,1188,0.0,35.0,0.0,0.0,182.0,320.0,0.0,1230.0,89.0,9.0,394.0,267.0,301.0,-6.0,5.0,2026,9,20,0,6,Sunday,Automne,Weekend,13806.0,33.9
France,Données temps réel,2026-09-20,12,2026-09-20 12:15:00,41279.0,41550,41600,33.0,0.0,500.0,28073.0,1115.0,1071.0,44.0,11362.0,1330.0,-2077.0,961.0,157.0,16.0,160,1621,-2734,-682,1470,0.0,35.0,0.0,0.0,183.0,318.0,0.0,1228.0,92.0,10.0,392.0,267.0,301.0,-173.0,0.0,2026,9,20,15,6,Sunday,Automne,Weekend,13807.0,33.4
France,Données temps réel,2026-09-20,12,2026-09-20 12:30:00,41638.0,41600,41700,33.0,0.0,498.0,28097.0,1170.0,1126.0,44.0,11505.0,1364.0,-2076.0,965.0,72.0,16.0,160,1754,-2743,-663,1664,0.0,35.0,0.0,0.0,183.0,317.0,0.0,1240.0,115.0,9.0,396.0,267.0,301.0,-63.0,75.0,2026,9,20,30,6,Sunday,Automne,Weekend,14039.0,33.7
France,Données temps réel,2026-09-20,12,2026-09-20 12:45:00,41846.0,42000,42150,33.0,0.0,500.0,28134.0,1169.0,1126.0,43.0,11673.0,1404.0,-1843.0,967.0,-180.0,16.0,160,732,-2723,-651,1812,0.0,35.0,0.0,0.0,183.0,318.0,0.0,1279.0,117.0,9.0,397.0,268.0,301.0,-81.0,73.0,2026,9,20,45,6,Sunday,Automne,Weekend,14246.0,34.0
France,Données temps réel,2026-09-20,13,2026-09-20 13:00:00,41144.0,42400,42600,33.0,0.0,499.0,28200.0,1211.0,1168.0,43.0,11638.0,1356.0,-1847.0,964.0,-770.0,16.0,120,300,-2662,-702,2251,0.0,35.0,0.0,0.0,182.0,318.0,0.0,1254.0,93.0,9.0,394.0,269.0,301.0,-144.0,5.0,2026,9,20,0,6,Sunday,Automne,Weekend,14205.0,34.5
France,Données temps réel,2026-09-20,13,2026-09-20 13:15:00,40324.0,41350,41550,33.0,0.0,484.0,27959.0,1197.0,1154.0,43.0,11749.0,1375.0,-1850.0,969.0,-1424.0,16.0,120,-576,-2724,-644,2360,0.0,35.0,0.0,0.0,183.0,303.0,0.0,1253.0,114.0,9.0,398.0,269.0,301.0,-210.0,44.0,2026,9,20,15,6,Sunday,Automne,Weekend,14321.0,35.5
France,Données temps réel,2026-09-20,13,2026-09-20 13:30:00,40170.0,40300,40500,33.0,0.0,497.0,28151.0,1175.0,1132.0,43.0,12535.0,1375.0,-1878.0,963.0,-2353.0,16.0,120,-776,-2720,-649,2236,0.0,35.0,0.0,0.0,183.0,315.0,0.0,1252.0,115.0,8.0,393.0,269.0,301.0,-331.0,5.0,2026,9,20,30,6,Sunday,Automne,Weekend,15085.0,37.6
France,Données temps réel,2026-09-20,13,2026-09-20 13:45:00,39522.0,39950,40150,33.0,0.0,500.0,28324.0,1148.0,1100.0,49.0,12532.0,1323.0,-2244.0,970.0,-2692.0,16.0,120,-860,-2728,-664,2204,0.0,35.0,0.0,0.0,182.0,319.0,0.0,1207.0,107.0,8.0,400.0,269.0,301.0,-371.0,0.0,2026,9,20,45,6,Sunday,Automne,Weekend,15003.0,38.0
France,Données temps réel,2026-09-20,14,2026-09-20 14:00:00,39738.0,39600,39800,33.0,0.0,498.0,28155.0,1105.0,1059.0,46.0,12411.0,1344.0,-2183.0,964.0,-2204.0,16.0,78,-602,-2701,-680,2635,0.0,35.0,0.0,0.0,182.0,318.0,0.0,1200.0,135.0,8.0,393.0,269.0,301.0,-385.0,1.0,2026,9,20,0,6,Sunday,Automne,Weekend,14860.0,37.4
France,Données temps réel,2026-09-20,14,2026-09-20 14:15:00,40309.0,40200,40400,33.0,0.0,499.0,28066.0,1123.0,1076.0,47.0,12313.0,1328.0,-2187.0,965.0,-1651.0,16.0,78,-437,-2711,-760,2292,0.0,35.0,0.0,0.0,183.0,318.0,0.0,1185.0,135.0,8.0,395.0,269.0,301.0,-183.0,4.0,2026,9,20,15,6,Sunday,Automne,Weekend,14764.0,36.6
France,Données temps réel,2026-09-20,14,2026-09-20 14:30:00,39743.0,40800,41000,33.0,0.0,497.0,28264.0,1144.0,1092.0,52.0,12031.0,1308.0,-2184.0,965.0,-2003.0,16.0,78,-122,-2692,-779,1606,0.0,35.0,0.0,0.0,182.0,316.0,0.0,1153.0,146.0,8.0,395.0,269.0,301.0,-313.0,2.0,2026,9,20,30,6,Sunday,Automne,Weekend,14483.0,36.4
France,Données temps réel,2026-09-20,14,2026-09-20 14:45:00,39673.0,40400,40600,33.0,0.0,496.0,28790.0,1150.0,1107.0,43.0,11886.0,1260.0,-2145.0,967.0,-2453.0,16.0,78,-62,-2701,-815,1301,0.0,35.0,0.0,0.0,181.0,316.0,0.0,1134.0,117.0,8.0,397.0,269.0,301.0,-310.0,2.0,2026,9,20,45,6,Sunday,Automne,Weekend,14296.0,36.0
France,Données temps réel,2026-09-20,15,2026-09-20 15:00:00,39689.0,40000,40200,33.0,0.0,497.0,29299.0,1153.0,1100.0,53.0,11834.0,1358.0,-2145.0,966.0,-3177.0,16.0,-65,701,-2725,-1306,1178,0.0,35.0,0.0,0.0,183.0,316.0,0.0,1156.0,107.0,95.0,396.0,269.0,301.0,-129.0,1.0,2026,9,20,0,6,Sunday,Automne,Weekend,14345.0,36.1
France,Données temps réel,2026-09-20,15,2026-09-20 15:15:00,39871.0,39650,39800,33.0,0.0,497.0,29373.0,1144.0,1083.0,61.0,11581.0,1345.0,-2141.0,965.0,-2780.0,16.0,-65,1105,-2672,-1475,718,0.0,35.0,0.0,0.0,183.0,315.0,0.0,1157.0,108.0,79.0,394.0,269.0,301.0,-154.0,11.0,2026,9,20,15,6,Sunday,Automne,Weekend,14070.0,35.3
France,Données temps réel,2026-09-20,15,2026-09-20 15:30:00,39173.0,39300,39400,33.0,0.0,501.0,29422.0,1143.0,1082.0,61.0,11035.0,1369.0,-2137.0,964.0,-2988.0,16.0,-65,1512,-2692,-1644,27,0.0,35.0,0.0,0.0,183.0,319.0,0.0,1179.0,119.0,71.0,393.0,269.0,301.0,-173.0,6.0,2026,9,20,30,6,Sunday,Automne,Weekend,13547.0,34.6
France,Données temps réel,2026-09-20,15,2026-09-20 15:45:00,38997.0,39100,39200,33.0,0.0,490.0,29659.0,1176.0,1048.0,128.0,10663.0,1338.0,-2133.0,967.0,-3117.0,16.0,-65,1572,-2741,-1715,238,0.0,35.0,0.0,0.0,182.0,309.0,0.0,1233.0,95.0,9.0,397.0,269.0,301.0,-157.0,79.0,2026,9,20,45,6,Sunday,Automne,Weekend,13177.0,33.8
France,Données temps réel,2026-09-20,16,2026-09-20 16:00:00,38706.0,38900,39000,33.0,0.0,502.0,29552.0,1355.0,1209.0,147.0,10354.0,1430.0,-1962.0,967.0,-4270.0,16.0,-1152,1589,-2753,-2227,-1613,0.0,35.0,0.0,0.0,183.0,321.0,0.0,1271.0,151.0,8.0,398.0,268.0,301.0,-133.0,76.0,2026,9,20,0,6,Sunday,Automne,Weekend,13139.0,33.9
France,Données temps réel,2026-09-20,16,2026-09-20 16:15:00,38249.0,38500,38450,33.0,0.0,504.0,29895.0,2209.0,2053.0,155.0,11883.0,1690.0,-1962.0,966.0,-6591.0,15.0,-1152,1665,-2753,-2227,-1677,0.0,35.0,0.0,0.0,183.0,322.0,0.0,1277.0,343.0,71.0,395.0,269.0,301.0,-190.0,82.0,2026,9,20,15,6,Sunday,Automne,Weekend,15782.0,41.3
France,Données temps réel,2026-09-20,16,2026-09-20 16:30:00,38218.0,38100,37900,33.0,0.0,503.0,29799.0,2370.0,2185.0,185.0,11063.0,1716.0,-1975.0,966.0,-6989.0,15.0,-1152,316,-2753,-2227,-2212,0.0,35.0,0.0,0.0,184.0,321.0,0.0,1272.0,336.0,107.0,396.0,269.0,301.0,-137.0,12.0,2026,9,20,30,6,Sunday,Automne,Weekend,15149.0,39.6
France,Données temps réel,2026-09-20,16,2026-09-20 16:45:00,38550.0,38050,37850,33.0,0.0,499.0,29922.0,3321.0,3093.0,229.0,12748.0,1861.0,-1963.0,968.0,-8135.0,15.0,-1152,966,-2753,-2227,-2094,0.0,35.0,0.0,0.0,182.0,319.0,0.0,1321.0,370.0,170.0,397.0,269.0,301.0,-187.0,6.0,2026,9,20,45,6,Sunday,Automne,Weekend,17930.0,46.5
France,Données temps réel,2026-09-20,17,2026-09-20 17:00:00,38341.0,38000,37800,33.0,0.0,505.0,29817.0,3248.0,3013.0,235.0,11104.0,1898.0,-2029.0,969.0,-7043.0,15.0,-1684,2387,-2753,-2227,-2213,0.0,35.0,0.0,0.0,183.0,323.0,0.0,1317.0,423.0,157.0,398.0,269.0,301.0,-160.0,0.0,2026,9,20,0,6,Sunday,Automne,Weekend,16250.0,42.4
France,Données temps réel,2026-09-20,17,2026-09-20 17:15:00,38235.0,38250,38050,35.0,0.0,494.0,30428.0,3270.0,3008.0,262.0,10103.0,1964.0,-2027.0,961.0,-6907.0,15.0,-1684,2400,-2753,-2227,-1288,0.0,35.0,0.0,0.0,182.0,313.0,0.0,1379.0,419.0,166.0,390.0,269.0,301.0,-87.0,2.0,2026,9,20,15,6,Sunday,Automne,Weekend,15337.0,40.1
France,Données temps réel,2026-09-20,17,2026-09-20 17:30:00,38852.0,38500,38300,33.0,0.0,501.0,31074.0,3197.0,2941.0,256.0,8873.0,1985.0,-1695.0,962.0,-5998.0,15.0,-1684,2400,-2753,-2227,-1579,0.0,35.0,0.0,0.0,182.0,320.0,0.0,1380.0,434.0,171.0,392.0,269.0,301.0,-81.0,2.0,2026,9,20,30,6,Sunday,Automne,Weekend,14055.0,36.2
France,Données temps réel,2026-09-20,17,2026-09-20 17:45:00,39191.0,39150,38950,33.0,0.0,494.0,32201.0,3292.0,3025.0,268.0,7921.0,2192.0,-1392.0,961.0,-6448.0,15.0,-1684,2400,-2753,-2227,-1399,0.0,35.0,0.0,0.0,183.0,313.0,0.0,1374.0,495.0,323.0,390.0,269.0,301.0,-83.0,21.0,2026,9,20,45,6,Sunday,Automne,Weekend,13405.0,34.2
France,Données temps réel,2026-09-20,18,2026-09-20 18:00:00,39678.0,39800,39600,35.0,0.0,597.0,33132.0,3151.0,2878.0,273.0,6571.0,2434.0,-1396.0,955.0,-5773.0,16.0,-2856,2400,-2720,-2227,-902,0.0,35.0,0.0,0.0,183.0,415.0,0.0,1369.0,852.0,213.0,385.0,269.0,301.0,-43.0,16.0,2026,9,20,0,6,Sunday,Automne,Weekend,12156.0,30.6
France,Données temps réel,2026-09-20,18,2026-09-20 18:15:00,40036.0,40150,39900,33.0,0.0,600.0,34458.0,3142.0,2878.0,264.0,5394.0,2789.0,-1073.0,961.0,-6255.0,16.0,-2856,2400,-2720,-2227,-370,0.0,35.0,0.0,0.0,183.0,418.0,0.0,1413.0,999.0,377.0,391.0,269.0,301.0,-29.0,17.0,2026,9,20,15,6,Sunday,Automne,Weekend,11325.0,28.3
France,Données temps réel,2026-09-20,18,2026-09-20 18:30:00,40919.0,40500,40200,33.0,0.0,907.0,35317.0,2983.0,2742.0,241.0,4248.0,3402.0,-1072.0,956.0,-5824.0,19.0,-2856,2400,-2720,-2227,-141,0.0,35.0,0.0,0.0,182.0,726.0,0.0,1431.0,1193.0,778.0,387.0,268.0,301.0,-51.0,21.0,2026,9,20,30,6,Sunday,Automne,Weekend,10633.0,26.0
France,Données temps réel,2026-09-20,18,2026-09-20 18:45:00,41609.0,41450,41150,34.0,0.0,1065.0,35421.0,2833.0,2588.0,245.0,3218.0,3317.0,0.0,962.0,-5214.0,20.0,-2856,2400,-2675,-2227,721,0.0,35.0,0.0,0.0,182.0,885.0,0.0,1452.0,1341.0,524.0,392.0,268.0,301.0,-44.0,19.0,2026,9,20,45,6,Sunday,Automne,Weekend,9368.0,22.5
France,Données temps réel,2026-09-20,19,2026-09-20 19:00:00,42184.0,42400,42100,37.0,0.0,1257.0,35474.0,2852.0,2551.0,301.0,2176.0,3966.0,0.0,957.0,-4664.0,22.0,-2902,2400,-2710,-2107,1130,2.0,35.0,0.0,0.0,182.0,1076.0,0.0,1563.0,1356.0,1047.0,388.0,268.0,301.0,-1.0,131.0,2026,9,20,0,6,Sunday,Automne,Weekend,8994.0,21.3
France,Données temps réel,2026-09-20,19,2026-09-20 19:15:00,42788.0,42800,42500,35.0,0.0,1410.0,35481.0,2711.0,2375.0,336.0,1469.0,4410.0,-1.0,963.0,-3810.0,24.0,-2902,2000,-2646,-2132,1473,0.0,35.0,0.0,0.0,183.0,1228.0,0.0,1597.0,1339.0,1473.0,393.0,268.0,301.0,-2.0,123.0,2026,9,20,15,6,Sunday,Automne,Weekend,8590.0,20.1
France,Données temps réel,2026-09-20,19,2026-09-20 19:30:00,42658.0,43200,42900,36.0,0.0,1471.0,35649.0,2579.0,2264.0,315.0,863.0,4822.0,0.0,954.0,-3891.0,24.0,-2902,1000,-2644,-2132,2212,1.0,35.0,0.0,0.0,183.0,1289.0,0.0,1649.0,1425.0,1748.0,384.0,269.0,301.0,-3.0,179.0,2026,9,20,30,6,Sunday,Automne,Weekend,8264.0,19.4
France,Données temps réel,2026-09-20,19,2026-09-20 19:45:00,43046.0,43050,42750,37.0,0.0,1476.0,35677.0,2526.0,2220.0,305.0,538.0,5257.0,0.0,961.0,-3837.0,24.0,-2902,0,-2644,-2032,2922,2.0,35.0,0.0,0.0,182.0,1295.0,0.0,1724.0,1546.0,1986.0,390.0,269.0,301.0,-6.0,420.0,2026,9,20,45,6,Sunday,Automne,Weekend,8321.0,19.3
France,Données temps réel,2026-09-20,20,2026-09-20 20:00:00,43038.0,42900,42600,37.0,0.0,1484.0,35747.0,2489.0,2203.0,286.0,333.0,5624.0,0.0,957.0,-4175.0,24.0,-3028,-869,-2644,-1491,4195,2.0,35.0,0.0,0.0,183.0,1302.0,0.0,1766.0,1534.0,2324.0,386.0,269.0,301.0,0.0,544.0,2026,9,20,0,6,Sunday,Automne,Weekend,8446.0,19.6
France,Données temps réel,2026-09-20,20,2026-09-20 20:15:00,43172.0,42700,42400,37.0,0.0,1487.0,35793.0,2602.0,2289.0,313.0,235.0,6066.0,0.0,956.0,-4253.0,24.0,-3028,-1753,-2644,-1263,4271,2.0,35.0,0.0,0.0,182.0,1307.0,0.0,1815.0,1554.0,2697.0,385.0,270.0,301.0,-1.0,250.0,2026,9,20,15,6,Sunday,Automne,Weekend,8903.0,20.6
France,Données temps réel,2026-09-20,20,2026-09-20 20:30:00,43033.0,42500,42200,37.0,0.0,1488.0,35855.0,2799.0,2435.0,364.0,223.0,5978.0,0.0,959.0,-4679.0,24.0,-3028,-2200,-2602,-1022,4198,2.0,35.0,0.0,0.0,182.0,1307.0,0.0,1829.0,1469.0,2680.0,388.0,270.0,301.0,-4.0,380.0,2026,9,20,30,6,Sunday,Automne,Weekend,9000.0,20.9
France,Données temps réel,2026-09-20,20,2026-09-20 20:45:00,42371.0,42300,42000,35.0,0.0,1496.0,35876.0,3034.0,2566.0,468.0,218.0,5231.0,0.0,958.0,-4801.0,24.0,-3028,-2504,-2590,-965,4303,0.0,35.0,0.0,0.0,183.0,1314.0,0.0,1830.0,1366.0,2035.0,387.0,270.0,301.0,-20.0,346.0,2026,9,20,45,6,Sunday,Automne,Weekend,8483.0,20.0
France,Données temps réel,2026-09-20,21,2026-09-20 21:00:00,41983.0,42100,41800,36.0,0.0,1496.0,35931.0,3157.0,2684.0,473.0,211.0,4996.0,0.0,960.0,-5038.0,24.0,-3019,-1988,-2583,-623,3332,1.0,35.0,0.0,0.0,183.0,1314.0,0.0,1784.0,1375.0,1837.0,389.0,270.0,301.0,-20.0,256.0,2026,9,20,0,6,Sunday,Automne,Weekend,8364.0,19.9
France,Données temps réel,2026-09-20,21,2026-09-20 21:15:00,41426.0,41600,41350,35.0,0.0,1500.0,35953.0,3273.0,2806.0,467.0,0.0,4707.0,-1.0,957.0,-5275.0,25.0,-3019,-2351,-2605,-692,3421,0.0,35.0,0.0,0.0,184.0,1317.0,0.0,1753.0,1322.0,1632.0,386.0,270.0,301.0,-66.0,345.0,2026,9,20,15,6,Sunday,Automne,Weekend,7980.0,19.3
France,Données temps réel,2026-09-20,21,2026-09-20 21:30:00,40601.0,41100,40900,35.0,0.0,1499.0,36003.0,3207.0,2798.0,408.0,0.0,4534.0,-1.0,959.0,-5786.0,25.0,-3019,-2253,-2506,-662,3539,0.0,35.0,0.0,0.0,183.0,1317.0,0.0,1756.0,1275.0,1502.0,388.0,270.0,301.0,-134.0,286.0,2026,9,20,30,6,Sunday,Automne,Weekend,7741.0,19.1
France,Données temps réel,2026-09-20,21,2026-09-20 21:45:00,39936.0,40350,40150,35.0,0.0,1501.0,36019.0,3215.0,2852.0,364.0,0.0,3738.0,-1.0,962.0,-5423.0,25.0,-3019,-2502,-2644,-547,3391,0.0,35.0,0.0,0.0,182.0,1320.0,0.0,1700.0,1212.0,826.0,391.0,270.0,301.0,-117.0,8.0,2026,9,20,45,6,Sunday,Automne,Weekend,6953.0,17.4
France,Données temps réel,2026-09-20,22,2026-09-20 22:00:00,39263.0,39600,39400,35.0,0.0,1501.0,36069.0,3211.0,2870.0,341.0,0.0,3612.0,0.0,960.0,-6021.0,25.0,-2902,-1661,-2644,-1077,3389,0.0,35.0,0.0,0.0,183.0,1320.0,0.0,1718.0,1217.0,676.0,389.0,270.0,301.0,-105.0,2.0,2026,9,20,0,6,Sunday,Automne,Weekend,6823.0,17.4
France,Données temps réel,2026-09-20,22,2026-09-20 22:15:00,39744.0,40400,40200,35.0,0.0,1506.0,36075.0,3277.0,2925.0,352.0,0.0,4076.0,0.0,961.0,-6116.0,25.0,-2902,-1843,-2644,-1269,3172,0.0,35.0,0.0,0.0,183.0,1324.0,0.0,1773.0,1270.0,1033.0,390.0,270.0,301.0,-114.0,45.0,2026,9,20,15,6,Sunday,Automne,Weekend,7353.0,18.5
France,Données temps réel,2026-09-20,22,2026-09-20 22:30:00,39556.0,41200,41000,35.0,0.0,1507.0,36087.0,3334.0,2993.0,340.0,0.0,4182.0,0.0,966.0,-6168.0,25.0,-2902,-1350,-2644,-1043,3384,0.0,35.0,0.0,0.0,183.0,1325.0,0.0,1762.0,1240.0,1180.0,394.0,270.0,301.0,-385.0,0.0,2026,9,20,30,6,Sunday,Automne,Weekend,7516.0,19.0
France,Données temps réel,2026-09-20,22,2026-09-20 22:45:00,40364.0,41550,41350,35.0,0.0,1544.0,36062.0,3302.0,2977.0,325.0,0.0,4301.0,0.0,958.0,-5378.0,25.0,-2902,-1800,-2644,-889,3372,0.0,35.0,0.0,0.0,183.0,1362.0,0.0,1843.0,1292.0,1166.0,387.0,270.0,301.0,-458.0,0.0,2026,9,20,45,6,Sunday,Automne,Weekend,7603.0,18.8
France,Données temps réel,2026-09-20,23,2026-09-20 23:00:00,40668.0,41900,41700,35.0,0.0,1183.0,37113.0,3193.0,2887.0,306.0,0.0,3821.0,0.0,960.0,-5526.0,22.0,-2920,-2065,-2640,-1928,4421,0.0,35.0,0.0,0.0,183.0,1002.0,0.0,1831.0,1361.0,628.0,388.0,270.0,301.0,-112.0,3.0,2026,9,20,0,6,Sunday,Automne,Weekend,7014.0,17.2
France,Données temps réel,2026-09-20,23,2026-09-20 23:15:00,40540.0,41350,40900,35.0,0.0,1166.0,36958.0,3132.0,2863.0,269.0,0.0,3581.0,-1.0,964.0,-5336.0,22.0,-2920,-1846,-2619,-1910,3784,0.0,35.0,0.0,0.0,183.0,984.0,0.0,1692.0,1440.0,448.0,393.0,270.0,301.0,-43.0,85.0,2026,9,20,15,6,Sunday,Automne,Weekend,6713.0,16.6
France,Données temps réel,2026-09-20,23,2026-09-20 23:30:00,39714.0,40800,40100,37.0,0.0,1189.0,36971.0,3095.0,2847.0,249.0,0.0,3100.0,-9.0,964.0,-5602.0,22.0,-2920,-1855,-2606,-1722,3719,2.0,35.0,0.0,0.0,183.0,1007.0,0.0,1675.0,1179.0,246.0,393.0,270.0,301.0,-112.0,83.0,2026,9,20,30,6,Sunday,Automne,Weekend,6195.0,15.6
France,Données temps réel,2026-09-20,23,2026-09-20 23:45:00,40445.0,40150,39800,35.0,0.0,1626.0,37084.0,3026.0,2795.0,231.0,0.0,3226.0,-7.0,965.0,-5522.0,26.0,-2920,-2354,-2625,-1584,3671,0.0,35.0,0.0,0.0,183.0,1444.0,0.0,1699.0,1267.0,260.0,393.0,270.0,301.0,-69.0,83.0,2026,9,20,45,6,Sunday,Automne,Weekend,6252.0,15.5
France,Données temps réel,2026-09-21,0,2026-09-21 00:00:00,39643.0,39500,39500,35.0,0.0,1624.0,37080.0,2952.0,2740.0,213.0,0.0,3648.0,-7.0,961.0,-6684.0,26.0,-3007,-1939,-1824,-1573,1841,0.0,35.0,0.0,0.0,182.0,1444.0,0.0,1743.0,1401.0,505.0,390.0,270.0,301.0,-48.0,81.0,2026,9,21,0,0,Monday,Automne,Jour_de_semaine,6600.0,16.6
France,Données temps réel,2026-09-21,0,2026-09-21 00:15:00,39540.0,38650,38650,35.0,0.0,1549.0,37140.0,2945.0,2752.0,193.0,0.0,4035.0,-9.0,963.0,-7227.0,25.0,-3007,-2464,-1824,-1508,1653,0.0,35.0,0.0,0.0,183.0,1368.0,0.0,1689.0,1450.0,896.0,392.0,270.0,301.0,-7.0,118.0,2026,9,21,15,0,Monday,Automne,Jour_de_semaine,6980.0,17.7
France,Données temps réel,2026-09-21,0,2026-09-21 00:30:00,38250.0,37800,37800,35.0,0.0,1468.0,37148.0,2877.0,2705.0,172.0,0.0,3535.0,-9.0,966.0,-7739.0,25.0,-3007,-2865,-1824,-1495,1534,0.0,35.0,0.0,0.0,183.0,1286.0,0.0,1633.0,1302.0,599.0,394.0,270.0,301.0,-38.0,8.0,2026,9,21,30,0,Monday,Automne,Jour_de_semaine,6412.0,16.8
France,Données temps réel,2026-09-21,0,2026-09-21 00:45:00,36809.0,37250,37250,34.0,0.0,805.0,37165.0,2888.0,2722.0,166.0,0.0,3217.0,-10.0,967.0,-8279.0,19.0,-3007,-2867,-1824,-1472,1274,0.0,35.0,0.0,0.0,183.0,623.0,0.0,1622.0,1214.0,381.0,395.0,270.0,301.0,-5.0,28.0,2026,9,21,45,0,Monday,Automne,Jour_de_semaine,6105.0,16.6
France,Données temps réel,2026-09-21,1,2026-09-21 01:00:00,36433.0,36700,36700,33.0,0.0,695.0,37164.0,2907.0,2752.0,156.0,0.0,3225.0,-9.0,968.0,-8524.0,18.0,-2848,-2827,-1824,-2216,1714,0.0,35.0,0.0,0.0,183.0,513.0,0.0,1645.0,1206.0,375.0,397.0,270.0,301.0,-52.0,28.0,2026,9,21,0,0,Monday,Automne,Jour_de_semaine,6132.0,16.8
France,Données temps réel,2026-09-21,1,2026-09-21 01:15:00,36842.0,36950,36950,33.0,0.0,482.0,37180.0,2899.0,2731.0,168.0,0.0,3165.0,-9.0,971.0,-7900.0,16.0,-2848,-2867,-1824,-2191,1592,0.0,35.0,0.0,0.0,183.0,300.0,0.0,1614.0,1147.0,404.0,399.0,270.0,301.0,-4.0,26.0,2026,9,21,15,0,Monday,Automne,Jour_de_semaine,6064.0,16.5
France,Données temps réel,2026-09-21,1,2026-09-21 01:30:00,36221.0,37200,37200,34.0,0.0,473.0,37156.0,2918.0,2729.0,190.0,0.0,2909.0,-8.0,966.0,-8303.0,16.0,-2848,-2865,-1824,-2187,1766,0.0,35.0,0.0,0.0,183.0,292.0,0.0,1612.0,1023.0,273.0,394.0,270.0,301.0,-8.0,84.0,2026,9,21,30,0,Monday,Automne,Jour_de_semaine,5827.0,16.1
France,Données temps réel,2026-09-21,1,2026-09-21 01:45:00,36085.0,36500,36500,33.0,0.0,472.0,37180.0,2925.0,2721.0,204.0,0.0,2744.0,-19.0,970.0,-8204.0,16.0,-2848,-2802,-1824,-2173,1300,0.0,35.0,0.0,0.0,182.0,291.0,0.0,1622.0,849.0,274.0,398.0,270.0,301.0,-15.0,2.0,2026,9,21,45,0,Monday,Automne,Jour_de_semaine,5669.0,15.7
France,Données temps réel,2026-09-21,2,2026-09-21 02:00:00,35344.0,35800,35800,33.0,0.0,453.0,37215.0,2961.0,2713.0,249.0,0.0,2549.0,-18.0,978.0,-8773.0,16.0,-3028,-2517,-1824,-2170,658,0.0,35.0,0.0,0.0,182.0,272.0,0.0,1617.0,839.0,93.0,406.0,270.0,301.0,-51.0,0.0,2026,9,21,0,0,Monday,Automne,Jour_de_semaine,5510.0,15.6
France,Données temps réel,2026-09-21,2,2026-09-21 02:15:00,35104.0,35150,35150,33.0,0.0,471.0,37199.0,2887.0,2616.0,271.0,0.0,2526.0,-33.0,974.0,-8944.0,16.0,-3028,-2657,-1824,-2165,386,0.0,35.0,0.0,0.0,183.0,290.0,0.0,1596.0,838.0,92.0,402.0,270.0,301.0,-15.0,8.0,2026,9,21,15,0,Monday,Automne,Jour_de_semaine,5413.0,15.4
France,Données temps réel,2026-09-21,2,2026-09-21 02:30:00,34320.0,34500,34500,35.0,0.0,478.0,37207.0,2894.0,2586.0,308.0,0.0,2468.0,-34.0,975.0,-9630.0,16.0,-3028,-2690,-1824,-2158,-147,0.0,35.0,0.0,0.0,183.0,296.0,0.0,1596.0,829.0,43.0,403.0,270.0,301.0,-70.0,0.0,2026,9,21,30,0,Monday,Automne,Jour_de_semaine,5362.0,15.6
France,Données temps réel,2026-09-21,2,2026-09-21 02:45:00,33681.0,33900,33900,35.0,0.0,485.0,37177.0,2833.0,2510.0,323.0,0.0,2387.0,-210.0,977.0,-9920.0,16.0,-3028,-2867,-1824,-2149,-140,0.0,35.0,0.0,0.0,184.0,303.0,0.0,1608.0,714.0,65.0,405.0,270.0,301.0,-83.0,0.0,2026,9,21,45,0,Monday,Automne,Jour_de_semaine,5220.0,15.5
France,Données temps réel,2026-09-21,3,2026-09-21 03:00:00,33193.0,33300,33300,35.0,0.0,468.0,37120.0,2817.0,2544.0,273.0,0.0,2305.0,-375.0,972.0,-10083.0,16.0,-3027,-2865,-1658,-2226,-470,0.0,35.0,0.0,0.0,183.0,286.0,0.0,1585.0,654.0,67.0,400.0,270.0,301.0,-66.0,0.0,2026,9,21,0,0,Monday,Automne,Jour_de_semaine,5122.0,15.4
France,Données temps réel,2026-09-21,3,2026-09-21 03:15:00,32889.0,33050,33050,33.0,0.0,492.0,37127.0,2719.0,2461.0,258.0,0.0,2222.0,-539.0,973.0,-10116.0,16.0,-3027,-2867,-1658,-2224,-498,0.0,35.0,0.0,0.0,183.0,310.0,0.0,1571.0,585.0,66.0,402.0,270.0,301.0,-27.0,6.0,2026,9,21,15,0,Monday,Automne,Jour_de_semaine,4941.0,15.0
France,Données temps réel,2026-09-21,3,2026-09-21 03:30:00,32535.0,32800,32800,33.0,0.0,491.0,37102.0,2714.0,2450.0,264.0,0.0,2222.0,-741.0,974.0,-10224.0,16.0,-3027,-2716,-1658,-2226,-573,0.0,35.0,0.0,0.0,183.0,309.0,0.0,1569.0,586.0,67.0,404.0,269.0,301.0,-43.0,7.0,2026,9,21,30,0,Monday,Automne,Jour_de_semaine,4936.0,15.2
France,Données temps réel,2026-09-21,3,2026-09-21 03:45:00,32352.0,32700,32700,33.0,0.0,490.0,37063.0,2748.0,2485.0,263.0,0.0,2247.0,-742.0,973.0,-10292.0,16.0,-3027,-2721,-1658,-2216,-820,0.0,35.0,0.0,0.0,183.0,308.0,0.0,1604.0,576.0,67.0,402.0,270.0,301.0,-176.0,8.0,2026,9,21,45,0,Monday,Automne,Jour_de_semaine,4995.0,15.4
France,Données temps réel,2026-09-21,4,2026-09-21 04:00:00,32320.0,32600,32600,35.0,0.0,485.0,37108.0,2752.0,2486.0,266.0,0.0,2260.0,-739.0,975.0,-10354.0,16.0,-3027,-2521,-1658,-2205,-940,0.0,35.0,0.0,0.0,183.0,303.0,0.0,1618.0,577.0,66.0,404.0,270.0,301.0,-261.0,60.0,2026,9,21,0,0,Monday,Automne,Jour_de_semaine,5012.0,15.5
France,Données temps réel,2026-09-21,4,2026-09-21 04:15:00,32379.0,32700,32550,34.0,0.0,545.0,37178.0,2808.0,2531.0,277.0,0.0,2305.0,-740.0,968.0,-10548.0,17.0,-3027,-2785,-1658,-2182,-885,0.0,35.0,0.0,0.0,183.0,363.0,0.0,1651.0,587.0,67.0,396.0,270.0,301.0,-209.0,40.0,2026,9,21,15,0,Monday,Automne,Jour_de_semaine,5113.0,15.8
France,Données temps réel,2026-09-21,4,2026-09-21 04:30:00,32530.0,32800,32500,35.0,0.0,620.0,37150.0,2772.0,2480.0,292.0,0.0,2303.0,-542.0,971.0,-10502.0,18.0,-3027,-2821,-1658,-2170,-1067,0.0,35.0,0.0,0.0,182.0,439.0,0.0,1659.0,578.0,66.0,399.0,270.0,301.0,-279.0,3.0,2026,9,21,30,0,Monday,Automne,Jour_de_semaine,5075.0,15.6
France,Données temps réel,2026-09-21,4,2026-09-21 04:45:00,32402.0,33100,32800,35.0,0.0,669.0,37190.0,2690.0,2405.0,284.0,0.0,2320.0,-379.0,970.0,-11014.0,18.0,-3027,-2821,-1658,-2173,-970,0.0,35.0,0.0,0.0,183.0,487.0,0.0,1655.0,599.0,66.0,398.0,270.0,301.0,-83.0,5.0,2026,9,21,45,0,Monday,Automne,Jour_de_semaine,5010.0,15.5
France,Données temps réel,2026-09-21,5,2026-09-21 05:00:00,33057.0,33400,33100,35.0,0.0,700.0,37122.0,2639.0,2365.0,274.0,0.0,2350.0,-376.0,967.0,-10183.0,18.0,-3028,-2500,-1658,-2217,658,0.0,35.0,0.0,0.0,182.0,519.0,0.0,1654.0,629.0,67.0,396.0,270.0,301.0,-196.0,0.0,2026,9,21,0,0,Monday,Automne,Jour_de_semaine,4989.0,15.1
France,Données temps réel,2026-09-21,5,2026-09-21 05:15:00,34099.0,34150,33850,33.0,0.0,706.0,37064.0,2575.0,2324.0,251.0,0.0,2386.0,-373.0,968.0,-8855.0,18.0,-3028,-2500,-1658,-2227,430,0.0,35.0,0.0,0.0,182.0,525.0,0.0,1675.0,645.0,66.0,397.0,270.0,301.0,-424.0,20.0,2026,9,21,15,0,Monday,Automne,Jour_de_semaine,4961.0,14.5
France,Données temps réel,2026-09-21,5,2026-09-21 05:30:00,34498.0,34900,34600,33.0,0.0,788.0,37114.0,2553.0,2342.0,211.0,0.0,2548.0,-344.0,967.0,-8958.0,19.0,-3028,-2500,-1658,-2227,141,0.0,35.0,0.0,0.0,182.0,608.0,0.0,1683.0,775.0,90.0,395.0,270.0,301.0,-202.0,1.0,2026,9,21,30,0,Monday,Automne,Jour_de_semaine,5101.0,14.8
France,Données temps réel,2026-09-21,5,2026-09-21 05:45:00,35055.0,35700,35400,37.0,0.0,1161.0,37181.0,2449.0,2254.0,195.0,0.0,3254.0,-5.0,967.0,-9823.0,22.0,-3028,-2500,-1658,-2227,-78,2.0,35.0,0.0,0.0,183.0,979.0,0.0,1787.0,1202.0,265.0,396.0,270.0,301.0,-170.0,3.0,2026,9,21,45,0,Monday,Automne,Jour_de_semaine,5703.0,16.3
France,Données temps réel,2026-09-21,6,2026-09-21 06:00:00,35861.0,36500,36200,37.0,0.0,1423.0,37180.0,2337.0,2135.0,202.0,0.0,3401.0,0.0,969.0,-9402.0,25.0,-1340,-2500,-1658,-2226,-772,2.0,35.0,0.0,0.0,183.0,1242.0,0.0,1777.0,1309.0,314.0,396.0,271.0,301.0,-84.0,1.0,2026,9,21,0,0,Monday,Automne,Jour_de_semaine,5738.0,16.0
France,Données temps réel,2026-09-21,6,2026-09-21 06:15:00,37538.0,37650,37350,37.0,0.0,1474.0,37210.0,2337.0,2109.0,228.0,0.0,3707.0,0.0,960.0,-8172.0,25.0,-1340,-2215,-1658,-2172,-942,2.0,35.0,0.0,0.0,182.0,1293.0,0.0,1773.0,1463.0,471.0,388.0,270.0,301.0,-15.0,3.0,2026,9,21,15,0,Monday,Automne,Jour_de_semaine,6044.0,16.1
France,Données temps réel,2026-09-21,6,2026-09-21 06:30:00,38594.0,38800,38500,37.0,0.0,1783.0,37317.0,2352.0,2128.0,225.0,0.0,4609.0,-1.0,968.0,-8509.0,27.0,-1340,-1510,-1658,-2177,-1690,2.0,35.0,0.0,0.0,182.0,1602.0,0.0,1746.0,1520.0,1343.0,396.0,271.0,301.0,-22.0,62.0,2026,9,21,30,0,Monday,Automne,Jour_de_semaine,6961.0,18.0
France,Données temps réel,2026-09-21,6,2026-09-21 06:45:00,39329.0,39900,39650,37.0,0.0,2124.0,37337.0,2342.0,2129.0,213.0,0.0,5292.0,0.0,961.0,-8807.0,29.0,-1340,-962,-1658,-2227,-2370,2.0,35.0,0.0,0.0,183.0,1943.0,0.0,1743.0,1546.0,2004.0,390.0,270.0,301.0,-1.0,42.0,2026,9,21,45,0,Monday,Automne,Jour_de_semaine,7634.0,19.4
France,Données temps réel,2026-09-21,7,2026-09-21 07:00:00,41074.0,41000,40800,37.0,0.0,2889.0,37334.0,2332.0,2074.0,259.0,208.0,5916.0,-2.0,964.0,-8622.0,35.0,-1211,-903,-2362,-1211,-2737,2.0,35.0,0.0,0.0,183.0,2707.0,0.0,1811.0,1661.0,2445.0,393.0,270.0,301.0,-1.0,20.0,2026,9,21,0,0,Monday,Automne,Jour_de_semaine,8456.0,20.6
France,Données temps réel,2026-09-21,7,2026-09-21 07:15:00,42370.0,41850,41650,37.0,0.0,3013.0,37340.0,2444.0,2163.0,282.0,203.0,6956.0,0.0,968.0,-9003.0,35.0,-1211,-1329,-2362,-1083,-3183,2.0,35.0,0.0,0.0,183.0,2831.0,0.0,1953.0,2169.0,2833.0,397.0,270.0,301.0,-12.0,425.0,2026,9,21,15,0,Monday,Automne,Jour_de_semaine,9603.0,22.7
France,Données temps réel,2026-09-21,7,2026-09-21 07:30:00,42969.0,42700,42500,34.0,0.0,3020.0,37361.0,2391.0,2101.0,290.0,214.0,7414.0,-1.0,963.0,-8859.0,35.0,-1211,-1395,-2362,-1059,-2885,0.0,35.0,0.0,0.0,183.0,2842.0,0.0,2008.0,2385.0,3021.0,391.0,270.0,301.0,-4.0,436.0,2026,9,21,30,0,Monday,Automne,Jour_de_semaine,10019.0,23.3
France,Données temps réel,2026-09-21,7,2026-09-21 07:45:00,43271.0,43350,43150,328.0,0.0,3121.0,37355.0,2397.0,2110.0,287.0,308.0,7593.0,-1.0,968.0,-9217.0,40.0,-1211,-1068,-2362,-1004,-2821,293.0,35.0,0.0,92.0,182.0,2847.0,0.0,2135.0,2361.0,3097.0,396.0,271.0,301.0,-15.0,433.0,2026,9,21,45,0,Monday,Automne,Jour_de_semaine,10298.0,23.8
France,Données temps réel,2026-09-21,8,2026-09-21 08:00:00,43848.0,44000,43800,353.0,0.0,3237.0,37361.0,2402.0,2118.0,285.0,556.0,7309.0,0.0,973.0,-8755.0,41.0,-2331,-1017,-2204,-90,-2512,318.0,35.0,0.0,202.0,184.0,2851.0,0.0,2163.0,2169.0,2977.0,401.0,270.0,301.0,-11.0,425.0,2026,9,21,0,0,Monday,Automne,Jour_de_semaine,10267.0,23.4
France,Données temps réel,2026-09-21,8,2026-09-21 08:15:00,44247.0,44400,44200,352.0,0.0,3246.0,37376.0,2446.0,2211.0,236.0,1048.0,7302.0,0.0,966.0,-8892.0,41.0,-2331,-1477,-2362,-83,-1932,317.0,35.0,0.0,202.0,183.0,2861.0,0.0,2162.0,2293.0,2847.0,393.0,271.0,301.0,-13.0,417.0,2026,9,21,15,0,Monday,Automne,Jour_de_semaine,10796.0,24.4
France,Données temps réel,2026-09-21,8,2026-09-21 08:30:00,44525.0,44800,44600,351.0,0.0,3246.0,37315.0,2430.0,2218.0,213.0,1676.0,7051.0,0.0,966.0,-8908.0,40.0,-2331,-1479,-2362,-222,-1232,316.0,35.0,0.0,202.0,183.0,2861.0,0.0,2151.0,2245.0,2655.0,394.0,270.0,301.0,-17.0,415.0,2026,9,21,30,0,Monday,Automne,Jour_de_semaine,11157.0,25.1
France,Données temps réel,2026-09-21,8,2026-09-21 08:45:00,44945.0,45100,44900,352.0,0.0,3242.0,37327.0,2420.0,2229.0,191.0,2625.0,6133.0,0.0,968.0,-8395.0,40.0,-2331,-875,-2362,-484,-1131,317.0,35.0,0.0,201.0,184.0,2857.0,0.0,1977.0,1912.0,2244.0,396.0,270.0,301.0,-86.0,361.0,2026,9,21,45,0,Monday,Automne,Jour_de_semaine,11178.0,24.9
France,Données temps réel,2026-09-21,9,2026-09-21 09:00:00,45058.0,45400,45200,276.0,0.0,3244.0,37204.0,2416.0,2234.0,182.0,3539.0,5949.0,0.0,960.0,-8566.0,39.0,-3028,200,-2380,-1141,-2136,241.0,35.0,0.0,202.0,183.0,2859.0,0.0,1971.0,1888.0,2090.0,388.0,270.0,301.0,-32.0,69.0,2026,9,21,0,0,Monday,Automne,Jour_de_semaine,11904.0,26.4
France,Données temps réel,2026-09-21,9,2026-09-21 09:15:00,45395.0,45700,45500,275.0,0.0,3097.0,37202.0,2276.0,2102.0,173.0,4755.0,5862.0,-1.0,967.0,-9118.0,37.0,-3028,1200,-2380,-1447,-1604,240.0,35.0,0.0,201.0,183.0,2713.0,0.0,1864.0,1867.0,2131.0,394.0,271.0,301.0,-30.0,112.0,2026,9,21,15,0,Monday,Automne,Jour_de_semaine,12893.0,28.4
France,Données temps réel,2026-09-21,9,2026-09-21 09:30:00,45942.0,46000,45800,67.0,0.0,2887.0,37194.0,2065.0,1887.0,177.0,6158.0,4290.0,-2.0,965.0,-7646.0,33.0,-3028,2200,-2380,-1410,-1773,32.0,35.0,0.0,201.0,184.0,2502.0,0.0,1843.0,1762.0,684.0,394.0,270.0,301.0,-37.0,1.0,2026,9,21,30,0,Monday,Automne,Jour_de_semaine,12513.0,27.2
France,Données temps réel,2026-09-21,9,2026-09-21 09:45:00,45824.0,46200,46000,37.0,0.0,1722.0,37233.0,1886.0,1704.0,181.0,7401.0,4058.0,-1.0,960.0,-7454.0,23.0,-3028,2400,-2380,-1582,-1934,2.0,35.0,0.0,109.0,184.0,1429.0,0.0,1863.0,1783.0,413.0,388.0,270.0,301.0,-17.0,2.0,2026,9,21,45,0,Monday,Automne,Jour_de_semaine,13345.0,29.1
France,Données temps réel,2026-09-21,10,2026-09-21 10:00:00,46077.0,46400,46200,37.0,0.0,1478.0,37163.0,1773.0,1587.0,185.0,8834.0,3741.0,0.0,955.0,-7895.0,21.0,-3028,2400,-2380,-1857,-2084,2.0,35.0,0.0,0.0,183.0,1295.0,0.0,1827.0,1592.0,323.0,383.0,270.0,301.0,-21.0,14.0,2026,9,21,0,0,Monday,Automne,Jour_de_semaine,14348.0,31.1
France,Données temps réel,2026-09-21,10,2026-09-21 10:15:00,46288.0,46950,46750,37.0,0.0,1473.0,37091.0,1636.0,1480.0,156.0,10193.0,3341.0,-325.0,952.0,-8026.0,21.0,-3028,1786,-2380,-1857,-2228,2.0,35.0,0.0,0.0,183.0,1292.0,0.0,1810.0,1345.0,187.0,380.0,270.0,301.0,-107.0,24.0,2026,9,21,15,0,Monday,Automne,Jour_de_semaine,15170.0,32.8
France,Données temps réel,2026-09-21,10,2026-09-21 10:30:00,46518.0,47500,47300,37.0,0.0,1174.0,37087.0,1672.0,1533.0,139.0,11591.0,2973.0,-351.0,956.0,-8530.0,18.0,-3028,1708,-2380,-1857,-2249,2.0,35.0,0.0,0.0,183.0,993.0,0.0,1802.0,1151.0,21.0,384.0,270.0,301.0,-110.0,21.0,2026,9,21,30,0,Monday,Automne,Jour_de_semaine,16236.0,34.9
France,Données temps réel,2026-09-21,10,2026-09-21 10:45:00,46549.0,47550,47350,37.0,0.0,783.0,37109.0,1711.0,1567.0,143.0,12802.0,2941.0,-1381.0,954.0,-8394.0,15.0,-3028,1964,-2380,-1857,-2881,2.0,35.0,0.0,0.0,183.0,602.0,0.0,1774.0,1041.0,126.0,383.0,270.0,301.0,-22.0,9.0,2026,9,21,45,0,Monday,Automne,Jour_de_semaine,17454.0,37.5
France,Données temps réel,2026-09-21,11,2026-09-21 11:00:00,46816.0,47600,47400,36.0,0.0,556.0,37063.0,1834.0,1718.0,116.0,13880.0,2896.0,-1384.0,960.0,-8969.0,13.0,-3028,1100,-2380,-1857,-2214,1.0,35.0,0.0,0.0,183.0,375.0,0.0,1746.0,1030.0,119.0,387.0,271.0,301.0,-74.0,21.0,2026,9,21,0,0,Monday,Automne,Jour_de_semaine,18610.0,39.8
France,Données temps réel,2026-09-21,11,2026-09-21 11:15:00,46733.0,47900,47450,37.0,0.0,558.0,37117.0,1828.0,1707.0,120.0,14961.0,2482.0,-1377.0,953.0,-9732.0,13.0,-3028,1100,-2380,-1857,-2925,2.0,35.0,0.0,0.0,183.0,377.0,0.0,1711.0,696.0,74.0,382.0,270.0,301.0,-99.0,5.0,2026,9,21,15,0,Monday,Automne,Jour_de_semaine,19271.0,41.2
France,Données temps réel,2026-09-21,11,2026-09-21 11:30:00,47180.0,48200,47500,36.0,0.0,551.0,37040.0,1903.0,1797.0,106.0,15896.0,2424.0,-1581.0,957.0,-9904.0,13.0,-3028,1100,-2380,-1857,-2920,1.0,35.0,0.0,0.0,183.0,369.0,0.0,1688.0,665.0,70.0,385.0,270.0,301.0,-142.0,1.0,2026,9,21,30,0,Monday,Automne,Jour_de_semaine,20223.0,42.9
France,Données temps réel,2026-09-21,11,2026-09-21 11:45:00,47199.0,48500,47800,36.0,0.0,546.0,36506.0,1926.0,1827.0,99.0,16583.0,2307.0,-1585.0,951.0,-9798.0,12.0,-3028,1100,-2380,-1857,-2824,1.0,35.0,0.0,0.0,182.0,365.0,0.0,1626.0,661.0,20.0,379.0,271.0,301.0,-274.0,1.0,2026,9,21,45,0,Monday,Automne,Jour_de_semaine,20816.0,44.1
France,Données temps réel,2026-09-21,12,2026-09-21 12:00:00,47544.0,48800,48100,36.0,0.0,548.0,36141.0,2002.0,1904.0,98.0,17272.0,2257.0,-1817.0,950.0,-9696.0,12.0,-3028,752,-2632,-1857,-1487,1.0,35.0,0.0,0.0,182.0,368.0,0.0,1605.0,631.0,20.0,380.0,269.0,301.0,-149.0,0.0,2026,9,21,0,0,Monday,Automne,Jour_de_semaine,21531.0,45.3
France,Données temps réel,2026-09-21,12,2026-09-21 12:15:00,47611.0,48550,47850,36.0,0.0,278.0,35331.0,2079.0,1987.0,92.0,17758.0,2233.0,-1814.0,955.0,-9020.0,11.0,-3028,647,-2632,-1857,-1584,1.0,35.0,0.0,0.0,183.0,96.0,0.0,1605.0,608.0,21.0,385.0,269.0,301.0,-226.0,1.0,2026,9,21,15,0,Monday,Automne,Jour_de_semaine,22070.0,46.4
France,Données temps réel,2026-09-21,12,2026-09-21 12:30:00,47476.0,48300,47600,37.0,0.0,283.0,34542.0,2148.0,2066.0,83.0,18227.0,2199.0,-1880.0,954.0,-8842.0,11.0,-3028,775,-2632,-1857,-995,2.0,35.0,0.0,0.0,182.0,102.0,0.0,1578.0,613.0,9.0,383.0,269.0,301.0,-194.0,1.0,2026,9,21,30,0,Monday,Automne,Jour_de_semaine,22574.0,47.5
France,Données temps réel,2026-09-21,12,2026-09-21 12:45:00,47489.0,48850,48150,37.0,0.0,317.0,34252.0,2091.0,2022.0,69.0,18601.0,2136.0,-1882.0,953.0,-8913.0,11.0,-3028,45,-2632,-1857,-1093,2.0,35.0,0.0,0.0,183.0,135.0,0.0,1523.0,605.0,9.0,382.0,270.0,301.0,-106.0,4.0,2026,9,21,45,0,Monday,Automne,Jour_de_semaine,22828.0,48.1
France,Données temps réel,2026-09-21,13,2026-09-21 13:00:00,46863.0,49400,48700,37.0,0.0,317.0,34142.0,2061.0,2004.0,57.0,18759.0,2259.0,-1876.0,954.0,-9679.0,11.0,-3028,673,-2632,-1857,-2356,2.0,35.0,0.0,0.0,182.0,136.0,0.0,1534.0,715.0,10.0,383.0,270.0,301.0,-114.0,4.0,2026,9,21,0,0,Monday,Automne,Jour_de_semaine,23079.0,49.2
France,Données temps réel,2026-09-21,13,2026-09-21 13:15:00,46731.0,48750,48100,36.0,0.0,321.0,34082.0,2108.0,2052.0,56.0,18978.0,2230.0,-1880.0,957.0,-9833.0,11.0,-3028,487,-2632,-1857,-2662,1.0,35.0,0.0,0.0,182.0,140.0,0.0,1525.0,696.0,9.0,385.0,271.0,301.0,-269.0,3.0,2026,9,21,15,0,Monday,Automne,Jour_de_semaine,23316.0,49.9
France,Données temps réel,2026-09-21,13,2026-09-21 13:30:00,46497.0,48100,47500,37.0,0.0,321.0,34049.0,2162.0,2109.0,53.0,19116.0,2212.0,-1879.0,948.0,-10151.0,11.0,-3028,470,-2632,-1857,-2746,2.0,35.0,0.0,0.0,183.0,140.0,0.0,1530.0,673.0,9.0,377.0,270.0,301.0,-324.0,5.0,2026,9,21,30,0,Monday,Automne,Jour_de_semaine,23490.0,50.5
France,Données temps réel,2026-09-21,13,2026-09-21 13:45:00,46132.0,47750,47150,37.0,0.0,344.0,34065.0,2181.0,2129.0,52.0,19160.0,2182.0,-1876.0,963.0,-10590.0,11.0,-3028,215,-2632,-1857,-2456,2.0,35.0,0.0,0.0,183.0,162.0,0.0,1522.0,650.0,10.0,392.0,270.0,301.0,-342.0,9.0,2026,9,21,45,0,Monday,Automne,Jour_de_semaine,23523.0,51.0
France,Données temps réel,2026-09-21,14,2026-09-21 14:00:00,46686.0,47400,46800,37.0,0.0,348.0,34040.0,2256.0,2196.0,60.0,18966.0,2153.0,-1874.0,953.0,-9823.0,11.0,-3028,350,-2632,-1857,-1592,2.0,35.0,0.0,0.0,182.0,167.0,0.0,1495.0,649.0,9.0,382.0,270.0,301.0,-375.0,7.0,2026,9,21,0,0,Monday,Automne,Jour_de_semaine,23375.0,50.1
France,Données temps réel,2026-09-21,14,2026-09-21 14:15:00,47106.0,48100,47200,37.0,0.0,359.0,33961.0,2232.0,2169.0,63.0,18845.0,2046.0,-1868.0,958.0,-9073.0,11.0,-3028,447,-2632,-1857,-1372,2.0,35.0,0.0,0.0,183.0,178.0,0.0,1377.0,660.0,9.0,386.0,271.0,301.0,-389.0,0.0,2026,9,21,15,0,Monday,Automne,Jour_de_semaine,23123.0,49.1
France,Données temps réel,2026-09-21,14,2026-09-21 14:30:00,46659.0,48800,47600,37.0,0.0,375.0,33917.0,2275.0,2210.0,65.0,18536.0,2038.0,-1800.0,957.0,-9342.0,11.0,-3028,709,-2632,-1857,-1299,2.0,35.0,0.0,0.0,184.0,193.0,0.0,1387.0,639.0,12.0,386.0,270.0,301.0,-335.0,1.0,2026,9,21,30,0,Monday,Automne,Jour_de_semaine,22849.0,49.0
France,Données temps réel,2026-09-21,14,2026-09-21 14:45:00,46737.0,48500,47350,37.0,0.0,396.0,33888.0,2350.0,2290.0,60.0,18198.0,2008.0,-1800.0,956.0,-9050.0,12.0,-3028,779,-2632,-1857,-1324,2.0,35.0,0.0,0.0,182.0,215.0,0.0,1381.0,614.0,13.0,384.0,270.0,301.0,-245.0,0.0,2026,9,21,45,0,Monday,Automne,Jour_de_semaine,22556.0,48.3
France,Données temps réel,2026-09-21,15,2026-09-21 15:00:00,46913.0,48200,47100,37.0,0.0,411.0,33831.0,2326.0,2263.0,62.0,18291.0,1958.0,-1800.0,956.0,-8996.0,12.0,-3028,811,-2187,-1857,-1623,2.0,35.0,0.0,0.0,182.0,230.0,0.0,1351.0,594.0,12.0,385.0,270.0,301.0,-99.0,0.0,2026,9,21,0,0,Monday,Automne,Jour_de_semaine,22575.0,48.1
France,Données temps réel,2026-09-21,15,2026-09-21 15:15:00,46703.0,47850,46850,37.0,0.0,426.0,33853.0,2350.0,2293.0,56.0,17743.0,1855.0,-1801.0,957.0,-8704.0,12.0,-3028,937,-2187,-1857,-2157,2.0,35.0,0.0,0.0,182.0,245.0,0.0,1348.0,496.0,12.0,385.0,271.0,301.0,-27.0,15.0,2026,9,21,15,0,Monday,Automne,Jour_de_semaine,21948.0,47.0
France,Données temps réel,2026-09-21,15,2026-09-21 15:30:00,46069.0,47500,46600,35.0,0.0,443.0,33988.0,2375.0,2320.0,56.0,17495.0,1788.0,-1798.0,958.0,-9204.0,12.0,-3028,943,-2187,-1857,-2370,0.0,35.0,0.0,0.0,183.0,261.0,0.0,1360.0,416.0,12.0,387.0,270.0,301.0,-24.0,15.0,2026,9,21,30,0,Monday,Automne,Jour_de_semaine,21658.0,47.0
France,Données temps réel,2026-09-21,15,2026-09-21 15:45:00,45306.0,47250,46400,36.0,0.0,436.0,34095.0,2363.0,2306.0,56.0,16845.0,1912.0,-1801.0,957.0,-9548.0,12.0,-3028,1000,-2187,-1857,-2384,1.0,35.0,0.0,0.0,190.0,247.0,0.0,1367.0,534.0,12.0,386.0,270.0,301.0,-2.0,14.0,2026,9,21,45,0,Monday,Automne,Jour_de_semaine,21120.0,46.6
France,Données temps réel,2026-09-21,16,2026-09-21 16:00:00,45433.0,47000,46200,36.0,0.0,437.0,34043.0,2374.0,2319.0,55.0,16243.0,2050.0,-1789.0,957.0,-8934.0,12.0,-3028,1000,-2187,-1857,-2909,1.0,35.0,0.0,0.0,193.0,246.0,0.0,1347.0,691.0,12.0,386.0,270.0,301.0,-12.0,28.0,2026,9,21,0,0,Monday,Automne,Jour_de_semaine,20667.0,45.5
France,Données temps réel,2026-09-21,16,2026-09-21 16:15:00,45139.0,46650,45950,36.0,0.0,438.0,33963.0,2474.0,2413.0,61.0,15498.0,2350.0,-1809.0,955.0,-8835.0,12.0,-3028,1000,-2187,-1857,-2981,1.0,35.0,0.0,0.0,190.0,249.0,0.0,1402.0,822.0,126.0,383.0,270.0,301.0,-1.0,71.0,2026,9,21,15,0,Monday,Automne,Jour_de_semaine,20322.0,45.0
France,Données temps réel,2026-09-21,16,2026-09-21 16:30:00,45043.0,46300,45700,36.0,0.0,435.0,34606.0,2641.0,2582.0,59.0,14673.0,2554.0,-1804.0,959.0,-9184.0,12.0,-3028,700,-2187,-1857,-3352,1.0,35.0,0.0,0.0,192.0,245.0,0.0,1415.0,890.0,249.0,388.0,270.0,301.0,-7.0,135.0,2026,9,21,30,0,Monday,Automne,Jour_de_semaine,19868.0,44.1
France,Données temps réel,2026-09-21,16,2026-09-21 16:45:00,44917.0,45900,45350,36.0,0.0,454.0,35071.0,2746.0,2674.0,72.0,13709.0,2826.0,-1466.0,957.0,-9507.0,12.0,-3028,659,-2187,-1857,-3763,1.0,35.0,0.0,0.0,190.0,265.0,0.0,1461.0,921.0,443.0,385.0,271.0,301.0,-3.0,95.0,2026,9,21,45,0,Monday,Automne,Jour_de_semaine,19281.0,42.9
France,Données temps réel,2026-09-21,17,2026-09-21 17:00:00,44945.0,45500,45000,36.0,0.0,664.0,35589.0,2875.0,2792.0,83.0,12548.0,2915.0,-910.0,959.0,-9778.0,14.0,-3028,700,-2187,-1857,-4029,1.0,35.0,0.0,0.0,191.0,475.0,0.0,1461.0,1119.0,336.0,388.0,270.0,301.0,-9.0,57.0,2026,9,21,0,0,Monday,Automne,Jour_de_semaine,18338.0,40.8
France,Données temps réel,2026-09-21,17,2026-09-21 17:15:00,44764.0,45750,45000,36.0,0.0,725.0,36267.0,2993.0,2887.0,107.0,11432.0,2875.0,-256.0,960.0,-10296.0,15.0,-3028,700,-2187,-1857,-4050,1.0,35.0,0.0,0.0,191.0,535.0,0.0,1523.0,1321.0,31.0,389.0,270.0,301.0,-5.0,35.0,2026,9,21,15,0,Monday,Automne,Jour_de_semaine,17300.0,38.6
France,Données temps réel,2026-09-21,17,2026-09-21 17:30:00,44836.0,46000,45000,36.0,0.0,955.0,36366.0,3126.0,3010.0,116.0,10088.0,3641.0,-25.0,956.0,-10303.0,16.0,-3028,400,-2187,-1857,-4099,1.0,35.0,0.0,0.0,181.0,775.0,0.0,1530.0,1479.0,632.0,385.0,270.0,301.0,-24.0,22.0,2026,9,21,30,0,Monday,Automne,Jour_de_semaine,16855.0,37.6
France,Données temps réel,2026-09-21,17,2026-09-21 17:45:00,45056.0,46450,45500,35.0,0.0,1591.0,36422.0,3244.0,3120.0,124.0,8907.0,4058.0,-26.0,956.0,-10337.0,21.0,-3028,400,-2187,-1857,-4026,0.0,35.0,0.0,0.0,183.0,1409.0,0.0,1614.0,1765.0,679.0,385.0,270.0,301.0,-19.0,225.0,2026,9,21,45,0,Monday,Automne,Jour_de_semaine,16209.0,36.0
France,Données temps réel,2026-09-21,18,2026-09-21 18:00:00,45587.0,46900,46000,35.0,0.0,2314.0,36162.0,3356.0,3217.0,139.0,7574.0,4821.0,0.0,953.0,-9600.0,27.0,-2576,400,-2288,-1312,-2055,0.0,35.0,0.0,0.0,183.0,2133.0,0.0,1699.0,2011.0,1111.0,382.0,270.0,301.0,-47.0,21.0,2026,9,21,0,0,Monday,Automne,Jour_de_semaine,15751.0,34.6
France,Données temps réel,2026-09-21,18,2026-09-21 18:15:00,46097.0,47400,46500,35.0,0.0,2733.0,36078.0,3528.0,3387.0,141.0,6174.0,4434.0,0.0,956.0,-7803.0,31.0,-2576,400,-2288,-990,-2609,0.0,35.0,0.0,0.0,182.0,2552.0,0.0,1817.0,1723.0,894.0,385.0,270.0,301.0,-38.0,1.0,2026,9,21,15,0,Monday,Automne,Jour_de_semaine,14136.0,30.7
France,Données temps réel,2026-09-21,18,2026-09-21 18:30:00,46917.0,47900,47000,35.0,0.0,3169.0,36225.0,3563.0,3414.0,149.0,4796.0,6497.0,0.0,957.0,-8297.0,34.0,-2576,400,-2288,-792,-3607,0.0,35.0,0.0,0.0,182.0,2988.0,0.0,1981.0,2132.0,2385.0,386.0,270.0,301.0,-29.0,1.0,2026,9,21,30,0,Monday,Automne,Jour_de_semaine,14856.0,31.7
France,Données temps réel,2026-09-21,18,2026-09-21 18:45:00,47409.0,48700,47800,35.0,0.0,3480.0,36425.0,3655.0,3501.0,154.0,3658.0,7569.0,0.0,959.0,-8555.0,36.0,-2576,400,-2288,-848,-2600,0.0,35.0,0.0,0.0,182.0,3299.0,0.0,2093.0,2545.0,2931.0,388.0,270.0,301.0,-10.0,194.0,2026,9,21,45,0,Monday,Automne,Jour_de_semaine,14882.0,31.4
France,Données temps réel,2026-09-21,19,2026-09-21 19:00:00,48046.0,49500,48600,35.0,0.0,3490.0,36271.0,3612.0,3440.0,172.0,2452.0,7742.0,0.0,957.0,-6977.0,37.0,-1893,400,-2448,825,-2679,0.0,35.0,0.0,0.0,183.0,3308.0,0.0,2098.0,2624.0,3020.0,387.0,269.0,301.0,-1.0,465.0,2026,9,21,0,0,Monday,Automne,Jour_de_semaine,13806.0,28.7
France,Données temps réel,2026-09-21,19,2026-09-21 19:15:00,48300.0,49200,48300,35.0,0.0,3510.0,36371.0,3392.0,3217.0,175.0,1555.0,7752.0,0.0,956.0,-5308.0,37.0,-1893,348,-2448,888,-2293,0.0,35.0,0.0,0.0,183.0,3329.0,0.0,2214.0,2607.0,2931.0,385.0,270.0,301.0,-6.0,46.0,2026,9,21,15,0,Monday,Automne,Jour_de_semaine,12699.0,26.3
France,Données temps réel,2026-09-21,19,2026-09-21 19:30:00,48322.0,48900,48000,35.0,0.0,3517.0,36383.0,3308.0,3118.0,190.0,870.0,7948.0,-1.0,955.0,-4736.0,38.0,-1893,213,-2448,900,-1233,0.0,35.0,0.0,0.0,183.0,3336.0,0.0,2222.0,2672.0,3054.0,383.0,270.0,301.0,-1.0,44.0,2026,9,21,30,0,Monday,Automne,Jour_de_semaine,12126.0,25.1
France,Données temps réel,2026-09-21,19,2026-09-21 19:45:00,48103.0,48500,47550,35.0,0.0,3693.0,36371.0,3185.0,2993.0,192.0,511.0,7716.0,-1.0,956.0,-4407.0,40.0,-1893,-661,-2448,895,-475,0.0,35.0,0.0,0.0,182.0,3512.0,0.0,2264.0,2613.0,2839.0,385.0,270.0,301.0,-4.0,49.0,2026,9,21,45,0,Monday,Automne,Jour_de_semaine,11412.0,23.7
France,Données temps réel,2026-09-21,20,2026-09-21 20:00:00,47857.0,48100,47100,35.0,0.0,3717.0,36436.0,3179.0,2969.0,210.0,290.0,7953.0,-2.0,953.0,-4749.0,40.0,-2106,-1060,-2448,625,-536,0.0,35.0,0.0,0.0,184.0,3535.0,0.0,2255.0,2744.0,2954.0,382.0,270.0,301.0,-4.0,50.0,2026,9,21,0,0,Monday,Automne,Jour_de_semaine,11422.0,23.9
France,Données temps réel,2026-09-21,20,2026-09-21 20:15:00,47552.0,47800,46800,35.0,0.0,3736.0,36410.0,3295.0,3081.0,214.0,210.0,7904.0,0.0,961.0,-5384.0,40.0,-2106,-1958,-2448,602,84,0.0,35.0,0.0,0.0,183.0,3554.0,0.0,2267.0,2728.0,2909.0,389.0,270.0,301.0,-14.0,400.0,2026,9,21,15,0,Monday,Automne,Jour_de_semaine,11409.0,24.0
France,Données temps réel,2026-09-21,20,2026-09-21 20:30:00,46895.0,47500,46500,35.0,0.0,3742.0,36328.0,3543.0,3320.0,223.0,202.0,7699.0,0.0,960.0,-5979.0,40.0,-2106,-2100,-2448,686,-479,0.0,35.0,0.0,0.0,183.0,3562.0,0.0,2288.0,2682.0,2730.0,389.0,270.0,301.0,-31.0,396.0,2026,9,21,30,0,Monday,Automne,Jour_de_semaine,11444.0,24.4
France,Données temps réel,2026-09-21,20,2026-09-21 20:45:00,45774.0,46800,45750,35.0,0.0,3833.0,36321.0,3775.0,3543.0,232.0,200.0,7623.0,0.0,956.0,-7334.0,41.0,-2106,-2100,-2335,449,-1286,0.0,35.0,0.0,82.0,183.0,3568.0,0.0,2329.0,2649.0,2644.0,384.0,270.0,301.0,-32.0,398.0,2026,9,21,45,0,Monday,Automne,Jour_de_semaine,11598.0,25.3
France,Données temps réel,2026-09-21,21,2026-09-21 21:00:00,44816.0,46100,45000,35.0,0.0,4012.0,36581.0,3979.0,3736.0,243.0,190.0,7536.0,-1.0,957.0,-8816.0,42.0,-2707,-2100,-2147,369,-1687,0.0,35.0,0.0,194.0,183.0,3634.0,0.0,2324.0,2633.0,2579.0,387.0,269.0,301.0,-28.0,373.0,2026,9,21,0,0,Monday,Automne,Jour_de_semaine,11705.0,26.1
France,Données temps réel,2026-09-21,21,2026-09-21 21:15:00,44191.0,45450,44350,36.0,0.0,4112.0,36650.0,4141.0,3908.0,233.0,0.0,7465.0,-1.0,955.0,-9434.0,42.0,-2707,-2100,-2147,406,-2118,1.0,35.0,0.0,194.0,183.0,3736.0,0.0,2220.0,2598.0,2647.0,385.0,269.0,301.0,-41.0,309.0,2026,9,21,15,0,Monday,Automne,Jour_de_semaine,11606.0,26.3
France,Données temps réel,2026-09-21,21,2026-09-21 21:30:00,43233.0,44800,43700,36.0,0.0,4125.0,36649.0,4228.0,4008.0,220.0,0.0,7407.0,-1.0,956.0,-10212.0,42.0,-2707,-2100,-2147,395,-2237,1.0,35.0,0.0,194.0,183.0,3748.0,0.0,2226.0,2598.0,2584.0,386.0,269.0,301.0,-41.0,88.0,2026,9,21,30,0,Monday,Automne,Jour_de_semaine,11635.0,26.9
France,Données temps réel,2026-09-21,21,2026-09-21 21:45:00,42691.0,44500,43350,36.0,0.0,4124.0,36812.0,4337.0,4112.0,225.0,0.0,6996.0,-2.0,959.0,-10296.0,42.0,-2707,-2100,-2147,379,-2406,1.0,35.0,0.0,195.0,183.0,3746.0,0.0,2200.0,2458.0,2338.0,388.0,269.0,301.0,-280.0,8.0,2026,9,21,45,0,Monday,Automne,Jour_de_semaine,11333.0,26.5
France,Données temps réel,2026-09-21,22,2026-09-21 22:00:00,42439.0,44200,43000,36.0,0.0,4108.0,36924.0,4364.0,4121.0,244.0,0.0,6362.0,0.0,962.0,-9909.0,43.0,-2539,-1699,-2147,-326,-1856,1.0,35.0,0.0,195.0,183.0,3730.0,0.0,2191.0,2178.0,1993.0,391.0,270.0,301.0,-405.0,0.0,2026,9,21,0,0,Monday,Automne,Jour_de_semaine,10726.0,25.3
France,Données temps réel,2026-09-21,22,2026-09-21 22:15:00,42634.0,43700,42500,36.0,0.0,3861.0,37045.0,4243.0,3992.0,251.0,0.0,6226.0,0.0,957.0,-9392.0,41.0,-2539,-2090,-2147,-299,-1874,1.0,35.0,0.0,61.0,184.0,3617.0,0.0,2183.0,1927.0,2116.0,386.0,270.0,301.0,-355.0,14.0,2026,9,21,15,0,Monday,Automne,Jour_de_semaine,10469.0,24.6
France,Données temps réel,2026-09-21,22,2026-09-21 22:30:00,42552.0,43200,42000,36.0,0.0,3799.0,37094.0,4180.0,3914.0,266.0,0.0,5572.0,0.0,959.0,-8751.0,41.0,-2539,-1808,-2106,-251,-833,1.0,35.0,0.0,0.0,183.0,3617.0,0.0,2159.0,1939.0,1474.0,387.0,270.0,301.0,-355.0,20.0,2026,9,21,30,0,Monday,Automne,Jour_de_semaine,9752.0,22.9
France,Données temps réel,2026-09-21,22,2026-09-21 22:45:00,43441.0,44100,42850,36.0,0.0,3795.0,37196.0,4179.0,3886.0,294.0,0.0,5451.0,-1.0,958.0,-8171.0,41.0,-2539,-1528,-2104,-389,-923,1.0,35.0,0.0,0.0,183.0,3614.0,0.0,2133.0,1910.0,1408.0,386.0,270.0,301.0,-13.0,11.0,2026,9,21,45,0,Monday,Automne,Jour_de_semaine,9630.0,22.2
France,Données temps réel,2026-09-21,23,2026-09-21 23:00:00,42963.0,45000,43700,35.0,0.0,3799.0,37261.0,4157.0,3871.0,285.0,0.0,5183.0,-1.0,961.0,-8131.0,41.0,-1233,-1702,-1920,-1294,-871,0.0,35.0,0.0,0.0,183.0,3617.0,0.0,2091.0,1848.0,1244.0,389.0,270.0,301.0,-299.0,0.0,2026,9,21,0,0,Monday,Automne,Jour_de_semaine,9340.0,21.7
France,Données temps réel,2026-09-21,23,2026-09-21 23:15:00,42720.0,44300,43100,36.0,0.0,3399.0,37294.0,4253.0,3939.0,315.0,0.0,5078.0,-1.0,962.0,-7994.0,38.0,-1233,-1996,-1920,-1436,-688,1.0,35.0,0.0,0.0,183.0,3219.0,0.0,2052.0,1817.0,1209.0,390.0,270.0,301.0,-306.0,0.0,2026,9,21,15,0,Monday,Automne,Jour_de_semaine,9331.0,21.8
France,Données temps réel,2026-09-21,23,2026-09-21 23:30:00,42116.0,43600,42500,36.0,0.0,3198.0,37298.0,4328.0,3958.0,370.0,0.0,4125.0,0.0,960.0,-7573.0,37.0,-1233,-1910,-1887,-1422,156,1.0,35.0,0.0,0.0,183.0,3017.0,0.0,2057.0,1662.0,407.0,388.0,270.0,301.0,-255.0,0.0,2026,9,21,30,0,Monday,Automne,Jour_de_semaine,8453.0,20.1
France,Données temps réel,2026-09-21,23,2026-09-21 23:45:00,41864.0,42550,42000,36.0,0.0,2861.0,37296.0,4355.0,3922.0,433.0,0.0,3767.0,-12.0,962.0,-7280.0,35.0,-1233,-2450,-1920,-1337,-105,1.0,35.0,0.0,0.0,183.0,2680.0,0.0,2045.0,1452.0,270.0,391.0,270.0,301.0,-124.0,3.0,2026,9,21,45,0,Monday,Automne,Jour_de_semaine,8122.0,19.4
France,Données temps réel,2026-09-22,0,2026-09-22 00:00:00,41485.0,41500,41500,36.0,0.0,2940.0,37281.0,4419.0,3952.0,466.0,0.0,3553.0,-6.0,958.0,-7540.0,36.0,-512,-2400,-2246,-1857,-418,1.0,35.0,0.0,0.0,183.0,2759.0,0.0,1976.0,1347.0,230.0,387.0,270.0,301.0,-155.0,0.0,2026,9,22,0,1,Tuesday,Automne,Jour_de_semaine,7972.0,19.2
France,Données temps réel,2026-09-22,0,2026-09-22 00:15:00,41130.0,40650,40650,36.0,0.0,3276.0,37303.0,4485.0,4005.0,481.0,0.0,3751.0,-6.0,960.0,-8652.0,38.0,-512,-2400,-2246,-1857,-1440,1.0,35.0,0.0,0.0,183.0,3094.0,0.0,1924.0,1376.0,451.0,388.0,270.0,301.0,-23.0,2.0,2026,9,22,15,1,Tuesday,Automne,Jour_de_semaine,8236.0,20.0
France,Données temps réel,2026-09-22,0,2026-09-22 00:30:00,39835.0,39800,39800,37.0,0.0,3252.0,37320.0,4438.0,3983.0,455.0,0.0,3725.0,-5.0,963.0,-9722.0,38.0,-512,-2400,-2246,-1857,-2547,2.0,35.0,0.0,0.0,185.0,3069.0,0.0,1884.0,1393.0,448.0,392.0,269.0,301.0,-190.0,19.0,2026,9,22,30,1,Tuesday,Automne,Jour_de_semaine,8163.0,20.5
France,Données temps réel,2026-09-22,0,2026-09-22 00:45:00,38810.0,38900,38900,35.0,0.0,3006.0,37315.0,4384.0,3918.0,466.0,0.0,3451.0,-5.0,958.0,-10386.0,36.0,-512,-2400,-2246,-1856,-3422,0.0,35.0,0.0,0.0,184.0,2823.0,0.0,1879.0,1304.0,268.0,389.0,267.0,301.0,-13.0,68.0,2026,9,22,45,1,Tuesday,Automne,Jour_de_semaine,7835.0,20.2
France,Données temps réel,2026-09-22,1,2026-09-22 01:00:00,38428.0,38000,38000,37.0,0.0,3001.0,37329.0,4376.0,3892.0,485.0,0.0,3219.0,-4.0,957.0,-10555.0,36.0,-641,-2400,-2246,-1857,-2666,2.0,35.0,0.0,0.0,183.0,2819.0,0.0,1842.0,1291.0,85.0,385.0,270.0,301.0,-6.0,76.0,2026,9,22,0,1,Tuesday,Automne,Jour_de_semaine,7595.0,19.8
France,Données temps réel,2026-09-22,1,2026-09-22 01:15:00,38480.0,38300,38300,36.0,0.0,2731.0,37348.0,4232.0,3790.0,442.0,0.0,3437.0,-13.0,963.0,-10378.0,34.0,-641,-2400,-2246,-1857,-2507,1.0,35.0,0.0,0.0,183.0,2549.0,0.0,1873.0,1477.0,87.0,391.0,270.0,301.0,-2.0,128.0,2026,9,22,15,1,Tuesday,Automne,Jour_de_semaine,7669.0,19.9
France,Données temps réel,2026-09-22,1,2026-09-22 01:30:00,38122.0,38600,38600,37.0,0.0,2426.0,37340.0,4173.0,3758.0,416.0,0.0,3348.0,-178.0,961.0,-10049.0,32.0,-641,-2400,-2246,-1857,-2447,2.0,35.0,0.0,0.0,183.0,2244.0,0.0,1792.0,1469.0,87.0,389.0,270.0,301.0,0.0,64.0,2026,9,22,30,1,Tuesday,Automne,Jour_de_semaine,7521.0,19.7
France,Données temps réel,2026-09-22,1,2026-09-22 01:45:00,37667.0,37850,37850,37.0,0.0,2029.0,37369.0,4136.0,3726.0,410.0,0.0,3211.0,-177.0,964.0,-9903.0,29.0,-641,-2400,-2246,-1857,-2958,2.0,35.0,0.0,0.0,183.0,1847.0,0.0,1807.0,1315.0,89.0,392.0,270.0,301.0,-19.0,21.0,2026,9,22,45,1,Tuesday,Automne,Jour_de_semaine,7347.0,19.5
France,Données temps réel,2026-09-22,2,2026-09-22 02:00:00,36957.0,37100,37100,37.0,0.0,1955.0,37385.0,4187.0,3763.0,424.0,0.0,3048.0,-186.0,962.0,-10445.0,28.0,-821,-2400,-2246,-1857,-2939,2.0,35.0,0.0,0.0,183.0,1773.0,0.0,1788.0,1174.0,86.0,390.0,270.0,301.0,-29.0,47.0,2026,9,22,0,1,Tuesday,Automne,Jour_de_semaine,7235.0,19.6
France,Données temps réel,2026-09-22,2,2026-09-22 02:15:00,36904.0,36450,36450,37.0,0.0,1986.0,37408.0,4174.0,3759.0,415.0,0.0,3143.0,-185.0,959.0,-10751.0,28.0,-821,-2400,-2246,-1857,-3432,2.0,35.0,0.0,0.0,183.0,1804.0,0.0,1787.0,1268.0,88.0,387.0,270.0,301.0,-32.0,167.0,2026,9,22,15,1,Tuesday,Automne,Jour_de_semaine,7317.0,19.8
France,Données temps réel,2026-09-22,2,2026-09-22 02:30:00,36019.0,35800,35800,37.0,0.0,1920.0,37354.0,4165.0,3752.0,413.0,0.0,3040.0,-200.0,959.0,-11169.0,28.0,-821,-2400,-2246,-1857,-4092,2.0,35.0,0.0,0.0,183.0,1739.0,0.0,1792.0,1161.0,87.0,387.0,271.0,301.0,-92.0,5.0,2026,9,22,30,1,Tuesday,Automne,Jour_de_semaine,7205.0,20.0
France,Données temps réel,2026-09-22,2,2026-09-22 02:45:00,35453.0,35300,35300,36.0,0.0,1854.0,37416.0,4095.0,3694.0,401.0,0.0,2846.0,-198.0,959.0,-11669.0,27.0,-821,-2400,-2246,-1857,-4535,1.0,35.0,0.0,0.0,183.0,1672.0,0.0,1792.0,967.0,87.0,386.0,271.0,301.0,-23.0,139.0,2026,9,22,45,1,Tuesday,Automne,Jour_de_semaine,6941.0,19.6
France,Données temps réel,2026-09-22,3,2026-09-22 03:00:00,34882.0,34800,34800,36.0,0.0,1752.0,37367.0,4050.0,3651.0,399.0,0.0,2849.0,-199.0,956.0,-11938.0,27.0,-1300,-2400,-2191,-1857,-4270,1.0,35.0,0.0,0.0,183.0,1570.0,0.0,1784.0,978.0,87.0,384.0,271.0,301.0,-54.0,64.0,2026,9,22,0,1,Tuesday,Automne,Jour_de_semaine,6899.0,19.8
France,Données temps réel,2026-09-22,3,2026-09-22 03:15:00,34447.0,34500,34500,37.0,0.0,1822.0,37319.0,3993.0,3598.0,395.0,0.0,2857.0,-196.0,956.0,-12319.0,27.0,-1300,-2400,-2191,-1857,-4646,2.0,35.0,0.0,0.0,183.0,1640.0,0.0,1773.0,996.0,88.0,384.0,271.0,301.0,-58.0,38.0,2026,9,22,15,1,Tuesday,Automne,Jour_de_semaine,6850.0,19.9
France,Données temps réel,2026-09-22,3,2026-09-22 03:30:00,33988.0,34200,34200,37.0,0.0,1900.0,37328.0,4033.0,3660.0,372.0,0.0,2961.0,-198.0,947.0,-12923.0,28.0,-1300,-2400,-2191,-1857,-4901,2.0,35.0,0.0,0.0,183.0,1718.0,0.0,1794.0,1080.0,87.0,391.0,255.0,301.0,-100.0,6.0,2026,9,22,30,1,Tuesday,Automne,Jour_de_semaine,6994.0,20.6
France,Données temps réel,2026-09-22,3,2026-09-22 03:45:00,33906.0,34000,34000,37.0,0.0,1920.0,37353.0,3980.0,3639.0,341.0,0.0,2924.0,-199.0,942.0,-12962.0,28.0,-1300,-2400,-2191,-1857,-5080,2.0,35.0,0.0,0.0,182.0,1739.0,0.0,1801.0,1036.0,87.0,386.0,255.0,301.0,-126.0,36.0,2026,9,22,45,1,Tuesday,Automne,Jour_de_semaine,6904.0,20.4
France,Données temps réel,2026-09-22,4,2026-09-22 04:00:00,33592.0,33800,33800,36.0,0.0,1882.0,37391.0,3943.0,3631.0,312.0,0.0,2929.0,-207.0,944.0,-13279.0,28.0,-606,-2400,-2191,-1857,-6104,1.0,35.0,0.0,0.0,183.0,1700.0,0.0,1798.0,1044.0,87.0,387.0,256.0,301.0,-83.0,36.0,2026,9,22,0,1,Tuesday,Automne,Jour_de_semaine,6872.0,20.5
France,Données temps réel,2026-09-22,4,2026-09-22 04:15:00,33785.0,33900,33900,37.0,0.0,1917.0,37423.0,3941.0,3632.0,309.0,0.0,3021.0,-213.0,942.0,-13289.0,28.0,-606,-2400,-2191,-1857,-6181,2.0,35.0,0.0,0.0,183.0,1736.0,0.0,1797.0,1138.0,86.0,385.0,255.0,301.0,-23.0,30.0,2026,9,22,15,1,Tuesday,Automne,Jour_de_semaine,6962.0,20.6
France,Données temps réel,2026-09-22,4,2026-09-22 04:30:00,33609.0,34000,34000,37.0,0.0,1929.0,37495.0,3911.0,3593.0,319.0,0.0,3016.0,-41.0,939.0,-13653.0,28.0,-606,-2400,-2191,-1857,-6099,2.0,35.0,0.0,0.0,183.0,1747.0,0.0,1783.0,1144.0,89.0,383.0,255.0,301.0,-56.0,34.0,2026,9,22,30,1,Tuesday,Automne,Jour_de_semaine,6927.0,20.6
France,Données temps réel,2026-09-22,4,2026-09-22 04:45:00,33816.0,34200,34200,37.0,0.0,1882.0,37515.0,3831.0,3540.0,291.0,0.0,3044.0,-40.0,945.0,-13386.0,27.0,-606,-2400,-2191,-1857,-6208,2.0,35.0,0.0,0.0,182.0,1701.0,0.0,1796.0,1162.0,86.0,389.0,255.0,301.0,-12.0,1.0,2026,9,22,45,1,Tuesday,Automne,Jour_de_semaine,6875.0,20.3
France,Données temps réel,2026-09-22,5,2026-09-22 05:00:00,33901.0,34400,34400,37.0,0.0,1877.0,37541.0,3842.0,3565.0,276.0,0.0,3052.0,-47.0,942.0,-13339.0,27.0,-503,-2400,-2183,-1853,-5481,2.0,35.0,0.0,0.0,182.0,1696.0,0.0,1810.0,1154.0,87.0,386.0,255.0,301.0,-3.0,2.0,2026,9,22,0,1,Tuesday,Automne,Jour_de_semaine,6894.0,20.3
France,Données temps réel,2026-09-22,5,2026-09-22 05:15:00,34939.0,34900,34900,37.0,0.0,1990.0,37531.0,3898.0,3635.0,263.0,0.0,3205.0,-49.0,940.0,-12527.0,28.0,-503,-2400,-2149,-1857,-5203,2.0,35.0,0.0,0.0,182.0,1809.0,0.0,1830.0,1287.0,88.0,384.0,255.0,301.0,-90.0,3.0,2026,9,22,15,1,Tuesday,Automne,Jour_de_semaine,7103.0,20.3
France,Données temps réel,2026-09-22,5,2026-09-22 05:30:00,35279.0,35400,35400,37.0,0.0,2089.0,37554.0,3883.0,3593.0,290.0,0.0,3233.0,-50.0,943.0,-12232.0,29.0,-503,-2400,-1835,-1857,-5751,2.0,35.0,0.0,0.0,183.0,1908.0,0.0,1839.0,1288.0,106.0,384.0,258.0,301.0,-179.0,2.0,2026,9,22,30,1,Tuesday,Automne,Jour_de_semaine,7116.0,20.2
France,Données temps réel,2026-09-22,5,2026-09-22 05:45:00,35811.0,36200,36200,37.0,0.0,2235.0,37554.0,3913.0,3615.0,297.0,0.0,3647.0,-51.0,947.0,-12473.0,30.0,-503,-2400,-1730,-1857,-5705,2.0,35.0,0.0,0.0,183.0,2054.0,0.0,1892.0,1474.0,282.0,386.0,260.0,301.0,-11.0,14.0,2026,9,22,45,1,Tuesday,Automne,Jour_de_semaine,7560.0,21.1
France,Données temps réel,2026-09-22,6,2026-09-22 06:00:00,36765.0,37000,37000,37.0,0.0,2646.0,37554.0,3918.0,3643.0,275.0,0.0,3682.0,-51.0,940.0,-11941.0,33.0,867,-1633,-2191,-1857,-6256,2.0,35.0,0.0,0.0,183.0,2464.0,0.0,1871.0,1548.0,263.0,377.0,262.0,301.0,-21.0,4.0,2026,9,22,0,1,Tuesday,Automne,Jour_de_semaine,7600.0,20.7
France,Données temps réel,2026-09-22,6,2026-09-22 06:15:00,38401.0,38200,38200,37.0,0.0,2985.0,37539.0,3928.0,3696.0,232.0,0.0,3833.0,-49.0,942.0,-10803.0,36.0,867,-578,-2191,-1857,-6722,2.0,35.0,0.0,0.0,183.0,2804.0,0.0,1914.0,1636.0,283.0,386.0,255.0,301.0,-14.0,4.0,2026,9,22,15,1,Tuesday,Automne,Jour_de_semaine,7761.0,20.2
France,Données temps réel,2026-09-22,6,2026-09-22 06:30:00,39427.0,39400,39400,37.0,0.0,3069.0,37534.0,3893.0,3671.0,221.0,0.0,4794.0,0.0,946.0,-10830.0,36.0,867,-622,-2191,-1857,-6564,2.0,35.0,0.0,0.0,182.0,2887.0,0.0,1947.0,1793.0,1055.0,387.0,258.0,301.0,-17.0,2.0,2026,9,22,30,1,Tuesday,Automne,Jour_de_semaine,8687.0,22.0
France,Données temps réel,2026-09-22,6,2026-09-22 06:45:00,40670.0,40500,40500,37.0,0.0,3140.0,37556.0,3892.0,3680.0,211.0,0.0,5623.0,-2.0,942.0,-10525.0,36.0,867,-439,-2191,-1857,-6608,2.0,35.0,0.0,0.0,182.0,2960.0,0.0,1969.0,2113.0,1542.0,386.0,255.0,301.0,-1.0,8.0,2026,9,22,45,1,Tuesday,Automne,Jour_de_semaine,9515.0,23.4
France,Données temps réel,2026-09-22,7,2026-09-22 07:00:00,41982.0,41600,41600,37.0,0.0,3389.0,37559.0,3837.0,3640.0,197.0,180.0,6111.0,-1.0,946.0,-10071.0,37.0,-399,-651,-1976,-1857,-5990,2.0,35.0,0.0,0.0,182.0,3208.0,0.0,2084.0,2263.0,1763.0,384.0,260.0,301.0,-14.0,13.0,2026,9,22,0,1,Tuesday,Automne,Jour_de_semaine,10128.0,24.1
France,Données temps réel,2026-09-22,7,2026-09-22 07:15:00,43101.0,42500,42500,37.0,0.0,3492.0,37573.0,3864.0,3672.0,191.0,186.0,7396.0,0.0,941.0,-10455.0,37.0,-399,-796,-1976,-1857,-5851,2.0,35.0,0.0,0.0,183.0,3311.0,0.0,2226.0,2367.0,2804.0,385.0,255.0,301.0,-6.0,74.0,2026,9,22,15,1,Tuesday,Automne,Jour_de_semaine,11446.0,26.6
France,Données temps réel,2026-09-22,7,2026-09-22 07:30:00,43567.0,43400,43400,37.0,0.0,3790.0,37603.0,3842.0,3650.0,192.0,186.0,7631.0,-1.0,941.0,-10533.0,39.0,-399,-911,-1976,-1857,-5765,2.0,35.0,0.0,0.0,182.0,3609.0,0.0,2225.0,2436.0,2969.0,384.0,256.0,301.0,-11.0,82.0,2026,9,22,30,1,Tuesday,Automne,Jour_de_semaine,11659.0,26.8
France,Données temps réel,2026-09-22,7,2026-09-22 07:45:00,43892.0,43750,43750,37.0,0.0,3819.0,37581.0,3777.0,3577.0,200.0,277.0,7845.0,0.0,940.0,-10696.0,39.0,-399,-802,-1960,-1857,-5895,2.0,35.0,0.0,0.0,183.0,3637.0,0.0,2289.0,2616.0,2940.0,385.0,253.0,301.0,-14.0,328.0,2026,9,22,45,1,Tuesday,Automne,Jour_de_semaine,11899.0,27.1
France,Données temps réel,2026-09-22,8,2026-09-22 08:00:00,44568.0,44100,44100,37.0,0.0,3818.0,37589.0,3791.0,3599.0,192.0,533.0,7750.0,-1.0,945.0,-10278.0,39.0,-1839,-449,-1318,-959,-5382,2.0,35.0,0.0,0.0,182.0,3637.0,0.0,2346.0,2490.0,2914.0,387.0,257.0,301.0,-20.0,404.0,2026,9,22,0,1,Tuesday,Automne,Jour_de_semaine,12074.0,27.1
France,Données temps réel,2026-09-22,8,2026-09-22 08:15:00,44783.0,44400,44400,37.0,0.0,3813.0,37597.0,3767.0,3576.0,191.0,1088.0,7593.0,-1.0,950.0,-10493.0,39.0,-1839,-367,-1918,-1235,-4919,2.0,35.0,0.0,0.0,182.0,3632.0,0.0,2367.0,2681.0,2546.0,388.0,261.0,301.0,-2.0,434.0,2026,9,22,15,1,Tuesday,Automne,Jour_de_semaine,12448.0,27.8
France,Données temps réel,2026-09-22,8,2026-09-22 08:30:00,44851.0,44700,44700,37.0,0.0,3832.0,37599.0,3637.0,3451.0,185.0,1847.0,7306.0,0.0,959.0,-10803.0,39.0,-1839,223,-1976,-1521,-5263,2.0,35.0,0.0,0.0,183.0,3650.0,0.0,2352.0,2569.0,2385.0,390.0,268.0,301.0,-2.0,439.0,2026,9,22,30,1,Tuesday,Automne,Jour_de_semaine,12790.0,28.5
France,Données temps réel,2026-09-22,8,2026-09-22 08:45:00,45214.0,44950,44950,36.0,0.0,3835.0,37549.0,3449.0,3269.0,180.0,3026.0,6808.0,0.0,964.0,-10803.0,39.0,-1839,489,-1976,-1571,-5284,1.0,35.0,0.0,0.0,183.0,3653.0,0.0,2299.0,2222.0,2287.0,394.0,269.0,301.0,-3.0,354.0,2026,9,22,45,1,Tuesday,Automne,Jour_de_semaine,13283.0,29.4
France,Données temps réel,2026-09-22,9,2026-09-22 09:00:00,45307.0,45200,45200,37.0,0.0,3599.0,37485.0,3298.0,3110.0,188.0,4104.0,6440.0,0.0,965.0,-10743.0,37.0,-2798,1459,-2158,-1857,-4359,2.0,35.0,0.0,0.0,183.0,3417.0,0.0,2239.0,2122.0,2080.0,393.0,271.0,301.0,-3.0,126.0,2026,9,22,0,1,Tuesday,Automne,Jour_de_semaine,13842.0,30.6
France,Données temps réel,2026-09-22,9,2026-09-22 09:15:00,45839.0,45500,45500,37.0,0.0,3566.0,37376.0,3028.0,2845.0,183.0,5635.0,5325.0,-1.0,980.0,-10166.0,37.0,-2798,978,-2158,-1857,-4695,2.0,35.0,0.0,0.0,183.0,3384.0,0.0,2045.0,1705.0,1574.0,408.0,271.0,301.0,-9.0,70.0,2026,9,22,15,1,Tuesday,Automne,Jour_de_semaine,13988.0,30.5
France,Données temps réel,2026-09-22,9,2026-09-22 09:30:00,45820.0,45800,45800,37.0,0.0,3131.0,37373.0,2638.0,2461.0,177.0,7106.0,4335.0,-1.0,967.0,-9736.0,33.0,-2798,2000,-2158,-1857,-4690,2.0,35.0,0.0,0.0,183.0,2949.0,0.0,2059.0,1481.0,795.0,395.0,271.0,301.0,-32.0,4.0,2026,9,22,30,1,Tuesday,Automne,Jour_de_semaine,14079.0,30.7
France,Données temps réel,2026-09-22,9,2026-09-22 09:45:00,45921.0,45950,45918,37.0,0.0,1798.0,37335.0,2342.0,2167.0,175.0,8634.0,3517.0,0.0,948.0,-8654.0,23.0,-2798,2400,-2158,-1847,-4450,2.0,35.0,0.0,0.0,182.0,1617.0,0.0,1974.0,1342.0,201.0,376.0,270.0,301.0,-37.0,3.0,2026,9,22,45,1,Tuesday,Automne,Jour_de_semaine,14493.0,31.6
France,Données temps réel,2026-09-22,10,2026-09-22 10:00:00,45855.0,46100,46036,37.0,0.0,1080.0,37362.0,2186.0,2011.0,175.0,10107.0,3340.0,0.0,949.0,-9197.0,17.0,-3028,2400,-2158,-1857,-4234,2.0,35.0,0.0,0.0,184.0,898.0,0.0,1879.0,1252.0,209.0,377.0,270.0,301.0,-12.0,2.0,2026,9,22,0,1,Tuesday,Automne,Jour_de_semaine,15633.0,34.1
France,Données temps réel,2026-09-22,10,2026-09-22 10:15:00,46481.0,46350,46378,37.0,0.0,624.0,37464.0,2118.0,1942.0,176.0,11713.0,3051.0,-325.0,960.0,-9143.0,14.0,-3028,2400,-2158,-1857,-4323,2.0,35.0,0.0,0.0,183.0,443.0,0.0,1857.0,982.0,213.0,389.0,269.0,301.0,-19.0,1.0,2026,9,22,15,1,Tuesday,Automne,Jour_de_semaine,16882.0,36.3
France,Données temps réel,2026-09-22,10,2026-09-22 10:30:00,46525.0,46600,46720,37.0,0.0,500.0,37324.0,2102.0,1938.0,165.0,13038.0,2868.0,-751.0,965.0,-9528.0,13.0,-3028,2400,-2158,-1857,-4317,2.0,35.0,0.0,0.0,182.0,319.0,0.0,1833.0,1027.0,9.0,393.0,270.0,301.0,-32.0,3.0,2026,9,22,30,1,Tuesday,Automne,Jour_de_semaine,18008.0,38.7
France,Données temps réel,2026-09-22,10,2026-09-22 10:45:00,46856.0,46750,46718,36.0,0.0,506.0,37322.0,2145.0,2001.0,144.0,14396.0,2786.0,-1417.0,969.0,-9837.0,12.0,-3028,1700,-2158,-1857,-4308,1.0,35.0,0.0,0.0,183.0,325.0,0.0,1783.0,994.0,10.0,397.0,270.0,301.0,-48.0,0.0,2026,9,22,45,1,Tuesday,Automne,Jour_de_semaine,19327.0,41.2
France,Données temps réel,2026-09-22,11,2026-09-22 11:00:00,46603.0,46900,46715,37.0,0.0,503.0,37255.0,2201.0,2084.0,117.0,15418.0,2638.0,-1585.0,964.0,-10804.0,12.0,-3028,720,-2158,-1857,-4257,2.0,35.0,0.0,0.0,182.0,322.0,0.0,1762.0,868.0,9.0,392.0,270.0,301.0,-57.0,34.0,2026,9,22,0,1,Tuesday,Automne,Jour_de_semaine,20257.0,43.5
France,Données temps réel,2026-09-22,11,2026-09-22 11:15:00,46590.0,47100,46930,37.0,0.0,283.0,36885.0,2397.0,2324.0,73.0,16489.0,2531.0,-1589.0,967.0,-11287.0,11.0,-3028,963,-2158,-1857,-4253,2.0,35.0,0.0,0.0,183.0,101.0,0.0,1750.0,773.0,9.0,396.0,270.0,301.0,-139.0,16.0,2026,9,22,15,1,Tuesday,Automne,Jour_de_semaine,21417.0,46.0
France,Données temps réel,2026-09-22,11,2026-09-22 11:30:00,46846.0,47300,47144,37.0,0.0,284.0,36317.0,2564.0,2505.0,59.0,17285.0,2518.0,-1820.0,976.0,-11177.0,11.0,-3028,990,-2158,-1857,-4236,2.0,35.0,0.0,0.0,184.0,102.0,0.0,1770.0,739.0,9.0,403.0,271.0,301.0,-152.0,15.0,2026,9,22,30,1,Tuesday,Automne,Jour_de_semaine,22367.0,47.7
France,Données temps réel,2026-09-22,11,2026-09-22 11:45:00,47886.0,47700,47722,37.0,0.0,285.0,36314.0,2673.0,2592.0,81.0,18090.0,2517.0,-1818.0,967.0,-10964.0,10.0,-3028,876,-2158,-1857,-4247,2.0,35.0,0.0,0.0,183.0,103.0,0.0,1775.0,733.0,10.0,395.0,270.0,301.0,-230.0,16.0,2026,9,22,45,1,Tuesday,Automne,Jour_de_semaine,23280.0,48.6
France,Données temps réel,2026-09-22,12,2026-09-22 12:00:00,47592.0,48100,48300,36.0,0.0,281.0,35273.0,2742.0,2659.0,83.0,18687.0,2451.0,-1829.0,966.0,-10794.0,10.0,-3028,1102,-2273,-1857,-4274,1.0,35.0,0.0,0.0,182.0,99.0,0.0,1773.0,669.0,9.0,394.0,270.0,301.0,-227.0,8.0,2026,9,22,0,1,Tuesday,Automne,Jour_de_semaine,23880.0,50.2
France,Données temps réel,2026-09-22,12,2026-09-22 12:15:00,47560.0,47750,48050,37.0,0.0,284.0,35027.0,2822.0,2735.0,87.0,19246.0,2432.0,-1822.0,973.0,-11109.0,10.0,-3028,1052,-2273,-1857,-4230,2.0,35.0,0.0,0.0,182.0,103.0,0.0,1728.0,695.0,9.0,400.0,271.0,301.0,-327.0,0.0,2026,9,22,15,1,Tuesday,Automne,Jour_de_semaine,24500.0,51.5
France,Données temps réel,2026-09-22,12,2026-09-22 12:30:00,47804.0,47400,47800,37.0,0.0,282.0,34847.0,2779.0,2676.0,103.0,19650.0,2441.0,-1820.0,966.0,-10952.0,10.0,-3028,1642,-2273,-1857,-4238,2.0,35.0,0.0,0.0,181.0,102.0,0.0,1743.0,689.0,9.0,396.0,268.0,301.0,-424.0,0.0,2026,9,22,30,1,Tuesday,Automne,Jour_de_semaine,24870.0,52.0
France,Données temps réel,2026-09-22,12,2026-09-22 12:45:00,48257.0,47750,48050,37.0,0.0,284.0,34436.0,2694.0,2594.0,101.0,19975.0,2460.0,-1820.0,966.0,-10497.0,10.0,-3028,984,-2273,-1857,-4230,2.0,35.0,0.0,0.0,182.0,103.0,0.0,1763.0,688.0,9.0,396.0,269.0,301.0,-279.0,1.0,2026,9,22,45,1,Tuesday,Automne,Jour_de_semaine,25129.0,52.1
France,Données temps réel,2026-09-22,13,2026-09-22 13:00:00,47338.0,48100,48300,37.0,0.0,283.0,33907.0,2668.0,2554.0,114.0,20144.0,2456.0,-1819.0,970.0,-11066.0,10.0,-3028,610,-2273,-1857,-4193,2.0,35.0,0.0,0.0,183.0,101.0,0.0,1758.0,689.0,9.0,400.0,269.0,301.0,-243.0,2.0,2026,9,22,0,1,Tuesday,Automne,Jour_de_semaine,25268.0,53.4
France,Données temps réel,2026-09-22,13,2026-09-22 13:15:00,46943.0,47550,47350,37.0,0.0,282.0,33657.0,2631.0,2498.0,134.0,20323.0,2406.0,-1816.0,964.0,-11404.0,10.0,-3028,251,-2273,-1857,-4193,2.0,35.0,0.0,0.0,182.0,101.0,0.0,1694.0,703.0,10.0,394.0,269.0,301.0,-140.0,3.0,2026,9,22,15,1,Tuesday,Automne,Jour_de_semaine,25360.0,54.0
France,Données temps réel,2026-09-22,13,2026-09-22 13:30:00,46567.0,47000,46400,36.0,0.0,283.0,33492.0,2654.0,2494.0,159.0,20334.0,2374.0,-1813.0,967.0,-11587.0,10.0,-3028,-41,-2273,-1857,-4196,1.0,35.0,0.0,0.0,183.0,101.0,0.0,1659.0,705.0,10.0,396.0,270.0,301.0,-180.0,8.0,2026,9,22,30,1,Tuesday,Automne,Jour_de_semaine,25362.0,54.5
France,Données temps réel,2026-09-22,13,2026-09-22 13:45:00,46257.0,46800,46450,36.0,0.0,282.0,33481.0,2665.0,2515.0,150.0,20335.0,2359.0,-1815.0,973.0,-11828.0,10.0,-3028,-92,-2273,-1857,-4194,1.0,35.0,0.0,0.0,183.0,100.0,0.0,1663.0,688.0,9.0,402.0,269.0,301.0,-233.0,3.0,2026,9,22,45,1,Tuesday,Automne,Jour_de_semaine,25359.0,54.8
France,Données temps réel,2026-09-22,14,2026-09-22 14:00:00,46362.0,46600,46500,36.0,0.0,285.0,33789.0,2556.0,2394.0,162.0,20053.0,2354.0,-1806.0,965.0,-11739.0,10.0,-3028,694,-2273,-1857,-4159,1.0,35.0,0.0,0.0,183.0,103.0,0.0,1657.0,685.0,12.0,395.0,269.0,301.0,-152.0,24.0,2026,9,22,0,1,Tuesday,Automne,Jour_de_semaine,24963.0,53.8
France,Données temps réel,2026-09-22,14,2026-09-22 14:15:00,47103.0,47150,47150,36.0,0.0,283.0,33718.0,2584.0,2415.0,169.0,20081.0,2401.0,-1813.0,958.0,-11068.0,10.0,-3028,795,-2273,-1857,-4156,1.0,35.0,0.0,0.0,182.0,102.0,0.0,1667.0,723.0,12.0,387.0,270.0,301.0,-99.0,23.0,2026,9,22,15,1,Tuesday,Automne,Jour_de_semaine,25066.0,53.2
France,Données temps réel,2026-09-22,14,2026-09-22 14:30:00,46841.0,47700,47800,36.0,0.0,281.0,33572.0,2527.0,2364.0,163.0,16506.0,2386.0,-1810.0,970.0,-10764.0,11.0,-3028,1446,-2273,-1857,-4162,1.0,35.0,0.0,0.0,182.0,100.0,0.0,1641.0,733.0,12.0,399.0,270.0,301.0,-105.0,14.0,2026,9,22,30,1,Tuesday,Automne,Jour_de_semaine,21419.0,45.7
France,Données temps réel,2026-09-22,14,2026-09-22 14:45:00,46727.0,47550,47600,36.0,0.0,287.0,33673.0,2674.0,2515.0,159.0,19372.0,2409.0,-1802.0,963.0,-10649.0,11.0,-3028,1488,-2273,-1857,-4168,1.0,35.0,0.0,0.0,183.0,106.0,0.0,1666.0,730.0,13.0,392.0,270.0,301.0,-250.0,16.0,2026,9,22,45,1,Tuesday,Automne,Jour_de_semaine,24455.0,52.3
France,Données temps réel,2026-09-22,15,2026-09-22 15:00:00,47144.0,47400,47400,35.0,0.0,283.0,33577.0,2739.0,2570.0,169.0,19491.0,2407.0,-1806.0,968.0,-10340.0,11.0,-3028,900,-1850,-1857,-4362,0.0,35.0,0.0,0.0,182.0,102.0,0.0,1658.0,737.0,12.0,397.0,270.0,301.0,-221.0,14.0,2026,9,22,0,1,Tuesday,Automne,Jour_de_semaine,24637.0,52.3
France,Données temps réel,2026-09-22,15,2026-09-22 15:15:00,46979.0,46900,46850,36.0,0.0,282.0,33534.0,2840.0,2678.0,163.0,19111.0,2493.0,-1805.0,968.0,-10463.0,11.0,-3028,900,-1850,-1857,-4368,1.0,35.0,0.0,0.0,182.0,101.0,0.0,1656.0,826.0,12.0,397.0,270.0,301.0,-16.0,0.0,2026,9,22,15,1,Tuesday,Automne,Jour_de_semaine,24444.0,52.0
France,Données temps réel,2026-09-22,15,2026-09-22 15:30:00,46359.0,46400,46300,36.0,0.0,285.0,33929.0,2825.0,2675.0,150.0,18736.0,2446.0,-1799.0,968.0,-11008.0,11.0,-3028,600,-1850,-1857,-4290,1.0,35.0,0.0,0.0,183.0,104.0,0.0,1624.0,809.0,13.0,397.0,270.0,301.0,-58.0,1.0,2026,9,22,30,1,Tuesday,Automne,Jour_de_semaine,24007.0,51.8
France,Données temps réel,2026-09-22,15,2026-09-22 15:45:00,46218.0,46150,46000,36.0,0.0,281.0,34155.0,2890.0,2747.0,143.0,18232.0,2351.0,-1798.0,969.0,-10616.0,11.0,-3028,600,-1850,-1857,-4292,1.0,35.0,0.0,0.0,183.0,99.0,0.0,1633.0,706.0,13.0,398.0,270.0,301.0,-282.0,1.0,2026,9,22,45,1,Tuesday,Automne,Jour_de_semaine,23473.0,50.8
France,Données temps réel,2026-09-22,16,2026-09-22 16:00:00,45946.0,45900,45700,35.0,0.0,326.0,34291.0,2886.0,2747.0,139.0,17654.0,2574.0,-1796.0,971.0,-10973.0,11.0,-3028,600,-1850,-1857,-4339,0.0,35.0,0.0,0.0,183.0,144.0,0.0,1715.0,847.0,12.0,400.0,270.0,301.0,-25.0,4.0,2026,9,22,0,1,Tuesday,Automne,Jour_de_semaine,23114.0,50.3
France,Données temps réel,2026-09-22,16,2026-09-22 16:15:00,45705.0,45700,45450,35.0,0.0,324.0,34282.0,3004.0,2861.0,143.0,16959.0,2687.0,-1556.0,970.0,-10915.0,11.0,-3028,598,-1850,-1857,-4092,0.0,35.0,0.0,0.0,183.0,143.0,0.0,1807.0,807.0,74.0,399.0,270.0,301.0,-93.0,8.0,2026,9,22,15,1,Tuesday,Automne,Jour_de_semaine,22650.0,49.6
France,Données temps réel,2026-09-22,16,2026-09-22 16:30:00,45363.0,45500,45200,35.0,0.0,365.0,34525.0,3148.0,3008.0,139.0,16003.0,2733.0,-1620.0,967.0,-10758.0,11.0,-3028,298,-1850,-1857,-3927,0.0,35.0,0.0,0.0,188.0,178.0,0.0,1813.0,845.0,76.0,397.0,269.0,301.0,-38.0,2.0,2026,9,22,30,1,Tuesday,Automne,Jour_de_semaine,21884.0,48.2
France,Données temps réel,2026-09-22,16,2026-09-22 16:45:00,45165.0,45250,44900,35.0,0.0,438.0,34815.0,3271.0,3134.0,136.0,15056.0,2803.0,-1621.0,966.0,-10572.0,12.0,-3028,298,-1850,-1857,-3905,0.0,35.0,0.0,0.0,190.0,250.0,0.0,1806.0,875.0,123.0,396.0,268.0,301.0,-27.0,2.0,2026,9,22,45,1,Tuesday,Automne,Jour_de_semaine,21130.0,46.8
France,Données temps réel,2026-09-22,17,2026-09-22 17:00:00,44998.0,45000,44600,35.0,0.0,522.0,35468.0,3378.0,3251.0,126.0,13851.0,2930.0,-1633.0,973.0,-10556.0,13.0,-3028,300,-1883,-1857,-4306,0.0,35.0,0.0,0.0,183.0,340.0,0.0,1803.0,940.0,188.0,403.0,269.0,301.0,-4.0,33.0,2026,9,22,0,1,Tuesday,Automne,Jour_de_semaine,20159.0,44.8
France,Données temps réel,2026-09-22,17,2026-09-22 17:15:00,45202.0,45350,44700,35.0,0.0,713.0,36793.0,3476.0,3323.0,153.0,12593.0,3343.0,-1628.0,966.0,-11108.0,14.0,-3028,300,-1883,-1857,-4166,0.0,35.0,0.0,0.0,182.0,532.0,0.0,1764.0,1241.0,338.0,395.0,270.0,301.0,-1.0,21.0,2026,9,22,15,1,Tuesday,Automne,Jour_de_semaine,19412.0,42.9
France,Données temps réel,2026-09-22,17,2026-09-22 17:30:00,45164.0,45700,44800,35.0,0.0,990.0,36895.0,3600.0,3435.0,164.0,11172.0,3654.0,-1295.0,970.0,-10884.0,16.0,-3028,300,-1883,-1857,-4079,0.0,35.0,0.0,0.0,183.0,808.0,0.0,1809.0,1425.0,420.0,399.0,270.0,301.0,-1.0,29.0,2026,9,22,30,1,Tuesday,Automne,Jour_de_semaine,18426.0,40.8
France,Données temps réel,2026-09-22,17,2026-09-22 17:45:00,45292.0,46250,45500,35.0,0.0,1241.0,36992.0,3743.0,3560.0,183.0,9895.0,3710.0,-653.0,971.0,-11078.0,18.0,-3028,0,-1883,-1857,-3989,0.0,35.0,0.0,0.0,183.0,1059.0,0.0,1799.0,1899.0,12.0,400.0,270.0,301.0,-10.0,449.0,2026,9,22,45,1,Tuesday,Automne,Jour_de_semaine,17348.0,38.3
France,Données temps réel,2026-09-22,18,2026-09-22 18:00:00,45876.0,46800,46200,30.0,0.0,2331.0,37116.0,3803.0,3629.0,174.0,8415.0,4169.0,-91.0,971.0,-10916.0,26.0,-3028,0,-2105,-1839,-4897,0.0,35.0,0.0,0.0,183.0,2149.0,0.0,1888.0,1960.0,320.0,400.0,270.0,301.0,-7.0,58.0,2026,9,22,0,1,Tuesday,Automne,Jour_de_semaine,16387.0,35.7
France,Données temps réel,2026-09-22,18,2026-09-22 18:15:00,46162.0,47100,46650,402.0,0.0,3363.0,37433.0,3935.0,3750.0,185.0,6852.0,5322.0,-24.0,968.0,-12489.0,38.0,-3028,0,-2105,-1843,-4855,367.0,35.0,0.0,69.0,182.0,3111.0,0.0,2085.0,2087.0,1151.0,397.0,270.0,301.0,-26.0,428.0,2026,9,22,15,1,Tuesday,Automne,Jour_de_semaine,16109.0,34.9
France,Données temps réel,2026-09-22,18,2026-09-22 18:30:00,46821.0,47400,47100,899.0,0.0,3976.0,37378.0,3950.0,3744.0,206.0,5318.0,6872.0,-29.0,969.0,-12641.0,49.0,-3028,0,-2105,-1857,-4756,864.0,35.0,0.0,188.0,182.0,3605.0,0.0,2069.0,2258.0,2545.0,397.0,270.0,301.0,-13.0,143.0,2026,9,22,30,1,Tuesday,Automne,Jour_de_semaine,16140.0,34.5
France,Données temps réel,2026-09-22,18,2026-09-22 18:45:00,47766.0,48150,48000,906.0,0.0,4038.0,37417.0,3918.0,3712.0,206.0,3978.0,7994.0,-27.0,969.0,-11820.0,49.0,-3028,0,-1515,-1768,-4695,871.0,35.0,0.0,187.0,183.0,3668.0,0.0,2172.0,2779.0,3044.0,397.0,270.0,301.0,-11.0,404.0,2026,9,22,45,1,Tuesday,Automne,Jour_de_semaine,15890.0,33.3
France,Données temps réel,2026-09-22,19,2026-09-22 19:00:00,48276.0,48900,48900,900.0,0.0,4114.0,37456.0,3926.0,3700.0,226.0,2598.0,8168.0,-32.0,967.0,-10247.0,51.0,-3019,300,-778,-363,-4786,865.0,35.0,0.0,188.0,183.0,3743.0,0.0,2332.0,2814.0,3023.0,396.0,270.0,301.0,-8.0,436.0,2026,9,22,0,1,Tuesday,Automne,Jour_de_semaine,14692.0,30.4
France,Données temps réel,2026-09-22,19,2026-09-22 19:15:00,48483.0,48600,48600,907.0,0.0,4197.0,37439.0,3834.0,3574.0,260.0,1588.0,7927.0,-31.0,972.0,-8335.0,53.0,-3019,300,-608,-85,-4824,872.0,35.0,0.0,189.0,182.0,3826.0,0.0,2506.0,2723.0,2698.0,401.0,270.0,301.0,-24.0,10.0,2026,9,22,15,1,Tuesday,Automne,Jour_de_semaine,13349.0,27.5
France,Données temps réel,2026-09-22,19,2026-09-22 19:30:00,48135.0,48300,48300,912.0,0.0,4245.0,37473.0,3829.0,3537.0,291.0,872.0,8533.0,-5.0,972.0,-8772.0,53.0,-3019,300,-213,-1,-4822,877.0,35.0,0.0,189.0,183.0,3873.0,0.0,2519.0,2934.0,3079.0,401.0,270.0,301.0,-3.0,82.0,2026,9,22,30,1,Tuesday,Automne,Jour_de_semaine,13234.0,27.5
France,Données temps réel,2026-09-22,19,2026-09-22 19:45:00,48151.0,48100,48100,920.0,0.0,4280.0,37464.0,3955.0,3649.0,306.0,494.0,8527.0,-1.0,973.0,-8463.0,54.0,-3019,182,300,49,-4844,885.0,35.0,0.0,189.0,183.0,3908.0,0.0,2515.0,2994.0,3018.0,401.0,270.0,301.0,-8.0,12.0,2026,9,22,45,1,Tuesday,Automne,Jour_de_semaine,12976.0,26.9
France,Données temps réel,2026-09-22,20,2026-09-22 20:00:00,48372.0,47900,47900,925.0,0.0,4299.0,37439.0,4100.0,3805.0,295.0,283.0,8519.0,-1.0,975.0,-8163.0,54.0,-2657,-404,356,501,-5423,890.0,35.0,0.0,191.0,183.0,3925.0,0.0,2547.0,2965.0,3007.0,404.0,270.0,301.0,-13.0,10.0,2026,9,22,0,1,Tuesday,Automne,Jour_de_semaine,12902.0,26.7
France,Données temps réel,2026-09-22,20,2026-09-22 20:15:00,47991.0,47450,47450,931.0,0.0,4349.0,37493.0,4298.0,3975.0,323.0,195.0,8188.0,-2.0,974.0,-8639.0,54.0,-2657,-1488,340,495,-5115,896.0,35.0,0.0,190.0,183.0,3975.0,0.0,2555.0,2892.0,2742.0,403.0,270.0,301.0,-29.0,235.0,2026,9,22,15,1,Tuesday,Automne,Jour_de_semaine,12681.0,26.4
France,Données temps réel,2026-09-22,20,2026-09-22 20:30:00,47190.0,47000,47000,777.0,0.0,4356.0,37536.0,4707.0,4370.0,337.0,190.0,8131.0,0.0,973.0,-9438.0,52.0,-2657,-2100,356,423,-4795,742.0,35.0,0.0,192.0,184.0,3980.0,0.0,2565.0,2829.0,2738.0,402.0,270.0,301.0,-47.0,6.0,2026,9,22,30,1,Tuesday,Automne,Jour_de_semaine,13028.0,27.6
France,Données temps réel,2026-09-22,20,2026-09-22 20:45:00,46077.0,46200,46200,683.0,0.0,4397.0,37548.0,5081.0,4742.0,340.0,190.0,7143.0,0.0,974.0,-9865.0,52.0,-2657,-2100,117,307,-4970,648.0,35.0,0.0,191.0,183.0,4022.0,0.0,2539.0,2705.0,1898.0,402.0,271.0,301.0,-73.0,0.0,2026,9,22,45,1,Tuesday,Automne,Jour_de_semaine,12414.0,26.9
France,Données temps réel,2026-09-22,21,2026-09-22 21:00:00,45240.0,45400,45400,287.0,0.0,3962.0,37569.0,5477.0,5134.0,343.0,186.0,7097.0,-1.0,975.0,-10310.0,43.0,-2540,-2100,-98,-1801,-3809,252.0,35.0,0.0,193.0,184.0,3586.0,0.0,2520.0,2762.0,1814.0,403.0,271.0,301.0,-85.0,84.0,2026,9,22,0,1,Tuesday,Automne,Jour_de_semaine,12760.0,28.2
France,Données temps réel,2026-09-22,21,2026-09-22 21:15:00,44222.0,44750,44750,165.0,0.0,3970.0,37595.0,5687.0,5310.0,377.0,0.0,6851.0,0.0,976.0,-11327.0,42.0,-2540,-2100,-584,-1854,-3992,130.0,35.0,0.0,193.0,184.0,3593.0,0.0,2520.0,2595.0,1737.0,404.0,271.0,301.0,-31.0,338.0,2026,9,22,15,1,Tuesday,Automne,Jour_de_semaine,12538.0,28.4
France,Données temps réel,2026-09-22,21,2026-09-22 21:30:00,43416.0,44100,44100,164.0,0.0,3973.0,37574.0,5911.0,5481.0,430.0,0.0,6458.0,0.0,976.0,-11862.0,42.0,-2540,-2100,-1098,-1857,-3873,129.0,35.0,0.0,193.0,183.0,3597.0,0.0,2387.0,2431.0,1640.0,404.0,271.0,301.0,-48.0,272.0,2026,9,22,30,1,Tuesday,Automne,Jour_de_semaine,12369.0,28.5
France,Données temps réel,2026-09-22,21,2026-09-22 21:45:00,42530.0,43500,43500,161.0,0.0,3933.0,37606.0,6127.0,5685.0,443.0,0.0,5981.0,0.0,977.0,-12212.0,42.0,-2540,-2100,-1682,-1805,-4402,126.0,35.0,0.0,194.0,183.0,3555.0,0.0,2286.0,2317.0,1378.0,405.0,271.0,301.0,-44.0,1.0,2026,9,22,45,1,Tuesday,Automne,Jour_de_semaine,12108.0,28.5
France,Données temps réel,2026-09-22,22,2026-09-22 22:00:00,42155.0,42900,42900,161.0,0.0,3932.0,37594.0,6382.0,5873.0,509.0,0.0,6788.0,0.0,977.0,-13618.0,41.0,-2358,-2100,-846,-1852,-5107,126.0,35.0,0.0,194.0,183.0,3555.0,0.0,2273.0,2393.0,2122.0,405.0,271.0,301.0,-78.0,18.0,2026,9,22,0,1,Tuesday,Automne,Jour_de_semaine,13170.0,31.2
France,Données temps réel,2026-09-22,22,2026-09-22 22:15:00,42535.0,43450,43450,79.0,0.0,3943.0,37629.0,6453.0,5915.0,538.0,0.0,6670.0,-1.0,974.0,-13093.0,40.0,-2358,-1660,-1042,-1857,-5570,44.0,35.0,0.0,194.0,183.0,3566.0,0.0,2181.0,2274.0,2215.0,403.0,271.0,301.0,-148.0,29.0,2026,9,22,15,1,Tuesday,Automne,Jour_de_semaine,13123.0,30.9
France,Données temps réel,2026-09-22,22,2026-09-22 22:30:00,42641.0,44000,44000,33.0,0.0,3812.0,37635.0,6500.0,5934.0,566.0,0.0,6871.0,-1.0,975.0,-12990.0,38.0,-2358,-1410,-949,-1857,-5117,0.0,35.0,0.0,61.0,183.0,3568.0,0.0,2178.0,2283.0,2411.0,403.0,271.0,301.0,-205.0,12.0,2026,9,22,30,1,Tuesday,Automne,Jour_de_semaine,13371.0,31.4
France,Données temps réel,2026-09-22,22,2026-09-22 22:45:00,43536.0,44450,44450,33.0,0.0,3645.0,37643.0,6606.0,6009.0,597.0,0.0,6906.0,0.0,975.0,-12278.0,37.0,-2358,-1783,-995,-1815,-5073,0.0,35.0,0.0,0.0,183.0,3463.0,0.0,2194.0,2284.0,2428.0,403.0,271.0,301.0,-17.0,23.0,2026,9,22,45,1,Tuesday,Automne,Jour_de_semaine,13512.0,31.0
France,Données temps réel,2026-09-22,23,2026-09-22 23:00:00,42817.0,44900,44900,33.0,0.0,3567.0,37637.0,6592.0,6014.0,578.0,0.0,6965.0,-1.0,976.0,-12963.0,36.0,-1854,-1736,-1233,-1857,-5963,0.0,35.0,0.0,0.0,184.0,3384.0,0.0,2191.0,2393.0,2381.0,405.0,271.0,301.0,-3.0,14.0,2026,9,22,0,1,Tuesday,Automne,Jour_de_semaine,13557.0,31.7
France,Données temps réel,2026-09-22,23,2026-09-22 23:15:00,42131.0,43900,43900,33.0,0.0,3623.0,37997.0,6516.0,5925.0,590.0,0.0,6525.0,-2.0,977.0,-13525.0,37.0,-1854,-1103,-1742,-1857,-6271,0.0,35.0,0.0,0.0,183.0,3442.0,0.0,2046.0,2280.0,2199.0,405.0,271.0,301.0,-26.0,14.0,2026,9,22,15,1,Tuesday,Automne,Jour_de_semaine,13041.0,31.0
France,Données temps réel,2026-09-22,23,2026-09-22 23:30:00,41876.0,42900,42900,33.0,0.0,3606.0,38361.0,6437.0,5832.0,605.0,0.0,5214.0,-1.0,973.0,-12723.0,37.0,-1854,-210,-1361,-1857,-6442,0.0,35.0,0.0,0.0,184.0,3423.0,0.0,2034.0,2272.0,907.0,401.0,271.0,301.0,-30.0,10.0,2026,9,22,30,1,Tuesday,Automne,Jour_de_semaine,11651.0,27.8
France,Données temps réel,2026-09-22,23,2026-09-22 23:45:00,41579.0,42450,42450,33.0,0.0,3623.0,38369.0,6307.0,5746.0,561.0,0.0,4975.0,-2.0,979.0,-12705.0,38.0,-1854,-796,-1341,-1857,-6324,0.0,35.0,0.0,0.0,183.0,3442.0,0.0,2018.0,2067.0,889.0,407.0,271.0,301.0,-13.0,13.0,2026,9,22,45,1,Tuesday,Automne,Jour_de_semaine,11282.0,27.1
France,Données temps réel,2026-09-23,0,2026-09-23 00:00:00,40888.0,42000,42000,35.0,0.0,3325.0,38356.0,6282.0,5719.0,564.0,0.0,4766.0,0.0,983.0,-12799.0,36.0,-1444,-2502,-1175,-1857,-5182,0.0,35.0,0.0,0.0,183.0,3144.0,0.0,1959.0,2025.0,782.0,410.0,271.0,301.0,-70.0,10.0,2026,9,23,0,2,Wednesday,Automne,Jour_de_semaine,11048.0,27.0
France,Données temps réel,2026-09-23,0,2026-09-23 00:15:00,41010.0,40800,40750,34.0,0.0,3384.0,38362.0,6059.0,5526.0,533.0,0.0,4741.0,0.0,982.0,-12606.0,37.0,-1444,-2569,-1877,-1847,-5549,0.0,35.0,0.0,0.0,183.0,3202.0,0.0,1928.0,1932.0,880.0,410.0,271.0,301.0,-39.0,95.0,2026,9,23,15,2,Wednesday,Automne,Jour_de_semaine,10800.0,26.3
France,Données temps réel,2026-09-23,0,2026-09-23 00:30:00,39657.0,39600,39500,34.0,0.0,3364.0,38372.0,5879.0,5399.0,480.0,0.0,4632.0,0.0,981.0,-13642.0,37.0,-1444,-2325,-1877,-1812,-6024,0.0,35.0,0.0,0.0,184.0,3181.0,0.0,1924.0,1900.0,808.0,408.0,271.0,301.0,-3.0,44.0,2026,9,23,30,2,Wednesday,Automne,Jour_de_semaine,10511.0,26.5
France,Données temps réel,2026-09-23,0,2026-09-23 00:45:00,38570.0,38850,38650,34.0,0.0,2994.0,38378.0,5686.0,5261.0,425.0,0.0,4046.0,-26.0,979.0,-13602.0,34.0,-1444,-2442,-1877,-1857,-6026,0.0,35.0,0.0,0.0,183.0,2812.0,0.0,1930.0,1871.0,245.0,407.0,271.0,301.0,-6.0,88.0,2026,9,23,45,2,Wednesday,Automne,Jour_de_semaine,9732.0,25.2
France,Données temps réel,2026-09-23,1,2026-09-23 01:00:00,38133.0,38100,37800,36.0,0.0,2395.0,38450.0,5644.0,5227.0,418.0,0.0,4027.0,-31.0,976.0,-13475.0,30.0,-1125,-2763,-1874,-1847,-5083,1.0,35.0,0.0,0.0,183.0,2215.0,0.0,1918.0,1867.0,242.0,403.0,271.0,301.0,-3.0,116.0,2026,9,23,0,2,Wednesday,Automne,Jour_de_semaine,9671.0,25.4
France,Données temps réel,2026-09-23,1,2026-09-23 01:15:00,38565.0,38650,38400,36.0,0.0,1973.0,38402.0,5491.0,5106.0,384.0,0.0,4059.0,-27.0,981.0,-12400.0,27.0,-1125,-2821,-1852,-1857,-5083,1.0,35.0,0.0,0.0,182.0,1792.0,0.0,1905.0,1888.0,266.0,409.0,271.0,301.0,-1.0,54.0,2026,9,23,15,2,Wednesday,Automne,Jour_de_semaine,9550.0,24.8
France,Données temps réel,2026-09-23,1,2026-09-23 01:30:00,38019.0,39200,39000,36.0,0.0,1665.0,38391.0,5396.0,5068.0,328.0,0.0,4002.0,-31.0,976.0,-12471.0,24.0,-1125,-2809,-1780,-1857,-4687,1.0,35.0,0.0,0.0,183.0,1483.0,0.0,1916.0,1845.0,241.0,405.0,270.0,301.0,-4.0,61.0,2026,9,23,30,2,Wednesday,Automne,Jour_de_semaine,9398.0,24.7
France,Données temps réel,2026-09-23,1,2026-09-23 01:45:00,38069.0,38900,38250,36.0,0.0,1616.0,38407.0,5285.0,4989.0,296.0,0.0,3838.0,-30.0,974.0,-12043.0,24.0,-1125,-2809,-1874,-1857,-4514,1.0,35.0,0.0,0.0,183.0,1434.0,0.0,1889.0,1702.0,248.0,404.0,268.0,301.0,-35.0,22.0,2026,9,23,45,2,Wednesday,Automne,Jour_de_semaine,9123.0,24.0
France,Données temps réel,2026-09-23,2,2026-09-23 02:00:00,37162.0,38600,37500,34.0,0.0,1540.0,38236.0,5201.0,4942.0,258.0,0.0,3594.0,-33.0,978.0,-12341.0,24.0,-1035,-2675,-1843,-1843,-4387,0.0,35.0,0.0,0.0,183.0,1359.0,0.0,1872.0,1664.0,57.0,407.0,269.0,301.0,-49.0,3.0,2026,9,23,0,2,Wednesday,Automne,Jour_de_semaine,8795.0,23.7
France,Données temps réel,2026-09-23,2,2026-09-23 02:15:00,36933.0,37450,36850,36.0,0.0,1686.0,38311.0,5038.0,4803.0,235.0,0.0,3595.0,-26.0,976.0,-12684.0,25.0,-1035,-2695,-1821,-1843,-4766,1.0,35.0,0.0,0.0,183.0,1504.0,0.0,1874.0,1664.0,57.0,405.0,269.0,301.0,-19.0,22.0,2026,9,23,15,2,Wednesday,Automne,Jour_de_semaine,8633.0,23.4
France,Données temps réel,2026-09-23,2,2026-09-23 02:30:00,36171.0,36300,36200,36.0,0.0,1482.0,38320.0,4856.0,4604.0,252.0,0.0,3611.0,-27.0,979.0,-12937.0,23.0,-1035,-2600,-1877,-1857,-4935,1.0,35.0,0.0,0.0,182.0,1302.0,0.0,1879.0,1674.0,58.0,407.0,271.0,301.0,-174.0,25.0,2026,9,23,30,2,Wednesday,Automne,Jour_de_semaine,8467.0,23.4
France,Données temps réel,2026-09-23,2,2026-09-23 02:45:00,35455.0,35700,35600,37.0,0.0,1356.0,38343.0,4717.0,4452.0,265.0,0.0,3417.0,-40.0,977.0,-13078.0,22.0,-1035,-2600,-1877,-1857,-5147,2.0,35.0,0.0,0.0,182.0,1175.0,0.0,1811.0,1548.0,58.0,405.0,271.0,301.0,-275.0,1.0,2026,9,23,45,2,Wednesday,Automne,Jour_de_semaine,8134.0,22.9
France,Données temps réel,2026-09-23,3,2026-09-23 03:00:00,34983.0,35100,35000,37.0,0.0,1354.0,38377.0,4457.0,4170.0,288.0,0.0,3369.0,-202.0,978.0,-13200.0,22.0,-1460,-2600,-1877,-1857,-5447,2.0,35.0,0.0,0.0,182.0,1175.0,0.0,1814.0,1497.0,58.0,406.0,271.0,301.0,-196.0,10.0,2026,9,23,0,2,Wednesday,Automne,Jour_de_semaine,7826.0,22.4
France,Données temps réel,2026-09-23,3,2026-09-23 03:15:00,34415.0,34800,34650,37.0,0.0,1634.0,38451.0,4222.0,3922.0,300.0,0.0,3328.0,-197.0,975.0,-13911.0,25.0,-1460,-2591,-1877,-1857,-5595,2.0,35.0,0.0,0.0,183.0,1452.0,0.0,1817.0,1452.0,59.0,403.0,271.0,301.0,-144.0,23.0,2026,9,23,15,2,Wednesday,Automne,Jour_de_semaine,7550.0,21.9
France,Données temps réel,2026-09-23,3,2026-09-23 03:30:00,34273.0,34500,34300,37.0,0.0,1629.0,38483.0,4008.0,3702.0,306.0,0.0,3296.0,-201.0,974.0,-13844.0,25.0,-1460,-2600,-1877,-1857,-5502,2.0,35.0,0.0,0.0,182.0,1448.0,0.0,1817.0,1420.0,58.0,402.0,271.0,301.0,-109.0,0.0,2026,9,23,30,2,Wednesday,Automne,Jour_de_semaine,7304.0,21.3
France,Données temps réel,2026-09-23,3,2026-09-23 03:45:00,34011.0,34300,34100,37.0,0.0,1626.0,38474.0,3799.0,3523.0,276.0,0.0,3303.0,-203.0,975.0,-13875.0,25.0,-1460,-2600,-1877,-1857,-5393,2.0,35.0,0.0,0.0,183.0,1444.0,0.0,1826.0,1419.0,58.0,403.0,271.0,301.0,-129.0,6.0,2026,9,23,45,2,Wednesday,Automne,Jour_de_semaine,7102.0,20.9
France,Données temps réel,2026-09-23,4,2026-09-23 04:00:00,33934.0,34100,33900,37.0,0.0,1487.0,38487.0,3571.0,3356.0,215.0,0.0,3319.0,-201.0,979.0,-13719.0,24.0,-885,-2600,-1877,-1857,-5604,2.0,35.0,0.0,0.0,183.0,1305.0,0.0,1832.0,1428.0,58.0,406.0,271.0,301.0,-42.0,18.0,2026,9,23,0,2,Wednesday,Automne,Jour_de_semaine,6890.0,20.3
France,Données temps réel,2026-09-23,4,2026-09-23 04:15:00,33985.0,34100,33850,37.0,0.0,1452.0,38486.0,3411.0,3223.0,188.0,0.0,3530.0,-202.0,976.0,-13417.0,24.0,-885,-2600,-1877,-1857,-5523,2.0,35.0,0.0,0.0,183.0,1269.0,0.0,1844.0,1626.0,59.0,403.0,272.0,301.0,-286.0,0.0,2026,9,23,15,2,Wednesday,Automne,Jour_de_semaine,6941.0,20.4
France,Données temps réel,2026-09-23,4,2026-09-23 04:30:00,33954.0,34100,33800,37.0,0.0,1448.0,38513.0,3238.0,3118.0,120.0,0.0,3541.0,-200.0,979.0,-13483.0,24.0,-885,-2600,-1877,-1857,-5478,2.0,35.0,0.0,0.0,183.0,1266.0,0.0,1840.0,1641.0,59.0,404.0,273.0,301.0,-138.0,21.0,2026,9,23,30,2,Wednesday,Automne,Jour_de_semaine,6779.0,20.0
France,Données temps réel,2026-09-23,4,2026-09-23 04:45:00,34140.0,34350,34050,37.0,0.0,1474.0,38528.0,3014.0,2899.0,115.0,0.0,3685.0,-199.0,979.0,-13275.0,24.0,-885,-2600,-1877,-1857,-5152,2.0,35.0,0.0,0.0,182.0,1293.0,0.0,1896.0,1729.0,60.0,405.0,273.0,301.0,-109.0,7.0,2026,9,23,45,2,Wednesday,Automne,Jour_de_semaine,6699.0,19.6
France,Données temps réel,2026-09-23,5,2026-09-23 05:00:00,34348.0,34600,34300,37.0,0.0,1455.0,38470.0,2857.0,2776.0,81.0,0.0,3603.0,-201.0,977.0,-12654.0,24.0,347,-2600,-1849,-1857,-5659,2.0,35.0,0.0,0.0,183.0,1274.0,0.0,1887.0,1658.0,58.0,402.0,273.0,301.0,-196.0,0.0,2026,9,23,0,2,Wednesday,Automne,Jour_de_semaine,6460.0,18.8
France,Données temps réel,2026-09-23,5,2026-09-23 05:15:00,35076.0,34950,34700,37.0,0.0,1888.0,38534.0,2723.0,2650.0,73.0,0.0,3368.0,-33.0,980.0,-12388.0,28.0,347,-2600,-1831,-1857,-5666,2.0,35.0,0.0,0.0,183.0,1706.0,0.0,1867.0,1442.0,59.0,402.0,277.0,301.0,-72.0,40.0,2026,9,23,15,2,Wednesday,Automne,Jour_de_semaine,6091.0,17.4
France,Données temps réel,2026-09-23,5,2026-09-23 05:30:00,35704.0,35300,35100,37.0,0.0,2205.0,38545.0,2654.0,2572.0,81.0,0.0,3445.0,-47.0,988.0,-12216.0,30.0,347,-2517,-1877,-1857,-5676,2.0,35.0,0.0,0.0,183.0,2024.0,0.0,1862.0,1422.0,160.0,404.0,283.0,301.0,-23.0,117.0,2026,9,23,30,2,Wednesday,Automne,Jour_de_semaine,6099.0,17.1
France,Données temps réel,2026-09-23,5,2026-09-23 05:45:00,36016.0,36150,35950,37.0,0.0,2426.0,38563.0,2537.0,2479.0,58.0,0.0,3489.0,-45.0,994.0,-12037.0,32.0,347,-2472,-1877,-1857,-5638,2.0,35.0,0.0,0.0,182.0,2245.0,0.0,1864.0,1490.0,135.0,409.0,284.0,301.0,-17.0,72.0,2026,9,23,45,2,Wednesday,Automne,Jour_de_semaine,6026.0,16.7
France,Données temps réel,2026-09-23,6,2026-09-23 06:00:00,37014.0,37000,36800,37.0,0.0,2815.0,38550.0,2413.0,2372.0,41.0,0.0,3631.0,-52.0,993.0,-11385.0,36.0,1305,-1740,-1711,-1847,-6247,2.0,35.0,0.0,0.0,182.0,2634.0,0.0,1870.0,1502.0,260.0,406.0,286.0,301.0,-25.0,37.0,2026,9,23,0,2,Wednesday,Automne,Jour_de_semaine,6044.0,16.3
France,Données temps réel,2026-09-23,6,2026-09-23 06:15:00,38568.0,38300,38100,37.0,0.0,3232.0,38576.0,2298.0,2265.0,33.0,0.0,3846.0,-61.0,995.0,-10426.0,39.0,1305,-1787,-1576,-1847,-6192,2.0,35.0,0.0,0.0,183.0,3050.0,0.0,1893.0,1573.0,380.0,405.0,288.0,301.0,-8.0,82.0,2026,9,23,15,2,Wednesday,Automne,Jour_de_semaine,6144.0,15.9
France,Données temps réel,2026-09-23,6,2026-09-23 06:30:00,39217.0,39600,39400,37.0,0.0,3587.0,38580.0,2225.0,2188.0,38.0,0.0,4662.0,-40.0,999.0,-10857.0,41.0,1305,-1727,-1877,-1846,-5970,2.0,35.0,0.0,0.0,183.0,3405.0,0.0,1880.0,1624.0,1158.0,409.0,289.0,301.0,-6.0,30.0,2026,9,23,30,2,Wednesday,Automne,Jour_de_semaine,6887.0,17.6
France,Données temps réel,2026-09-23,6,2026-09-23 06:45:00,40459.0,40400,40250,37.0,0.0,3667.0,38583.0,2195.0,2152.0,43.0,0.0,5351.0,-38.0,1007.0,-10435.0,41.0,1305,-1678,-1877,-1847,-5842,2.0,35.0,0.0,0.0,185.0,3484.0,0.0,1923.0,1712.0,1717.0,415.0,291.0,301.0,-6.0,96.0,2026,9,23,45,2,Wednesday,Automne,Jour_de_semaine,7546.0,18.7
France,Données temps réel,2026-09-23,7,2026-09-23 07:00:00,41588.0,41200,41100,37.0,0.0,3809.0,38546.0,2152.0,2100.0,53.0,184.0,5951.0,-38.0,995.0,-10061.0,42.0,1003,-1746,-1889,-1647,-5586,2.0,35.0,0.0,0.0,184.0,3626.0,0.0,1958.0,1762.0,2231.0,402.0,291.0,301.0,-7.0,21.0,2026,9,23,0,2,Wednesday,Automne,Jour_de_semaine,8287.0,19.9
France,Données temps réel,2026-09-23,7,2026-09-23 07:15:00,42677.0,41750,41650,37.0,0.0,3848.0,38524.0,2108.0,2043.0,65.0,183.0,6568.0,-38.0,996.0,-9923.0,42.0,1003,-1617,-1771,-1646,-5629,2.0,35.0,0.0,0.0,185.0,3664.0,0.0,2146.0,1895.0,2527.0,403.0,292.0,301.0,-3.0,379.0,2026,9,23,15,2,Wednesday,Automne,Jour_de_semaine,8859.0,20.8
France,Données temps réel,2026-09-23,7,2026-09-23 07:30:00,43150.0,42300,42200,37.0,0.0,3867.0,38544.0,2040.0,1964.0,77.0,198.0,7034.0,-42.0,1000.0,-9940.0,41.0,1003,-1650,-2108,-1643,-5232,2.0,35.0,0.0,0.0,184.0,3684.0,0.0,2122.0,2198.0,2714.0,407.0,292.0,301.0,-20.0,434.0,2026,9,23,30,2,Wednesday,Automne,Jour_de_semaine,9272.0,21.5
France,Données temps réel,2026-09-23,7,2026-09-23 07:45:00,43656.0,43050,43100,37.0,0.0,3853.0,38544.0,2018.0,1941.0,77.0,274.0,7197.0,-39.0,997.0,-9616.0,41.0,1003,-1910,-2112,-1656,-4548,2.0,35.0,0.0,0.0,185.0,3669.0,0.0,2144.0,2271.0,2782.0,403.0,292.0,301.0,-25.0,416.0,2026,9,23,45,2,Wednesday,Automne,Jour_de_semaine,9489.0,21.7
France,Données temps réel,2026-09-23,8,2026-09-23 08:00:00,44201.0,43800,44000,37.0,0.0,3862.0,38580.0,1994.0,1912.0,82.0,541.0,6735.0,0.0,999.0,-8949.0,41.0,364,-755,-2112,-1857,-3694,2.0,35.0,0.0,0.0,185.0,3679.0,0.0,2160.0,1897.0,2679.0,405.0,292.0,301.0,-5.0,409.0,2026,9,23,0,2,Wednesday,Automne,Jour_de_semaine,9270.0,21.0
France,Données temps réel,2026-09-23,8,2026-09-23 08:15:00,44943.0,44650,44500,37.0,0.0,3643.0,38560.0,2005.0,1874.0,132.0,1129.0,6674.0,-1.0,999.0,-8479.0,39.0,364,-1474,-2112,-1784,-3080,2.0,35.0,0.0,0.0,184.0,3460.0,0.0,2145.0,1979.0,2550.0,406.0,292.0,301.0,-13.0,390.0,2026,9,23,15,2,Wednesday,Automne,Jour_de_semaine,9808.0,21.8
France,Données temps réel,2026-09-23,8,2026-09-23 08:30:00,45378.0,45500,45000,37.0,0.0,3512.0,38579.0,1948.0,1803.0,145.0,1865.0,6401.0,-1.0,1005.0,-8110.0,38.0,364,-1424,-2112,-1857,-2471,2.0,35.0,0.0,0.0,186.0,3328.0,0.0,2148.0,1815.0,2438.0,411.0,293.0,301.0,-10.0,152.0,2026,9,23,30,2,Wednesday,Automne,Jour_de_semaine,10214.0,22.5
France,Données temps réel,2026-09-23,8,2026-09-23 08:45:00,45625.0,45700,45300,37.0,0.0,3487.0,38563.0,1847.0,1741.0,105.0,3043.0,5813.0,-2.0,1003.0,-8204.0,38.0,364,-1029,-2112,-1764,-3362,2.0,35.0,0.0,0.0,185.0,3303.0,0.0,1991.0,1596.0,2226.0,409.0,292.0,301.0,-16.0,55.0,2026,9,23,45,2,Wednesday,Automne,Jour_de_semaine,10703.0,23.5
France,Données temps réel,2026-09-23,9,2026-09-23 09:00:00,45484.0,45900,45600,36.0,0.0,3842.0,38569.0,1710.0,1617.0,94.0,4023.0,5423.0,-2.0,1002.0,-9162.0,40.0,-2226,588,-2137,-1857,-2969,1.0,35.0,0.0,0.0,185.0,3659.0,0.0,1985.0,1578.0,1859.0,408.0,293.0,301.0,-12.0,57.0,2026,9,23,0,2,Wednesday,Automne,Jour_de_semaine,11156.0,24.5
France,Données temps réel,2026-09-23,9,2026-09-23 09:15:00,45711.0,46200,45950,36.0,0.0,3817.0,38537.0,1586.0,1476.0,110.0,5410.0,5229.0,0.0,1005.0,-9904.0,39.0,-2226,-135,-2137,-1856,-2878,1.0,35.0,0.0,0.0,185.0,3633.0,0.0,1874.0,1385.0,1970.0,411.0,292.0,301.0,-12.0,7.0,2026,9,23,15,2,Wednesday,Automne,Jour_de_semaine,12225.0,26.7
France,Données temps réel,2026-09-23,9,2026-09-23 09:30:00,46125.0,46500,46300,37.0,0.0,3385.0,38517.0,1348.0,1246.0,102.0,7011.0,4695.0,0.0,1003.0,-9842.0,35.0,-2226,1594,-2137,-1857,-3258,2.0,35.0,0.0,0.0,184.0,3202.0,0.0,1956.0,1198.0,1540.0,410.0,292.0,301.0,-35.0,8.0,2026,9,23,30,2,Wednesday,Automne,Jour_de_semaine,13054.0,28.3
France,Données temps réel,2026-09-23,9,2026-09-23 09:45:00,46280.0,46350,46150,37.0,0.0,2419.0,38535.0,1134.0,1049.0,85.0,8521.0,3438.0,0.0,1005.0,-8773.0,28.0,-2226,2100,-2137,-1857,-3801,2.0,35.0,0.0,0.0,185.0,2235.0,0.0,1905.0,1143.0,391.0,412.0,292.0,301.0,-47.0,13.0,2026,9,23,45,2,Wednesday,Automne,Jour_de_semaine,13093.0,28.3
France,Données temps réel,2026-09-23,10,2026-09-23 10:00:00,46628.0,46200,46000,37.0,0.0,1665.0,38452.0,990.0,897.0,93.0,9929.0,3199.0,-8.0,1008.0,-8552.0,22.0,-3028,2241,-2137,-1857,-3559,2.0,35.0,0.0,0.0,185.0,1481.0,0.0,1856.0,1110.0,232.0,414.0,292.0,301.0,-102.0,13.0,2026,9,23,0,2,Wednesday,Automne,Jour_de_semaine,14118.0,30.3
France,Données temps réel,2026-09-23,10,2026-09-23 10:15:00,46385.0,46450,46300,37.0,0.0,1501.0,37933.0,895.0,813.0,82.0,11418.0,2725.0,-175.0,1002.0,-8925.0,21.0,-3028,2177,-2137,-1857,-4147,2.0,35.0,0.0,0.0,185.0,1318.0,0.0,1758.0,907.0,61.0,409.0,292.0,301.0,-27.0,1.0,2026,9,23,15,2,Wednesday,Automne,Jour_de_semaine,15038.0,32.4
France,Données temps réel,2026-09-23,10,2026-09-23 10:30:00,46616.0,46700,46600,37.0,0.0,1411.0,37918.0,849.0,761.0,89.0,12858.0,2583.0,-185.0,1003.0,-9797.0,20.0,-3028,2400,-2137,-1857,-4155,2.0,35.0,0.0,0.0,185.0,1228.0,0.0,1748.0,774.0,61.0,410.0,292.0,301.0,-60.0,0.0,2026,9,23,30,2,Wednesday,Automne,Jour_de_semaine,16290.0,34.9
France,Données temps réel,2026-09-23,10,2026-09-23 10:45:00,46899.0,47000,46900,37.0,0.0,1337.0,37905.0,858.0,746.0,112.0,14066.0,2444.0,-1095.0,1001.0,-9564.0,19.0,-3028,2275,-2137,-1857,-4393,2.0,35.0,0.0,0.0,185.0,1153.0,0.0,1693.0,690.0,61.0,408.0,292.0,301.0,-90.0,1.0,2026,9,23,45,2,Wednesday,Automne,Jour_de_semaine,17368.0,37.0
France,Données temps réel,2026-09-23,11,2026-09-23 11:00:00,46962.0,47300,47200,37.0,0.0,1050.0,37799.0,786.0,688.0,98.0,15168.0,2425.0,-1269.0,1001.0,-9944.0,17.0,-3028,1910,-2137,-1857,-4525,2.0,35.0,0.0,0.0,185.0,867.0,0.0,1703.0,660.0,61.0,410.0,290.0,301.0,-91.0,1.0,2026,9,23,0,2,Wednesday,Automne,Jour_de_semaine,18379.0,39.1
France,Données temps réel,2026-09-23,11,2026-09-23 11:15:00,47365.0,47250,47200,37.0,0.0,788.0,37901.0,758.0,675.0,83.0,16332.0,2295.0,-1595.0,997.0,-10138.0,15.0,-3028,1690,-2137,-1857,-4535,2.0,35.0,0.0,0.0,184.0,605.0,0.0,1700.0,582.0,13.0,405.0,291.0,301.0,-13.0,4.0,2026,9,23,15,2,Wednesday,Automne,Jour_de_semaine,19385.0,40.9
France,Données temps réel,2026-09-23,11,2026-09-23 11:30:00,47893.0,47200,47200,37.0,0.0,744.0,37816.0,740.0,651.0,89.0,17069.0,2216.0,-1589.0,997.0,-10232.0,14.0,-3028,1846,-2137,-1857,-4634,2.0,35.0,0.0,0.0,184.0,560.0,0.0,1614.0,590.0,12.0,405.0,291.0,301.0,-80.0,0.0,2026,9,23,30,2,Wednesday,Automne,Jour_de_semaine,20025.0,41.8
France,Données temps réel,2026-09-23,11,2026-09-23 11:45:00,48382.0,48050,48050,37.0,0.0,736.0,37708.0,756.0,655.0,100.0,17818.0,2288.0,-1593.0,1001.0,-10311.0,14.0,-3028,1698,-2137,-1857,-4366,2.0,35.0,0.0,0.0,184.0,553.0,0.0,1600.0,578.0,109.0,408.0,292.0,301.0,-72.0,15.0,2026,9,23,45,2,Wednesday,Automne,Jour_de_semaine,20862.0,43.1
France,Données temps réel,2026-09-23,12,2026-09-23 12:00:00,48601.0,48900,48900,36.0,0.0,751.0,37521.0,749.0,665.0,84.0,18416.0,2273.0,-1595.0,999.0,-10439.0,14.0,-3028,1720,-2278,-1857,-4442,1.0,35.0,0.0,0.0,184.0,568.0,0.0,1599.0,566.0,107.0,407.0,291.0,301.0,-108.0,0.0,2026,9,23,0,2,Wednesday,Automne,Jour_de_semaine,21438.0,44.1
France,Données temps réel,2026-09-23,12,2026-09-23 12:15:00,48775.0,48350,48350,36.0,0.0,537.0,37512.0,809.0,699.0,109.0,18876.0,2330.0,-1592.0,1003.0,-10363.0,12.0,-3028,1495,-2278,-1857,-4528,1.0,35.0,0.0,0.0,184.0,354.0,0.0,1653.0,571.0,106.0,409.0,293.0,301.0,-371.0,2.0,2026,9,23,15,2,Wednesday,Automne,Jour_de_semaine,22015.0,45.1
France,Données temps réel,2026-09-23,12,2026-09-23 12:30:00,48675.0,47800,47800,37.0,0.0,512.0,37212.0,863.0,692.0,172.0,19278.0,2358.0,-1589.0,1006.0,-10611.0,12.0,-3028,1652,-2278,-1857,-4362,2.0,35.0,0.0,0.0,186.0,328.0,0.0,1634.0,619.0,105.0,413.0,292.0,301.0,-393.0,2.0,2026,9,23,30,2,Wednesday,Automne,Jour_de_semaine,22499.0,46.2
France,Données temps réel,2026-09-23,12,2026-09-23 12:45:00,48871.0,48350,48350,36.0,0.0,532.0,36783.0,916.0,708.0,207.0,19568.0,2204.0,-1589.0,1004.0,-10224.0,12.0,-3028,1248,-2278,-1857,-4309,1.0,35.0,0.0,0.0,185.0,348.0,0.0,1598.0,592.0,14.0,411.0,292.0,301.0,-358.0,1.0,2026,9,23,45,2,Wednesday,Automne,Jour_de_semaine,22688.0,46.4
France,Données temps réel,2026-09-23,13,2026-09-23 13:00:00,48133.0,48900,48900,36.0,0.0,521.0,36560.0,948.0,714.0,233.0,19749.0,2200.0,-1585.0,1000.0,-10960.0,12.0,-3028,1619,-2278,-1857,-4357,1.0,35.0,0.0,0.0,185.0,338.0,0.0,1573.0,615.0,13.0,407.0,292.0,301.0,-341.0,6.0,2026,9,23,0,2,Wednesday,Automne,Jour_de_semaine,22897.0,47.6
France,Données temps réel,2026-09-23,13,2026-09-23 13:15:00,48118.0,48400,47950,36.0,0.0,526.0,36363.0,976.0,723.0,253.0,19899.0,2167.0,-1830.0,1004.0,-10601.0,12.0,-3028,1605,-2278,-1857,-4350,1.0,35.0,0.0,0.0,185.0,342.0,0.0,1538.0,606.0,23.0,411.0,291.0,301.0,-421.0,2.0,2026,9,23,15,2,Wednesday,Automne,Jour_de_semaine,23042.0,47.9
France,Données temps réel,2026-09-23,13,2026-09-23 13:30:00,47619.0,47900,47000,36.0,0.0,518.0,35900.0,971.0,739.0,232.0,19896.0,2157.0,-1890.0,1004.0,-10547.0,12.0,-3028,1426,-2278,-1857,-4362,1.0,35.0,0.0,0.0,185.0,334.0,0.0,1537.0,596.0,24.0,412.0,291.0,301.0,-425.0,1.0,2026,9,23,30,2,Wednesday,Automne,Jour_de_semaine,23024.0,48.4
France,Données temps réel,2026-09-23,13,2026-09-23 13:45:00,47556.0,47800,46950,36.0,0.0,488.0,35788.0,988.0,752.0,236.0,19881.0,2107.0,-1888.0,1007.0,-10415.0,12.0,-3028,1490,-2278,-1857,-4239,1.0,35.0,0.0,0.0,185.0,305.0,0.0,1528.0,555.0,24.0,414.0,291.0,301.0,-433.0,0.0,2026,9,23,45,2,Wednesday,Automne,Jour_de_semaine,22976.0,48.3
France,Données temps réel,2026-09-23,14,2026-09-23 14:00:00,47925.0,47700,46900,36.0,0.0,342.0,35739.0,1007.0,788.0,219.0,19718.0,2078.0,-1886.0,1011.0,-9705.0,11.0,-3028,1215,-2278,-1857,-3821,1.0,35.0,0.0,0.0,184.0,160.0,0.0,1511.0,543.0,25.0,418.0,291.0,301.0,-414.0,1.0,2026,9,23,0,2,Wednesday,Automne,Jour_de_semaine,22803.0,47.6
France,Données temps réel,2026-09-23,14,2026-09-23 14:15:00,48467.0,48200,47450,36.0,0.0,301.0,36314.0,1026.0,840.0,187.0,19614.0,2127.0,-1884.0,1010.0,-9947.0,11.0,-3028,1267,-2278,-1857,-4115,1.0,35.0,0.0,0.0,185.0,117.0,0.0,1523.0,580.0,24.0,417.0,291.0,301.0,-136.0,8.0,2026,9,23,15,2,Wednesday,Automne,Jour_de_semaine,22767.0,47.0
France,Données temps réel,2026-09-23,14,2026-09-23 14:30:00,47760.0,48700,48000,35.0,0.0,344.0,36455.0,1023.0,887.0,137.0,19137.0,2028.0,-1901.0,1007.0,-10363.0,11.0,-3028,1488,-2278,-1857,-4107,0.0,35.0,0.0,0.0,186.0,159.0,0.0,1474.0,533.0,22.0,415.0,291.0,301.0,-11.0,7.0,2026,9,23,30,2,Wednesday,Automne,Jour_de_semaine,22188.0,46.5
France,Données temps réel,2026-09-23,14,2026-09-23 14:45:00,47942.0,48550,47900,35.0,0.0,352.0,36556.0,1039.0,922.0,116.0,18799.0,1993.0,-1752.0,1007.0,-10078.0,11.0,-3028,1530,-2278,-1857,-4121,0.0,35.0,0.0,0.0,195.0,158.0,0.0,1450.0,518.0,25.0,415.0,291.0,301.0,-15.0,6.0,2026,9,23,45,2,Wednesday,Automne,Jour_de_semaine,21831.0,45.5
France,Données temps réel,2026-09-23,15,2026-09-23 15:00:00,48290.0,48400,47800,35.0,0.0,356.0,36519.0,1075.0,944.0,131.0,19024.0,2128.0,-1758.0,988.0,-10062.0,11.0,-3028,1636,-1969,-1857,-4298,0.0,35.0,0.0,0.0,195.0,162.0,0.0,1451.0,651.0,27.0,395.0,291.0,301.0,-19.0,6.0,2026,9,23,0,2,Wednesday,Automne,Jour_de_semaine,22227.0,46.0
France,Données temps réel,2026-09-23,15,2026-09-23 15:15:00,48336.0,48200,47800,35.0,0.0,353.0,36552.0,1166.0,1017.0,149.0,18676.0,2237.0,-1680.0,992.0,-9978.0,11.0,-3028,1848,-1969,-1857,-4391,0.0,35.0,0.0,0.0,194.0,161.0,0.0,1472.0,721.0,44.0,400.0,291.0,301.0,-17.0,0.0,2026,9,23,15,2,Wednesday,Automne,Jour_de_semaine,22079.0,45.7
France,Données temps réel,2026-09-23,15,2026-09-23 15:30:00,48035.0,48000,47800,35.0,0.0,362.0,36829.0,1263.0,1141.0,122.0,18337.0,2302.0,-1676.0,998.0,-10282.0,11.0,-3028,1522,-1969,-1857,-4487,0.0,35.0,0.0,0.0,197.0,167.0,0.0,1521.0,753.0,27.0,406.0,290.0,301.0,-139.0,5.0,2026,9,23,30,2,Wednesday,Automne,Jour_de_semaine,21902.0,45.6
France,Données temps réel,2026-09-23,15,2026-09-23 15:45:00,47720.0,47200,47100,35.0,0.0,462.0,36656.0,1333.0,1214.0,119.0,17845.0,2385.0,-1678.0,1002.0,-10245.0,12.0,-3028,1323,-1969,-1857,-4288,0.0,35.0,0.0,0.0,186.0,277.0,0.0,1505.0,851.0,28.0,410.0,290.0,301.0,-74.0,1.0,2026,9,23,45,2,Wednesday,Automne,Jour_de_semaine,21563.0,45.2
France,Données temps réel,2026-09-23,16,2026-09-23 16:00:00,47663.0,46400,46400,35.0,0.0,480.0,36671.0,1515.0,1385.0,130.0,17251.0,2517.0,-1678.0,1003.0,-10111.0,12.0,-3028,1275,-1969,-1857,-4344,0.0,35.0,0.0,0.0,187.0,294.0,0.0,1488.0,1009.0,20.0,411.0,291.0,301.0,-19.0,0.0,2026,9,23,0,2,Wednesday,Automne,Jour_de_semaine,21283.0,44.7
France,Données temps réel,2026-09-23,16,2026-09-23 16:15:00,46975.0,45900,46050,35.0,0.0,484.0,36456.0,1694.0,1531.0,163.0,16411.0,2661.0,-1676.0,1002.0,-10064.0,12.0,-3028,1828,-1969,-1857,-4172,0.0,35.0,0.0,0.0,186.0,300.0,0.0,1540.0,1051.0,70.0,409.0,291.0,301.0,-27.0,1.0,2026,9,23,15,2,Wednesday,Automne,Jour_de_semaine,20766.0,44.2
France,Données temps réel,2026-09-23,16,2026-09-23 16:30:00,46550.0,45400,45700,35.0,0.0,618.0,36508.0,1776.0,1587.0,189.0,15599.0,2842.0,-1671.0,1005.0,-10156.0,14.0,-3028,1555,-1969,-1857,-3903,0.0,35.0,0.0,0.0,186.0,434.0,0.0,1554.0,1132.0,156.0,412.0,291.0,301.0,-9.0,4.0,2026,9,23,30,2,Wednesday,Automne,Jour_de_semaine,20217.0,43.4
France,Données temps réel,2026-09-23,16,2026-09-23 16:45:00,46616.0,45200,45600,35.0,0.0,704.0,36587.0,1883.0,1665.0,218.0,14631.0,3477.0,-1992.0,1007.0,-9714.0,14.0,-3028,1300,-1969,-1857,-3736,0.0,35.0,0.0,0.0,185.0,520.0,0.0,1684.0,1424.0,369.0,414.0,291.0,301.0,-4.0,4.0,2026,9,23,45,2,Wednesday,Automne,Jour_de_semaine,19991.0,42.9
France,Données temps réel,2026-09-23,17,2026-09-23 17:00:00,46443.0,45000,45500,35.0,0.0,1126.0,36386.0,1892.0,1626.0,266.0,13337.0,3385.0,-1991.0,1006.0,-8732.0,18.0,-3003,1300,-1969,-1857,-3939,0.0,35.0,0.0,0.0,186.0,942.0,0.0,1734.0,1414.0,238.0,414.0,291.0,301.0,-6.0,5.0,2026,9,23,0,2,Wednesday,Automne,Jour_de_semaine,18614.0,40.1
France,Données temps réel,2026-09-23,17,2026-09-23 17:15:00,45934.0,45300,45800,35.0,0.0,1224.0,37317.0,1771.0,1582.0,188.0,12036.0,3738.0,-1988.0,998.0,-9208.0,18.0,-3003,1000,-1969,-1857,-3736,0.0,35.0,0.0,0.0,186.0,1039.0,0.0,1794.0,1585.0,359.0,406.0,290.0,301.0,-10.0,22.0,2026,9,23,15,2,Wednesday,Automne,Jour_de_semaine,17545.0,38.2
France,Données temps réel,2026-09-23,17,2026-09-23 17:30:00,46131.0,45600,46100,35.0,0.0,1588.0,37553.0,1749.0,1535.0,214.0,10707.0,4242.0,-1251.0,1002.0,-9640.0,21.0,-3003,1000,-1969,-1857,-3644,0.0,35.0,0.0,0.0,186.0,1404.0,0.0,1815.0,1889.0,538.0,409.0,291.0,301.0,-12.0,158.0,2026,9,23,30,2,Wednesday,Automne,Jour_de_semaine,16698.0,36.2
France,Données temps réel,2026-09-23,17,2026-09-23 17:45:00,47107.0,46050,46500,35.0,0.0,1693.0,37562.0,1689.0,1530.0,159.0,9497.0,4946.0,0.0,1002.0,-9441.0,22.0,-3003,700,-1969,-1857,-3411,0.0,35.0,0.0,0.0,187.0,1507.0,0.0,1818.0,2493.0,635.0,410.0,291.0,301.0,-5.0,129.0,2026,9,23,45,2,Wednesday,Automne,Jour_de_semaine,16132.0,34.2
France,Données temps réel,2026-09-23,18,2026-09-23 18:00:00,47445.0,46500,46900,35.0,0.0,2439.0,37563.0,1691.0,1552.0,139.0,8058.0,5416.0,-9.0,1004.0,-8752.0,28.0,-86,700,-1908,-1857,-4997,0.0,35.0,0.0,0.0,186.0,2254.0,0.0,1852.0,2613.0,951.0,412.0,290.0,301.0,-6.0,8.0,2026,9,23,0,2,Wednesday,Automne,Jour_de_semaine,15165.0,32.0
France,Données temps réel,2026-09-23,18,2026-09-23 18:15:00,47940.0,46750,47150,35.0,0.0,3337.0,37490.0,1683.0,1547.0,136.0,6478.0,6714.0,-17.0,1010.0,-8773.0,35.0,-86,700,-1804,-1857,-4991,0.0,35.0,0.0,0.0,186.0,3153.0,0.0,1911.0,2502.0,2301.0,417.0,291.0,301.0,-26.0,9.0,2026,9,23,15,2,Wednesday,Automne,Jour_de_semaine,14875.0,31.0
France,Données temps réel,2026-09-23,18,2026-09-23 18:30:00,47919.0,47000,47400,32.0,0.0,3763.0,37722.0,1727.0,1541.0,186.0,4995.0,7368.0,-26.0,1010.0,-8677.0,38.0,-86,700,-1821,-1857,-4760,0.0,35.0,0.0,0.0,186.0,3580.0,0.0,1938.0,2698.0,2732.0,417.0,291.0,301.0,-7.0,13.0,2026,9,23,30,2,Wednesday,Automne,Jour_de_semaine,14090.0,29.4
France,Données temps réel,2026-09-23,18,2026-09-23 18:45:00,48955.0,48000,48350,321.0,0.0,3809.0,37737.0,1793.0,1645.0,148.0,3639.0,7986.0,-39.0,1009.0,-7395.0,42.0,-86,700,-1714,-1847,-4525,286.0,35.0,0.0,46.0,186.0,3576.0,0.0,2023.0,2909.0,3054.0,417.0,291.0,301.0,-6.0,102.0,2026,9,23,45,2,Wednesday,Automne,Jour_de_semaine,13418.0,27.4
France,Données temps réel,2026-09-23,19,2026-09-23 19:00:00,49162.0,49000,49300,797.0,0.0,4206.0,37770.0,1864.0,1712.0,152.0,2329.0,8126.0,-36.0,1010.0,-6994.0,52.0,713,700,-1152,524,-6659,762.0,35.0,0.0,190.0,186.0,3830.0,0.0,2075.0,3058.0,2993.0,417.0,291.0,301.0,-11.0,102.0,2026,9,23,0,2,Wednesday,Automne,Jour_de_semaine,12319.0,25.1
France,Données temps réel,2026-09-23,19,2026-09-23 19:15:00,49305.0,48900,49150,840.0,0.0,4222.0,37784.0,1944.0,1809.0,135.0,1446.0,8564.0,-42.0,1007.0,-6540.0,53.0,713,700,-708,519,-6644,805.0,35.0,0.0,184.0,187.0,3851.0,0.0,2271.0,3178.0,3116.0,415.0,291.0,301.0,-2.0,81.0,2026,9,23,15,2,Wednesday,Automne,Jour_de_semaine,11954.0,24.2
France,Données temps réel,2026-09-23,19,2026-09-23 19:30:00,49049.0,48800,49000,843.0,0.0,4239.0,37804.0,2066.0,1930.0,136.0,768.0,8276.0,-44.0,1001.0,-5976.0,54.0,713,700,-952,546,-5948,808.0,35.0,0.0,186.0,187.0,3866.0,0.0,2299.0,3083.0,2894.0,409.0,290.0,301.0,-5.0,78.0,2026,9,23,30,2,Wednesday,Automne,Jour_de_semaine,11110.0,22.7
France,Données temps réel,2026-09-23,19,2026-09-23 19:45:00,48747.0,48550,48700,835.0,0.0,4256.0,37787.0,2104.0,1939.0,164.0,464.0,8231.0,-46.0,1007.0,-5964.0,54.0,713,-300,-384,539,-4674,800.0,35.0,0.0,186.0,186.0,3883.0,0.0,2371.0,2987.0,2873.0,415.0,291.0,301.0,-9.0,83.0,2026,9,23,45,2,Wednesday,Automne,Jour_de_semaine,10799.0,22.2
France,Données temps réel,2026-09-23,20,2026-09-23 20:00:00,48725.0,48300,48400,769.0,0.0,4271.0,37825.0,2120.0,1882.0,238.0,252.0,7886.0,-50.0,1013.0,-5422.0,54.0,1354,-1195,-559,81,-5036,734.0,35.0,0.0,187.0,186.0,3898.0,0.0,2356.0,2848.0,2683.0,421.0,291.0,301.0,-12.0,74.0,2026,9,23,0,2,Wednesday,Automne,Jour_de_semaine,10258.0,21.1
France,Données temps réel,2026-09-23,20,2026-09-23 20:15:00,48341.0,47900,47900,269.0,0.0,4306.0,37834.0,2174.0,1846.0,328.0,197.0,8194.0,-48.0,1011.0,-5997.0,47.0,1354,-2000,-1507,135,-3753,234.0,35.0,0.0,188.0,187.0,3931.0,0.0,2337.0,2982.0,2875.0,416.0,293.0,301.0,-12.0,413.0,2026,9,23,15,2,Wednesday,Automne,Jour_de_semaine,10565.0,21.9
France,Données temps réel,2026-09-23,20,2026-09-23 20:30:00,47436.0,47500,47400,181.0,0.0,4330.0,37866.0,2398.0,2044.0,353.0,192.0,8217.0,0.0,1009.0,-7168.0,46.0,1354,-2000,-1976,123,-3831,146.0,35.0,0.0,189.0,187.0,3953.0,0.0,2330.0,3010.0,2876.0,415.0,293.0,301.0,-2.0,414.0,2026,9,23,30,2,Wednesday,Automne,Jour_de_semaine,10807.0,22.8
France,Données temps réel,2026-09-23,20,2026-09-23 20:45:00,46721.0,46650,46500,44.0,0.0,4324.0,37830.0,2635.0,2243.0,393.0,181.0,7749.0,-1.0,1011.0,-7444.0,44.0,1354,-2000,-1775,-201,-4039,9.0,35.0,0.0,189.0,186.0,3950.0,0.0,2300.0,2787.0,2662.0,416.0,293.0,301.0,-8.0,401.0,2026,9,23,45,2,Wednesday,Automne,Jour_de_semaine,10565.0,22.6
France,Données temps réel,2026-09-23,21,2026-09-23 21:00:00,45817.0,45800,45600,35.0,0.0,4231.0,37864.0,2774.0,2332.0,442.0,183.0,7603.0,0.0,1011.0,-8284.0,44.0,1002,-2200,-1693,-931,-4051,0.0,35.0,0.0,110.0,187.0,3934.0,0.0,2280.0,2721.0,2602.0,415.0,294.0,301.0,-11.0,411.0,2026,9,23,0,2,Wednesday,Automne,Jour_de_semaine,10560.0,23.0
France,Données temps réel,2026-09-23,21,2026-09-23 21:15:00,44948.0,45500,45250,35.0,0.0,4179.0,37902.0,2789.0,2328.0,461.0,0.0,7550.0,-1.0,1008.0,-8847.0,43.0,1002,-2200,-1705,-981,-4061,0.0,35.0,0.0,0.0,186.0,3995.0,0.0,2242.0,2641.0,2666.0,413.0,293.0,301.0,-13.0,346.0,2026,9,23,15,2,Wednesday,Automne,Jour_de_semaine,10339.0,23.0
France,Données temps réel,2026-09-23,21,2026-09-23 21:30:00,44197.0,45200,44900,36.0,0.0,4150.0,37898.0,2862.0,2379.0,482.0,0.0,6712.0,-2.0,1009.0,-8508.0,44.0,1002,-2200,-1705,-1024,-4164,1.0,35.0,0.0,0.0,186.0,3965.0,0.0,2224.0,2205.0,2283.0,415.0,293.0,301.0,-18.0,62.0,2026,9,23,30,2,Wednesday,Automne,Jour_de_semaine,9574.0,21.7
France,Données temps réel,2026-09-23,21,2026-09-23 21:45:00,43540.0,44450,44100,36.0,0.0,4143.0,37925.0,2861.0,2365.0,495.0,0.0,5991.0,0.0,1014.0,-8419.0,44.0,1002,-2200,-1705,-1096,-4047,1.0,35.0,0.0,0.0,187.0,3958.0,0.0,2226.0,2058.0,1707.0,419.0,294.0,301.0,-16.0,9.0,2026,9,23,45,2,Wednesday,Automne,Jour_de_semaine,8852.0,20.3
France,Données temps réel,2026-09-23,22,2026-09-23 22:00:00,42817.0,43700,43300,36.0,0.0,4150.0,37912.0,2803.0,2298.0,505.0,0.0,5236.0,0.0,1007.0,-8209.0,45.0,604,-2544,-1805,-904,-2133,1.0,35.0,0.0,0.0,186.0,3966.0,0.0,2224.0,1892.0,1120.0,412.0,294.0,301.0,-117.0,0.0,2026,9,23,0,2,Wednesday,Automne,Jour_de_semaine,8039.0,18.8
France,Données temps réel,2026-09-23,22,2026-09-23 22:15:00,43097.0,44200,43700,36.0,0.0,4189.0,37922.0,2929.0,2415.0,514.0,0.0,4639.0,0.0,1007.0,-7558.0,46.0,604,-2489,-1821,-847,-2134,1.0,35.0,0.0,0.0,186.0,4004.0,0.0,2222.0,1785.0,632.0,411.0,295.0,301.0,-67.0,1.0,2026,9,23,15,2,Wednesday,Automne,Jour_de_semaine,7568.0,17.6
France,Données temps réel,2026-09-23,22,2026-09-23 22:30:00,43166.0,44700,44100,36.0,0.0,4165.0,37936.0,2992.0,2381.0,612.0,0.0,4615.0,0.0,1011.0,-7457.0,45.0,604,-2392,-1840,-816,-1488,1.0,35.0,0.0,0.0,187.0,3980.0,0.0,2208.0,1782.0,625.0,416.0,294.0,301.0,-132.0,0.0,2026,9,23,30,2,Wednesday,Automne,Jour_de_semaine,7607.0,17.6
France,Données temps réel,2026-09-23,22,2026-09-23 22:45:00,44019.0,44950,44300,36.0,0.0,3739.0,37754.0,3008.0,2452.0,555.0,0.0,4820.0,-1.0,1010.0,-6340.0,42.0,604,-2376,-1840,-724,-1681,1.0,35.0,0.0,0.0,186.0,3555.0,0.0,2234.0,1885.0,701.0,414.0,295.0,301.0,-5.0,1.0,2026,9,23,45,2,Wednesday,Automne,Jour_de_semaine,7828.0,17.8
France,Données temps réel,2026-09-23,23,2026-09-23 23:00:00,43407.0,45200,44500,36.0,0.0,3644.0,37455.0,2958.0,2416.0,542.0,0.0,4692.0,0.0,1005.0,-6364.0,42.0,958,-1852,-1782,-1758,-1490,1.0,35.0,0.0,0.0,187.0,3458.0,0.0,2277.0,1922.0,493.0,410.0,294.0,301.0,-17.0,0.0,2026,9,23,0,2,Wednesday,Automne,Jour_de_semaine,7650.0,17.6
France,Données temps réel,2026-09-23,23,2026-09-23 23:15:00,42972.0,44250,43650,36.0,0.0,3523.0,37213.0,2972.0,2455.0,517.0,0.0,4386.0,-7.0,1014.0,-6102.0,41.0,958,-2288,-1782,-1781,-1240,1.0,35.0,0.0,0.0,186.0,3338.0,0.0,2171.0,1922.0,293.0,419.0,294.0,301.0,-61.0,0.0,2026,9,23,15,2,Wednesday,Automne,Jour_de_semaine,7358.0,17.1
France,Données temps réel,2026-09-23,23,2026-09-23 23:30:00,42646.0,43300,42800,35.0,0.0,3160.0,37138.0,3024.0,2521.0,503.0,0.0,4290.0,-6.0,1008.0,-5962.0,39.0,958,-2291,-1782,-1769,-608,0.0,35.0,0.0,0.0,185.0,2975.0,0.0,2185.0,1898.0,206.0,413.0,294.0,301.0,-39.0,0.0,2026,9,23,30,2,Wednesday,Automne,Jour_de_semaine,7314.0,17.2
France,Données temps réel,2026-09-23,23,2026-09-23 23:45:00,42785.0,42550,42400,36.0,0.0,2772.0,37077.0,3015.0,2537.0,479.0,0.0,4208.0,-7.0,1009.0,-5322.0,36.0,958,-2240,-1782,-1717,-999,1.0,35.0,0.0,0.0,187.0,2586.0,0.0,2185.0,1754.0,268.0,415.0,293.0,301.0,-24.0,21.0,2026,9,23,45,2,Wednesday,Automne,Jour_de_semaine,7223.0,16.9
France,Données temps réel,2026-09-24,0,2026-09-24 00:00:00,41701.0,41800,42000,35.0,0.0,2616.0,37031.0,2975.0,2505.0,470.0,0.0,4738.0,-6.0,1009.0,-6707.0,34.0,-1267,-2414,-2061,-1856,482,0.0,35.0,0.0,0.0,187.0,2431.0,0.0,2187.0,1603.0,949.0,414.0,294.0,301.0,-13.0,25.0,2026,9,24,0,3,Thursday,Automne,Jour_de_semaine,7713.0,18.5
France,Données temps réel,2026-09-24,0,2026-09-24 00:15:00,41741.0,41000,41100,36.0,0.0,2829.0,37041.0,2913.0,2456.0,457.0,0.0,5192.0,-7.0,1010.0,-7330.0,35.0,-1267,-2497,-2061,-1857,245,1.0,35.0,0.0,0.0,186.0,2645.0,0.0,2121.0,1566.0,1506.0,414.0,295.0,301.0,-3.0,60.0,2026,9,24,15,3,Thursday,Automne,Jour_de_semaine,8105.0,19.4
France,Données temps réel,2026-09-24,0,2026-09-24 00:30:00,40672.0,40200,40200,36.0,0.0,2607.0,37046.0,2878.0,2411.0,467.0,0.0,5155.0,-6.0,1012.0,-8050.0,34.0,-1267,-2431,-2061,-1852,-243,1.0,35.0,0.0,0.0,186.0,2423.0,0.0,2135.0,1513.0,1507.0,418.0,293.0,301.0,-4.0,0.0,2026,9,24,30,3,Thursday,Automne,Jour_de_semaine,8033.0,19.8
France,Données temps réel,2026-09-24,0,2026-09-24 00:45:00,39596.0,39500,39500,36.0,0.0,1864.0,37007.0,2882.0,2363.0,520.0,0.0,4974.0,-6.0,1014.0,-8155.0,28.0,-1267,-2497,-2061,-1847,324,1.0,35.0,0.0,0.0,186.0,1679.0,0.0,2092.0,1411.0,1472.0,419.0,294.0,301.0,-20.0,0.0,2026,9,24,45,3,Thursday,Automne,Jour_de_semaine,7856.0,19.8
France,Données temps réel,2026-09-24,1,2026-09-24 01:00:00,38998.0,38800,38800,34.0,0.0,1469.0,36984.0,2848.0,2340.0,507.0,0.0,4958.0,-8.0,1018.0,-8195.0,24.0,-1553,-2497,-2061,-1857,1320,0.0,35.0,0.0,0.0,188.0,1283.0,0.0,2064.0,1394.0,1499.0,421.0,296.0,301.0,-108.0,0.0,2026,9,24,0,3,Thursday,Automne,Jour_de_semaine,7806.0,20.0
France,Données temps réel,2026-09-24,1,2026-09-24 01:15:00,39118.0,38850,38850,37.0,0.0,1351.0,36909.0,2849.0,2351.0,498.0,0.0,4508.0,-6.0,1020.0,-7527.0,24.0,-1553,-2497,-2061,-1857,1260,2.0,35.0,0.0,0.0,187.0,1166.0,0.0,2042.0,1305.0,1160.0,422.0,297.0,301.0,-28.0,7.0,2026,9,24,15,3,Thursday,Automne,Jour_de_semaine,7357.0,18.8
France,Données temps réel,2026-09-24,1,2026-09-24 01:30:00,38424.0,38900,38900,37.0,0.0,1364.0,36982.0,2844.0,2347.0,497.0,0.0,3622.0,-11.0,1016.0,-7320.0,24.0,-1553,-2497,-2061,-1857,1367,2.0,35.0,0.0,0.0,187.0,1180.0,0.0,2017.0,1325.0,280.0,419.0,296.0,301.0,-128.0,19.0,2026,9,24,30,3,Thursday,Automne,Jour_de_semaine,6466.0,16.8
France,Données temps réel,2026-09-24,1,2026-09-24 01:45:00,38515.0,38250,38250,35.0,0.0,1405.0,36990.0,2916.0,2434.0,482.0,0.0,3473.0,-10.0,1019.0,-7296.0,25.0,-1553,-2497,-2061,-1857,1118,0.0,35.0,0.0,0.0,186.0,1220.0,0.0,1918.0,1303.0,252.0,421.0,297.0,301.0,-19.0,4.0,2026,9,24,45,3,Thursday,Automne,Jour_de_semaine,6389.0,16.6
France,Données temps réel,2026-09-24,2,2026-09-24 02:00:00,37874.0,37600,37600,37.0,0.0,980.0,37033.0,2943.0,2475.0,468.0,0.0,3450.0,-30.0,1018.0,-7426.0,21.0,-2402,-2497,-2061,-1857,1635,2.0,35.0,0.0,0.0,186.0,795.0,0.0,1896.0,1300.0,254.0,421.0,296.0,301.0,-133.0,3.0,2026,9,24,0,3,Thursday,Automne,Jour_de_semaine,6393.0,16.9
France,Données temps réel,2026-09-24,2,2026-09-24 02:15:00,37588.0,37050,37050,34.0,0.0,804.0,37026.0,2868.0,2407.0,460.0,0.0,3774.0,-346.0,1018.0,-7554.0,19.0,-2402,-2497,-2061,-1857,1354,0.0,35.0,0.0,0.0,186.0,619.0,0.0,1874.0,1279.0,621.0,421.0,296.0,301.0,-34.0,0.0,2026,9,24,15,3,Thursday,Automne,Jour_de_semaine,6642.0,17.7
France,Données temps réel,2026-09-24,2,2026-09-24 02:30:00,36464.0,36500,36500,33.0,0.0,724.0,36991.0,2826.0,2337.0,489.0,0.0,3698.0,-508.0,1011.0,-8052.0,18.0,-2402,-2497,-2061,-1857,848,0.0,35.0,0.0,0.0,186.0,539.0,0.0,1841.0,1282.0,574.0,416.0,294.0,301.0,-258.0,0.0,2026,9,24,30,3,Thursday,Automne,Jour_de_semaine,6524.0,17.9
France,Données temps réel,2026-09-24,2,2026-09-24 02:45:00,35896.0,35900,35900,33.0,0.0,755.0,37014.0,2804.0,2289.0,516.0,0.0,3572.0,-676.0,1017.0,-8491.0,19.0,-2402,-2497,-2061,-1857,201,0.0,35.0,0.0,0.0,187.0,569.0,0.0,1819.0,1170.0,583.0,423.0,293.0,301.0,-142.0,10.0,2026,9,24,45,3,Thursday,Automne,Jour_de_semaine,6376.0,17.8
France,Données temps réel,2026-09-24,3,2026-09-24 03:00:00,35307.0,35300,35300,34.0,0.0,752.0,37020.0,2842.0,2349.0,493.0,0.0,3516.0,-678.0,1017.0,-8947.0,19.0,-2793,-2497,-1806,-1848,173,0.0,35.0,0.0,0.0,187.0,566.0,0.0,1780.0,1161.0,575.0,423.0,293.0,301.0,-251.0,3.0,2026,9,24,0,3,Thursday,Automne,Jour_de_semaine,6358.0,18.0
France,Données temps réel,2026-09-24,3,2026-09-24 03:15:00,34830.0,34950,34950,63.0,0.0,769.0,37012.0,2776.0,2314.0,462.0,0.0,3551.0,-912.0,1016.0,-9217.0,19.0,-2793,-2497,-1806,-1848,127,28.0,35.0,0.0,0.0,186.0,584.0,0.0,1811.0,1158.0,582.0,420.0,294.0,301.0,-226.0,1.0,2026,9,24,15,3,Thursday,Automne,Jour_de_semaine,6327.0,18.2
France,Données temps réel,2026-09-24,3,2026-09-24 03:30:00,34620.0,34600,34600,100.0,0.0,733.0,37031.0,2736.0,2317.0,419.0,0.0,3176.0,-933.0,1016.0,-9033.0,20.0,-2793,-2497,-1806,-1848,-2,65.0,35.0,0.0,0.0,187.0,547.0,0.0,1798.0,1140.0,238.0,419.0,295.0,301.0,-207.0,1.0,2026,9,24,30,3,Thursday,Automne,Jour_de_semaine,5912.0,17.1
France,Données temps réel,2026-09-24,3,2026-09-24 03:45:00,34323.0,34450,34450,98.0,0.0,770.0,37046.0,2608.0,2239.0,369.0,0.0,3154.0,-933.0,1015.0,-9255.0,20.0,-2793,-2497,-1806,-1848,-117,63.0,35.0,0.0,0.0,187.0,584.0,0.0,1793.0,1106.0,255.0,420.0,294.0,301.0,-182.0,3.0,2026,9,24,45,3,Thursday,Automne,Jour_de_semaine,5762.0,16.8
France,Données temps réel,2026-09-24,4,2026-09-24 04:00:00,34277.0,34300,34300,101.0,0.0,706.0,37063.0,2503.0,2144.0,359.0,0.0,3185.0,-928.0,1015.0,-9166.0,20.0,-2189,-2497,-1806,-1848,-740,66.0,35.0,0.0,0.0,187.0,520.0,0.0,1783.0,1150.0,252.0,419.0,294.0,301.0,-204.0,4.0,2026,9,24,0,3,Thursday,Automne,Jour_de_semaine,5688.0,16.6
France,Données temps réel,2026-09-24,4,2026-09-24 04:15:00,34488.0,34250,34250,100.0,0.0,755.0,37068.0,2421.0,2076.0,345.0,0.0,3115.0,-369.0,997.0,-9416.0,20.0,-2189,-2497,-1806,-1837,-831,65.0,35.0,0.0,0.0,186.0,570.0,0.0,1785.0,1093.0,237.0,418.0,277.0,301.0,-180.0,0.0,2026,9,24,15,3,Thursday,Automne,Jour_de_semaine,5536.0,16.1
France,Données temps réel,2026-09-24,4,2026-09-24 04:30:00,34328.0,34200,34200,100.0,0.0,799.0,37087.0,2359.0,1998.0,361.0,0.0,3075.0,-372.0,999.0,-9480.0,20.0,-2189,-2497,-1806,-1838,-675,65.0,35.0,0.0,0.0,186.0,614.0,0.0,1740.0,1097.0,238.0,420.0,278.0,301.0,-238.0,1.0,2026,9,24,30,3,Thursday,Automne,Jour_de_semaine,5434.0,15.8
France,Données temps réel,2026-09-24,4,2026-09-24 04:45:00,34486.0,34350,34350,100.0,0.0,771.0,37102.0,2309.0,1945.0,364.0,0.0,3057.0,-366.0,1003.0,-9221.0,20.0,-2189,-2497,-1806,-1835,-593,65.0,35.0,0.0,0.0,186.0,586.0,0.0,1726.0,1077.0,253.0,422.0,279.0,301.0,-267.0,1.0,2026,9,24,45,3,Thursday,Automne,Jour_de_semaine,5366.0,15.6
France,Données temps réel,2026-09-24,5,2026-09-24 05:00:00,34629.0,34500,34500,100.0,0.0,837.0,37060.0,2245.0,1894.0,351.0,0.0,3041.0,-370.0,1001.0,-9009.0,21.0,-1053,-2497,-1806,-1845,-643,65.0,35.0,0.0,0.0,186.0,653.0,0.0,1747.0,1048.0,247.0,422.0,277.0,301.0,-277.0,3.0,2026,9,24,0,3,Thursday,Automne,Jour_de_semaine,5286.0,15.3
France,Données temps réel,2026-09-24,5,2026-09-24 05:15:00,35607.0,35350,35217,100.0,0.0,1151.0,37108.0,2164.0,1835.0,329.0,0.0,3059.0,-525.0,999.0,-8432.0,24.0,-1053,-2497,-1806,-1847,-927,65.0,35.0,0.0,0.0,185.0,967.0,0.0,1770.0,1054.0,235.0,419.0,279.0,301.0,-69.0,55.0,2026,9,24,15,3,Thursday,Automne,Jour_de_semaine,5223.0,14.7
France,Données temps réel,2026-09-24,5,2026-09-24 05:30:00,35894.0,36200,35934,100.0,0.0,1711.0,37116.0,2109.0,1786.0,324.0,0.0,3139.0,-355.0,993.0,-8684.0,29.0,-1053,-2497,-1806,-1857,-1314,65.0,35.0,0.0,0.0,186.0,1526.0,0.0,1819.0,1082.0,238.0,408.0,284.0,301.0,-249.0,16.0,2026,9,24,30,3,Thursday,Automne,Jour_de_semaine,5248.0,14.6
France,Données temps réel,2026-09-24,5,2026-09-24 05:45:00,36224.0,37050,36738,101.0,0.0,2096.0,37095.0,1976.0,1651.0,325.0,0.0,3299.0,-359.0,999.0,-8878.0,32.0,-1053,-2497,-1806,-1857,-1707,66.0,35.0,0.0,0.0,186.0,1911.0,0.0,1812.0,1233.0,254.0,405.0,292.0,301.0,-110.0,7.0,2026,9,24,45,3,Thursday,Automne,Jour_de_semaine,5275.0,14.6
France,Données temps réel,2026-09-24,6,2026-09-24 06:00:00,37180.0,37900,37541,88.0,0.0,2521.0,37102.0,1945.0,1635.0,310.0,0.0,3609.0,-329.0,1001.0,-8686.0,35.0,315,-2497,-1806,-1847,-2298,53.0,35.0,0.0,0.0,187.0,2335.0,0.0,1825.0,1212.0,572.0,405.0,294.0,301.0,-75.0,5.0,2026,9,24,0,3,Thursday,Automne,Jour_de_semaine,5554.0,14.9
France,Données temps réel,2026-09-24,6,2026-09-24 06:15:00,38576.0,39200,38720,37.0,0.0,3051.0,37095.0,1942.0,1620.0,322.0,0.0,3862.0,-326.0,1003.0,-8101.0,39.0,315,-2282,-1806,-1684,-2349,2.0,35.0,0.0,0.0,186.0,2867.0,0.0,1800.0,1418.0,644.0,404.0,298.0,301.0,-11.0,25.0,2026,9,24,15,3,Thursday,Automne,Jour_de_semaine,5804.0,15.0
France,Données temps réel,2026-09-24,6,2026-09-24 06:30:00,39484.0,40500,39899,37.0,0.0,3392.0,37124.0,1871.0,1536.0,335.0,0.0,3866.0,-338.0,1000.0,-7471.0,42.0,315,-1695,-1806,-1696,-2953,2.0,35.0,0.0,0.0,186.0,3207.0,0.0,1773.0,1399.0,695.0,416.0,282.0,301.0,-10.0,14.0,2026,9,24,30,3,Thursday,Automne,Jour_de_semaine,5737.0,14.5
France,Données temps réel,2026-09-24,6,2026-09-24 06:45:00,40794.0,41750,41087,37.0,0.0,3455.0,37123.0,1837.0,1492.0,345.0,0.0,4266.0,-21.0,999.0,-7212.0,42.0,315,-1442,-1806,-1646,-3030,2.0,35.0,0.0,0.0,187.0,3269.0,0.0,1762.0,1483.0,1021.0,417.0,281.0,301.0,-5.0,318.0,2026,9,24,45,3,Thursday,Automne,Jour_de_semaine,6103.0,15.0
France,Données temps réel,2026-09-24,7,2026-09-24 07:00:00,42285.0,43000,42274,37.0,0.0,3470.0,37110.0,1772.0,1413.0,360.0,180.0,5343.0,-34.0,999.0,-6672.0,41.0,454,-1561,-2219,-185,-3779,2.0,35.0,0.0,0.0,187.0,3284.0,0.0,1859.0,2052.0,1432.0,412.0,286.0,301.0,-6.0,87.0,2026,9,24,0,3,Thursday,Automne,Jour_de_semaine,7295.0,17.3
France,Données temps réel,2026-09-24,7,2026-09-24 07:15:00,43485.0,43850,43153,37.0,0.0,3534.0,37123.0,1717.0,1360.0,357.0,188.0,6227.0,-41.0,1008.0,-6589.0,41.0,454,-1561,-2219,-307,-3795,2.0,35.0,0.0,0.0,185.0,3350.0,0.0,2029.0,1984.0,2215.0,416.0,291.0,301.0,-6.0,288.0,2026,9,24,15,3,Thursday,Automne,Jour_de_semaine,8132.0,18.7
France,Données temps réel,2026-09-24,7,2026-09-24 07:30:00,43935.0,44700,44032,37.0,0.0,3513.0,37133.0,1708.0,1305.0,404.0,188.0,6845.0,-40.0,1012.0,-6850.0,40.0,454,-1820,-2219,-296,-3369,2.0,35.0,0.0,0.0,185.0,3329.0,0.0,2087.0,2165.0,2593.0,422.0,288.0,301.0,-3.0,395.0,2026,9,24,30,3,Thursday,Automne,Jour_de_semaine,8741.0,19.9
France,Données temps réel,2026-09-24,7,2026-09-24 07:45:00,44431.0,45150,44314,36.0,0.0,3561.0,37127.0,1713.0,1324.0,389.0,244.0,6792.0,-48.0,1011.0,-6402.0,41.0,454,-1845,-2219,-310,-3164,1.0,35.0,0.0,0.0,187.0,3375.0,0.0,2092.0,1972.0,2728.0,419.0,291.0,301.0,-13.0,412.0,2026,9,24,45,3,Thursday,Automne,Jour_de_semaine,8749.0,19.7
France,Données temps réel,2026-09-24,8,2026-09-24 08:00:00,44890.0,45600,44596,36.0,0.0,3556.0,37118.0,1728.0,1364.0,364.0,520.0,7051.0,-46.0,1009.0,-6486.0,40.0,-1036,-1127,-1907,73,-1814,1.0,35.0,0.0,0.0,186.0,3371.0,0.0,2122.0,2110.0,2820.0,416.0,292.0,301.0,-5.0,411.0,2026,9,24,0,3,Thursday,Automne,Jour_de_semaine,9299.0,20.7
France,Données temps réel,2026-09-24,8,2026-09-24 08:15:00,45343.0,45950,44845,37.0,0.0,3605.0,37052.0,1722.0,1393.0,329.0,1001.0,6495.0,-51.0,1014.0,-5912.0,41.0,-1036,-1222,-2215,132,-1802,2.0,35.0,0.0,0.0,186.0,3420.0,0.0,2173.0,1862.0,2459.0,419.0,293.0,301.0,-9.0,391.0,2026,9,24,15,3,Thursday,Automne,Jour_de_semaine,9218.0,20.3
France,Données temps réel,2026-09-24,8,2026-09-24 08:30:00,45752.0,46300,45094,37.0,0.0,3570.0,37069.0,1636.0,1332.0,304.0,1719.0,6004.0,-50.0,1014.0,-5637.0,40.0,-1036,-746,-2215,165,-1906,2.0,35.0,0.0,0.0,187.0,3385.0,0.0,2150.0,1712.0,2142.0,416.0,297.0,301.0,-5.0,394.0,2026,9,24,30,3,Thursday,Automne,Jour_de_semaine,9359.0,20.5
France,Données temps réel,2026-09-24,8,2026-09-24 08:45:00,45971.0,46550,45259,37.0,0.0,3559.0,37045.0,1650.0,1352.0,299.0,2646.0,6124.0,-53.0,1011.0,-6425.0,39.0,-1036,443,-2215,-230,-2452,2.0,35.0,0.0,0.0,187.0,3374.0,0.0,2042.0,1712.0,2370.0,420.0,290.0,301.0,-6.0,384.0,2026,9,24,45,3,Thursday,Automne,Jour_de_semaine,10420.0,22.7
France,Données temps réel,2026-09-24,9,2026-09-24 09:00:00,45898.0,46800,45424,37.0,0.0,3576.0,36927.0,1640.0,1333.0,307.0,3278.0,5902.0,0.0,1014.0,-6527.0,39.0,-2940,2241,-1975,-289,-2279,2.0,35.0,0.0,0.0,187.0,3390.0,0.0,2047.0,1722.0,2133.0,420.0,292.0,301.0,-4.0,56.0,2026,9,24,0,3,Thursday,Automne,Jour_de_semaine,10820.0,23.6
France,Données temps réel,2026-09-24,9,2026-09-24 09:15:00,46128.0,46900,45639,37.0,0.0,3589.0,36853.0,1594.0,1297.0,297.0,4450.0,5151.0,0.0,1016.0,-6566.0,39.0,-2940,2171,-1975,-645,-2245,2.0,35.0,0.0,0.0,186.0,3404.0,0.0,1854.0,1508.0,1789.0,421.0,293.0,301.0,-9.0,15.0,2026,9,24,15,3,Thursday,Automne,Jour_de_semaine,11195.0,24.3
France,Données temps réel,2026-09-24,9,2026-09-24 09:30:00,46272.0,47000,45854,37.0,0.0,3305.0,36844.0,1493.0,1217.0,276.0,5625.0,4530.0,-1.0,1012.0,-6558.0,37.0,-2940,2241,-1975,-620,-2197,2.0,35.0,0.0,0.0,187.0,3119.0,0.0,1797.0,1321.0,1411.0,417.0,293.0,301.0,-12.0,0.0,2026,9,24,30,3,Thursday,Automne,Jour_de_semaine,11648.0,25.2
France,Données temps réel,2026-09-24,9,2026-09-24 09:45:00,46592.0,47000,46026,37.0,0.0,3080.0,36785.0,1437.0,1166.0,271.0,6864.0,3830.0,-1.0,1012.0,-6442.0,35.0,-2940,2400,-1975,-896,-2080,2.0,35.0,0.0,0.0,187.0,2895.0,0.0,1766.0,1367.0,696.0,417.0,293.0,301.0,-10.0,2.0,2026,9,24,45,3,Thursday,Automne,Jour_de_semaine,12131.0,26.0
France,Données temps réel,2026-09-24,10,2026-09-24 10:00:00,46896.0,47000,46197,37.0,0.0,2416.0,36702.0,1350.0,1078.0,271.0,8223.0,3660.0,-13.0,1012.0,-6478.0,29.0,-2723,2100,-1975,-1665,-1509,2.0,35.0,0.0,0.0,185.0,2232.0,0.0,1804.0,1235.0,621.0,419.0,292.0,301.0,-11.0,0.0,2026,9,24,0,3,Thursday,Automne,Jour_de_semaine,13233.0,28.2
France,Données temps réel,2026-09-24,10,2026-09-24 10:15:00,47203.0,47350,46414,37.0,0.0,1566.0,36815.0,1244.0,987.0,256.0,9492.0,3217.0,-191.0,1007.0,-5961.0,22.0,-2723,2400,-1975,-1597,-1576,2.0,35.0,0.0,0.0,184.0,1384.0,0.0,1715.0,1139.0,363.0,414.0,292.0,301.0,-25.0,1.0,2026,9,24,15,3,Thursday,Automne,Jour_de_semaine,13953.0,29.6
France,Données temps réel,2026-09-24,10,2026-09-24 10:30:00,47375.0,47700,46631,37.0,0.0,1369.0,36701.0,1131.0,901.0,229.0,10670.0,2953.0,-367.0,1008.0,-6085.0,21.0,-2723,2400,-1975,-1560,-2228,2.0,35.0,0.0,0.0,185.0,1185.0,0.0,1738.0,1153.0,61.0,415.0,292.0,301.0,-41.0,0.0,2026,9,24,30,3,Thursday,Automne,Jour_de_semaine,14754.0,31.1
France,Données temps réel,2026-09-24,10,2026-09-24 10:45:00,47584.0,47600,46671,37.0,0.0,1119.0,36688.0,1008.0,801.0,207.0,11675.0,3055.0,-536.0,1005.0,-6455.0,18.0,-2723,2400,-1975,-1513,-2622,2.0,35.0,0.0,0.0,185.0,935.0,0.0,1758.0,1094.0,203.0,411.0,292.0,301.0,-10.0,0.0,2026,9,24,45,3,Thursday,Automne,Jour_de_semaine,15738.0,33.1
France,Données temps réel,2026-09-24,11,2026-09-24 11:00:00,47798.0,47500,46710,37.0,0.0,1094.0,36714.0,903.0,739.0,163.0,12785.0,3033.0,-539.0,1004.0,-7184.0,18.0,-3019,2400,-1968,-1618,-2537,2.0,35.0,0.0,0.0,185.0,910.0,0.0,1729.0,1101.0,203.0,411.0,292.0,301.0,-49.0,1.0,2026,9,24,0,3,Thursday,Automne,Jour_de_semaine,16721.0,35.0
France,Données temps réel,2026-09-24,11,2026-09-24 11:15:00,47641.0,47700,46923,37.0,0.0,943.0,36690.0,836.0,695.0,141.0,13816.0,3209.0,-1264.0,1005.0,-7638.0,16.0,-3019,2400,-1975,-1607,-2838,2.0,35.0,0.0,0.0,186.0,758.0,0.0,1755.0,1300.0,155.0,412.0,292.0,301.0,-68.0,76.0,2026,9,24,15,3,Thursday,Automne,Jour_de_semaine,17861.0,37.5
France,Données temps réel,2026-09-24,11,2026-09-24 11:30:00,48006.0,47900,47135,37.0,0.0,919.0,36739.0,770.0,641.0,129.0,14492.0,3134.0,-1425.0,1001.0,-7651.0,16.0,-3019,2400,-1975,-1633,-3087,2.0,35.0,0.0,0.0,187.0,733.0,0.0,1804.0,1072.0,258.0,408.0,292.0,301.0,-70.0,61.0,2026,9,24,30,3,Thursday,Automne,Jour_de_semaine,18396.0,38.3
France,Données temps réel,2026-09-24,11,2026-09-24 11:45:00,48081.0,48500,47610,36.0,0.0,949.0,36609.0,742.0,600.0,142.0,15059.0,3419.0,-1590.0,1003.0,-8173.0,16.0,-3019,2400,-1975,-1603,-2670,1.0,35.0,0.0,0.0,195.0,756.0,0.0,1844.0,1312.0,263.0,410.0,292.0,301.0,-6.0,34.0,2026,9,24,45,3,Thursday,Automne,Jour_de_semaine,19220.0,40.0
France,Données temps réel,2026-09-24,12,2026-09-24 12:00:00,48468.0,49100,48084,37.0,0.0,1042.0,36550.0,726.0,591.0,134.0,15736.0,3329.0,-1829.0,1006.0,-7891.0,17.0,-3028,2400,-1858,-1852,-2612,2.0,35.0,0.0,0.0,194.0,850.0,0.0,1933.0,1183.0,213.0,413.0,291.0,301.0,-240.0,4.0,2026,9,24,0,3,Thursday,Automne,Jour_de_semaine,19791.0,40.8
France,Données temps réel,2026-09-24,12,2026-09-24 12:15:00,48892.0,48750,48292,37.0,0.0,1009.0,36762.0,698.0,579.0,120.0,16281.0,3382.0,-2027.0,1004.0,-8031.0,16.0,-3028,2400,-1975,-1857,-2819,2.0,35.0,0.0,0.0,195.0,815.0,0.0,1976.0,1187.0,219.0,412.0,291.0,301.0,-235.0,12.0,2026,9,24,15,3,Thursday,Automne,Jour_de_semaine,20361.0,41.6
France,Données temps réel,2026-09-24,12,2026-09-24 12:30:00,48904.0,48400,48500,37.0,0.0,1022.0,36769.0,699.0,587.0,112.0,16489.0,3414.0,-2024.0,1003.0,-8342.0,16.0,-3028,2400,-1975,-1857,-2925,2.0,35.0,0.0,0.0,194.0,829.0,0.0,1970.0,1226.0,219.0,411.0,291.0,301.0,-187.0,24.0,2026,9,24,30,3,Thursday,Automne,Jour_de_semaine,20602.0,42.1
France,Données temps réel,2026-09-24,12,2026-09-24 12:45:00,48795.0,48900,49000,36.0,0.0,1059.0,36711.0,696.0,599.0,98.0,16915.0,3314.0,-2024.0,1002.0,-8711.0,16.0,-3028,2018,-1975,-1857,-2803,1.0,35.0,0.0,0.0,195.0,866.0,0.0,1976.0,1120.0,218.0,409.0,291.0,301.0,-218.0,15.0,2026,9,24,45,3,Thursday,Automne,Jour_de_semaine,20925.0,42.9
France,Données temps réel,2026-09-24,13,2026-09-24 13:00:00,48351.0,49400,49500,36.0,0.0,1029.0,36621.0,689.0,595.0,95.0,17079.0,3292.0,-2020.0,1000.0,-9157.0,16.0,-3028,1998,-1975,-1857,-3148,1.0,35.0,0.0,0.0,195.0,835.0,0.0,1980.0,1093.0,220.0,408.0,291.0,301.0,-227.0,9.0,2026,9,24,0,3,Thursday,Automne,Jour_de_semaine,21060.0,43.6
France,Données temps réel,2026-09-24,13,2026-09-24 13:15:00,48374.0,48300,48450,36.0,0.0,956.0,36729.0,704.0,622.0,82.0,17203.0,3047.0,-1844.0,1011.0,-9193.0,16.0,-3028,1678,-1975,-1857,-3051,1.0,35.0,0.0,0.0,195.0,763.0,0.0,1895.0,1140.0,13.0,417.0,292.0,301.0,-272.0,0.0,2026,9,24,15,3,Thursday,Automne,Jour_de_semaine,20954.0,43.3
France,Données temps réel,2026-09-24,13,2026-09-24 13:30:00,48213.0,47200,47400,36.0,0.0,624.0,36593.0,683.0,612.0,71.0,17222.0,3003.0,-1912.0,1010.0,-8766.0,13.0,-3028,1778,-1975,-1857,-3246,1.0,35.0,0.0,0.0,196.0,429.0,0.0,1872.0,1118.0,13.0,417.0,292.0,301.0,-279.0,0.0,2026,9,24,30,3,Thursday,Automne,Jour_de_semaine,20908.0,43.4
France,Données temps réel,2026-09-24,13,2026-09-24 13:45:00,48126.0,46950,47200,36.0,0.0,390.0,36540.0,704.0,644.0,60.0,17300.0,2744.0,-1296.0,1007.0,-8850.0,12.0,-3028,1825,-1975,-1857,-3136,1.0,35.0,0.0,0.0,197.0,194.0,0.0,1765.0,968.0,12.0,414.0,292.0,301.0,-448.0,0.0,2026,9,24,45,3,Thursday,Automne,Jour_de_semaine,20748.0,43.1
France,Données temps réel,2026-09-24,14,2026-09-24 14:00:00,48667.0,46700,47000,35.0,0.0,497.0,36506.0,692.0,647.0,45.0,17008.0,2864.0,-1535.0,1005.0,-8043.0,13.0,-3028,2400,-1975,-1856,-2639,0.0,35.0,0.0,0.0,205.0,294.0,0.0,1741.0,1111.0,12.0,413.0,291.0,301.0,-362.0,0.0,2026,9,24,0,3,Thursday,Automne,Jour_de_semaine,20564.0,42.3
France,Données temps réel,2026-09-24,14,2026-09-24 14:15:00,48697.0,47400,47750,35.0,0.0,531.0,36591.0,694.0,663.0,31.0,16949.0,2839.0,-1701.0,1004.0,-7918.0,13.0,-3028,2390,-1975,-1857,-2703,0.0,35.0,0.0,0.0,195.0,336.0,0.0,1718.0,1109.0,12.0,413.0,290.0,301.0,-333.0,4.0,2026,9,24,15,3,Thursday,Automne,Jour_de_semaine,20482.0,42.1
France,Données temps réel,2026-09-24,14,2026-09-24 14:30:00,48427.0,48100,48500,35.0,0.0,556.0,36536.0,680.0,665.0,15.0,16426.0,2959.0,-1700.0,1001.0,-7735.0,13.0,-3028,2400,-1975,-1857,-2838,0.0,35.0,0.0,0.0,195.0,362.0,0.0,1696.0,1107.0,156.0,409.0,291.0,301.0,-332.0,2.0,2026,9,24,30,3,Thursday,Automne,Jour_de_semaine,20065.0,41.4
France,Données temps réel,2026-09-24,14,2026-09-24 14:45:00,48432.0,47900,48400,35.0,0.0,681.0,36500.0,664.0,659.0,5.0,16316.0,2922.0,-1538.0,1007.0,-7910.0,14.0,-3028,2360,-1975,-1857,-2961,0.0,35.0,0.0,0.0,202.0,480.0,0.0,1673.0,1095.0,155.0,415.0,291.0,301.0,-244.0,0.0,2026,9,24,45,3,Thursday,Automne,Jour_de_semaine,19902.0,41.1
France,Données temps réel,2026-09-24,15,2026-09-24 15:00:00,48519.0,47700,48300,35.0,0.0,638.0,36486.0,687.0,688.0,0.0,16241.0,2841.0,-1533.0,989.0,-7668.0,14.0,-2918,2400,-1975,-1804,-3265,0.0,35.0,0.0,0.0,199.0,441.0,0.0,1643.0,1183.0,15.0,396.0,291.0,301.0,-203.0,6.0,2026,9,24,0,3,Thursday,Automne,Jour_de_semaine,19769.0,40.7
France,Données temps réel,2026-09-24,15,2026-09-24 15:15:00,48615.0,47350,48000,35.0,0.0,661.0,36595.0,704.0,706.0,0.0,15724.0,2825.0,-1527.0,995.0,-7395.0,14.0,-2918,2400,-1975,-1836,-3300,0.0,35.0,0.0,0.0,184.0,478.0,0.0,1627.0,1182.0,16.0,401.0,292.0,301.0,-4.0,3.0,2026,9,24,15,3,Thursday,Automne,Jour_de_semaine,19253.0,39.6
France,Données temps réel,2026-09-24,15,2026-09-24 15:30:00,47993.0,47000,47700,35.0,0.0,926.0,36552.0,715.0,710.0,6.0,15249.0,2857.0,-1530.0,988.0,-7718.0,16.0,-2918,2400,-1975,-1844,-3366,0.0,35.0,0.0,0.0,184.0,743.0,0.0,1640.0,1205.0,12.0,394.0,293.0,301.0,-83.0,2.0,2026,9,24,30,3,Thursday,Automne,Jour_de_semaine,18821.0,39.2
France,Données temps réel,2026-09-24,15,2026-09-24 15:45:00,47374.0,46800,47600,35.0,0.0,978.0,36644.0,721.0,706.0,15.0,14582.0,3064.0,-1526.0,991.0,-8126.0,16.0,-2918,2400,-1975,-1853,-3010,0.0,35.0,0.0,0.0,185.0,795.0,0.0,1566.0,1487.0,12.0,398.0,292.0,301.0,-6.0,16.0,2026,9,24,45,3,Thursday,Automne,Jour_de_semaine,18367.0,38.8
France,Données temps réel,2026-09-24,16,2026-09-24 16:00:00,47518.0,46600,47500,35.0,0.0,918.0,36531.0,719.0,703.0,16.0,14086.0,2822.0,-1465.0,989.0,-7110.0,16.0,-2303,2400,-1975,-1857,-3328,0.0,35.0,0.0,0.0,184.0,735.0,0.0,1552.0,1255.0,15.0,395.0,293.0,301.0,-9.0,2.0,2026,9,24,0,3,Thursday,Automne,Jour_de_semaine,17627.0,37.1
France,Données temps réel,2026-09-24,16,2026-09-24 16:15:00,46982.0,46350,47300,35.0,0.0,898.0,36142.0,715.0,700.0,15.0,13432.0,3288.0,-1622.0,1003.0,-6903.0,16.0,-2303,2400,-1975,-1857,-3188,0.0,35.0,0.0,0.0,184.0,715.0,0.0,1597.0,1422.0,268.0,409.0,293.0,301.0,-7.0,2.0,2026,9,24,15,3,Thursday,Automne,Jour_de_semaine,17435.0,37.1
France,Données temps réel,2026-09-24,16,2026-09-24 16:30:00,46856.0,46100,47100,35.0,0.0,1031.0,35956.0,779.0,761.0,18.0,12748.0,3567.0,-1383.0,996.0,-6860.0,17.0,-2303,2400,-1975,-1857,-3018,0.0,35.0,0.0,0.0,192.0,840.0,0.0,1652.0,1580.0,334.0,402.0,293.0,301.0,-13.0,0.0,2026,9,24,30,3,Thursday,Automne,Jour_de_semaine,17094.0,36.5
France,Données temps réel,2026-09-24,16,2026-09-24 16:45:00,46801.0,45850,46950,35.0,0.0,1104.0,36459.0,798.0,775.0,23.0,11859.0,3641.0,-1149.0,995.0,-6931.0,18.0,-2303,2400,-1975,-1857,-2144,0.0,35.0,0.0,0.0,184.0,922.0,0.0,1683.0,1627.0,330.0,401.0,293.0,301.0,-10.0,1.0,2026,9,24,45,3,Thursday,Automne,Jour_de_semaine,16298.0,34.8
France,Données temps réel,2026-09-24,17,2026-09-24 17:00:00,46672.0,45600,46800,35.0,0.0,1361.0,36544.0,785.0,762.0,23.0,10831.0,3649.0,-983.0,992.0,-6529.0,20.0,-2333,2400,-1979,-1857,-1318,0.0,35.0,0.0,0.0,184.0,1178.0,0.0,1676.0,1657.0,315.0,400.0,291.0,301.0,-10.0,1.0,2026,9,24,0,3,Thursday,Automne,Jour_de_semaine,15265.0,32.7
France,Données temps réel,2026-09-24,17,2026-09-24 17:15:00,46916.0,45600,46650,35.0,0.0,1717.0,36580.0,788.0,758.0,30.0,9780.0,3526.0,-491.0,992.0,-5892.0,23.0,-2333,1800,-1646,-1857,-1938,0.0,35.0,0.0,0.0,185.0,1534.0,0.0,1716.0,1628.0,183.0,400.0,291.0,301.0,-115.0,0.0,2026,9,24,15,3,Thursday,Automne,Jour_de_semaine,14094.0,30.0
France,Données temps réel,2026-09-24,17,2026-09-24 17:30:00,46611.0,45600,46500,35.0,0.0,2551.0,36651.0,802.0,767.0,35.0,8696.0,3783.0,0.0,998.0,-6903.0,30.0,-2333,2100,-1738,-1795,-2703,0.0,35.0,0.0,0.0,184.0,2368.0,0.0,1712.0,1823.0,248.0,405.0,291.0,301.0,-4.0,5.0,2026,9,24,30,3,Thursday,Automne,Jour_de_semaine,13281.0,28.5
France,Données temps réel,2026-09-24,17,2026-09-24 17:45:00,46573.0,46200,46950,35.0,0.0,3428.0,36702.0,819.0,764.0,56.0,7614.0,4208.0,0.0,998.0,-7375.0,37.0,-2333,2100,-1120,-1607,-3099,0.0,35.0,0.0,0.0,191.0,3237.0,0.0,1711.0,2188.0,309.0,405.0,291.0,301.0,-8.0,156.0,2026,9,24,45,3,Thursday,Automne,Jour_de_semaine,12641.0,27.1
France,Données temps réel,2026-09-24,18,2026-09-24 18:00:00,47094.0,46800,47400,35.0,0.0,3624.0,36594.0,811.0,741.0,70.0,6452.0,4796.0,-1.0,990.0,-6194.0,39.0,715,1950,-1700,-1857,-4388,0.0,35.0,0.0,0.0,192.0,3433.0,0.0,1777.0,2284.0,734.0,397.0,291.0,301.0,-9.0,0.0,2026,9,24,0,3,Thursday,Automne,Jour_de_semaine,12059.0,25.6
France,Données temps réel,2026-09-24,18,2026-09-24 18:15:00,47466.0,47400,47850,35.0,0.0,3697.0,36664.0,833.0,750.0,82.0,5254.0,5282.0,0.0,989.0,-5285.0,40.0,715,1950,-2011,-1857,-3523,0.0,35.0,0.0,0.0,184.0,3514.0,0.0,1944.0,2179.0,1160.0,396.0,291.0,301.0,-4.0,1.0,2026,9,24,15,3,Thursday,Automne,Jour_de_semaine,11369.0,24.0
France,Données temps réel,2026-09-24,18,2026-09-24 18:30:00,47942.0,48000,48300,35.0,0.0,3805.0,36658.0,879.0,779.0,100.0,4128.0,6083.0,0.0,994.0,-4638.0,41.0,715,1950,-1410,-1857,-3586,0.0,35.0,0.0,0.0,183.0,3623.0,0.0,1957.0,2305.0,1820.0,401.0,291.0,301.0,-3.0,2.0,2026,9,24,30,3,Thursday,Automne,Jour_de_semaine,11090.0,23.1
France,Données temps réel,2026-09-24,18,2026-09-24 18:45:00,48474.0,48750,48900,35.0,0.0,3878.0,36740.0,894.0,806.0,88.0,3060.0,6978.0,-1.0,999.0,-4107.0,42.0,715,1700,-879,-1732,-3543,0.0,35.0,0.0,0.0,184.0,3695.0,0.0,2072.0,2578.0,2328.0,406.0,291.0,301.0,-7.0,6.0,2026,9,24,45,3,Thursday,Automne,Jour_de_semaine,10932.0,22.6
France,Données temps réel,2026-09-24,19,2026-09-24 19:00:00,49185.0,49500,49500,35.0,0.0,3950.0,36726.0,942.0,847.0,95.0,2038.0,7723.0,-10.0,991.0,-3454.0,42.0,523,732,-103,900,-5618,0.0,35.0,0.0,21.0,185.0,3744.0,0.0,2123.0,2749.0,2852.0,399.0,291.0,301.0,-2.0,247.0,2026,9,24,0,3,Thursday,Automne,Jour_de_semaine,10703.0,21.8
France,Données temps réel,2026-09-24,19,2026-09-24 19:15:00,48843.0,49350,49350,35.0,0.0,4223.0,36773.0,1007.0,900.0,107.0,1313.0,8331.0,-27.0,997.0,-3995.0,44.0,523,732,-246,892,-5204,0.0,35.0,0.0,174.0,185.0,3864.0,0.0,2203.0,2890.0,3239.0,404.0,292.0,301.0,-4.0,191.0,2026,9,24,15,3,Thursday,Automne,Jour_de_semaine,10651.0,21.8
France,Données temps réel,2026-09-24,19,2026-09-24 19:30:00,48281.0,49200,49200,35.0,0.0,4261.0,36806.0,1130.0,984.0,146.0,747.0,8355.0,-32.0,995.0,-4402.0,45.0,523,723,261,886,-5654,0.0,35.0,0.0,188.0,185.0,3887.0,0.0,2213.0,2872.0,3270.0,402.0,292.0,301.0,-2.0,388.0,2026,9,24,30,3,Thursday,Automne,Jour_de_semaine,10232.0,21.2
France,Données temps réel,2026-09-24,19,2026-09-24 19:45:00,48724.0,49100,49100,35.0,0.0,4345.0,36804.0,1266.0,1093.0,173.0,435.0,8483.0,-39.0,998.0,-3963.0,46.0,523,345,261,618,-5153,0.0,35.0,0.0,189.0,185.0,3970.0,0.0,2246.0,2984.0,3253.0,404.0,292.0,301.0,-3.0,363.0,2026,9,24,45,3,Thursday,Automne,Jour_de_semaine,10184.0,20.9
France,Données temps réel,2026-09-24,20,2026-09-24 20:00:00,48795.0,49000,49000,35.0,0.0,4470.0,36840.0,1379.0,1198.0,181.0,242.0,8459.0,-39.0,999.0,-3955.0,47.0,215,-1146,204,464,-3827,0.0,35.0,0.0,189.0,185.0,4095.0,0.0,2272.0,2987.0,3200.0,404.0,293.0,301.0,-1.0,366.0,2026,9,24,0,3,Thursday,Automne,Jour_de_semaine,10080.0,20.7
France,Données temps réel,2026-09-24,20,2026-09-24 20:15:00,48290.0,48600,48600,35.0,0.0,4633.0,36842.0,1493.0,1314.0,178.0,200.0,8351.0,-43.0,995.0,-4617.0,48.0,215,-2000,170,262,-3355,0.0,35.0,0.0,190.0,184.0,4258.0,0.0,2310.0,2838.0,3203.0,399.0,294.0,301.0,-10.0,411.0,2026,9,24,15,3,Thursday,Automne,Jour_de_semaine,10044.0,20.8
France,Données temps réel,2026-09-24,20,2026-09-24 20:30:00,47455.0,48200,48200,35.0,0.0,4629.0,36822.0,1699.0,1507.0,192.0,189.0,8114.0,-46.0,1000.0,-5349.0,48.0,215,-2000,133,392,-4398,0.0,35.0,0.0,190.0,184.0,4254.0,0.0,2292.0,2764.0,3058.0,402.0,296.0,301.0,-12.0,375.0,2026,9,24,30,3,Thursday,Automne,Jour_de_semaine,10002.0,21.1
France,Données temps réel,2026-09-24,20,2026-09-24 20:45:00,46471.0,47250,47250,35.0,0.0,4641.0,36838.0,1919.0,1722.0,197.0,189.0,7927.0,-48.0,999.0,-6351.0,48.0,215,-2000,-374,487,-4039,0.0,35.0,0.0,192.0,185.0,4265.0,0.0,2268.0,2662.0,2997.0,401.0,296.0,301.0,-11.0,333.0,2026,9,24,45,3,Thursday,Automne,Jour_de_semaine,10035.0,21.6
France,Données temps réel,2026-09-24,21,2026-09-24 21:00:00,45542.0,46300,46300,35.0,0.0,4648.0,36856.0,2116.0,1906.0,210.0,180.0,7615.0,0.0,1002.0,-7234.0,48.0,299,-2250,-203,-1004,-3761,0.0,35.0,0.0,192.0,184.0,4272.0,0.0,2225.0,2612.0,2778.0,404.0,297.0,301.0,-16.0,340.0,2026,9,24,0,3,Thursday,Automne,Jour_de_semaine,9911.0,21.8
France,Données temps réel,2026-09-24,21,2026-09-24 21:15:00,44527.0,45600,45600,35.0,0.0,4666.0,36971.0,2368.0,2150.0,217.0,0.0,7415.0,0.0,1001.0,-7987.0,48.0,299,-2250,-988,-1216,-3076,0.0,35.0,0.0,191.0,186.0,4289.0,0.0,2191.0,2509.0,2716.0,403.0,296.0,301.0,-23.0,80.0,2026,9,24,15,3,Thursday,Automne,Jour_de_semaine,9783.0,22.0
France,Données temps réel,2026-09-24,21,2026-09-24 21:30:00,43700.0,44900,44900,35.0,0.0,4617.0,36976.0,2588.0,2372.0,216.0,0.0,6917.0,-1.0,1003.0,-8402.0,48.0,299,-2250,-487,-1116,-3734,0.0,35.0,0.0,193.0,185.0,4239.0,0.0,2188.0,2367.0,2361.0,405.0,297.0,301.0,-35.0,2.0,2026,9,24,30,3,Thursday,Automne,Jour_de_semaine,9505.0,21.8
France,Données temps réel,2026-09-24,21,2026-09-24 21:45:00,43271.0,44150,44150,36.0,0.0,4617.0,36969.0,2830.0,2628.0,202.0,0.0,6592.0,0.0,1000.0,-8627.0,48.0,299,-2250,-623,-1179,-3876,1.0,35.0,0.0,193.0,185.0,4238.0,0.0,2166.0,2189.0,2237.0,402.0,297.0,301.0,-147.0,3.0,2026,9,24,45,3,Thursday,Automne,Jour_de_semaine,9422.0,21.8
France,Données temps réel,2026-09-24,22,2026-09-24 22:00:00,42855.0,43400,43400,36.0,0.0,4679.0,37000.0,3055.0,2868.0,186.0,0.0,6206.0,0.0,998.0,-9091.0,48.0,712,-2250,-587,-1351,-3432,1.0,35.0,0.0,194.0,185.0,4300.0,0.0,2168.0,2171.0,1867.0,401.0,296.0,301.0,-28.0,1.0,2026,9,24,0,3,Thursday,Automne,Jour_de_semaine,9261.0,21.6
France,Données temps réel,2026-09-24,22,2026-09-24 22:15:00,43080.0,43950,43950,36.0,0.0,4654.0,37216.0,3175.0,2995.0,180.0,0.0,5360.0,-1.0,1003.0,-8363.0,49.0,712,-2250,-538,-1509,-4094,1.0,35.0,0.0,194.0,185.0,4275.0,0.0,2173.0,1900.0,1288.0,405.0,297.0,301.0,-5.0,6.0,2026,9,24,15,3,Thursday,Automne,Jour_de_semaine,8535.0,19.8
France,Données temps réel,2026-09-24,22,2026-09-24 22:30:00,43262.0,44500,44500,36.0,0.0,4631.0,37441.0,3284.0,3111.0,174.0,0.0,5155.0,-1.0,997.0,-8269.0,48.0,712,-2167,-196,-1679,-3330,1.0,35.0,0.0,195.0,185.0,4251.0,0.0,2163.0,1834.0,1157.0,399.0,297.0,301.0,-13.0,2.0,2026,9,24,30,3,Thursday,Automne,Jour_de_semaine,8439.0,19.5
France,Données temps réel,2026-09-24,22,2026-09-24 22:45:00,44149.0,44900,44900,36.0,0.0,4659.0,37565.0,3394.0,3209.0,185.0,0.0,5071.0,0.0,995.0,-7552.0,49.0,712,-2250,-295,-1760,-3306,1.0,35.0,0.0,193.0,185.0,4281.0,0.0,2167.0,1747.0,1158.0,397.0,297.0,301.0,-19.0,1.0,2026,9,24,45,3,Thursday,Automne,Jour_de_semaine,8465.0,19.2
France,Données temps réel,2026-09-24,23,2026-09-24 23:00:00,43323.0,45300,45300,36.0,0.0,4633.0,37682.0,3447.0,3241.0,206.0,0.0,4776.0,-2.0,1009.0,-8252.0,49.0,1094,-2215,-619,-1322,-4093,1.0,35.0,0.0,119.0,185.0,4329.0,0.0,2185.0,1748.0,844.0,411.0,296.0,301.0,-5.0,4.0,2026,9,24,0,3,Thursday,Automne,Jour_de_semaine,8223.0,19.0
France,Données temps réel,2026-09-24,23,2026-09-24 23:15:00,43020.0,44650,44650,36.0,0.0,4452.0,37696.0,3542.0,3344.0,198.0,0.0,5020.0,-1.0,1007.0,-8727.0,47.0,1094,-2157,-1751,-1132,-3761,1.0,35.0,0.0,0.0,185.0,4269.0,0.0,2015.0,1954.0,1051.0,410.0,296.0,301.0,-5.0,5.0,2026,9,24,15,3,Thursday,Automne,Jour_de_semaine,8562.0,19.9
France,Données temps réel,2026-09-24,23,2026-09-24 23:30:00,42229.0,44000,44000,36.0,0.0,4147.0,37690.0,3627.0,3431.0,196.0,0.0,4327.0,-1.0,1006.0,-8464.0,45.0,1094,-1817,-1693,-1388,-3270,1.0,35.0,0.0,0.0,186.0,3963.0,0.0,2011.0,1641.0,675.0,408.0,297.0,301.0,-137.0,4.0,2026,9,24,30,3,Thursday,Automne,Jour_de_semaine,7954.0,18.8
France,Données temps réel,2026-09-24,23,2026-09-24 23:45:00,42584.0,43350,43200,35.0,0.0,3884.0,37723.0,3723.0,3553.0,170.0,0.0,4341.0,-1.0,1008.0,-8111.0,43.0,1094,-1386,-1310,-1541,-4262,0.0,35.0,0.0,0.0,185.0,3700.0,0.0,1987.0,1638.0,716.0,409.0,298.0,301.0,-18.0,4.0,2026,9,24,45,3,Thursday,Automne,Jour_de_semaine,8064.0,18.9
France,Données temps réel,2026-09-25,0,2026-09-25 00:00:00,41590.0,42700,42400,36.0,0.0,3717.0,37702.0,3827.0,3680.0,147.0,0.0,3883.0,-1.0,1013.0,-8424.0,42.0,2025,-2276,-1653,-1795,-4206,1.0,35.0,0.0,0.0,184.0,3535.0,0.0,1970.0,1629.0,283.0,414.0,298.0,301.0,-162.0,4.0,2026,9,25,0,4,Friday,Automne,Jour_de_semaine,7710.0,18.5
France,Données temps réel,2026-09-25,0,2026-09-25 00:15:00,41692.0,41900,41750,36.0,0.0,3974.0,37766.0,3891.0,3784.0,107.0,0.0,3769.0,0.0,1012.0,-8684.0,44.0,2025,-2497,-1711,-1799,-4504,1.0,35.0,0.0,0.0,184.0,3791.0,0.0,1979.0,1446.0,344.0,413.0,298.0,301.0,-71.0,4.0,2026,9,25,15,4,Friday,Automne,Jour_de_semaine,7660.0,18.4
France,Données temps réel,2026-09-25,0,2026-09-25 00:30:00,40347.0,41100,41100,37.0,0.0,3534.0,37836.0,3921.0,3817.0,105.0,0.0,3739.0,0.0,1011.0,-9710.0,41.0,2025,-2497,-1749,-1805,-4837,2.0,35.0,0.0,0.0,185.0,3351.0,0.0,1987.0,1414.0,338.0,412.0,298.0,301.0,-23.0,4.0,2026,9,25,30,4,Friday,Automne,Jour_de_semaine,7660.0,19.0
France,Données temps réel,2026-09-25,0,2026-09-25 00:45:00,39586.0,40400,40400,37.0,0.0,3407.0,37852.0,3962.0,3841.0,121.0,0.0,3615.0,0.0,997.0,-9909.0,40.0,2025,-2497,-1816,-1791,-5197,2.0,35.0,0.0,0.0,185.0,3222.0,0.0,1957.0,1376.0,282.0,398.0,298.0,301.0,-371.0,0.0,2026,9,25,45,4,Friday,Automne,Jour_de_semaine,7577.0,19.1
France,Données temps réel,2026-09-25,1,2026-09-25 01:00:00,39113.0,39700,39700,37.0,0.0,3171.0,37869.0,4013.0,3886.0,127.0,0.0,3380.0,0.0,1013.0,-10000.0,38.0,1788,-2443,-1878,-1855,-4700,2.0,35.0,0.0,0.0,185.0,2988.0,0.0,1958.0,1362.0,60.0,414.0,298.0,301.0,-366.0,0.0,2026,9,25,0,4,Friday,Automne,Jour_de_semaine,7393.0,18.9
France,Données temps réel,2026-09-25,1,2026-09-25 01:15:00,39234.0,39900,39900,37.0,0.0,3310.0,37870.0,4023.0,3874.0,149.0,0.0,3338.0,0.0,1011.0,-10336.0,39.0,1788,-2465,-1878,-1853,-4771,2.0,35.0,0.0,0.0,186.0,3125.0,0.0,1979.0,1297.0,63.0,412.0,298.0,301.0,-15.0,1.0,2026,9,25,15,4,Friday,Automne,Jour_de_semaine,7361.0,18.8
France,Données temps réel,2026-09-25,1,2026-09-25 01:30:00,38697.0,40100,40100,37.0,0.0,2915.0,37850.0,4010.0,3852.0,158.0,0.0,3211.0,-1.0,1008.0,-10196.0,36.0,1788,-2412,-1878,-1854,-4470,2.0,35.0,0.0,0.0,185.0,2732.0,0.0,1966.0,1185.0,60.0,409.0,298.0,301.0,-132.0,0.0,2026,9,25,30,4,Friday,Automne,Jour_de_semaine,7221.0,18.7
France,Données temps réel,2026-09-25,1,2026-09-25 01:45:00,38413.0,39500,39500,36.0,0.0,2400.0,37866.0,4000.0,3829.0,171.0,0.0,3058.0,-8.0,1009.0,-9858.0,32.0,1788,-2452,-1834,-1854,-4696,1.0,35.0,0.0,0.0,185.0,2217.0,0.0,1954.0,1043.0,62.0,410.0,298.0,301.0,-96.0,10.0,2026,9,25,45,4,Friday,Automne,Jour_de_semaine,7058.0,18.4
France,Données temps réel,2026-09-25,2,2026-09-25 02:00:00,37820.0,38900,38900,37.0,0.0,2085.0,37885.0,3886.0,3675.0,211.0,0.0,2981.0,-174.0,1006.0,-9863.0,30.0,1169,-2105,-1857,-1857,-4408,2.0,35.0,0.0,0.0,185.0,1901.0,0.0,1908.0,1011.0,62.0,409.0,296.0,301.0,-22.0,1.0,2026,9,25,0,4,Friday,Automne,Jour_de_semaine,6867.0,18.2
France,Données temps réel,2026-09-25,2,2026-09-25 02:15:00,37536.0,38100,38100,37.0,0.0,2248.0,37613.0,3773.0,3546.0,227.0,0.0,3009.0,-173.0,1011.0,-9919.0,31.0,1169,-2076,-1878,-1857,-4833,2.0,35.0,0.0,0.0,184.0,2064.0,0.0,1893.0,1054.0,62.0,412.0,298.0,301.0,-68.0,8.0,2026,9,25,15,4,Friday,Automne,Jour_de_semaine,6782.0,18.1
France,Données temps réel,2026-09-25,2,2026-09-25 02:30:00,36395.0,37300,37300,35.0,0.0,1760.0,37405.0,3684.0,3457.0,227.0,0.0,2991.0,-174.0,1006.0,-10278.0,27.0,1169,-1964,-1878,-1857,-5213,0.0,35.0,0.0,0.0,184.0,1577.0,0.0,1928.0,1003.0,60.0,412.0,293.0,301.0,-36.0,5.0,2026,9,25,30,4,Friday,Automne,Jour_de_semaine,6675.0,18.3
France,Données temps réel,2026-09-25,2,2026-09-25 02:45:00,35758.0,36750,36750,37.0,0.0,1597.0,37979.0,3649.0,3419.0,230.0,0.0,2850.0,-191.0,1007.0,-11075.0,26.0,1169,-2368,-1878,-1857,-5241,2.0,35.0,0.0,0.0,185.0,1413.0,0.0,1861.0,929.0,60.0,413.0,293.0,301.0,-95.0,4.0,2026,9,25,45,4,Friday,Automne,Jour_de_semaine,6499.0,18.2
France,Données temps réel,2026-09-25,3,2026-09-25 03:00:00,35253.0,36200,36200,37.0,0.0,1517.0,38173.0,3594.0,3379.0,214.0,0.0,2853.0,-192.0,1005.0,-11480.0,25.0,124,-2442,-1787,-1857,-5454,2.0,35.0,0.0,0.0,184.0,1335.0,0.0,1839.0,951.0,63.0,410.0,293.0,301.0,-258.0,7.0,2026,9,25,0,4,Friday,Automne,Jour_de_semaine,6447.0,18.3
France,Données temps réel,2026-09-25,3,2026-09-25 03:15:00,35141.0,35850,35850,35.0,0.0,1574.0,38203.0,3514.0,3303.0,210.0,0.0,2907.0,-253.0,1006.0,-11835.0,25.0,124,-2497,-1807,-1857,-5542,0.0,35.0,0.0,0.0,185.0,1390.0,0.0,1795.0,1050.0,62.0,412.0,293.0,301.0,-15.0,5.0,2026,9,25,15,4,Friday,Automne,Jour_de_semaine,6421.0,18.3
France,Données temps réel,2026-09-25,3,2026-09-25 03:30:00,34661.0,35500,35500,37.0,0.0,1567.0,38251.0,3419.0,3210.0,209.0,0.0,2846.0,-263.0,1014.0,-12139.0,25.0,124,-2497,-1807,-1857,-5453,2.0,35.0,0.0,0.0,185.0,1384.0,0.0,1773.0,1012.0,62.0,420.0,293.0,301.0,-76.0,4.0,2026,9,25,30,4,Friday,Automne,Jour_de_semaine,6265.0,18.1
France,Données temps réel,2026-09-25,3,2026-09-25 03:45:00,34441.0,35250,35250,36.0,0.0,1464.0,38550.0,3355.0,3136.0,219.0,0.0,2756.0,-264.0,1008.0,-12356.0,24.0,124,-2497,-1807,-1857,-5346,1.0,35.0,0.0,0.0,185.0,1281.0,0.0,1740.0,954.0,62.0,413.0,293.0,301.0,-111.0,3.0,2026,9,25,45,4,Friday,Automne,Jour_de_semaine,6111.0,17.7
France,Données temps réel,2026-09-25,4,2026-09-25 04:00:00,34311.0,35000,35000,36.0,0.0,1334.0,38918.0,3326.0,3097.0,229.0,0.0,2803.0,-496.0,1011.0,-12602.0,23.0,-378,-2497,-1807,-1857,-5064,1.0,35.0,0.0,0.0,186.0,1150.0,0.0,1709.0,1031.0,63.0,416.0,293.0,301.0,-20.0,3.0,2026,9,25,0,4,Friday,Automne,Jour_de_semaine,6129.0,17.9
France,Données temps réel,2026-09-25,4,2026-09-25 04:15:00,34369.0,34900,34900,36.0,0.0,1522.0,39079.0,3294.0,3040.0,254.0,0.0,2776.0,-824.0,1013.0,-12371.0,25.0,-378,-2497,-1807,-1857,-5054,1.0,35.0,0.0,0.0,184.0,1339.0,0.0,1702.0,1013.0,62.0,419.0,293.0,301.0,-156.0,1.0,2026,9,25,15,4,Friday,Automne,Jour_de_semaine,6070.0,17.7
France,Données temps réel,2026-09-25,4,2026-09-25 04:30:00,34207.0,34800,34800,36.0,0.0,1409.0,39105.0,3289.0,3002.0,286.0,0.0,2714.0,-755.0,1011.0,-12238.0,24.0,-378,-2497,-1807,-1857,-5108,1.0,35.0,0.0,0.0,185.0,1225.0,0.0,1681.0,972.0,61.0,416.0,293.0,301.0,-363.0,1.0,2026,9,25,30,4,Friday,Automne,Jour_de_semaine,6003.0,17.5
France,Données temps réel,2026-09-25,4,2026-09-25 04:45:00,34240.0,35150,35150,37.0,0.0,1555.0,39125.0,3284.0,2986.0,297.0,0.0,2797.0,-759.0,1008.0,-12678.0,25.0,-378,-2492,-1807,-1857,-4817,2.0,35.0,0.0,0.0,185.0,1371.0,0.0,1731.0,1004.0,62.0,413.0,293.0,301.0,-128.0,0.0,2026,9,25,45,4,Friday,Automne,Jour_de_semaine,6081.0,17.8
France,Données temps réel,2026-09-25,5,2026-09-25 05:00:00,34696.0,35500,35500,37.0,0.0,1637.0,39115.0,3283.0,2995.0,288.0,0.0,2793.0,-751.0,1012.0,-12295.0,26.0,222,-2438,-1807,-1857,-5220,2.0,35.0,0.0,0.0,185.0,1454.0,0.0,1722.0,1009.0,63.0,418.0,293.0,301.0,-136.0,0.0,2026,9,25,0,4,Friday,Automne,Jour_de_semaine,6076.0,17.5
France,Données temps réel,2026-09-25,5,2026-09-25 05:15:00,35473.0,36050,36050,37.0,0.0,1716.0,39140.0,3197.0,2932.0,265.0,0.0,2897.0,-752.0,1014.0,-11520.0,26.0,222,-2449,-1807,-1857,-5131,2.0,35.0,0.0,0.0,185.0,1532.0,0.0,1732.0,1103.0,62.0,420.0,293.0,301.0,-255.0,0.0,2026,9,25,15,4,Friday,Automne,Jour_de_semaine,6094.0,17.2
France,Données temps réel,2026-09-25,5,2026-09-25 05:30:00,35765.0,36600,36600,35.0,0.0,1523.0,39150.0,3145.0,2912.0,233.0,0.0,2834.0,-343.0,1014.0,-11464.0,25.0,222,-2432,-1807,-1857,-5382,0.0,35.0,0.0,0.0,184.0,1340.0,0.0,1731.0,1042.0,61.0,420.0,293.0,301.0,-130.0,1.0,2026,9,25,30,4,Friday,Automne,Jour_de_semaine,5979.0,16.7
France,Données temps réel,2026-09-25,5,2026-09-25 05:45:00,36409.0,37450,37450,37.0,0.0,1957.0,39138.0,3100.0,2866.0,234.0,0.0,2919.0,-346.0,1018.0,-11404.0,28.0,222,-2497,-1807,-1857,-5497,2.0,35.0,0.0,0.0,184.0,1774.0,0.0,1734.0,1122.0,62.0,423.0,293.0,301.0,-9.0,1.0,2026,9,25,45,4,Friday,Automne,Jour_de_semaine,6019.0,16.5
France,Données temps réel,2026-09-25,6,2026-09-25 06:00:00,37462.0,38300,38300,37.0,0.0,2666.0,38967.0,3075.0,2835.0,240.0,0.0,2980.0,-21.0,1011.0,-11221.0,34.0,917,-1403,-1807,-1857,-6298,2.0,35.0,0.0,0.0,185.0,2482.0,0.0,1708.0,1210.0,62.0,416.0,293.0,301.0,-30.0,0.0,2026,9,25,0,4,Friday,Automne,Jour_de_semaine,6055.0,16.2
France,Données temps réel,2026-09-25,6,2026-09-25 06:15:00,38745.0,39400,39400,37.0,0.0,3028.0,38972.0,3089.0,2877.0,212.0,0.0,3513.0,-2.0,1009.0,-10930.0,37.0,917,-1354,-1807,-1857,-6359,2.0,35.0,0.0,0.0,185.0,2845.0,0.0,1732.0,1601.0,180.0,416.0,291.0,301.0,-10.0,41.0,2026,9,25,15,4,Friday,Automne,Jour_de_semaine,6602.0,17.0
France,Données temps réel,2026-09-25,6,2026-09-25 06:30:00,39721.0,40500,40500,37.0,0.0,3350.0,39004.0,3089.0,2902.0,187.0,0.0,3997.0,0.0,1009.0,-10755.0,39.0,917,-1370,-1807,-1857,-6294,2.0,35.0,0.0,0.0,184.0,3167.0,0.0,1749.0,1518.0,730.0,415.0,293.0,301.0,-12.0,1.0,2026,9,25,30,4,Friday,Automne,Jour_de_semaine,7086.0,17.8
France,Données temps réel,2026-09-25,6,2026-09-25 06:45:00,40844.0,41550,41550,37.0,0.0,3360.0,38994.0,3142.0,2958.0,183.0,0.0,4540.0,-1.0,1007.0,-10223.0,38.0,917,-576,-1807,-1857,-6338,2.0,35.0,0.0,0.0,184.0,3177.0,0.0,1759.0,1635.0,1147.0,413.0,292.0,301.0,-12.0,1.0,2026,9,25,45,4,Friday,Automne,Jour_de_semaine,7682.0,18.8
France,Données temps réel,2026-09-25,7,2026-09-25 07:00:00,42190.0,42600,42600,37.0,0.0,3369.0,38990.0,3117.0,2938.0,179.0,182.0,4989.0,0.0,1004.0,-9525.0,38.0,515,-515,-1975,-1857,-5393,2.0,35.0,0.0,0.0,185.0,3185.0,0.0,1847.0,1660.0,1482.0,410.0,293.0,301.0,-12.0,39.0,2026,9,25,0,4,Friday,Automne,Jour_de_semaine,8288.0,19.6
France,Données temps réel,2026-09-25,7,2026-09-25 07:15:00,43463.0,43450,43450,37.0,0.0,3377.0,39170.0,3219.0,3032.0,187.0,184.0,5725.0,-1.0,1006.0,-9480.0,37.0,515,-825,-1975,-1857,-5215,2.0,35.0,0.0,0.0,185.0,3194.0,0.0,1972.0,1671.0,2081.0,411.0,293.0,301.0,-3.0,231.0,2026,9,25,15,4,Friday,Automne,Jour_de_semaine,9128.0,21.0
France,Données temps réel,2026-09-25,7,2026-09-25 07:30:00,43902.0,44300,44300,37.0,0.0,3370.0,39171.0,3247.0,3041.0,206.0,188.0,6095.0,-17.0,1009.0,-9532.0,37.0,515,-913,-1975,-1857,-5371,2.0,35.0,0.0,0.0,185.0,3187.0,0.0,1997.0,1709.0,2388.0,414.0,293.0,301.0,-13.0,348.0,2026,9,25,30,4,Friday,Automne,Jour_de_semaine,9530.0,21.7
France,Données temps réel,2026-09-25,7,2026-09-25 07:45:00,44279.0,44950,44750,37.0,0.0,3375.0,39191.0,3310.0,3092.0,218.0,236.0,6806.0,-27.0,1005.0,-10068.0,37.0,515,-1296,-1975,-1857,-5144,2.0,35.0,0.0,0.0,185.0,3191.0,0.0,2110.0,1893.0,2804.0,411.0,293.0,301.0,-1.0,416.0,2026,9,25,45,4,Friday,Automne,Jour_de_semaine,10352.0,23.4
France,Données temps réel,2026-09-25,8,2026-09-25 08:00:00,44677.0,45600,45200,37.0,0.0,3376.0,39175.0,3499.0,3224.0,276.0,481.0,7151.0,-34.0,1003.0,-10427.0,36.0,-218,-262,-1975,-1794,-5362,2.0,35.0,0.0,0.0,186.0,3191.0,0.0,2157.0,2176.0,2818.0,409.0,292.0,301.0,0.0,418.0,2026,9,25,0,4,Friday,Automne,Jour_de_semaine,11131.0,24.9
France,Données temps réel,2026-09-25,8,2026-09-25 08:15:00,45508.0,46050,45450,37.0,0.0,3377.0,38728.0,3522.0,3224.0,299.0,986.0,7192.0,-38.0,997.0,-9692.0,36.0,-218,-1060,-1975,-1857,-4759,2.0,35.0,0.0,0.0,184.0,3194.0,0.0,2104.0,2296.0,2791.0,403.0,292.0,301.0,-8.0,407.0,2026,9,25,15,4,Friday,Automne,Jour_de_semaine,11700.0,25.7
France,Données temps réel,2026-09-25,8,2026-09-25 08:30:00,45547.0,46500,45700,37.0,0.0,3502.0,38237.0,3451.0,3140.0,311.0,1649.0,6880.0,-41.0,994.0,-9565.0,37.0,-218,-251,-1952,-1857,-5227,2.0,35.0,0.0,0.0,186.0,3318.0,0.0,2184.0,2147.0,2550.0,401.0,292.0,301.0,-3.0,406.0,2026,9,25,30,4,Friday,Automne,Jour_de_semaine,11980.0,26.3
France,Données temps réel,2026-09-25,8,2026-09-25 08:45:00,45702.0,46850,45900,36.0,0.0,3399.0,38110.0,3368.0,3091.0,278.0,2687.0,6449.0,-47.0,994.0,-9449.0,36.0,-218,598,-1975,-1857,-5832,1.0,35.0,0.0,0.0,185.0,3215.0,0.0,2106.0,2003.0,2340.0,400.0,292.0,301.0,-11.0,167.0,2026,9,25,45,4,Friday,Automne,Jour_de_semaine,12504.0,27.4
France,Données temps réel,2026-09-25,9,2026-09-25 09:00:00,45772.0,47200,46100,37.0,0.0,2848.0,38163.0,3182.0,2943.0,239.0,3711.0,6105.0,-205.0,1007.0,-9145.0,32.0,-3028,857,-1976,-1857,-3068,2.0,35.0,0.0,0.0,186.0,2663.0,0.0,2022.0,1935.0,2148.0,413.0,293.0,301.0,-1.0,71.0,2026,9,25,0,4,Friday,Automne,Jour_de_semaine,12998.0,28.4
France,Données temps réel,2026-09-25,9,2026-09-25 09:15:00,46046.0,47300,46300,37.0,0.0,2691.0,38104.0,2936.0,2732.0,204.0,5128.0,5843.0,-17.0,1006.0,-9693.0,30.0,-3028,670,-1976,-1857,-3033,2.0,35.0,0.0,0.0,185.0,2507.0,0.0,1891.0,1614.0,2337.0,412.0,293.0,301.0,-3.0,13.0,2026,9,25,15,4,Friday,Automne,Jour_de_semaine,13907.0,30.2
France,Données temps réel,2026-09-25,9,2026-09-25 09:30:00,46234.0,47400,46500,36.0,0.0,2432.0,38094.0,2637.0,2448.0,189.0,6556.0,4603.0,-160.0,1009.0,-8980.0,28.0,-3028,1600,-1976,-1857,-2785,1.0,35.0,0.0,0.0,185.0,2248.0,0.0,1870.0,1475.0,1259.0,415.0,293.0,301.0,-10.0,17.0,2026,9,25,30,4,Friday,Automne,Jour_de_semaine,13796.0,29.8
France,Données temps réel,2026-09-25,9,2026-09-25 09:45:00,46235.0,47400,46600,37.0,0.0,1361.0,38047.0,2345.0,2182.0,163.0,8074.0,4052.0,-161.0,1007.0,-8541.0,20.0,-3028,2400,-1976,-1857,-3003,2.0,35.0,0.0,0.0,186.0,1177.0,0.0,1892.0,1318.0,841.0,411.0,294.0,301.0,-8.0,24.0,2026,9,25,45,4,Friday,Automne,Jour_de_semaine,14471.0,31.3
France,Données temps réel,2026-09-25,10,2026-09-25 10:00:00,46607.0,47400,46700,37.0,0.0,997.0,37589.0,2053.0,1916.0,137.0,9490.0,3481.0,-206.0,1000.0,-7826.0,17.0,-3028,2400,-1976,-1857,-3495,2.0,35.0,0.0,0.0,184.0,814.0,0.0,1907.0,1413.0,161.0,405.0,293.0,301.0,-9.0,0.0,2026,9,25,0,4,Friday,Automne,Jour_de_semaine,15024.0,32.2
France,Données temps réel,2026-09-25,10,2026-09-25 10:15:00,46895.0,47650,47050,37.0,0.0,812.0,37339.0,1766.0,1641.0,125.0,11090.0,3267.0,-224.0,1005.0,-8182.0,16.0,-3028,2400,-1976,-1857,-3606,2.0,35.0,0.0,0.0,186.0,628.0,0.0,1943.0,1163.0,161.0,411.0,293.0,301.0,-18.0,2.0,2026,9,25,15,4,Friday,Automne,Jour_de_semaine,16123.0,34.4
France,Données temps réel,2026-09-25,10,2026-09-25 10:30:00,46888.0,47900,47400,37.0,0.0,684.0,37368.0,1588.0,1475.0,113.0,12333.0,3205.0,-973.0,999.0,-8304.0,15.0,-3028,2362,-1976,-1857,-3224,2.0,35.0,0.0,0.0,185.0,500.0,0.0,1964.0,1066.0,174.0,405.0,293.0,301.0,-62.0,15.0,2026,9,25,30,4,Friday,Automne,Jour_de_semaine,17126.0,36.5
France,Données temps réel,2026-09-25,10,2026-09-25 10:45:00,47507.0,47850,47450,37.0,0.0,539.0,37250.0,1466.0,1333.0,132.0,13840.0,2809.0,-1312.0,1000.0,-8012.0,13.0,-3028,2362,-1976,-1857,-3539,2.0,35.0,0.0,0.0,184.0,356.0,0.0,1875.0,759.0,175.0,413.0,286.0,301.0,-110.0,1.0,2026,9,25,45,4,Friday,Automne,Jour_de_semaine,18115.0,38.1
France,Données temps réel,2026-09-25,11,2026-09-25 11:00:00,47604.0,47800,47500,37.0,0.0,550.0,37337.0,1338.0,1229.0,109.0,14909.0,2688.0,-1481.0,989.0,-8645.0,13.0,-3028,2400,-1976,-1857,-3618,2.0,35.0,0.0,0.0,186.0,366.0,0.0,1902.0,612.0,174.0,407.0,281.0,301.0,-117.0,0.0,2026,9,25,0,4,Friday,Automne,Jour_de_semaine,18935.0,39.8
France,Données temps réel,2026-09-25,11,2026-09-25 11:15:00,48174.0,48050,47850,37.0,0.0,556.0,37174.0,1272.0,1165.0,107.0,16105.0,2659.0,-1805.0,989.0,-8705.0,13.0,-3028,2256,-1976,-1857,-3593,2.0,35.0,0.0,0.0,185.0,373.0,0.0,1915.0,517.0,226.0,410.0,278.0,301.0,-110.0,2.0,2026,9,25,15,4,Friday,Automne,Jour_de_semaine,20036.0,41.6
France,Données temps réel,2026-09-25,11,2026-09-25 11:30:00,47963.0,48300,48200,37.0,0.0,562.0,36724.0,1220.0,1112.0,108.0,16815.0,2421.0,-1803.0,995.0,-8940.0,13.0,-3028,2051,-1976,-1857,-3582,2.0,35.0,0.0,0.0,187.0,377.0,0.0,1950.0,382.0,89.0,416.0,278.0,301.0,-69.0,2.0,2026,9,25,30,4,Friday,Automne,Jour_de_semaine,20456.0,42.6
France,Données temps réel,2026-09-25,11,2026-09-25 11:45:00,48343.0,48650,48650,37.0,0.0,296.0,36080.0,1247.0,1114.0,133.0,17650.0,2430.0,-1806.0,988.0,-8545.0,11.0,-3028,2046,-1976,-1857,-3505,2.0,35.0,0.0,0.0,196.0,101.0,0.0,1955.0,309.0,166.0,415.0,271.0,301.0,-34.0,2.0,2026,9,25,45,4,Friday,Automne,Jour_de_semaine,21327.0,44.1
France,Données temps réel,2026-09-25,12,2026-09-25 12:00:00,48759.0,49000,49100,37.0,0.0,297.0,35969.0,1268.0,1119.0,150.0,18318.0,2374.0,-1803.0,987.0,-8614.0,11.0,-3028,1969,-1976,-1857,-3559,2.0,35.0,0.0,0.0,193.0,106.0,0.0,1975.0,232.0,168.0,415.0,271.0,301.0,-76.0,2.0,2026,9,25,0,4,Friday,Automne,Jour_de_semaine,21960.0,45.0
France,Données temps réel,2026-09-25,12,2026-09-25 12:15:00,48654.0,48800,48900,37.0,0.0,295.0,35958.0,1268.0,1115.0,153.0,18900.0,2310.0,-2039.0,988.0,-8792.0,11.0,-3028,1690,-1976,-1857,-3395,2.0,35.0,0.0,0.0,195.0,102.0,0.0,1966.0,189.0,155.0,417.0,270.0,301.0,-271.0,0.0,2026,9,25,15,4,Friday,Automne,Jour_de_semaine,22478.0,46.2
France,Données temps réel,2026-09-25,12,2026-09-25 12:30:00,48993.0,48600,48700,37.0,0.0,290.0,35820.0,1303.0,1145.0,157.0,19364.0,2306.0,-2040.0,989.0,-8812.0,11.0,-3028,1564,-1976,-1857,-2717,2.0,35.0,0.0,0.0,185.0,106.0,0.0,1965.0,186.0,156.0,417.0,271.0,301.0,-263.0,0.0,2026,9,25,30,4,Friday,Automne,Jour_de_semaine,22973.0,46.9
France,Données temps réel,2026-09-25,12,2026-09-25 12:45:00,48983.0,49000,49100,37.0,0.0,292.0,35948.0,1326.0,1174.0,153.0,19651.0,2298.0,-2094.0,990.0,-9136.0,11.0,-3028,1183,-1976,-1857,-2533,2.0,35.0,0.0,0.0,185.0,109.0,0.0,1959.0,183.0,156.0,418.0,271.0,301.0,-330.0,1.0,2026,9,25,45,4,Friday,Automne,Jour_de_semaine,23275.0,47.5
France,Données temps réel,2026-09-25,13,2026-09-25 13:00:00,48743.0,49400,49500,37.0,0.0,290.0,35918.0,1367.0,1229.0,138.0,19777.0,2292.0,-2101.0,992.0,-9493.0,11.0,-3028,1473,-1976,-1857,-3135,2.0,35.0,0.0,0.0,185.0,106.0,0.0,1955.0,184.0,154.0,420.0,271.0,301.0,-334.0,0.0,2026,9,25,0,4,Friday,Automne,Jour_de_semaine,23436.0,48.1
France,Données temps réel,2026-09-25,13,2026-09-25 13:15:00,48736.0,48600,48700,37.0,0.0,283.0,35442.0,1356.0,1208.0,148.0,19894.0,2321.0,-2105.0,989.0,-9157.0,11.0,-3028,1093,-1976,-1857,-2988,2.0,35.0,0.0,0.0,185.0,99.0,0.0,1972.0,193.0,156.0,417.0,270.0,301.0,-329.0,5.0,2026,9,25,15,4,Friday,Automne,Jour_de_semaine,23571.0,48.4
France,Données temps réel,2026-09-25,13,2026-09-25 13:30:00,46868.0,47800,47900,37.0,0.0,292.0,34136.0,1358.0,1203.0,155.0,19903.0,2337.0,-2333.0,991.0,-9529.0,11.0,-3028,1137,-1976,-1857,-3039,2.0,35.0,0.0,0.0,185.0,108.0,0.0,1991.0,190.0,157.0,420.0,270.0,301.0,-323.0,0.0,2026,9,25,30,4,Friday,Automne,Jour_de_semaine,23598.0,50.3
France,Données temps réel,2026-09-25,13,2026-09-25 13:45:00,46770.0,47850,47950,37.0,0.0,288.0,33906.0,1330.0,1199.0,131.0,19928.0,2217.0,-2330.0,990.0,-9183.0,11.0,-3028,1295,-1976,-1857,-3033,2.0,35.0,0.0,0.0,184.0,106.0,0.0,1989.0,215.0,13.0,418.0,271.0,301.0,-413.0,0.0,2026,9,25,45,4,Friday,Automne,Jour_de_semaine,23475.0,50.2
France,Données temps réel,2026-09-25,14,2026-09-25 14:00:00,47253.0,47900,48000,37.0,0.0,286.0,33759.0,1324.0,1188.0,136.0,19797.0,2102.0,-2332.0,994.0,-8309.0,11.0,-3028,1635,-1976,-1851,-2566,2.0,35.0,0.0,0.0,184.0,103.0,0.0,1914.0,176.0,13.0,423.0,269.0,301.0,-404.0,0.0,2026,9,25,0,4,Friday,Automne,Jour_de_semaine,23223.0,49.1
France,Données temps réel,2026-09-25,14,2026-09-25 14:15:00,47751.0,48500,48250,37.0,0.0,292.0,34119.0,1350.0,1213.0,136.0,19539.0,2078.0,-2118.0,995.0,-8238.0,11.0,-3028,1620,-1976,-1847,-2692,2.0,35.0,0.0,0.0,184.0,108.0,0.0,1829.0,238.0,12.0,424.0,270.0,301.0,-303.0,1.0,2026,9,25,15,4,Friday,Automne,Jour_de_semaine,22967.0,48.1
France,Données temps réel,2026-09-25,14,2026-09-25 14:30:00,47321.0,49100,48500,37.0,0.0,290.0,33908.0,1347.0,1211.0,136.0,18879.0,2052.0,-2118.0,987.0,-7871.0,11.0,-3028,1953,-1976,-1857,-2931,2.0,35.0,0.0,0.0,184.0,107.0,0.0,1797.0,243.0,13.0,418.0,268.0,301.0,-190.0,1.0,2026,9,25,30,4,Friday,Automne,Jour_de_semaine,22278.0,47.1
France,Données temps réel,2026-09-25,14,2026-09-25 14:45:00,47278.0,48800,48200,37.0,0.0,323.0,34156.0,1421.0,1272.0,149.0,18953.0,2011.0,-2204.0,985.0,-8345.0,11.0,-3028,2201,-1976,-1857,-3183,2.0,35.0,0.0,0.0,185.0,140.0,0.0,1750.0,249.0,12.0,415.0,269.0,301.0,-60.0,1.0,2026,9,25,45,4,Friday,Automne,Jour_de_semaine,22385.0,47.3
France,Données temps réel,2026-09-25,15,2026-09-25 15:00:00,47788.0,48500,47900,156.0,0.0,341.0,34069.0,1558.0,1312.0,246.0,19161.0,1997.0,-2209.0,991.0,-8215.0,13.0,-3028,2400,-1976,-1857,-2869,121.0,35.0,0.0,0.0,184.0,158.0,0.0,1735.0,251.0,12.0,419.0,271.0,301.0,-61.0,2.0,2026,9,25,0,4,Friday,Automne,Jour_de_semaine,22716.0,47.5
France,Données temps réel,2026-09-25,15,2026-09-25 15:15:00,47675.0,48350,47750,154.0,0.0,376.0,34218.0,1618.0,1363.0,255.0,18728.0,1993.0,-2204.0,991.0,-8202.0,13.0,-3028,2400,-1976,-1857,-3191,119.0,35.0,0.0,0.0,185.0,192.0,0.0,1727.0,254.0,13.0,416.0,274.0,301.0,-1.0,5.0,2026,9,25,15,4,Friday,Automne,Jour_de_semaine,22339.0,46.9
France,Données temps réel,2026-09-25,15,2026-09-25 15:30:00,47078.0,48200,47600,154.0,0.0,389.0,34192.0,1643.0,1355.0,288.0,18350.0,1965.0,-2205.0,994.0,-8388.0,13.0,-3028,2400,-1976,-1857,-3500,119.0,35.0,0.0,0.0,184.0,206.0,0.0,1694.0,258.0,13.0,419.0,274.0,301.0,-19.0,4.0,2026,9,25,30,4,Friday,Automne,Jour_de_semaine,21958.0,46.6
France,Données temps réel,2026-09-25,15,2026-09-25 15:45:00,46873.0,47850,47250,153.0,0.0,428.0,34660.0,1676.0,1369.0,307.0,17688.0,2059.0,-2202.0,986.0,-8511.0,14.0,-3028,2400,-1976,-1857,-3489,118.0,35.0,0.0,0.0,184.0,245.0,0.0,1680.0,269.0,110.0,411.0,274.0,301.0,-66.0,4.0,2026,9,25,45,4,Friday,Automne,Jour_de_semaine,21423.0,45.7
France,Données temps réel,2026-09-25,16,2026-09-25 16:00:00,46801.0,47500,46900,36.0,0.0,601.0,34859.0,1823.0,1476.0,347.0,17152.0,2240.0,-2202.0,985.0,-8678.0,13.0,-3028,2400,-1976,-1857,-3534,1.0,35.0,0.0,0.0,185.0,418.0,0.0,1709.0,424.0,108.0,414.0,270.0,301.0,-21.0,5.0,2026,9,25,0,4,Friday,Automne,Jour_de_semaine,21215.0,45.3
France,Données temps réel,2026-09-25,16,2026-09-25 16:15:00,46382.0,46900,46300,37.0,0.0,787.0,35025.0,1827.0,1521.0,306.0,16343.0,2353.0,-2232.0,985.0,-8736.0,15.0,-3028,2400,-1976,-1857,-3421,2.0,35.0,0.0,0.0,184.0,604.0,0.0,1725.0,514.0,115.0,414.0,270.0,301.0,-9.0,3.0,2026,9,25,15,4,Friday,Automne,Jour_de_semaine,20523.0,44.2
France,Données temps réel,2026-09-25,16,2026-09-25 16:30:00,46248.0,46300,45700,37.0,0.0,869.0,35184.0,1894.0,1585.0,309.0,15396.0,2346.0,-2231.0,981.0,-8236.0,16.0,-3028,2100,-1976,-1857,-3423,2.0,35.0,0.0,0.0,183.0,687.0,0.0,1715.0,517.0,113.0,410.0,270.0,301.0,-5.0,12.0,2026,9,25,30,4,Friday,Automne,Jour_de_semaine,19636.0,42.5
France,Données temps réel,2026-09-25,16,2026-09-25 16:45:00,46186.0,46200,45600,37.0,0.0,999.0,35765.0,1909.0,1570.0,339.0,14394.0,2576.0,-1772.0,986.0,-8714.0,17.0,-3028,2100,-1976,-1857,-3372,2.0,35.0,0.0,0.0,184.0,817.0,0.0,1729.0,635.0,212.0,415.0,270.0,301.0,-7.0,14.0,2026,9,25,45,4,Friday,Automne,Jour_de_semaine,18879.0,40.9
France,Données temps réel,2026-09-25,17,2026-09-25 17:00:00,46611.0,46100,45500,37.0,0.0,1047.0,35769.0,2093.0,1683.0,410.0,13066.0,2526.0,-620.0,993.0,-8303.0,17.0,-3028,2400,-2644,-2227,-3716,2.0,35.0,0.0,0.0,184.0,865.0,0.0,1717.0,796.0,14.0,422.0,269.0,301.0,-12.0,15.0,2026,9,25,0,4,Friday,Automne,Jour_de_semaine,17685.0,37.9
France,Données temps réel,2026-09-25,17,2026-09-25 17:15:00,46286.0,46550,46050,37.0,0.0,1302.0,36094.0,2262.0,1804.0,458.0,11767.0,3384.0,-1.0,997.0,-9655.0,19.0,-3028,2400,-2644,-2227,-3505,2.0,35.0,0.0,0.0,184.0,1119.0,0.0,1824.0,1196.0,364.0,427.0,268.0,301.0,-3.0,103.0,2026,9,25,15,4,Friday,Automne,Jour_de_semaine,17413.0,37.6
France,Données temps réel,2026-09-25,17,2026-09-25 17:30:00,46470.0,47000,46600,34.0,0.0,1478.0,36194.0,2370.0,1934.0,437.0,10447.0,4267.0,0.0,991.0,-9335.0,21.0,-3028,2310,-2644,-2227,-3482,0.0,35.0,0.0,0.0,183.0,1296.0,0.0,1838.0,1480.0,949.0,421.0,268.0,301.0,-8.0,32.0,2026,9,25,30,4,Friday,Automne,Jour_de_semaine,17084.0,36.8
France,Données temps réel,2026-09-25,17,2026-09-25 17:45:00,46662.0,47100,46800,380.0,0.0,2179.0,36175.0,2464.0,2007.0,456.0,9092.0,5213.0,0.0,994.0,-9852.0,30.0,-3028,2383,-2644,-2227,-3532,345.0,35.0,0.0,0.0,183.0,1997.0,0.0,1878.0,1679.0,1655.0,423.0,270.0,301.0,-5.0,24.0,2026,9,25,45,4,Friday,Automne,Jour_de_semaine,16769.0,35.9
France,Données temps réel,2026-09-25,18,2026-09-25 18:00:00,46534.0,47200,47000,765.0,0.0,2828.0,35947.0,2543.0,2060.0,483.0,7569.0,5978.0,0.0,996.0,-10102.0,41.0,-2442,1750,-2156,-2026,-4778,730.0,35.0,0.0,0.0,184.0,2645.0,0.0,1925.0,1802.0,2252.0,425.0,269.0,301.0,-11.0,22.0,2026,9,25,0,4,Friday,Automne,Jour_de_semaine,16090.0,34.6
France,Données temps réel,2026-09-25,18,2026-09-25 18:15:00,46571.0,47300,47200,702.0,0.0,3515.0,36244.0,2586.0,2100.0,487.0,6073.0,6736.0,0.0,994.0,-10288.0,45.0,-2442,1750,-2193,-2056,-4794,667.0,35.0,0.0,70.0,184.0,3261.0,0.0,2118.0,2147.0,2470.0,422.0,270.0,301.0,-8.0,20.0,2026,9,25,15,4,Friday,Automne,Jour_de_semaine,15395.0,33.1
France,Données temps réel,2026-09-25,18,2026-09-25 18:30:00,47159.0,47400,47400,701.0,0.0,4206.0,36144.0,2622.0,2172.0,450.0,4635.0,7244.0,0.0,999.0,-9401.0,50.0,-2442,1750,-1318,-2060,-5524,666.0,35.0,0.0,180.0,184.0,3842.0,0.0,2120.0,2237.0,2887.0,427.0,271.0,301.0,-8.0,17.0,2026,9,25,30,4,Friday,Automne,Jour_de_semaine,14501.0,30.7
France,Données temps réel,2026-09-25,18,2026-09-25 18:45:00,47715.0,47850,47800,701.0,0.0,4367.0,36346.0,2540.0,2181.0,358.0,3261.0,8852.0,0.0,995.0,-9462.0,51.0,-2442,1750,-793,-1936,-5307,666.0,35.0,0.0,180.0,185.0,4003.0,0.0,2441.0,2891.0,3521.0,422.0,271.0,301.0,-7.0,123.0,2026,9,25,45,4,Friday,Automne,Jour_de_semaine,14653.0,30.7
France,Données temps réel,2026-09-25,19,2026-09-25 19:00:00,47794.0,48300,48200,704.0,0.0,4423.0,36242.0,2522.0,2185.0,337.0,2027.0,8706.0,0.0,997.0,-7829.0,53.0,-557,1378,-1875,-551,-4510,669.0,35.0,0.0,181.0,184.0,4058.0,0.0,2561.0,2744.0,3400.0,425.0,271.0,301.0,-15.0,19.0,2026,9,25,0,4,Friday,Automne,Jour_de_semaine,13255.0,27.7
France,Données temps réel,2026-09-25,19,2026-09-25 19:15:00,47322.0,48200,48100,711.0,0.0,4474.0,36346.0,2519.0,2136.0,383.0,1201.0,8607.0,0.0,998.0,-7631.0,54.0,-557,1353,-1718,-553,-4355,676.0,35.0,0.0,182.0,184.0,4108.0,0.0,2688.0,2616.0,3303.0,426.0,271.0,301.0,-15.0,113.0,2026,9,25,15,4,Friday,Automne,Jour_de_semaine,12327.0,26.0
France,Données temps réel,2026-09-25,19,2026-09-25 19:30:00,47537.0,48100,48000,715.0,0.0,4482.0,36332.0,2566.0,2154.0,413.0,670.0,8728.0,0.0,997.0,-7051.0,55.0,-557,1034,-1318,-543,-4389,680.0,35.0,0.0,181.0,185.0,4116.0,0.0,2755.0,2646.0,3328.0,425.0,271.0,301.0,-16.0,113.0,2026,9,25,30,4,Friday,Automne,Jour_de_semaine,11964.0,25.2
France,Données temps réel,2026-09-25,19,2026-09-25 19:45:00,47537.0,47950,47850,718.0,0.0,4504.0,36374.0,2582.0,2154.0,428.0,376.0,8522.0,0.0,997.0,-6625.0,55.0,-557,-134,-811,-467,-3894,683.0,35.0,0.0,184.0,185.0,4135.0,0.0,2765.0,2509.0,3247.0,425.0,271.0,301.0,-15.0,105.0,2026,9,25,45,4,Friday,Automne,Jour_de_semaine,11480.0,24.1
France,Données temps réel,2026-09-25,20,2026-09-25 20:00:00,47548.0,47800,47700,723.0,0.0,4543.0,36423.0,2576.0,2143.0,433.0,223.0,8840.0,-31.0,1000.0,-6842.0,55.0,-902,-665,281,-396,-4607,688.0,35.0,0.0,183.0,185.0,4174.0,0.0,2714.0,2730.0,3396.0,428.0,271.0,301.0,-15.0,111.0,2026,9,25,0,4,Friday,Automne,Jour_de_semaine,11639.0,24.5
France,Données temps réel,2026-09-25,20,2026-09-25 20:15:00,47339.0,47350,47200,726.0,0.0,4560.0,36041.0,2641.0,2219.0,422.0,188.0,8511.0,-33.0,997.0,-6699.0,56.0,-902,-1525,381,-209,-4042,691.0,35.0,0.0,183.0,184.0,4192.0,0.0,2587.0,2542.0,3382.0,425.0,271.0,301.0,-6.0,414.0,2026,9,25,15,4,Friday,Automne,Jour_de_semaine,11340.0,24.0
France,Données temps réel,2026-09-25,20,2026-09-25 20:30:00,46562.0,46900,46700,730.0,0.0,4580.0,35675.0,2740.0,2316.0,424.0,190.0,8675.0,-48.0,995.0,-7307.0,56.0,-902,-2241,-504,-148,-3050,695.0,35.0,0.0,183.0,185.0,4212.0,0.0,2556.0,2543.0,3577.0,422.0,272.0,301.0,-12.0,345.0,2026,9,25,30,4,Friday,Automne,Jour_de_semaine,11605.0,24.9
France,Données temps réel,2026-09-25,20,2026-09-25 20:45:00,45955.0,46400,46200,735.0,0.0,4592.0,35550.0,2793.0,2396.0,397.0,188.0,8560.0,-48.0,993.0,-7684.0,57.0,-902,-2387,-818,-190,-3165,700.0,35.0,0.0,185.0,184.0,4223.0,0.0,2595.0,2452.0,3514.0,420.0,271.0,301.0,-13.0,290.0,2026,9,25,45,4,Friday,Automne,Jour_de_semaine,11541.0,25.1
France,Données temps réel,2026-09-25,21,2026-09-25 21:00:00,45010.0,45900,45700,735.0,0.0,4591.0,35463.0,2987.0,2514.0,473.0,187.0,8570.0,-50.0,997.0,-8812.0,57.0,-1122,-2251,-209,-1858,-2917,700.0,35.0,0.0,185.0,186.0,4221.0,0.0,2534.0,2474.0,3562.0,423.0,272.0,301.0,-5.0,348.0,2026,9,25,0,4,Friday,Automne,Jour_de_semaine,11744.0,26.1
France,Données temps réel,2026-09-25,21,2026-09-25 21:15:00,44094.0,45300,45100,737.0,0.0,4604.0,35410.0,3269.0,2718.0,551.0,0.0,7969.0,-56.0,1000.0,-9235.0,57.0,-1122,-2477,-546,-1847,-2752,702.0,35.0,0.0,185.0,185.0,4235.0,0.0,2389.0,2290.0,3290.0,423.0,275.0,301.0,0.0,397.0,2026,9,25,15,4,Friday,Automne,Jour_de_semaine,11238.0,25.5
France,Données temps réel,2026-09-25,21,2026-09-25 21:30:00,43584.0,44700,44500,739.0,0.0,4611.0,35418.0,3467.0,2869.0,597.0,0.0,7502.0,-4.0,1000.0,-9343.0,58.0,-1122,-1954,-1400,-1866,-1641,704.0,35.0,0.0,186.0,185.0,4240.0,0.0,2290.0,2246.0,2966.0,425.0,274.0,301.0,-11.0,206.0,2026,9,25,30,4,Friday,Automne,Jour_de_semaine,10969.0,25.2
France,Données temps réel,2026-09-25,21,2026-09-25 21:45:00,43206.0,44050,43850,740.0,0.0,4553.0,35320.0,3590.0,2981.0,609.0,0.0,6970.0,0.0,1003.0,-8992.0,58.0,-1122,-1977,-1183,-1864,-2346,705.0,35.0,0.0,187.0,185.0,4181.0,0.0,2183.0,2151.0,2636.0,428.0,273.0,301.0,-37.0,61.0,2026,9,25,45,4,Friday,Automne,Jour_de_semaine,10560.0,24.4
France,Données temps réel,2026-09-25,22,2026-09-25 22:00:00,42497.0,43400,43200,739.0,0.0,4538.0,35245.0,3787.0,3134.0,653.0,0.0,6860.0,0.0,1002.0,-9543.0,58.0,-581,-1758,-1842,-1893,-1380,704.0,35.0,0.0,187.0,184.0,4167.0,0.0,2161.0,2155.0,2544.0,426.0,275.0,301.0,-136.0,5.0,2026,9,25,0,4,Friday,Automne,Jour_de_semaine,10647.0,25.1
France,Données temps réel,2026-09-25,22,2026-09-25 22:15:00,42840.0,43950,43700,702.0,0.0,4560.0,34913.0,3741.0,3106.0,635.0,0.0,6580.0,0.0,1008.0,-8443.0,58.0,-581,-1408,-1626,-1928,-1862,667.0,35.0,0.0,187.0,185.0,4188.0,0.0,2126.0,2108.0,2346.0,425.0,282.0,301.0,-219.0,0.0,2026,9,25,15,4,Friday,Automne,Jour_de_semaine,10321.0,24.1
France,Données temps réel,2026-09-25,22,2026-09-25 22:30:00,43105.0,44500,44200,499.0,0.0,4503.0,34698.0,3762.0,3124.0,639.0,0.0,6659.0,0.0,1015.0,-7633.0,55.0,-581,-645,-1483,-1949,-1169,464.0,35.0,0.0,118.0,185.0,4201.0,0.0,2183.0,1940.0,2537.0,429.0,285.0,301.0,-399.0,0.0,2026,9,25,30,4,Friday,Automne,Jour_de_semaine,10421.0,24.2
France,Données temps réel,2026-09-25,22,2026-09-25 22:45:00,44175.0,44800,44500,501.0,0.0,4490.0,34542.0,3979.0,3217.0,762.0,0.0,6584.0,0.0,1014.0,-6587.0,55.0,-581,-1239,-1582,-1943,-626,466.0,35.0,0.0,107.0,184.0,4199.0,0.0,2207.0,1843.0,2533.0,424.0,289.0,301.0,-349.0,0.0,2026,9,25,45,4,Friday,Automne,Jour_de_semaine,10563.0,23.9
France,Données temps réel,2026-09-25,23,2026-09-25 23:00:00,43133.0,45100,44800,502.0,0.0,4496.0,34188.0,4156.0,3269.0,887.0,0.0,6157.0,0.0,1009.0,-6949.0,56.0,-423,-644,-1829,-2069,-1141,467.0,35.0,0.0,109.0,184.0,4203.0,0.0,2230.0,1633.0,2293.0,421.0,287.0,301.0,-426.0,0.0,2026,9,25,0,4,Friday,Automne,Jour_de_semaine,10313.0,23.9
France,Données temps réel,2026-09-25,23,2026-09-25 23:15:00,42938.0,44450,44150,499.0,0.0,4499.0,34025.0,4058.0,3169.0,889.0,0.0,6042.0,0.0,1015.0,-6772.0,56.0,-423,-1672,-1893,-2059,246,464.0,35.0,0.0,106.0,184.0,4208.0,0.0,2173.0,1605.0,2264.0,422.0,291.0,301.0,-427.0,0.0,2026,9,25,15,4,Friday,Automne,Jour_de_semaine,10100.0,23.5
France,Données temps réel,2026-09-25,23,2026-09-25 23:30:00,42323.0,43800,43500,180.0,0.0,4335.0,33942.0,3979.0,3092.0,888.0,0.0,5381.0,0.0,1013.0,-6275.0,51.0,-423,-2218,-2091,-2024,1269,145.0,35.0,0.0,62.0,184.0,4089.0,0.0,2174.0,1587.0,1621.0,421.0,291.0,301.0,-232.0,1.0,2026,9,25,30,4,Friday,Automne,Jour_de_semaine,9360.0,22.1
France,Données temps réel,2026-09-25,23,2026-09-25 23:45:00,42041.0,42750,42700,37.0,0.0,4298.0,33914.0,3894.0,2924.0,970.0,0.0,5295.0,0.0,1017.0,-6127.0,49.0,-423,-2286,-2353,-2055,1366,2.0,35.0,0.0,0.0,185.0,4114.0,0.0,2195.0,1491.0,1608.0,423.0,292.0,301.0,-289.0,4.0,2026,9,25,45,4,Friday,Automne,Jour_de_semaine,9189.0,21.9
France,Données temps réel,2026-09-26,0,2026-09-26 00:00:00,41534.0,41700,41900,35.0,0.0,4224.0,33837.0,3834.0,2860.0,974.0,0.0,5231.0,-35.0,1018.0,-6292.0,48.0,435,-244,-3255,-1791,-1091,0.0,35.0,0.0,0.0,184.0,4042.0,0.0,2182.0,1458.0,1591.0,421.0,296.0,301.0,-318.0,1.0,2026,9,26,0,5,Saturday,Automne,Weekend,9065.0,21.8
France,Données temps réel,2026-09-26,0,2026-09-26 00:15:00,41211.0,40950,41050,36.0,0.0,4053.0,33824.0,3757.0,2779.0,978.0,0.0,5269.0,-33.0,1019.0,-6787.0,47.0,435,-184,-4310,-1930,-1261,1.0,35.0,0.0,0.0,185.0,3870.0,0.0,2166.0,1522.0,1581.0,424.0,294.0,301.0,-3.0,79.0,2026,9,26,15,5,Saturday,Automne,Weekend,9026.0,21.9
France,Données temps réel,2026-09-26,0,2026-09-26 00:30:00,39812.0,40200,40200,37.0,0.0,3972.0,33848.0,3653.0,2706.0,947.0,0.0,5169.0,-33.0,1014.0,-8300.0,47.0,435,-58,-4301,-2227,-1861,2.0,35.0,0.0,0.0,184.0,3789.0,0.0,2036.0,1474.0,1659.0,419.0,294.0,301.0,-2.0,454.0,2026,9,26,30,5,Saturday,Automne,Weekend,8822.0,22.2
France,Données temps réel,2026-09-26,0,2026-09-26 00:45:00,38630.0,39250,39250,36.0,0.0,3980.0,33841.0,3494.0,2585.0,909.0,0.0,5088.0,-34.0,1012.0,-8933.0,47.0,435,-496,-4310,-2154,-1641,1.0,35.0,0.0,0.0,185.0,3797.0,0.0,2031.0,1448.0,1609.0,417.0,294.0,301.0,-9.0,155.0,2026,9,26,45,5,Saturday,Automne,Weekend,8582.0,22.2
France,Données temps réel,2026-09-26,1,2026-09-26 01:00:00,38124.0,38300,38300,37.0,0.0,3914.0,33737.0,3434.0,2617.0,817.0,0.0,4471.0,-30.0,1017.0,-8527.0,47.0,-24,-230,-4310,-2227,-1257,2.0,35.0,0.0,0.0,185.0,3732.0,0.0,1982.0,1273.0,1215.0,422.0,294.0,301.0,-4.0,74.0,2026,9,26,0,5,Saturday,Automne,Weekend,7905.0,20.7
France,Données temps réel,2026-09-26,1,2026-09-26 01:15:00,38354.0,38550,38550,37.0,0.0,3992.0,33754.0,3276.0,2609.0,668.0,0.0,4399.0,-35.0,1018.0,-8150.0,48.0,-24,-392,-4310,-2222,-1180,2.0,35.0,0.0,0.0,185.0,3809.0,0.0,1969.0,1315.0,1115.0,422.0,295.0,301.0,-7.0,71.0,2026,9,26,15,5,Saturday,Automne,Weekend,7675.0,20.0
France,Données temps réel,2026-09-26,1,2026-09-26 01:30:00,37665.0,38800,38800,37.0,0.0,3972.0,33755.0,3256.0,2640.0,616.0,0.0,3479.0,-40.0,1019.0,-7934.0,49.0,-24,-447,-4310,-2224,-519,2.0,35.0,0.0,0.0,185.0,3789.0,0.0,1963.0,1260.0,256.0,424.0,294.0,301.0,-6.0,129.0,2026,9,26,30,5,Saturday,Automne,Weekend,6735.0,17.9
France,Données temps réel,2026-09-26,1,2026-09-26 01:45:00,37425.0,38350,38350,36.0,0.0,3991.0,33742.0,3197.0,2608.0,590.0,0.0,3346.0,-39.0,1026.0,-7890.0,49.0,-24,-792,-4310,-2225,-264,1.0,35.0,0.0,0.0,184.0,3808.0,0.0,1967.0,1119.0,260.0,429.0,296.0,301.0,-2.0,18.0,2026,9,26,45,5,Saturday,Automne,Weekend,6543.0,17.5
France,Données temps réel,2026-09-26,2,2026-09-26 02:00:00,36755.0,37900,37900,37.0,0.0,3862.0,33688.0,3173.0,2645.0,528.0,0.0,3106.0,-41.0,1019.0,-8089.0,49.0,-274,-509,-4310,-2224,-625,2.0,35.0,0.0,0.0,185.0,3679.0,0.0,1962.0,1084.0,60.0,425.0,293.0,301.0,-7.0,7.0,2026,9,26,0,5,Saturday,Automne,Weekend,6279.0,17.1
France,Données temps réel,2026-09-26,2,2026-09-26 02:15:00,36537.0,36950,36950,37.0,0.0,3874.0,33807.0,3062.0,2552.0,510.0,0.0,2972.0,-42.0,1013.0,-8216.0,49.0,-274,-803,-4310,-2227,-686,2.0,35.0,0.0,0.0,185.0,3690.0,0.0,1963.0,949.0,59.0,420.0,292.0,301.0,-12.0,50.0,2026,9,26,15,5,Saturday,Automne,Weekend,6034.0,16.5
France,Données temps réel,2026-09-26,2,2026-09-26 02:30:00,35582.0,36000,36000,37.0,0.0,3871.0,33837.0,3165.0,2587.0,578.0,0.0,2907.0,-43.0,1012.0,-9230.0,49.0,-274,-1116,-4310,-2227,-885,2.0,35.0,0.0,0.0,184.0,3688.0,0.0,1951.0,897.0,59.0,418.0,293.0,301.0,-19.0,50.0,2026,9,26,30,5,Saturday,Automne,Weekend,6072.0,17.1
France,Données temps réel,2026-09-26,2,2026-09-26 02:45:00,35188.0,35300,35300,36.0,0.0,3835.0,33833.0,3168.0,2606.0,562.0,0.0,2791.0,-273.0,1013.0,-9314.0,48.0,-274,-1368,-4310,-2225,-908,1.0,35.0,0.0,0.0,184.0,3652.0,0.0,1943.0,788.0,60.0,418.0,293.0,301.0,-2.0,108.0,2026,9,26,45,5,Saturday,Automne,Weekend,5959.0,16.9
France,Données temps réel,2026-09-26,3,2026-09-26 03:00:00,34294.0,34600,34600,37.0,0.0,3622.0,33850.0,3165.0,2609.0,556.0,0.0,2772.0,-279.0,1016.0,-9846.0,47.0,-230,-1314,-4220,-2227,-1675,2.0,35.0,0.0,0.0,185.0,3438.0,0.0,1947.0,768.0,57.0,421.0,294.0,301.0,-36.0,1.0,2026,9,26,0,5,Saturday,Automne,Weekend,5937.0,17.3
France,Données temps réel,2026-09-26,3,2026-09-26 03:15:00,33905.0,34300,34300,36.0,0.0,3640.0,33909.0,3159.0,2616.0,543.0,0.0,2615.0,-479.0,1017.0,-10041.0,47.0,-230,-1503,-4220,-2227,-1757,1.0,35.0,0.0,0.0,185.0,3458.0,0.0,1909.0,650.0,56.0,423.0,293.0,301.0,-21.0,76.0,2026,9,26,15,5,Saturday,Automne,Weekend,5774.0,17.0
France,Données temps réel,2026-09-26,3,2026-09-26 03:30:00,33636.0,34000,34000,37.0,0.0,3574.0,33889.0,3150.0,2613.0,537.0,0.0,2521.0,-480.0,1013.0,-10100.0,46.0,-230,-1590,-4220,-2227,-1801,2.0,35.0,0.0,0.0,184.0,3391.0,0.0,1877.0,587.0,57.0,418.0,293.0,301.0,-9.0,48.0,2026,9,26,30,5,Saturday,Automne,Weekend,5671.0,16.9
France,Données temps réel,2026-09-26,3,2026-09-26 03:45:00,33413.0,33600,33600,36.0,0.0,3494.0,33919.0,3242.0,2605.0,638.0,0.0,2414.0,-241.0,1010.0,-10432.0,46.0,-230,-1560,-4220,-2227,-1910,1.0,35.0,0.0,0.0,185.0,3310.0,0.0,1831.0,525.0,57.0,416.0,293.0,301.0,-23.0,1.0,2026,9,26,45,5,Saturday,Automne,Weekend,5656.0,16.9
France,Données temps réel,2026-09-26,4,2026-09-26 04:00:00,33185.0,33200,33200,36.0,0.0,3356.0,33905.0,3185.0,2513.0,672.0,0.0,2358.0,-245.0,1015.0,-10426.0,45.0,-72,-1828,-4220,-2227,-1943,1.0,35.0,0.0,0.0,184.0,3174.0,0.0,1790.0,512.0,55.0,421.0,293.0,301.0,-27.0,34.0,2026,9,26,0,5,Saturday,Automne,Weekend,5543.0,16.7
France,Données temps réel,2026-09-26,4,2026-09-26 04:15:00,32901.0,32900,32900,36.0,0.0,3510.0,33937.0,3127.0,2499.0,628.0,0.0,2349.0,-242.0,1015.0,-10805.0,46.0,-72,-1931,-4220,-2227,-1939,1.0,35.0,0.0,0.0,185.0,3327.0,0.0,1775.0,518.0,56.0,420.0,294.0,301.0,-19.0,0.0,2026,9,26,15,5,Saturday,Automne,Weekend,5476.0,16.6
France,Données temps réel,2026-09-26,4,2026-09-26 04:30:00,33001.0,32600,32600,37.0,0.0,3528.0,33906.0,3041.0,2440.0,601.0,0.0,2327.0,-244.0,1013.0,-10566.0,46.0,-72,-1777,-4220,-2227,-2349,2.0,35.0,0.0,0.0,185.0,3344.0,0.0,1743.0,527.0,57.0,418.0,294.0,301.0,-35.0,0.0,2026,9,26,30,5,Saturday,Automne,Weekend,5368.0,16.3
France,Données temps réel,2026-09-26,4,2026-09-26 04:45:00,32636.0,32600,32600,37.0,0.0,3541.0,33898.0,2921.0,2403.0,518.0,0.0,2343.0,-240.0,1013.0,-10867.0,47.0,-72,-1791,-4220,-2227,-2455,2.0,35.0,0.0,0.0,185.0,3357.0,0.0,1713.0,572.0,58.0,419.0,293.0,301.0,-12.0,2.0,2026,9,26,45,5,Saturday,Automne,Weekend,5264.0,16.1
France,Données temps réel,2026-09-26,5,2026-09-26 05:00:00,32765.0,32600,32600,36.0,0.0,3565.0,33907.0,2838.0,2397.0,442.0,0.0,2384.0,-238.0,1015.0,-10728.0,47.0,549,-1941,-4220,-2227,-2656,1.0,35.0,0.0,0.0,184.0,3382.0,0.0,1691.0,638.0,55.0,419.0,295.0,301.0,-15.0,0.0,2026,9,26,0,5,Saturday,Automne,Weekend,5222.0,15.9
France,Données temps réel,2026-09-26,5,2026-09-26 05:15:00,33000.0,32850,32850,36.0,0.0,3567.0,33898.0,2729.0,2328.0,400.0,0.0,2447.0,-35.0,1017.0,-10651.0,47.0,549,-1770,-4220,-2227,-2872,1.0,35.0,0.0,0.0,184.0,3384.0,0.0,1687.0,703.0,57.0,421.0,294.0,301.0,-10.0,3.0,2026,9,26,15,5,Saturday,Automne,Weekend,5176.0,15.7
France,Données temps réel,2026-09-26,5,2026-09-26 05:30:00,32739.0,33100,33100,37.0,0.0,3587.0,33898.0,2633.0,2257.0,375.0,0.0,2436.0,-40.0,1009.0,-10805.0,47.0,549,-1882,-4220,-2227,-2627,2.0,35.0,0.0,0.0,184.0,3404.0,0.0,1668.0,711.0,57.0,415.0,293.0,301.0,-14.0,0.0,2026,9,26,30,5,Saturday,Automne,Weekend,5069.0,15.5
France,Données temps réel,2026-09-26,5,2026-09-26 05:45:00,32878.0,33250,33250,36.0,0.0,3582.0,33854.0,2634.0,2301.0,333.0,0.0,2463.0,-39.0,1009.0,-10644.0,47.0,549,-1916,-4220,-2227,-2522,1.0,35.0,0.0,0.0,184.0,3400.0,0.0,1671.0,737.0,56.0,414.0,294.0,301.0,-18.0,1.0,2026,9,26,45,5,Saturday,Automne,Weekend,5097.0,15.5
France,Données temps réel,2026-09-26,6,2026-09-26 06:00:00,33122.0,33400,33400,37.0,0.0,3496.0,33898.0,2721.0,2323.0,398.0,0.0,2475.0,-40.0,1008.0,-10467.0,46.0,191,-1435,-3716,-2227,-3208,2.0,35.0,0.0,0.0,184.0,3313.0,0.0,1685.0,733.0,57.0,414.0,293.0,301.0,-8.0,1.0,2026,9,26,0,5,Saturday,Automne,Weekend,5196.0,15.7
France,Données temps réel,2026-09-26,6,2026-09-26 06:15:00,34021.0,33700,33700,37.0,0.0,3756.0,33900.0,2767.0,2340.0,426.0,0.0,2701.0,-40.0,1005.0,-10102.0,48.0,191,-1201,-3714,-2227,-3250,2.0,35.0,0.0,0.0,184.0,3573.0,0.0,1683.0,961.0,57.0,409.0,294.0,301.0,-13.0,13.0,2026,9,26,15,5,Saturday,Automne,Weekend,5468.0,16.1
France,Données temps réel,2026-09-26,6,2026-09-26 06:30:00,33851.0,34000,34000,37.0,0.0,3758.0,33913.0,2702.0,2330.0,372.0,0.0,2945.0,-42.0,1003.0,-10470.0,48.0,191,-1015,-3716,-2227,-3264,2.0,35.0,0.0,0.0,184.0,3575.0,0.0,1687.0,1020.0,238.0,409.0,293.0,301.0,-6.0,12.0,2026,9,26,30,5,Saturday,Automne,Weekend,5647.0,16.7
France,Données temps réel,2026-09-26,6,2026-09-26 06:45:00,34212.0,34400,34400,37.0,0.0,3740.0,33897.0,2637.0,2274.0,363.0,0.0,3192.0,-37.0,1005.0,-10252.0,48.0,191,-519,-3716,-2227,-3364,2.0,35.0,0.0,0.0,183.0,3558.0,0.0,1681.0,1305.0,207.0,411.0,293.0,301.0,-10.0,3.0,2026,9,26,45,5,Saturday,Automne,Weekend,5829.0,17.0
France,Données temps réel,2026-09-26,7,2026-09-26 07:00:00,35054.0,34800,34800,37.0,0.0,3756.0,33911.0,2644.0,2269.0,375.0,178.0,3382.0,-38.0,1006.0,-9890.0,48.0,-152,48,-2875,-2209,-4028,2.0,35.0,0.0,0.0,185.0,3573.0,0.0,1685.0,1311.0,385.0,411.0,294.0,301.0,-7.0,75.0,2026,9,26,0,5,Saturday,Automne,Weekend,6204.0,17.7
France,Données temps réel,2026-09-26,7,2026-09-26 07:15:00,35340.0,34950,34950,36.0,0.0,3756.0,33893.0,2709.0,2333.0,375.0,179.0,3456.0,-43.0,1007.0,-9692.0,47.0,-152,-197,-2875,-2209,-3691,1.0,35.0,0.0,0.0,185.0,3573.0,0.0,1718.0,1351.0,387.0,412.0,293.0,301.0,-6.0,46.0,2026,9,26,15,5,Saturday,Automne,Weekend,6344.0,18.0
France,Données temps réel,2026-09-26,7,2026-09-26 07:30:00,35361.0,35100,35100,37.0,0.0,3713.0,33928.0,2698.0,2342.0,356.0,181.0,3453.0,-40.0,999.0,-9814.0,47.0,-152,-522,-2875,-2209,-3411,2.0,35.0,0.0,0.0,184.0,3530.0,0.0,1721.0,1367.0,365.0,404.0,294.0,301.0,-10.0,216.0,2026,9,26,30,5,Saturday,Automne,Weekend,6332.0,17.9
France,Données temps réel,2026-09-26,7,2026-09-26 07:45:00,35422.0,35400,35400,37.0,0.0,3610.0,33946.0,2750.0,2409.0,341.0,214.0,3485.0,-41.0,1008.0,-9716.0,46.0,-152,-1040,-2856,-2208,-2673,2.0,35.0,0.0,0.0,185.0,3426.0,0.0,1749.0,1366.0,370.0,412.0,295.0,301.0,-1.0,131.0,2026,9,26,45,5,Saturday,Automne,Weekend,6449.0,18.2
France,Données temps réel,2026-09-26,8,2026-09-26 08:00:00,35937.0,35700,35700,37.0,0.0,3653.0,33754.0,2821.0,2492.0,330.0,414.0,3487.0,-37.0,1014.0,-9216.0,46.0,-999,-1291,-2873,-1896,-1663,2.0,35.0,0.0,0.0,185.0,3469.0,0.0,1763.0,1340.0,384.0,417.0,295.0,301.0,-4.0,14.0,2026,9,26,0,5,Saturday,Automne,Weekend,6722.0,18.7
France,Données temps réel,2026-09-26,8,2026-09-26 08:15:00,36627.0,36200,36200,37.0,0.0,3252.0,33745.0,2863.0,2552.0,311.0,850.0,3379.0,-64.0,1009.0,-8537.0,43.0,-999,-1477,-2474,-1891,-1555,2.0,35.0,0.0,0.0,185.0,3069.0,0.0,1766.0,1168.0,444.0,415.0,293.0,301.0,-7.0,100.0,2026,9,26,15,5,Saturday,Automne,Weekend,7092.0,19.4
France,Données temps réel,2026-09-26,8,2026-09-26 08:30:00,37138.0,36700,36700,37.0,0.0,2969.0,33722.0,2794.0,2498.0,297.0,1344.0,3432.0,-62.0,1009.0,-8053.0,40.0,-999,-1659,-1752,-1901,-1312,2.0,35.0,0.0,0.0,185.0,2785.0,0.0,1773.0,1133.0,526.0,414.0,293.0,301.0,-63.0,11.0,2026,9,26,30,5,Saturday,Automne,Weekend,7570.0,20.4
France,Données temps réel,2026-09-26,8,2026-09-26 08:45:00,37748.0,37150,37100,33.0,0.0,2287.0,33694.0,2872.0,2612.0,260.0,2027.0,3339.0,-73.0,1008.0,-7295.0,33.0,-999,-600,-2748,-1906,-46,0.0,35.0,0.0,0.0,185.0,2103.0,0.0,1748.0,1084.0,507.0,413.0,294.0,301.0,-143.0,1.0,2026,9,26,45,5,Saturday,Automne,Weekend,8238.0,21.8
France,Données temps réel,2026-09-26,9,2026-09-26 09:00:00,38565.0,37600,37500,33.0,0.0,1906.0,33648.0,2827.0,2569.0,258.0,2742.0,3135.0,-67.0,1009.0,-6378.0,30.0,-2608,281,-1610,-1858,-189,0.0,35.0,0.0,0.0,185.0,1722.0,0.0,1738.0,1047.0,349.0,415.0,293.0,301.0,-284.0,0.0,2026,9,26,0,5,Saturday,Automne,Weekend,8704.0,22.6
France,Données temps réel,2026-09-26,9,2026-09-26 09:15:00,38926.0,38100,37950,33.0,0.0,991.0,33563.0,2736.0,2481.0,255.0,3832.0,2825.0,-60.0,1007.0,-6106.0,21.0,-2608,1218,-1685,-1923,-518,0.0,35.0,0.0,0.0,185.0,807.0,0.0,1681.0,906.0,237.0,411.0,294.0,301.0,-7.0,118.0,2026,9,26,15,5,Saturday,Automne,Weekend,9393.0,24.1
France,Données temps réel,2026-09-26,9,2026-09-26 09:30:00,39336.0,38600,38400,33.0,0.0,785.0,33280.0,2550.0,2317.0,233.0,4599.0,2732.0,-19.0,1007.0,-5661.0,19.0,-2608,2216,-1610,-1827,-1069,0.0,35.0,0.0,0.0,185.0,601.0,0.0,1671.0,855.0,205.0,413.0,293.0,301.0,-127.0,163.0,2026,9,26,30,5,Saturday,Automne,Weekend,9881.0,25.1
France,Données temps réel,2026-09-26,9,2026-09-26 09:45:00,39991.0,38900,38850,33.0,0.0,661.0,33326.0,2413.0,2220.0,193.0,5721.0,2602.0,-350.0,1005.0,-5502.0,18.0,-2608,2183,-1610,-1623,-1496,0.0,35.0,0.0,0.0,184.0,479.0,0.0,1647.0,700.0,254.0,411.0,293.0,301.0,-34.0,122.0,2026,9,26,45,5,Saturday,Automne,Weekend,10736.0,26.8
France,Données temps réel,2026-09-26,10,2026-09-26 10:00:00,40306.0,39200,39300,33.0,0.0,557.0,33276.0,2437.0,2246.0,191.0,6727.0,2443.0,-1101.0,1006.0,-5065.0,16.0,-3023,2140,-624,-1233,-2123,0.0,35.0,0.0,0.0,185.0,373.0,0.0,1647.0,689.0,107.0,411.0,293.0,301.0,-29.0,29.0,2026,9,26,0,5,Saturday,Automne,Weekend,11607.0,28.8
France,Données temps réel,2026-09-26,10,2026-09-26 10:15:00,40602.0,39600,39600,33.0,0.0,555.0,33102.0,2477.0,2295.0,183.0,7999.0,2251.0,-1761.0,1005.0,-5231.0,16.0,-3023,2048,-624,-1182,-2530,0.0,35.0,0.0,0.0,185.0,371.0,0.0,1619.0,495.0,136.0,410.0,294.0,301.0,-57.0,234.0,2026,9,26,15,5,Saturday,Automne,Weekend,12727.0,31.3
France,Données temps réel,2026-09-26,10,2026-09-26 10:30:00,40689.0,40000,39900,33.0,0.0,542.0,32990.0,2395.0,2218.0,176.0,9065.0,2147.0,-1864.0,1001.0,-5560.0,16.0,-3023,1918,-624,-1151,-2548,0.0,35.0,0.0,0.0,184.0,359.0,0.0,1573.0,466.0,107.0,407.0,293.0,301.0,-65.0,11.0,2026,9,26,30,5,Saturday,Automne,Weekend,13607.0,33.4
France,Données temps réel,2026-09-26,10,2026-09-26 10:45:00,41100.0,40250,40100,33.0,0.0,553.0,32568.0,2209.0,2041.0,169.0,10109.0,2094.0,-2125.0,1005.0,-5284.0,16.0,-3023,2100,-624,-914,-3179,0.0,35.0,0.0,0.0,185.0,370.0,0.0,1599.0,435.0,60.0,411.0,292.0,301.0,-68.0,7.0,2026,9,26,45,5,Saturday,Automne,Weekend,14412.0,35.1
France,Données temps réel,2026-09-26,11,2026-09-26 11:00:00,41190.0,40500,40300,33.0,0.0,557.0,32367.0,2146.0,1995.0,151.0,10753.0,2054.0,-2123.0,1007.0,-5541.0,16.0,-3028,2068,-302,-689,-4000,0.0,35.0,0.0,0.0,185.0,373.0,0.0,1603.0,392.0,59.0,414.0,292.0,301.0,-66.0,4.0,2026,9,26,0,5,Saturday,Automne,Weekend,14953.0,36.3
France,Données temps réel,2026-09-26,11,2026-09-26 11:15:00,41583.0,40750,40450,33.0,0.0,277.0,32803.0,2082.0,1951.0,131.0,11635.0,1845.0,-2124.0,1003.0,-5844.0,13.0,-3028,2100,-897,-519,-3911,0.0,35.0,0.0,0.0,184.0,94.0,0.0,1629.0,205.0,11.0,411.0,290.0,301.0,-170.0,43.0,2026,9,26,15,5,Saturday,Automne,Weekend,15562.0,37.4
France,Données temps réel,2026-09-26,11,2026-09-26 11:30:00,41725.0,41000,40600,33.0,0.0,279.0,32586.0,2002.0,1891.0,111.0,12321.0,1850.0,-2117.0,1012.0,-6124.0,13.0,-3028,2400,-400,-596,-3887,0.0,35.0,0.0,0.0,184.0,96.0,0.0,1643.0,196.0,11.0,419.0,292.0,301.0,-158.0,42.0,2026,9,26,30,5,Saturday,Automne,Weekend,16173.0,38.8
France,Données temps réel,2026-09-26,11,2026-09-26 11:45:00,42951.0,42050,42050,33.0,0.0,278.0,31740.0,1927.0,1842.0,85.0,13153.0,1882.0,-2363.0,1008.0,-4610.0,13.0,-3028,2400,-73,-290,-3550,0.0,35.0,0.0,0.0,184.0,95.0,0.0,1645.0,227.0,10.0,416.0,291.0,301.0,-138.0,40.0,2026,9,26,45,5,Saturday,Automne,Weekend,16962.0,39.5
France,Données temps réel,2026-09-26,12,2026-09-26 12:00:00,43538.0,43100,43500,33.0,0.0,280.0,30232.0,1867.0,1782.0,85.0,13514.0,1906.0,-2356.0,1016.0,-3946.0,13.0,-3028,2400,681,-73,-3395,0.0,35.0,0.0,0.0,185.0,96.0,0.0,1666.0,228.0,11.0,422.0,293.0,301.0,-122.0,18.0,2026,9,26,0,5,Saturday,Automne,Weekend,17287.0,39.7
France,Données temps réel,2026-09-26,12,2026-09-26 12:15:00,43686.0,43000,43650,33.0,0.0,276.0,29224.0,1805.0,1732.0,73.0,14185.0,1856.0,-2588.0,1011.0,-2780.0,13.0,-3028,2400,662,-67,-2811,0.0,35.0,0.0,0.0,184.0,93.0,0.0,1698.0,148.0,10.0,417.0,292.0,301.0,-58.0,83.0,2026,9,26,15,5,Saturday,Automne,Weekend,17846.0,40.9
France,Données temps réel,2026-09-26,12,2026-09-26 12:30:00,43834.0,42900,43800,33.0,0.0,278.0,29042.0,1708.0,1651.0,57.0,14716.0,1867.0,-2585.0,996.0,-2578.0,13.0,-3028,2400,648,-124,-2642,0.0,35.0,0.0,0.0,184.0,95.0,0.0,1708.0,148.0,10.0,402.0,293.0,301.0,-114.0,9.0,2026,9,26,30,5,Saturday,Automne,Weekend,18291.0,41.7
France,Données temps réel,2026-09-26,12,2026-09-26 12:45:00,43852.0,43250,44000,33.0,0.0,274.0,28980.0,1630.0,1591.0,40.0,15141.0,1869.0,-2580.0,998.0,-2469.0,13.0,-3028,2400,642,-123,-2829,0.0,35.0,0.0,0.0,184.0,91.0,0.0,1711.0,148.0,10.0,404.0,293.0,301.0,-29.0,6.0,2026,9,26,45,5,Saturday,Automne,Weekend,18640.0,42.5
France,Données temps réel,2026-09-26,13,2026-09-26 13:00:00,43213.0,43600,44200,33.0,0.0,278.0,28772.0,1588.0,1550.0,38.0,15557.0,1874.0,-2599.0,998.0,-3271.0,13.0,-3028,2370,680,-598,-2838,0.0,35.0,0.0,0.0,184.0,95.0,0.0,1704.0,147.0,22.0,403.0,294.0,301.0,-16.0,1.0,2026,9,26,0,5,Saturday,Automne,Weekend,19019.0,44.0
France,Données temps réel,2026-09-26,13,2026-09-26 13:15:00,42365.0,42650,43250,33.0,0.0,277.0,28773.0,1522.0,1500.0,22.0,15972.0,1846.0,-2650.0,1005.0,-4184.0,13.0,-3028,2400,138,-590,-3251,0.0,35.0,0.0,0.0,184.0,94.0,0.0,1689.0,147.0,10.0,411.0,293.0,301.0,-228.0,0.0,2026,9,26,15,5,Saturday,Automne,Weekend,19340.0,45.7
France,Données temps réel,2026-09-26,13,2026-09-26 13:30:00,41550.0,41700,42300,33.0,0.0,279.0,28920.0,1463.0,1444.0,18.0,16248.0,1858.0,-2644.0,1012.0,-5357.0,13.0,-3028,2400,-484,-622,-3278,0.0,35.0,0.0,0.0,185.0,96.0,0.0,1700.0,149.0,10.0,417.0,294.0,301.0,-262.0,0.0,2026,9,26,30,5,Saturday,Automne,Weekend,19569.0,47.1
France,Données temps réel,2026-09-26,13,2026-09-26 13:45:00,41333.0,41550,42150,33.0,0.0,285.0,28690.0,1470.0,1455.0,15.0,16669.0,1934.0,-2642.0,1011.0,-5824.0,13.0,-3028,2400,-885,-672,-3492,0.0,35.0,0.0,0.0,184.0,102.0,0.0,1698.0,226.0,10.0,414.0,296.0,301.0,-291.0,0.0,2026,9,26,45,5,Saturday,Automne,Weekend,20073.0,48.6
France,Données temps réel,2026-09-26,14,2026-09-26 14:00:00,41557.0,41400,42000,33.0,0.0,284.0,29095.0,1406.0,1389.0,17.0,16690.0,1920.0,-2647.0,1008.0,-5964.0,13.0,-3028,2400,13,-890,-2999,0.0,35.0,0.0,0.0,184.0,101.0,0.0,1685.0,225.0,10.0,413.0,294.0,301.0,-267.0,0.0,2026,9,26,0,5,Saturday,Automne,Weekend,20016.0,48.2
France,Données temps réel,2026-09-26,14,2026-09-26 14:15:00,41940.0,42000,42600,32.0,0.0,285.0,29078.0,1421.0,1396.0,25.0,16760.0,1962.0,-2645.0,1010.0,-5579.0,13.0,-3028,2400,-207,-833,-3091,0.0,35.0,0.0,0.0,184.0,102.0,0.0,1685.0,267.0,10.0,416.0,293.0,301.0,-384.0,1.0,2026,9,26,15,5,Saturday,Automne,Weekend,20143.0,48.0
France,Données temps réel,2026-09-26,14,2026-09-26 14:30:00,41610.0,42600,43200,32.0,0.0,282.0,29344.0,1403.0,1385.0,18.0,16666.0,1969.0,-2630.0,1011.0,-6123.0,13.0,-3028,2400,-841,-856,-3136,0.0,35.0,0.0,0.0,184.0,99.0,0.0,1711.0,247.0,11.0,415.0,294.0,301.0,-345.0,2.0,2026,9,26,30,5,Saturday,Automne,Weekend,20038.0,48.2
France,Données temps réel,2026-09-26,14,2026-09-26 14:45:00,41280.0,42350,42950,32.0,0.0,283.0,29515.0,1350.0,1336.0,14.0,16670.0,1950.0,-2564.0,1009.0,-6787.0,13.0,-3028,2400,-885,-938,-3853,0.0,35.0,0.0,0.0,184.0,101.0,0.0,1733.0,207.0,10.0,416.0,291.0,301.0,-177.0,0.0,2026,9,26,45,5,Saturday,Automne,Weekend,19970.0,48.4
France,Données temps réel,2026-09-26,15,2026-09-26 15:00:00,41555.0,42100,42700,32.0,0.0,283.0,29494.0,1338.0,1328.0,10.0,16884.0,1958.0,-2576.0,1015.0,-6591.0,13.0,-2289,2309,-1071,-2136,-2819,0.0,35.0,0.0,0.0,184.0,100.0,0.0,1721.0,225.0,11.0,420.0,294.0,301.0,-280.0,0.0,2026,9,26,0,5,Saturday,Automne,Weekend,20180.0,48.6
France,Données temps réel,2026-09-26,15,2026-09-26 15:15:00,41641.0,41750,42350,32.0,0.0,283.0,29902.0,1322.0,1312.0,10.0,16715.0,2010.0,-2329.0,1015.0,-7015.0,13.0,-2289,2400,-1720,-1986,-3998,0.0,35.0,0.0,0.0,183.0,101.0,0.0,1729.0,271.0,10.0,419.0,295.0,301.0,-297.0,4.0,2026,9,26,15,5,Saturday,Automne,Weekend,20047.0,48.1
France,Données temps réel,2026-09-26,15,2026-09-26 15:30:00,40850.0,41400,42000,32.0,0.0,286.0,30374.0,1313.0,1305.0,9.0,16703.0,1994.0,-2327.0,1017.0,-8534.0,13.0,-2289,2400,-1720,-2152,-5022,0.0,35.0,0.0,0.0,185.0,102.0,0.0,1723.0,260.0,10.0,420.0,295.0,301.0,-33.0,26.0,2026,9,26,30,5,Saturday,Automne,Weekend,20010.0,49.0
France,Données temps réel,2026-09-26,15,2026-09-26 15:45:00,40458.0,41350,42000,32.0,0.0,285.0,31056.0,1278.0,1273.0,5.0,16181.0,2114.0,-2328.0,1013.0,-9172.0,12.0,-2289,2295,-1720,-2152,-5064,0.0,35.0,0.0,0.0,183.0,103.0,0.0,1732.0,357.0,25.0,417.0,294.0,301.0,-17.0,18.0,2026,9,26,45,5,Saturday,Automne,Weekend,19573.0,48.4
France,Données temps réel,2026-09-26,16,2026-09-26 16:00:00,40413.0,41300,42000,32.0,0.0,282.0,31581.0,1253.0,1250.0,3.0,15752.0,2164.0,-2332.0,1009.0,-9322.0,12.0,-3028,2400,-2620,-2227,-4795,0.0,35.0,0.0,0.0,184.0,99.0,0.0,1674.0,466.0,24.0,415.0,293.0,301.0,-21.0,16.0,2026,9,26,0,5,Saturday,Automne,Weekend,19169.0,47.4
France,Données temps réel,2026-09-26,16,2026-09-26 16:15:00,40881.0,41000,41700,33.0,0.0,297.0,31647.0,1278.0,1070.0,208.0,15030.0,2709.0,-1787.0,971.0,-9317.0,12.0,-3028,2302,-2620,-2227,-4474,0.0,35.0,0.0,0.0,195.0,102.0,0.0,2105.0,602.0,1.0,413.0,256.0,301.0,-6.0,27.0,2026,9,26,15,5,Saturday,Automne,Weekend,19017.0,46.5
France,Données temps réel,2026-09-26,16,2026-09-26 16:30:00,40052.0,40700,41400,33.0,0.0,297.0,31647.0,1301.0,1093.0,208.0,14179.0,2708.0,-1787.0,971.0,-9317.0,12.0,-3028,2400,-2620,-2227,-4471,0.0,35.0,0.0,0.0,195.0,102.0,0.0,2104.0,602.0,1.0,413.0,256.0,301.0,-6.0,27.0,2026,9,26,30,5,Saturday,Automne,Weekend,18188.0,45.4
France,Données temps réel,2026-09-26,16,2026-09-26 16:45:00,39865.0,40500,41200,33.0,0.0,297.0,32357.0,1297.0,1089.0,208.0,13272.0,2722.0,-1787.0,971.0,-9317.0,12.0,-3028,2400,-2620,-2214,-4213,0.0,35.0,0.0,0.0,195.0,102.0,0.0,2064.0,657.0,1.0,413.0,256.0,301.0,-6.0,27.0,2026,9,26,45,5,Saturday,Automne,Weekend,17291.0,43.4
France,Données temps réel,2026-09-26,17,2026-09-26 17:00:00,38663.0,40300,41000,33.0,0.0,297.0,32357.0,1278.0,1070.0,208.0,12089.0,2722.0,-1787.0,971.0,-9317.0,13.0,-2531,2400,-2875,-2227,-3838,0.0,35.0,0.0,0.0,195.0,102.0,0.0,2064.0,657.0,1.0,413.0,256.0,301.0,-6.0,27.0,2026,9,26,0,5,Saturday,Automne,Weekend,16089.0,41.6
France,Données temps réel,2026-09-26,17,2026-09-26 17:15:00,37572.0,40500,41150,33.0,0.0,441.0,32357.0,1274.0,1066.0,208.0,10790.0,2789.0,-1787.0,971.0,-9317.0,14.0,-2531,2400,-2875,-2227,-3703,0.0,35.0,0.0,0.0,195.0,246.0,0.0,2069.0,719.0,1.0,413.0,256.0,301.0,-6.0,27.0,2026,9,26,15,5,Saturday,Automne,Weekend,14853.0,39.5
France,Données temps réel,2026-09-26,17,2026-09-26 17:30:00,40281.0,40700,41300,31.0,0.0,1838.0,33426.0,1358.0,1334.0,24.0,9513.0,2957.0,-489.0,1015.0,-9370.0,26.0,-2531,2400,-2875,-2227,-3638,0.0,35.0,0.0,0.0,185.0,1655.0,0.0,1563.0,958.0,436.0,417.0,297.0,301.0,-10.0,11.0,2026,9,26,30,5,Saturday,Automne,Weekend,13828.0,34.3
France,Données temps réel,2026-09-26,17,2026-09-26 17:45:00,40877.0,41100,41650,33.0,0.0,2263.0,33448.0,1417.0,1382.0,35.0,8488.0,3133.0,-1.0,1012.0,-8898.0,30.0,-2531,2342,-2875,-2227,-3261,0.0,35.0,0.0,0.0,184.0,2080.0,0.0,1660.0,1212.0,261.0,417.0,293.0,301.0,-18.0,2.0,2026,9,26,45,5,Saturday,Automne,Weekend,13038.0,31.9
France,Données temps réel,2026-09-26,18,2026-09-26 18:00:00,41341.0,41500,42000,34.0,0.0,2608.0,33418.0,1460.0,1409.0,51.0,7052.0,4060.0,-1.0,1007.0,-8286.0,33.0,-95,2400,-3509,-2030,-4800,0.0,35.0,0.0,0.0,184.0,2425.0,0.0,1739.0,1445.0,877.0,413.0,292.0,301.0,-12.0,2.0,2026,9,26,0,5,Saturday,Automne,Weekend,12572.0,30.4
France,Données temps réel,2026-09-26,18,2026-09-26 18:15:00,41473.0,41750,42250,34.0,0.0,3049.0,33571.0,1513.0,1454.0,59.0,5587.0,4703.0,0.0,1008.0,-8126.0,37.0,-95,2400,-3498,-1965,-4198,0.0,35.0,0.0,0.0,183.0,2867.0,0.0,1816.0,1742.0,1145.0,415.0,291.0,301.0,-20.0,154.0,2026,9,26,15,5,Saturday,Automne,Weekend,11803.0,28.5
France,Données temps réel,2026-09-26,18,2026-09-26 18:30:00,41824.0,42000,42500,35.0,0.0,3418.0,33538.0,1562.0,1497.0,65.0,4254.0,5392.0,-1.0,1006.0,-7355.0,40.0,-95,2400,-3282,-1952,-4086,0.0,35.0,0.0,0.0,185.0,3235.0,0.0,1877.0,1636.0,1879.0,414.0,291.0,301.0,-26.0,2.0,2026,9,26,30,5,Saturday,Automne,Weekend,11208.0,26.8
France,Données temps réel,2026-09-26,18,2026-09-26 18:45:00,42110.0,42350,42800,35.0,0.0,3636.0,33525.0,1547.0,1473.0,75.0,3033.0,6232.0,0.0,1013.0,-6903.0,43.0,-95,2400,-3205,-1968,-3457,0.0,35.0,0.0,0.0,184.0,3453.0,0.0,2053.0,2016.0,2164.0,420.0,292.0,301.0,-15.0,6.0,2026,9,26,45,5,Saturday,Automne,Weekend,10812.0,25.7
France,Données temps réel,2026-09-26,19,2026-09-26 19:00:00,42194.0,42700,43100,35.0,0.0,3858.0,33487.0,1539.0,1468.0,71.0,1917.0,6419.0,0.0,1010.0,-6053.0,45.0,422,2400,-3472,-1671,-2238,0.0,35.0,0.0,0.0,185.0,3674.0,0.0,2221.0,2021.0,2178.0,417.0,291.0,301.0,-19.0,3.0,2026,9,26,0,5,Saturday,Automne,Weekend,9875.0,23.4
France,Données temps réel,2026-09-26,19,2026-09-26 19:15:00,42557.0,43000,43350,33.0,0.0,3889.0,33565.0,1597.0,1509.0,88.0,1167.0,6548.0,-1.0,1012.0,-5284.0,46.0,422,2325,-3478,-1562,-2390,0.0,35.0,0.0,0.0,184.0,3706.0,0.0,2253.0,2099.0,2196.0,418.0,292.0,301.0,-3.0,35.0,2026,9,26,15,5,Saturday,Automne,Weekend,9312.0,21.9
France,Données temps réel,2026-09-26,19,2026-09-26 19:30:00,42406.0,43300,43600,34.0,0.0,3905.0,33640.0,1651.0,1580.0,70.0,607.0,7255.0,0.0,1011.0,-5704.0,46.0,422,2198,-3518,-1553,-1974,0.0,35.0,0.0,0.0,184.0,3722.0,0.0,2282.0,2135.0,2837.0,420.0,290.0,301.0,-7.0,15.0,2026,9,26,30,5,Saturday,Automne,Weekend,9513.0,22.4
France,Données temps réel,2026-09-26,19,2026-09-26 19:45:00,42916.0,43300,43550,35.0,0.0,3912.0,33606.0,1617.0,1536.0,81.0,356.0,7065.0,-1.0,1013.0,-4692.0,46.0,422,2088,-3534,-1540,-1439,0.0,35.0,0.0,0.0,184.0,3729.0,0.0,2333.0,2152.0,2579.0,419.0,292.0,301.0,-7.0,13.0,2026,9,26,45,5,Saturday,Automne,Weekend,9038.0,21.1
France,Données temps réel,2026-09-26,20,2026-09-26 20:00:00,42902.0,43300,43500,34.0,0.0,3909.0,33619.0,1664.0,1585.0,79.0,222.0,7182.0,-1.0,1008.0,-4745.0,46.0,-15,1742,-2618,-1613,-2151,0.0,35.0,0.0,0.0,184.0,3726.0,0.0,2355.0,2129.0,2698.0,416.0,291.0,301.0,-6.0,16.0,2026,9,26,0,5,Saturday,Automne,Weekend,9068.0,21.1
France,Données temps réel,2026-09-26,20,2026-09-26 20:15:00,42421.0,42950,43150,36.0,0.0,3937.0,33650.0,1758.0,1689.0,69.0,191.0,7195.0,0.0,1008.0,-5778.0,46.0,-15,784,-2925,-1607,-1263,1.0,35.0,0.0,0.0,185.0,3753.0,0.0,2367.0,2066.0,2761.0,414.0,292.0,301.0,-6.0,433.0,2026,9,26,15,5,Saturday,Automne,Weekend,9144.0,21.6
France,Données temps réel,2026-09-26,20,2026-09-26 20:30:00,42097.0,42600,42800,34.0,0.0,3936.0,33674.0,1875.0,1811.0,64.0,187.0,6700.0,0.0,1012.0,-5686.0,47.0,-15,340,-2793,-1579,-1576,0.0,35.0,0.0,0.0,185.0,3753.0,0.0,2314.0,1944.0,2443.0,417.0,294.0,301.0,-8.0,372.0,2026,9,26,30,5,Saturday,Automne,Weekend,8762.0,20.8
France,Données temps réel,2026-09-26,20,2026-09-26 20:45:00,41295.0,42000,42150,34.0,0.0,3944.0,33712.0,1936.0,1867.0,69.0,186.0,6333.0,0.0,1014.0,-6213.0,47.0,-15,-209,-2587,-1574,-1774,0.0,35.0,0.0,0.0,185.0,3761.0,0.0,2197.0,1722.0,2414.0,416.0,296.0,301.0,-8.0,359.0,2026,9,26,45,5,Saturday,Automne,Weekend,8455.0,20.5
France,Données temps réel,2026-09-26,21,2026-09-26 21:00:00,40735.0,41400,41500,36.0,0.0,3938.0,33722.0,1997.0,1916.0,80.0,179.0,6516.0,0.0,1014.0,-7077.0,47.0,122,19,-2915,-1994,-1595,1.0,35.0,0.0,0.0,184.0,3755.0,0.0,2139.0,1744.0,2633.0,417.0,295.0,301.0,-9.0,420.0,2026,9,26,0,5,Saturday,Automne,Weekend,8692.0,21.3
France,Données temps réel,2026-09-26,21,2026-09-26 21:15:00,40213.0,40900,41000,36.0,0.0,3956.0,33724.0,2092.0,1998.0,94.0,0.0,6052.0,-33.0,1013.0,-7087.0,47.0,122,-343,-3113,-1981,-1472,1.0,35.0,0.0,0.0,185.0,3772.0,0.0,1984.0,1713.0,2355.0,418.0,294.0,301.0,-1.0,463.0,2026,9,26,15,5,Saturday,Automne,Weekend,8144.0,20.3
France,Données temps réel,2026-09-26,21,2026-09-26 21:30:00,39773.0,40400,40500,36.0,0.0,3955.0,33737.0,2187.0,2080.0,107.0,0.0,5025.0,-36.0,1007.0,-6527.0,48.0,122,-459,-3228,-1973,-822,1.0,35.0,0.0,0.0,184.0,3772.0,0.0,1979.0,1697.0,1349.0,413.0,293.0,301.0,-2.0,393.0,2026,9,26,30,5,Saturday,Automne,Weekend,7212.0,18.1
France,Données temps réel,2026-09-26,21,2026-09-26 21:45:00,39282.0,40150,40250,36.0,0.0,3940.0,33676.0,2298.0,2174.0,124.0,0.0,4832.0,-53.0,1004.0,-6753.0,48.0,122,-429,-2904,-1904,-1546,1.0,35.0,0.0,0.0,184.0,3757.0,0.0,1946.0,1556.0,1330.0,410.0,293.0,301.0,-6.0,309.0,2026,9,26,45,5,Saturday,Automne,Weekend,7130.0,18.2
France,Données temps réel,2026-09-26,22,2026-09-26 22:00:00,38741.0,39900,40000,35.0,0.0,3941.0,33612.0,2400.0,2212.0,188.0,0.0,4704.0,-53.0,1003.0,-6935.0,48.0,536,-81,-2721,-2204,-795,0.0,35.0,0.0,0.0,184.0,3758.0,0.0,1943.0,1509.0,1252.0,408.0,294.0,301.0,-6.0,41.0,2026,9,26,0,5,Saturday,Automne,Weekend,7104.0,18.3
France,Données temps réel,2026-09-26,22,2026-09-26 22:15:00,39329.0,40100,40150,36.0,0.0,3957.0,33630.0,2420.0,2204.0,216.0,0.0,4347.0,-9.0,1014.0,-6205.0,49.0,536,66,-2425,-2223,-1418,1.0,35.0,0.0,0.0,184.0,3774.0,0.0,1931.0,1416.0,1001.0,417.0,295.0,301.0,-7.0,149.0,2026,9,26,15,5,Saturday,Automne,Weekend,6767.0,17.2
France,Données temps réel,2026-09-26,22,2026-09-26 22:30:00,39670.0,40300,40300,36.0,0.0,3922.0,33669.0,2494.0,2254.0,240.0,0.0,4276.0,-12.0,1018.0,-5800.0,49.0,536,-18,-2199,-2192,-506,1.0,35.0,0.0,0.0,185.0,3738.0,0.0,1915.0,1456.0,906.0,421.0,296.0,301.0,-44.0,112.0,2026,9,26,30,5,Saturday,Automne,Weekend,6770.0,17.1
France,Données temps réel,2026-09-26,22,2026-09-26 22:45:00,40644.0,40700,40700,35.0,0.0,3807.0,33674.0,2552.0,2297.0,256.0,0.0,4380.0,-7.0,1016.0,-4804.0,47.0,536,459,-2188,-2224,-1314,0.0,35.0,0.0,0.0,185.0,3623.0,0.0,1893.0,1435.0,1053.0,419.0,296.0,301.0,-9.0,0.0,2026,9,26,45,5,Saturday,Automne,Weekend,6932.0,17.1
France,Données temps réel,2026-09-26,23,2026-09-26 23:00:00,39915.0,41100,41100,36.0,0.0,3804.0,33710.0,2573.0,2333.0,240.0,0.0,4222.0,-11.0,1016.0,-5428.0,47.0,921,424,-2657,-2037,-746,1.0,35.0,0.0,0.0,185.0,3619.0,0.0,1956.0,1428.0,838.0,421.0,294.0,301.0,-7.0,0.0,2026,9,26,0,5,Saturday,Automne,Weekend,6795.0,17.0
France,Données temps réel,2026-09-26,23,2026-09-26 23:15:00,39868.0,40600,40600,37.0,0.0,3663.0,33713.0,2524.0,2282.0,242.0,0.0,3486.0,-27.0,1016.0,-4532.0,47.0,921,41,-2493,-2051,-1052,2.0,35.0,0.0,0.0,184.0,3480.0,0.0,1908.0,1303.0,275.0,421.0,294.0,301.0,-11.0,0.0,2026,9,26,15,5,Saturday,Automne,Weekend,6010.0,15.1
France,Données temps réel,2026-09-26,23,2026-09-26 23:30:00,39484.0,40100,40100,37.0,0.0,3678.0,33821.0,2529.0,2264.0,265.0,0.0,3349.0,-24.0,1015.0,-4908.0,47.0,921,-322,-2778,-2059,59,2.0,35.0,0.0,0.0,185.0,3494.0,0.0,1933.0,1237.0,180.0,421.0,293.0,301.0,-12.0,0.0,2026,9,26,30,5,Saturday,Automne,Weekend,5878.0,14.9
France,Données temps réel,2026-09-26,23,2026-09-26 23:45:00,39625.0,39900,39850,37.0,0.0,3537.0,33883.0,2446.0,2214.0,232.0,0.0,3401.0,-29.0,1015.0,-4657.0,46.0,921,-704,-3001,-2048,-55,2.0,35.0,0.0,0.0,185.0,3353.0,0.0,1927.0,1283.0,192.0,421.0,293.0,301.0,-11.0,5.0,2026,9,26,45,5,Saturday,Automne,Weekend,5847.0,14.8
France,Données temps réel,2026-09-27,0,2026-09-27 00:00:00,39185.0,39700,39600,37.0,0.0,3575.0,33956.0,2401.0,2161.0,240.0,0.0,3506.0,-25.0,1017.0,-5298.0,46.0,413,883,-3426,-2227,-1155,2.0,35.0,0.0,0.0,185.0,3391.0,0.0,1921.0,1299.0,286.0,422.0,294.0,301.0,-10.0,27.0,2026,9,27,0,6,Sunday,Automne,Weekend,5907.0,15.1
France,Données temps réel,2026-09-27,0,2026-09-27 00:15:00,38941.0,38850,38800,36.0,0.0,3299.0,34135.0,2406.0,2125.0,281.0,0.0,3854.0,-16.0,1014.0,-5738.0,43.0,413,672,-3748,-2218,-1068,1.0,35.0,0.0,0.0,185.0,3115.0,0.0,1949.0,1161.0,743.0,419.0,293.0,301.0,-47.0,0.0,2026,9,27,15,6,Sunday,Automne,Weekend,6260.0,16.1
France,Données temps réel,2026-09-27,0,2026-09-27 00:30:00,38006.0,38000,38000,37.0,0.0,3291.0,34173.0,2386.0,2079.0,307.0,0.0,3840.0,-18.0,1012.0,-6684.0,43.0,413,775,-3840,-2217,-1730,2.0,35.0,0.0,0.0,185.0,3108.0,0.0,1949.0,1129.0,761.0,417.0,294.0,301.0,-48.0,17.0,2026,9,27,30,6,Sunday,Automne,Weekend,6226.0,16.4
France,Données temps réel,2026-09-27,0,2026-09-27 00:45:00,36722.0,37200,37200,37.0,0.0,3291.0,34343.0,2425.0,2088.0,337.0,0.0,3663.0,-347.0,1015.0,-7614.0,43.0,413,649,-3863,-2217,-2090,2.0,35.0,0.0,0.0,186.0,3106.0,0.0,1952.0,1121.0,590.0,421.0,293.0,301.0,-91.0,0.0,2026,9,27,45,6,Sunday,Automne,Weekend,6088.0,16.6
France,Données temps réel,2026-09-27,1,2026-09-27 01:00:00,36457.0,36400,36400,37.0,0.0,3208.0,34322.0,2371.0,2064.0,307.0,0.0,3491.0,-355.0,1014.0,-7565.0,43.0,258,446,-3863,-2227,-1470,2.0,35.0,0.0,0.0,184.0,3024.0,0.0,1916.0,1104.0,471.0,419.0,293.0,301.0,-66.0,3.0,2026,9,27,0,6,Sunday,Automne,Weekend,5862.0,16.1
France,Données temps réel,2026-09-27,1,2026-09-27 01:15:00,36466.0,36700,36700,37.0,0.0,3183.0,34398.0,2321.0,2003.0,318.0,0.0,3442.0,-349.0,1011.0,-7565.0,42.0,258,460,-3863,-2227,-1471,2.0,35.0,0.0,0.0,185.0,3000.0,0.0,1914.0,1083.0,445.0,416.0,294.0,301.0,-12.0,1.0,2026,9,27,15,6,Sunday,Automne,Weekend,5763.0,15.8
France,Données temps réel,2026-09-27,1,2026-09-27 01:30:00,36094.0,37000,37000,37.0,0.0,2729.0,34398.0,2275.0,1932.0,343.0,0.0,3223.0,-351.0,1017.0,-7223.0,39.0,258,961,-3863,-2222,-1543,2.0,35.0,0.0,0.0,185.0,2545.0,0.0,1865.0,1055.0,304.0,423.0,293.0,301.0,-18.0,7.0,2026,9,27,30,6,Sunday,Automne,Weekend,5498.0,15.2
France,Données temps réel,2026-09-27,1,2026-09-27 01:45:00,35954.0,36400,36400,37.0,0.0,2462.0,34442.0,2256.0,1896.0,360.0,0.0,3038.0,-353.0,1018.0,-6911.0,37.0,258,1170,-3775,-2217,-1688,2.0,35.0,0.0,0.0,184.0,2279.0,0.0,1722.0,1013.0,302.0,423.0,293.0,301.0,-51.0,17.0,2026,9,27,45,6,Sunday,Automne,Weekend,5294.0,14.7
France,Données temps réel,2026-09-27,2,2026-09-27 02:00:00,35075.0,35800,35800,37.0,0.0,1495.0,34534.0,2223.0,1861.0,362.0,0.0,2905.0,-509.0,1014.0,-6534.0,28.0,603,1161,-3862,-2227,-1784,2.0,35.0,0.0,0.0,184.0,1312.0,0.0,1691.0,1021.0,194.0,419.0,293.0,301.0,-91.0,1.0,2026,9,27,0,6,Sunday,Automne,Weekend,5128.0,14.6
France,Données temps réel,2026-09-27,2,2026-09-27 02:15:00,34886.0,34700,34700,37.0,0.0,623.0,34658.0,2191.0,1840.0,350.0,0.0,3005.0,-688.0,1016.0,-5948.0,19.0,603,1028,-3861,-2223,-1822,2.0,35.0,0.0,0.0,185.0,440.0,0.0,1735.0,1052.0,219.0,421.0,293.0,301.0,-9.0,2.0,2026,9,27,15,6,Sunday,Automne,Weekend,5196.0,14.9
France,Données temps réel,2026-09-27,2,2026-09-27 02:30:00,33995.0,33600,33600,37.0,0.0,342.0,34708.0,2193.0,1856.0,337.0,0.0,2944.0,-662.0,1012.0,-6577.0,16.0,603,775,-3863,-2218,-2117,2.0,35.0,0.0,0.0,184.0,159.0,0.0,1717.0,1026.0,201.0,418.0,293.0,301.0,-4.0,1.0,2026,9,27,30,6,Sunday,Automne,Weekend,5137.0,15.1
France,Données temps réel,2026-09-27,2,2026-09-27 02:45:00,33265.0,33050,33050,37.0,0.0,226.0,34795.0,2163.0,1846.0,317.0,0.0,2824.0,-1082.0,1011.0,-6708.0,15.0,603,555,-3863,-2218,-2360,2.0,35.0,0.0,0.0,184.0,43.0,0.0,1678.0,948.0,197.0,414.0,296.0,301.0,-5.0,4.0,2026,9,27,45,6,Sunday,Automne,Weekend,4987.0,15.0
France,Données temps réel,2026-09-27,3,2026-09-27 03:00:00,32530.0,32500,32500,37.0,0.0,235.0,34857.0,2247.0,1866.0,381.0,0.0,2812.0,-1086.0,1015.0,-7582.0,15.0,-78,341,-3858,-2227,-2374,2.0,35.0,0.0,0.0,184.0,52.0,0.0,1676.0,912.0,224.0,417.0,297.0,301.0,-9.0,5.0,2026,9,27,0,6,Sunday,Automne,Weekend,5059.0,15.6
France,Données temps réel,2026-09-27,3,2026-09-27 03:15:00,32084.0,32100,32100,37.0,0.0,229.0,34969.0,2375.0,1935.0,440.0,0.0,2795.0,-1081.0,1015.0,-8230.0,15.0,-78,-210,-3859,-2227,-2190,2.0,35.0,0.0,0.0,185.0,46.0,0.0,1657.0,852.0,286.0,416.0,297.0,301.0,-29.0,6.0,2026,9,27,15,6,Sunday,Automne,Weekend,5170.0,16.1
France,Données temps réel,2026-09-27,3,2026-09-27 03:30:00,31767.0,31700,31700,37.0,0.0,233.0,34808.0,2409.0,2015.0,395.0,0.0,2791.0,-1083.0,1012.0,-8421.0,15.0,-78,-441,-3832,-2227,-2163,2.0,35.0,0.0,0.0,186.0,49.0,0.0,1660.0,799.0,332.0,414.0,297.0,301.0,-22.0,3.0,2026,9,27,30,6,Sunday,Automne,Weekend,5200.0,16.4
France,Données temps réel,2026-09-27,3,2026-09-27 03:45:00,31603.0,31350,31350,36.0,0.0,232.0,34556.0,2372.0,2034.0,337.0,0.0,3193.0,-1086.0,1015.0,-8700.0,15.0,-78,-437,-3822,-2227,-2122,1.0,35.0,0.0,0.0,184.0,48.0,0.0,1624.0,922.0,647.0,418.0,296.0,301.0,-14.0,1.0,2026,9,27,45,6,Sunday,Automne,Weekend,5565.0,17.6
France,Données temps réel,2026-09-27,4,2026-09-27 04:00:00,31337.0,31000,31000,37.0,0.0,235.0,34306.0,2483.0,2036.0,448.0,0.0,3154.0,-1082.0,1011.0,-8781.0,15.0,772,-752,-3859,-2227,-2804,2.0,35.0,0.0,0.0,185.0,52.0,0.0,1607.0,890.0,658.0,415.0,295.0,301.0,-28.0,3.0,2026,9,27,0,6,Sunday,Automne,Weekend,5637.0,18.0
France,Données temps réel,2026-09-27,4,2026-09-27 04:15:00,31240.0,30800,31000,37.0,0.0,235.0,34237.0,2451.0,2055.0,396.0,0.0,2775.0,-1084.0,1012.0,-8423.0,15.0,772,-1137,-3858,-2227,-2319,2.0,35.0,0.0,0.0,185.0,51.0,0.0,1554.0,771.0,449.0,418.0,293.0,301.0,-2.0,4.0,2026,9,27,15,6,Sunday,Automne,Weekend,5226.0,16.7
France,Données temps réel,2026-09-27,4,2026-09-27 04:30:00,31171.0,30600,31000,37.0,0.0,241.0,34147.0,2429.0,2062.0,367.0,0.0,2685.0,-1083.0,1013.0,-8286.0,16.0,772,-1179,-3779,-2227,-2146,2.0,35.0,0.0,0.0,185.0,57.0,0.0,1504.0,759.0,422.0,420.0,292.0,301.0,-11.0,0.0,2026,9,27,30,6,Sunday,Automne,Weekend,5114.0,16.4
France,Données temps réel,2026-09-27,4,2026-09-27 04:45:00,30806.0,30750,31150,37.0,0.0,239.0,34090.0,2400.0,2038.0,362.0,0.0,2598.0,-1083.0,1012.0,-8477.0,16.0,772,-1266,-3752,-2227,-2111,2.0,35.0,0.0,0.0,184.0,55.0,0.0,1473.0,726.0,400.0,418.0,293.0,301.0,-9.0,0.0,2026,9,27,45,6,Sunday,Automne,Weekend,4998.0,16.2
France,Données temps réel,2026-09-27,5,2026-09-27 05:00:00,30940.0,30900,31300,37.0,0.0,238.0,34120.0,2470.0,2105.0,366.0,0.0,2469.0,-1084.0,1012.0,-8298.0,16.0,1049,-1290,-3787,-2227,-1895,2.0,35.0,0.0,0.0,184.0,55.0,0.0,1432.0,713.0,324.0,417.0,293.0,301.0,-24.0,0.0,2026,9,27,0,6,Sunday,Automne,Weekend,4939.0,16.0
France,Données temps réel,2026-09-27,5,2026-09-27 05:15:00,30828.0,30950,31350,37.0,0.0,240.0,34096.0,2573.0,2182.0,390.0,0.0,2141.0,-505.0,1015.0,-8762.0,16.0,1049,-1493,-3792,-2227,-1706,2.0,35.0,0.0,0.0,185.0,56.0,0.0,1395.0,689.0,57.0,421.0,293.0,301.0,-11.0,6.0,2026,9,27,15,6,Sunday,Automne,Weekend,4714.0,15.3
France,Données temps réel,2026-09-27,5,2026-09-27 05:30:00,31108.0,31000,31400,37.0,0.0,239.0,34109.0,2634.0,2222.0,412.0,0.0,2140.0,-674.0,1014.0,-8374.0,16.0,1049,-1468,-3719,-2227,-1682,2.0,35.0,0.0,0.0,185.0,54.0,0.0,1395.0,688.0,56.0,420.0,293.0,301.0,-17.0,1.0,2026,9,27,30,6,Sunday,Automne,Weekend,4774.0,15.3
France,Données temps réel,2026-09-27,5,2026-09-27 05:45:00,31146.0,31100,31450,37.0,0.0,232.0,34130.0,2663.0,2284.0,379.0,0.0,2083.0,-678.0,1017.0,-8312.0,16.0,1049,-1664,-3656,-2227,-1651,2.0,35.0,0.0,0.0,184.0,49.0,0.0,1394.0,632.0,56.0,422.0,293.0,301.0,-24.0,0.0,2026,9,27,45,6,Sunday,Automne,Weekend,4746.0,15.2
France,Données temps réel,2026-09-27,6,2026-09-27 06:00:00,31232.0,31200,31500,37.0,0.0,242.0,34091.0,2761.0,2377.0,385.0,0.0,2081.0,-680.0,1016.0,-8297.0,16.0,1211,-2035,-3714,-2227,-1442,2.0,35.0,0.0,0.0,184.0,58.0,0.0,1398.0,628.0,56.0,421.0,293.0,301.0,-20.0,1.0,2026,9,27,0,6,Sunday,Automne,Weekend,4842.0,15.5
France,Données temps réel,2026-09-27,6,2026-09-27 06:15:00,31626.0,31450,31750,37.0,0.0,247.0,34090.0,2787.0,2440.0,347.0,0.0,2102.0,-676.0,1011.0,-7954.0,16.0,1211,-2202,-3854,-2227,-887,2.0,35.0,0.0,0.0,184.0,64.0,0.0,1411.0,633.0,57.0,417.0,293.0,301.0,-18.0,2.0,2026,9,27,15,6,Sunday,Automne,Weekend,4889.0,15.5
France,Données temps réel,2026-09-27,6,2026-09-27 06:30:00,31689.0,31700,32000,37.0,0.0,245.0,34090.0,2891.0,2524.0,368.0,0.0,2081.0,-674.0,1012.0,-7977.0,16.0,1211,-2269,-3857,-2227,-779,2.0,35.0,0.0,0.0,185.0,61.0,0.0,1434.0,590.0,57.0,418.0,293.0,301.0,-16.0,1.0,2026,9,27,30,6,Sunday,Automne,Weekend,4972.0,15.7
France,Données temps réel,2026-09-27,6,2026-09-27 06:45:00,32117.0,31950,32200,37.0,0.0,244.0,34092.0,3016.0,2643.0,373.0,0.0,2078.0,-675.0,1014.0,-7680.0,16.0,1211,-2235,-3824,-2227,-737,2.0,35.0,0.0,0.0,185.0,60.0,0.0,1426.0,594.0,58.0,419.0,293.0,301.0,-11.0,3.0,2026,9,27,45,6,Sunday,Automne,Weekend,5094.0,15.9
France,Données temps réel,2026-09-27,7,2026-09-27 07:00:00,31970.0,32200,32400,37.0,0.0,239.0,34118.0,3059.0,2661.0,398.0,175.0,2162.0,-676.0,1016.0,-8168.0,16.0,689,-1841,-3851,-2227,-564,2.0,35.0,0.0,0.0,184.0,56.0,0.0,1460.0,644.0,58.0,420.0,294.0,301.0,-10.0,20.0,2026,9,27,0,6,Sunday,Automne,Weekend,5396.0,16.9
France,Données temps réel,2026-09-27,7,2026-09-27 07:15:00,32261.0,32300,32500,37.0,0.0,238.0,34086.0,3161.0,2722.0,439.0,179.0,2169.0,-674.0,1016.0,-7966.0,15.0,689,-2727,-3851,-2227,-153,2.0,35.0,0.0,0.0,185.0,55.0,0.0,1489.0,621.0,58.0,421.0,294.0,301.0,-7.0,22.0,2026,9,27,15,6,Sunday,Automne,Weekend,5509.0,17.1
France,Données temps réel,2026-09-27,7,2026-09-27 07:30:00,32288.0,32400,32600,37.0,0.0,237.0,34045.0,3247.0,2797.0,451.0,178.0,2190.0,-677.0,1022.0,-8003.0,16.0,689,-2867,-3851,-2227,203,2.0,35.0,0.0,0.0,184.0,53.0,0.0,1504.0,630.0,57.0,423.0,298.0,301.0,-11.0,24.0,2026,9,27,30,6,Sunday,Automne,Weekend,5615.0,17.4
France,Données temps réel,2026-09-27,7,2026-09-27 07:45:00,32303.0,32650,32800,37.0,0.0,244.0,33997.0,3313.0,2888.0,424.0,195.0,2183.0,-678.0,1017.0,-8005.0,16.0,689,-2848,-3349,-2227,-260,2.0,35.0,0.0,0.0,185.0,60.0,0.0,1520.0,607.0,57.0,419.0,297.0,301.0,-4.0,5.0,2026,9,27,45,6,Sunday,Automne,Weekend,5691.0,17.6
France,Données temps réel,2026-09-27,8,2026-09-27 08:00:00,32535.0,32900,33000,37.0,0.0,244.0,33984.0,3433.0,2994.0,438.0,405.0,2200.0,-675.0,1013.0,-8109.0,15.0,59,-2600,-3033,-2227,668,2.0,35.0,0.0,0.0,186.0,59.0,0.0,1488.0,656.0,57.0,415.0,297.0,301.0,-3.0,6.0,2026,9,27,0,6,Sunday,Automne,Weekend,6038.0,18.6
France,Données temps réel,2026-09-27,8,2026-09-27 08:15:00,32882.0,33400,33450,37.0,0.0,245.0,33801.0,3549.0,3075.0,474.0,865.0,2205.0,-1246.0,1011.0,-7570.0,15.0,59,-2600,-2762,-2216,353,2.0,35.0,0.0,0.0,185.0,61.0,0.0,1469.0,649.0,87.0,415.0,294.0,301.0,-14.0,1.0,2026,9,27,15,6,Sunday,Automne,Weekend,6619.0,20.1
France,Données temps réel,2026-09-27,8,2026-09-27 08:30:00,33280.0,33900,33900,36.0,0.0,245.0,33708.0,3612.0,3107.0,505.0,1402.0,2106.0,-1449.0,1010.0,-7357.0,15.0,59,-2590,-2449,-2226,377,1.0,35.0,0.0,0.0,184.0,62.0,0.0,1438.0,611.0,56.0,415.0,294.0,301.0,-32.0,0.0,2026,9,27,30,6,Sunday,Automne,Weekend,7120.0,21.4
France,Données temps réel,2026-09-27,8,2026-09-27 08:45:00,33915.0,34200,34150,37.0,0.0,243.0,33485.0,3594.0,3117.0,477.0,2171.0,2069.0,-1449.0,1007.0,-7225.0,15.0,59,-2600,-2449,-2198,288,2.0,35.0,0.0,0.0,185.0,59.0,0.0,1416.0,596.0,57.0,410.0,296.0,301.0,-18.0,1.0,2026,9,27,45,6,Sunday,Automne,Weekend,7834.0,23.1
France,Données temps réel,2026-09-27,9,2026-09-27 09:00:00,33819.0,34500,34400,37.0,0.0,245.0,33675.0,3601.0,3132.0,470.0,2956.0,1949.0,-1447.0,1013.0,-8201.0,15.0,-758,-2600,-2060,-1983,-136,2.0,35.0,0.0,0.0,185.0,61.0,0.0,1387.0,503.0,60.0,414.0,298.0,301.0,-14.0,4.0,2026,9,27,0,6,Sunday,Automne,Weekend,8506.0,25.2
France,Données temps réel,2026-09-27,9,2026-09-27 09:15:00,34718.0,35300,35200,36.0,0.0,419.0,33404.0,3621.0,3176.0,444.0,4032.0,1757.0,-1615.0,994.0,-7902.0,16.0,-758,-2600,-2033,-2076,-300,1.0,35.0,0.0,0.0,184.0,236.0,0.0,1341.0,409.0,7.0,415.0,277.0,301.0,-27.0,0.0,2026,9,27,15,6,Sunday,Automne,Weekend,9410.0,27.1
France,Données temps réel,2026-09-27,9,2026-09-27 09:30:00,35504.0,36100,36000,37.0,0.0,488.0,33090.0,3511.0,3070.0,442.0,5184.0,1735.0,-1628.0,991.0,-7937.0,16.0,-758,-2600,-1978,-1966,117,2.0,35.0,0.0,0.0,185.0,305.0,0.0,1369.0,359.0,7.0,416.0,274.0,301.0,-26.0,59.0,2026,9,27,30,6,Sunday,Automne,Weekend,10430.0,29.4
France,Données temps réel,2026-09-27,9,2026-09-27 09:45:00,36311.0,36650,36500,37.0,0.0,488.0,32562.0,3373.0,2963.0,410.0,6409.0,1657.0,-1632.0,995.0,-7545.0,16.0,-758,-2330,-1721,-1985,232,2.0,35.0,0.0,0.0,186.0,303.0,0.0,1355.0,295.0,7.0,419.0,275.0,301.0,-34.0,0.0,2026,9,27,45,6,Sunday,Automne,Weekend,11439.0,31.5
France,Données temps réel,2026-09-27,10,2026-09-27 10:00:00,36872.0,37200,37000,37.0,0.0,495.0,31005.0,3148.0,2737.0,411.0,7829.0,1675.0,-2040.0,989.0,-6245.0,16.0,-2216,-2305,-665,-360,58,2.0,35.0,0.0,0.0,184.0,312.0,0.0,1356.0,300.0,19.0,413.0,275.0,301.0,-23.0,2.0,2026,9,27,0,6,Sunday,Automne,Weekend,12652.0,34.3
France,Données temps réel,2026-09-27,10,2026-09-27 10:15:00,37629.0,38000,37450,36.0,0.0,495.0,30031.0,3043.0,2520.0,524.0,9059.0,1538.0,-2457.0,991.0,-5089.0,16.0,-2216,-1272,-665,-301,-36,1.0,35.0,0.0,0.0,184.0,312.0,0.0,1295.0,234.0,10.0,415.0,275.0,301.0,-19.0,1.0,2026,9,27,15,6,Sunday,Automne,Weekend,13640.0,36.2
France,Données temps réel,2026-09-27,10,2026-09-27 10:30:00,37172.0,38800,37900,37.0,0.0,505.0,28695.0,2947.0,2428.0,519.0,10368.0,1542.0,-2423.0,993.0,-5181.0,16.0,-2216,-725,-665,-141,-27,2.0,35.0,0.0,0.0,185.0,321.0,0.0,1290.0,242.0,10.0,416.0,275.0,301.0,-24.0,4.0,2026,9,27,30,6,Sunday,Automne,Weekend,14857.0,40.0
France,Données temps réel,2026-09-27,10,2026-09-27 10:45:00,38023.0,39250,38350,37.0,0.0,507.0,27590.0,2793.0,2329.0,464.0,11476.0,1525.0,-2662.0,988.0,-4159.0,16.0,-2216,-188,-665,3,-152,2.0,35.0,0.0,0.0,186.0,322.0,0.0,1280.0,233.0,11.0,411.0,275.0,301.0,-70.0,1.0,2026,9,27,45,6,Sunday,Automne,Weekend,15794.0,41.5
France,Données temps réel,2026-09-27,11,2026-09-27 11:00:00,38649.0,39700,38800,36.0,0.0,504.0,26411.0,2845.0,2423.0,422.0,12337.0,1528.0,-2659.0,989.0,-3308.0,16.0,-2407,-1100,235,574,-501,1.0,35.0,0.0,0.0,185.0,320.0,0.0,1253.0,265.0,10.0,413.0,275.0,301.0,-38.0,5.0,2026,9,27,0,6,Sunday,Automne,Weekend,16710.0,43.2
France,Données temps réel,2026-09-27,11,2026-09-27 11:15:00,39470.0,40100,38900,36.0,0.0,498.0,25984.0,2935.0,2538.0,397.0,13527.0,1567.0,-2659.0,992.0,-3392.0,16.0,-2407,-2100,235,701,-37,1.0,35.0,0.0,0.0,185.0,314.0,0.0,1296.0,260.0,11.0,415.0,275.0,301.0,-21.0,5.0,2026,9,27,15,6,Sunday,Automne,Weekend,18029.0,45.7
France,Données temps réel,2026-09-27,11,2026-09-27 11:30:00,39346.0,40500,39000,36.0,0.0,484.0,25893.0,3029.0,2673.0,356.0,14083.0,1545.0,-2590.0,990.0,-4119.0,16.0,-2407,-2400,206,608,117,1.0,35.0,0.0,0.0,186.0,300.0,0.0,1320.0,214.0,10.0,413.0,275.0,301.0,-17.0,12.0,2026,9,27,30,6,Sunday,Automne,Weekend,18657.0,47.4
France,Données temps réel,2026-09-27,11,2026-09-27 11:45:00,40176.0,41200,39750,37.0,0.0,492.0,25712.0,3093.0,2780.0,312.0,15064.0,1571.0,-1952.0,992.0,-4786.0,16.0,-2407,-2400,182,557,124,2.0,35.0,0.0,0.0,184.0,309.0,0.0,1333.0,129.0,109.0,416.0,275.0,301.0,-53.0,6.0,2026,9,27,45,6,Sunday,Automne,Weekend,19728.0,49.1
France,Données temps réel,2026-09-27,12,2026-09-27 12:00:00,40299.0,41900,40500,37.0,0.0,489.0,25910.0,2641.0,2340.0,301.0,12788.0,1624.0,-1939.0,990.0,-2928.0,16.0,-1831,-2400,1065,1036,1175,2.0,35.0,0.0,0.0,184.0,306.0,0.0,1374.0,134.0,115.0,413.0,275.0,301.0,-186.0,7.0,2026,9,27,0,6,Sunday,Automne,Weekend,17053.0,42.3
France,Données temps réel,2026-09-27,12,2026-09-27 12:15:00,40720.0,41950,40600,37.0,0.0,483.0,26101.0,2343.0,2016.0,327.0,12471.0,1602.0,-1940.0,998.0,-1351.0,17.0,-1831,-2400,1065,1046,1521,2.0,35.0,0.0,0.0,185.0,299.0,0.0,1390.0,135.0,76.0,414.0,283.0,301.0,-71.0,13.0,2026,9,27,15,6,Sunday,Automne,Weekend,16416.0,40.3
France,Données temps réel,2026-09-27,12,2026-09-27 12:30:00,40917.0,42000,40700,36.0,0.0,473.0,25701.0,2451.0,2083.0,367.0,12519.0,1534.0,-1942.0,1007.0,-700.0,17.0,-1831,-2200,1065,1105,1707,1.0,35.0,0.0,0.0,185.0,289.0,0.0,1390.0,132.0,11.0,419.0,287.0,301.0,-168.0,7.0,2026,9,27,30,6,Sunday,Automne,Weekend,16504.0,40.3
France,Données temps réel,2026-09-27,12,2026-09-27 12:45:00,41374.0,42400,41100,37.0,0.0,472.0,25711.0,2413.0,2087.0,326.0,12945.0,1555.0,-2178.0,1010.0,-441.0,17.0,-1831,-2200,1065,1089,1879,2.0,35.0,0.0,0.0,185.0,287.0,0.0,1408.0,136.0,11.0,417.0,292.0,301.0,-153.0,3.0,2026,9,27,45,6,Sunday,Automne,Weekend,16913.0,40.9
France,Données temps réel,2026-09-27,13,2026-09-27 13:00:00,41089.0,42800,41500,37.0,0.0,471.0,25736.0,2133.0,1861.0,272.0,12365.0,1577.0,-2414.0,1011.0,329.0,17.0,-2391,-2181,1065,409,3661,2.0,35.0,0.0,0.0,184.0,288.0,0.0,1432.0,134.0,10.0,418.0,291.0,301.0,-161.0,7.0,2026,9,27,0,6,Sunday,Automne,Weekend,16075.0,39.1
France,Données temps réel,2026-09-27,13,2026-09-27 13:15:00,39908.0,41850,40550,37.0,0.0,470.0,25920.0,1579.0,1394.0,184.0,11192.0,1582.0,-2419.0,1008.0,839.0,17.0,-2391,-2198,1065,379,4008,2.0,35.0,0.0,0.0,184.0,287.0,0.0,1424.0,147.0,11.0,416.0,291.0,301.0,-318.0,19.0,2026,9,27,15,6,Sunday,Automne,Weekend,14353.0,36.0
France,Données temps réel,2026-09-27,13,2026-09-27 13:30:00,39149.0,40900,39600,37.0,0.0,467.0,25754.0,1415.0,1302.0,114.0,10873.0,1550.0,-2654.0,1011.0,984.0,18.0,-2391,-2200,1065,423,3417,2.0,35.0,0.0,0.0,184.0,284.0,0.0,1396.0,144.0,10.0,419.0,291.0,301.0,-306.0,18.0,2026,9,27,30,6,Sunday,Automne,Weekend,13838.0,35.3
France,Données temps réel,2026-09-27,13,2026-09-27 13:45:00,38297.0,40600,39300,37.0,0.0,264.0,26118.0,1359.0,1247.0,112.0,10811.0,1574.0,-2648.0,997.0,-46.0,15.0,-2391,-2200,1065,384,2866,2.0,35.0,0.0,0.0,185.0,80.0,0.0,1425.0,137.0,11.0,419.0,276.0,301.0,-191.0,22.0,2026,9,27,45,6,Sunday,Automne,Weekend,13744.0,35.9
France,Données temps réel,2026-09-27,14,2026-09-27 14:00:00,38428.0,40300,39000,37.0,0.0,259.0,26370.0,1375.0,1205.0,170.0,10543.0,1623.0,-2651.0,1001.0,120.0,15.0,-2714,-2200,977,570,3451,2.0,35.0,0.0,0.0,183.0,77.0,0.0,1439.0,173.0,11.0,418.0,282.0,301.0,-271.0,23.0,2026,9,27,0,6,Sunday,Automne,Weekend,13541.0,35.2
France,Données temps réel,2026-09-27,14,2026-09-27 14:15:00,39596.0,40800,39500,36.0,0.0,261.0,26305.0,1670.0,1509.0,162.0,11109.0,1630.0,-2640.0,1008.0,310.0,15.0,-2714,-2200,977,672,3853,1.0,35.0,0.0,0.0,185.0,78.0,0.0,1447.0,173.0,10.0,419.0,288.0,301.0,-99.0,7.0,2026,9,27,15,6,Sunday,Automne,Weekend,14409.0,36.4
France,Données temps réel,2026-09-27,14,2026-09-27 14:30:00,39286.0,41300,40000,37.0,0.0,259.0,25750.0,1854.0,1554.0,300.0,10957.0,1671.0,-2639.0,1012.0,539.0,15.0,-2714,-2200,977,712,3402,2.0,35.0,0.0,0.0,184.0,77.0,0.0,1451.0,209.0,10.0,422.0,288.0,301.0,-161.0,7.0,2026,9,27,30,6,Sunday,Automne,Weekend,14482.0,36.9
France,Données temps réel,2026-09-27,14,2026-09-27 14:45:00,39565.0,41000,39700,36.0,0.0,255.0,25860.0,2081.0,1683.0,398.0,11073.0,1811.0,-2570.0,1006.0,12.0,15.0,-2714,-2190,977,704,3042,1.0,35.0,0.0,0.0,183.0,73.0,0.0,1468.0,334.0,10.0,416.0,288.0,301.0,-71.0,72.0,2026,9,27,45,6,Sunday,Automne,Weekend,14965.0,37.8
France,Données temps réel,2026-09-27,15,2026-09-27 15:00:00,39141.0,40700,39400,37.0,0.0,257.0,25899.0,2391.0,1846.0,545.0,11365.0,1919.0,-2562.0,1005.0,-1030.0,15.0,-2614,-2170,-208,496,3112,2.0,35.0,0.0,0.0,183.0,75.0,0.0,1462.0,322.0,135.0,416.0,288.0,301.0,-141.0,1.0,2026,9,27,0,6,Sunday,Automne,Weekend,15675.0,40.0
France,Données temps réel,2026-09-27,15,2026-09-27 15:15:00,39294.0,40450,39150,36.0,0.0,259.0,25631.0,3094.0,2554.0,540.0,11921.0,1941.0,-2564.0,1007.0,-1871.0,14.0,-2614,-1380,-208,532,1809,1.0,35.0,0.0,0.0,185.0,75.0,0.0,1465.0,320.0,156.0,418.0,288.0,301.0,-162.0,3.0,2026,9,27,15,6,Sunday,Automne,Weekend,16956.0,43.2
France,Données temps réel,2026-09-27,15,2026-09-27 15:30:00,37826.0,40200,38900,37.0,0.0,254.0,25913.0,3131.0,2602.0,528.0,12038.0,1978.0,-2557.0,1004.0,-3817.0,14.0,-2614,-1590,-339,326,-696,2.0,35.0,0.0,0.0,185.0,71.0,0.0,1463.0,359.0,155.0,416.0,287.0,301.0,-184.0,30.0,2026,9,27,30,6,Sunday,Automne,Weekend,17147.0,45.3
France,Données temps réel,2026-09-27,15,2026-09-27 15:45:00,38706.0,40000,38650,37.0,0.0,255.0,26121.0,4147.0,3663.0,484.0,14165.0,1909.0,-2551.0,1005.0,-5920.0,13.0,-2614,-774,-897,186,-1919,2.0,35.0,0.0,0.0,185.0,71.0,0.0,1469.0,430.0,10.0,417.0,287.0,301.0,-465.0,4.0,2026,9,27,45,6,Sunday,Automne,Weekend,20221.0,52.2
France,Données temps réel,2026-09-27,16,2026-09-27 16:00:00,38720.0,39800,38400,37.0,0.0,259.0,26544.0,4233.0,3811.0,422.0,13582.0,1874.0,-2452.0,1011.0,-6016.0,13.0,-2817,-221,-1236,-2103,-594,2.0,35.0,0.0,0.0,184.0,76.0,0.0,1427.0,438.0,10.0,421.0,289.0,301.0,-247.0,4.0,2026,9,27,0,6,Sunday,Automne,Weekend,19689.0,50.8
France,Données temps réel,2026-09-27,16,2026-09-27 16:15:00,38705.0,39500,38100,37.0,0.0,521.0,27464.0,4421.0,4003.0,418.0,12858.0,2232.0,-2449.0,1010.0,-7089.0,15.0,-2817,800,-1315,-2224,-1813,2.0,35.0,0.0,0.0,184.0,338.0,0.0,1406.0,504.0,322.0,420.0,289.0,301.0,-327.0,27.0,2026,9,27,15,6,Sunday,Automne,Weekend,19511.0,50.4
France,Données temps réel,2026-09-27,16,2026-09-27 16:30:00,38399.0,39200,37800,37.0,0.0,541.0,28450.0,4337.0,3864.0,473.0,11833.0,2374.0,-2447.0,1012.0,-7654.0,16.0,-2817,1500,-1821,-2226,-2732,2.0,35.0,0.0,0.0,184.0,358.0,0.0,1377.0,522.0,476.0,421.0,289.0,301.0,-169.0,86.0,2026,9,27,30,6,Sunday,Automne,Weekend,18544.0,48.3
France,Données temps réel,2026-09-27,16,2026-09-27 16:45:00,38955.0,39150,37750,37.0,0.0,726.0,29315.0,4150.0,3612.0,538.0,11078.0,2306.0,-1666.0,1011.0,-8015.0,17.0,-2817,2100,-2090,-2226,-3477,2.0,35.0,0.0,0.0,183.0,544.0,0.0,1338.0,527.0,440.0,421.0,289.0,301.0,-23.0,38.0,2026,9,27,45,6,Sunday,Automne,Weekend,17534.0,45.0
France,Données temps réel,2026-09-27,17,2026-09-27 17:00:00,39048.0,39100,37700,37.0,0.0,734.0,30323.0,4039.0,3442.0,597.0,9789.0,2332.0,-1665.0,1011.0,-7519.0,17.0,-2169,2398,-2772,-2227,-2826,2.0,35.0,0.0,0.0,184.0,551.0,0.0,1318.0,697.0,316.0,421.0,289.0,301.0,-35.0,4.0,2026,9,27,0,6,Sunday,Automne,Weekend,16160.0,41.4
France,Données temps réel,2026-09-27,17,2026-09-27 17:15:00,39016.0,39450,38100,37.0,0.0,762.0,30821.0,3940.0,3299.0,642.0,8701.0,2600.0,-720.0,1011.0,-8151.0,18.0,-2169,2396,-2792,-2227,-3021,2.0,35.0,0.0,0.0,185.0,579.0,0.0,1345.0,757.0,498.0,420.0,290.0,301.0,-7.0,22.0,2026,9,27,15,6,Sunday,Automne,Weekend,15241.0,39.1
France,Données temps réel,2026-09-27,17,2026-09-27 17:30:00,39414.0,39800,38500,37.0,0.0,1120.0,31881.0,3746.0,3126.0,620.0,7347.0,2757.0,-487.0,1012.0,-8277.0,21.0,-2169,2355,-2764,-2227,-2396,2.0,35.0,0.0,0.0,184.0,937.0,0.0,1384.0,827.0,546.0,420.0,290.0,301.0,-43.0,323.0,2026,9,27,30,6,Sunday,Automne,Weekend,13850.0,35.1
France,Données temps réel,2026-09-27,17,2026-09-27 17:45:00,40041.0,40300,39000,37.0,0.0,1170.0,32362.0,3432.0,2866.0,566.0,6355.0,2978.0,-489.0,1009.0,-6980.0,22.0,-2169,2380,-2513,-2224,-1784,2.0,35.0,0.0,0.0,185.0,986.0,0.0,1430.0,1004.0,544.0,418.0,290.0,301.0,-34.0,204.0,2026,9,27,45,6,Sunday,Automne,Weekend,12765.0,31.9
France,Données temps réel,2026-09-27,18,2026-09-27 18:00:00,40337.0,40800,39500,37.0,0.0,1178.0,32360.0,3172.0,2681.0,491.0,5020.0,3273.0,0.0,1008.0,-6086.0,22.0,-220,2373,-2337,-2226,-3161,2.0,35.0,0.0,0.0,184.0,995.0,0.0,1497.0,1100.0,677.0,417.0,290.0,301.0,-30.0,405.0,2026,9,27,0,6,Sunday,Automne,Weekend,11465.0,28.4
France,Données temps réel,2026-09-27,18,2026-09-27 18:15:00,41050.0,41150,39850,37.0,0.0,1881.0,32510.0,2908.0,2480.0,428.0,4030.0,3921.0,-1.0,1006.0,-5452.0,29.0,-220,2400,-2358,-2095,-2867,2.0,35.0,0.0,0.0,184.0,1698.0,0.0,1614.0,1203.0,1105.0,415.0,290.0,301.0,-17.0,227.0,2026,9,27,15,6,Sunday,Automne,Weekend,10859.0,26.5
France,Données temps réel,2026-09-27,18,2026-09-27 18:30:00,41327.0,41500,40200,37.0,0.0,2434.0,32422.0,2817.0,2256.0,562.0,2948.0,4623.0,-1.0,1007.0,-5129.0,34.0,-220,2400,-2368,-1846,-2775,2.0,35.0,0.0,0.0,184.0,2251.0,0.0,1642.0,1303.0,1678.0,416.0,290.0,301.0,-10.0,178.0,2026,9,27,30,6,Sunday,Automne,Weekend,10388.0,25.1
France,Données temps réel,2026-09-27,18,2026-09-27 18:45:00,42493.0,42300,41000,37.0,0.0,2651.0,32492.0,2553.0,2009.0,544.0,2119.0,5413.0,0.0,1011.0,-3805.0,36.0,-220,2370,-2286,-1772,-1423,2.0,35.0,0.0,0.0,185.0,2467.0,0.0,1707.0,1297.0,2409.0,420.0,290.0,301.0,-20.0,43.0,2026,9,27,45,6,Sunday,Automne,Weekend,10085.0,23.7
France,Données temps réel,2026-09-27,19,2026-09-27 19:00:00,42894.0,43100,41800,37.0,0.0,2735.0,32593.0,2404.0,1867.0,537.0,1371.0,5668.0,0.0,1014.0,-2941.0,37.0,-323,2400,-2160,-899,-940,2.0,35.0,0.0,0.0,185.0,2552.0,0.0,1725.0,1522.0,2420.0,422.0,290.0,301.0,-9.0,24.0,2026,9,27,0,6,Sunday,Automne,Weekend,9443.0,22.0
France,Données temps réel,2026-09-27,19,2026-09-27 19:15:00,43307.0,43400,42150,37.0,0.0,2744.0,32539.0,2321.0,1843.0,478.0,843.0,5760.0,0.0,1012.0,-2300.0,38.0,-323,2400,-2072,-851,-241,2.0,35.0,0.0,0.0,185.0,2561.0,0.0,1766.0,1579.0,2415.0,420.0,290.0,301.0,-1.0,353.0,2026,9,27,15,6,Sunday,Automne,Weekend,8924.0,20.6
France,Données temps réel,2026-09-27,19,2026-09-27 19:30:00,43621.0,43700,42500,37.0,0.0,2760.0,32615.0,2298.0,1793.0,504.0,513.0,5860.0,0.0,1009.0,-1460.0,38.0,-323,2400,-2933,-1081,1432,2.0,35.0,0.0,0.0,185.0,2576.0,0.0,1819.0,1599.0,2442.0,418.0,289.0,301.0,-21.0,11.0,2026,9,27,30,6,Sunday,Automne,Weekend,8671.0,19.9
France,Données temps réel,2026-09-27,19,2026-09-27 19:45:00,44171.0,43850,42650,37.0,0.0,2764.0,32692.0,2178.0,1647.0,531.0,335.0,5737.0,0.0,1011.0,-575.0,38.0,-323,1474,-2961,-1100,2904,2.0,35.0,0.0,0.0,184.0,2581.0,0.0,1860.0,1556.0,2320.0,419.0,291.0,301.0,-22.0,15.0,2026,9,27,45,6,Sunday,Automne,Weekend,8250.0,18.7
France,Données temps réel,2026-09-27,20,2026-09-27 20:00:00,44188.0,44000,42800,37.0,0.0,2825.0,32711.0,2115.0,1616.0,498.0,225.0,5554.0,-1.0,1011.0,-257.0,39.0,-330,362,-3674,-616,4208,2.0,35.0,0.0,0.0,184.0,2642.0,0.0,1871.0,1580.0,2104.0,419.0,291.0,301.0,-36.0,9.0,2026,9,27,0,6,Sunday,Automne,Weekend,7894.0,17.9
France,Données temps réel,2026-09-27,20,2026-09-27 20:15:00,44152.0,43700,42600,36.0,0.0,2860.0,32712.0,2193.0,1572.0,622.0,201.0,5458.0,-1.0,1013.0,-460.0,39.0,-330,-721,-3429,-857,5104,1.0,35.0,0.0,0.0,184.0,2677.0,0.0,1882.0,1523.0,2053.0,421.0,291.0,301.0,-62.0,203.0,2026,9,27,15,6,Sunday,Automne,Weekend,7852.0,17.8
France,Données temps réel,2026-09-27,20,2026-09-27 20:30:00,43062.0,43400,42400,37.0,0.0,2874.0,32737.0,2203.0,1562.0,642.0,198.0,4564.0,-1.0,1009.0,-583.0,40.0,-330,-1096,-3309,-1272,5460,2.0,35.0,0.0,0.0,186.0,2690.0,0.0,1802.0,1446.0,1316.0,417.0,291.0,301.0,-57.0,82.0,2026,9,27,30,6,Sunday,Automne,Weekend,6965.0,16.2
France,Données temps réel,2026-09-27,20,2026-09-27 20:45:00,42401.0,42950,42400,37.0,0.0,2878.0,32753.0,2334.0,1629.0,705.0,195.0,4426.0,-1.0,1012.0,-1176.0,40.0,-330,-1443,-3301,-1285,5596,2.0,35.0,0.0,0.0,184.0,2695.0,0.0,1781.0,1360.0,1286.0,419.0,291.0,301.0,-58.0,0.0,2026,9,27,45,6,Sunday,Automne,Weekend,6955.0,16.4
France,Données temps réel,2026-09-27,21,2026-09-27 21:00:00,41955.0,42500,42400,37.0,0.0,2765.0,32794.0,2431.0,1692.0,739.0,193.0,4135.0,-1.0,1011.0,-1350.0,40.0,-1226,-1053,-2588,-1262,4690,2.0,35.0,0.0,0.0,184.0,2582.0,0.0,1778.0,1385.0,972.0,419.0,290.0,301.0,-60.0,0.0,2026,9,27,0,6,Sunday,Automne,Weekend,6759.0,16.1
