date_heure,consommation_brute_totale,consommation_brute_gaz_totale
2024-01-01T00:00:00+01:00,98148.0,43318.0
2024-01-01T00:30:00+01:00,,
2024-01-01T01:00:00+01:00,96294.0,43107.0
2024-01-01T01:30:00+01:00,,
2024-01-01T02:00:00+01:00,96019.0,43134.0
2024-01-01T02:30:00+01:00,,
2024-01-01T03:00:00+01:00,93973.0,44077.0
2024-01-01T03:30:00+01:00,,
2024-01-01T04:00:00+01:00,94649.0,46475.0
2024-01-01T04:30:00+01:00,,
2024-01-01T05:00:00+01:00,100788.0,52890.0
2024-01-01T05:30:00+01:00,,
2024-01-01T06:00:00+01:00,111772.0,63439.0
2024-01-01T06:30:00+01:00,,
2024-01-01T07:00:00+01:00,110823.0,62350.0
2024-01-01T07:30:00+01:00,,
2024-01-01T08:00:00+01:00,109357.0,60810.0
2024-01-01T08:30:00+01:00,,
2024-01-01T09:00:00+01:00,109743.0,60345.0
2024-01-01T09:30:00+01:00,,
2024-01-01T10:00:00+01:00,110530.0,59367.0
2024-01-01T10:30:00+01:00,,
2024-01-01T11:00:00+01:00,109981.0,57793.0
2024-01-01T11:30:00+01:00,,
2024-01-01T12:00:00+01:00,108032.0,54888.0
2024-01-01T12:30:00+01:00,,
2024-01-01T13:00:00+01:00,103269.0,51758.0
2024-01-01T13:30:00+01:00,,
2024-01-01T14:00:00+01:00,100633.0,50304.0
2024-01-01T14:30:00+01:00,,
2024-01-01T15:00:00+01:00,100601.0,50653.0
2024-01-01T15:30:00+01:00,,
2024-01-01T16:00:00+01:00,102439.0,52984.0
2024-01-01T16:30:00+01:00,,
2024-01-01T17:00:00+01:00,107856.0,55583.0
2024-01-01T17:30:00+01:00,,
2024-01-01T18:00:00+01:00,112160.0,56384.0
2024-01-01T18:30:00+01:00,,
2024-01-01T19:00:00+01:00,112690.0,55446.0
2024-01-01T19:30:00+01:00,,
2024-01-01T20:00:00+01:00,109686.0,53986.0
2024-01-01T20:30:00+01:00,,
2024-01-01T21:00:00+01:00,106243.0,51883.0
2024-01-01T21:30:00+01:00,,
2024-01-01T22:00:00+01:00,101538.0,47358.0
2024-01-01T22:30:00+01:00,,
2024-01-01T23:00:00+01:00,98484.0,43913.0
2024-01-01T23:30:00+01:00,,
2024-01-02T00:00:00+01:00,96669.0,43682.0
2024-01-02T00:30:00+01:00,,
2024-01-02T01:00:00+01:00,94177.0,43536.0
2024-01-02T01:30:00+01:00,,
2024-01-02T02:00:00+01:00,93936.0,43734.0
2024-01-02T02:30:00+01:00,,
2024-01-02T03:00:00+01:00,92317.0,44565.0
2024-01-02T03:30:00+01:00,,
2024-01-02T04:00:00+01:00,94113.0,47277.0
2024-01-02T04:30:00+01:00,,
2024-01-02T05:00:00+01:00,102313.0,54074.0
2024-01-02T05:30:00+01:00,,
2024-01-02T06:00:00+01:00,116035.0,64253.0
2024-01-02T06:30:00+01:00,,
2024-01-02T07:00:00+01:00,119236.0,64268.0
2024-01-02T07:30:00+01:00,,
2024-01-02T08:00:00+01:00,121078.0,63448.0
2024-01-02T08:30:00+01:00,,
2024-01-02T09:00:00+01:00,122478.0,63078.0
2024-01-02T09:30:00+01:00,,
2024-01-02T10:00:00+01:00,123512.0,62511.0
2024-01-02T10:30:00+01:00,,
2024-01-02T11:00:00+01:00,124235.0,62027.0
2024-01-02T11:30:00+01:00,,
2024-01-02T12:00:00+01:00,123761.0,60491.0
2024-01-02T12:30:00+01:00,,
2024-01-02T13:00:00+01:00,120245.0,58471.0
2024-01-02T13:30:00+01:00,,
2024-01-02T14:00:00+01:00,118950.0,57515.0
2024-01-02T14:30:00+01:00,,
2024-01-02T15:00:00+01:00,117674.0,56982.0
2024-01-02T15:30:00+01:00,,
2024-01-02T16:00:00+01:00,116987.0,57706.0
2024-01-02T16:30:00+01:00,,
2024-01-02T17:00:00+01:00,118758.0,58359.0
2024-01-02T17:30:00+01:00,,
2024-01-02T18:00:00+01:00,121010.0,58365.0
2024-01-02T18:30:00+01:00,,
2024-01-02T19:00:00+01:00,120786.0,57327.0
2024-01-02T19:30:00+01:00,,
2024-01-02T20:00:00+01:00,115755.0,55409.0
2024-01-02T20:30:00+01:00,,
2024-01-02T21:00:00+01:00,109552.0,52532.0
2024-01-02T21:30:00+01:00,,
2024-01-02T22:00:00+01:00,104322.0,48259.0
2024-01-02T22:30:00+01:00,,
2024-01-02T23:00:00+01:00,100713.0,44506.0
2024-01-02T23:30:00+01:00,,
2024-01-03T00:00:00+01:00,99795.0,45403.0
2024-01-03T00:30:00+01:00,,
2024-01-03T01:00:00+01:00,96972.0,45394.0
2024-01-03T01:30:00+01:00,,
2024-01-03T02:00:00+01:00,96218.0,45602.0
2024-01-03T02:30:00+01:00,,
2024-01-03T03:00:00+01:00,95192.0,46767.0
2024-01-03T03:30:00+01:00,,
2024-01-03T04:00:00+01:00,96775.0,49501.0
2024-01-03T04:30:00+01:00,,
2024-01-03T05:00:00+01:00,106984.0,57488.0
2024-01-03T05:30:00+01:00,,
2024-01-03T06:00:00+01:00,118735.0,65283.0
2024-01-03T06:30:00+01:00,,
2024-01-03T07:00:00+01:00,122457.0,65342.0
2024-01-03T07:30:00+01:00,,
2024-01-03T08:00:00+01:00,124027.0,64135.0
2024-01-03T08:30:00+01:00,,
2024-01-03T09:00:00+01:00,124197.0,62905.0
2024-01-03T09:30:00+01:00,,
2024-01-03T10:00:00+01:00,123227.0,61171.0
2024-01-03T10:30:00+01:00,,
2024-01-03T11:00:00+01:00,122408.0,59745.0
2024-01-03T11:30:00+01:00,,
2024-01-03T12:00:00+01:00,120397.0,57386.0
2024-01-03T12:30:00+01:00,,
2024-01-03T13:00:00+01:00,116315.0,55299.0
2024-01-03T13:30:00+01:00,,
2024-01-03T14:00:00+01:00,116032.0,55065.0
2024-01-03T14:30:00+01:00,,
2024-01-03T15:00:00+01:00,115196.0,54994.0
2024-01-03T15:30:00+01:00,,
2024-01-03T16:00:00+01:00,115798.0,56677.0
2024-01-03T16:30:00+01:00,,
2024-01-03T17:00:00+01:00,119710.0,58942.0
2024-01-03T17:30:00+01:00,,
2024-01-03T18:00:00+01:00,123203.0,59451.0
2024-01-03T18:30:00+01:00,,
2024-01-03T19:00:00+01:00,123292.0,58583.0
2024-01-03T19:30:00+01:00,,
2024-01-03T20:00:00+01:00,118116.0,56748.0
2024-01-03T20:30:00+01:00,,
2024-01-03T21:00:00+01:00,112279.0,54358.0
2024-01-03T21:30:00+01:00,,
2024-01-03T22:00:00+01:00,107105.0,49972.0
2024-01-03T22:30:00+01:00,,
2024-01-03T23:00:00+01:00,103401.0,46327.0
2024-01-03T23:30:00+01:00,,
2024-01-04T00:00:00+01:00,104989.0,49563.0
2024-01-04T00:30:00+01:00,,
2024-01-04T01:00:00+01:00,101147.0,48216.0
2024-01-04T01:30:00+01:00,,
2024-01-04T02:00:00+01:00,100657.0,48148.0
2024-01-04T02:30:00+01:00,,
2024-01-04T03:00:00+01:00,99115.0,48977.0
2024-01-04T03:30:00+01:00,,
2024-01-04T04:00:00+01:00,101621.0,52524.0
2024-01-04T04:30:00+01:00,,
2024-01-04T05:00:00+01:00,111180.0,60384.0
2024-01-04T05:30:00+01:00,,
2024-01-04T06:00:00+01:00,125673.0,71030.0
2024-01-04T06:30:00+01:00,,
2024-01-04T07:00:00+01:00,131360.0,72619.0
2024-01-04T07:30:00+01:00,,
2024-01-04T08:00:00+01:00,133984.0,72308.0
2024-01-04T08:30:00+01:00,,
2024-01-04T09:00:00+01:00,134222.0,71400.0
2024-01-04T09:30:00+01:00,,
2024-01-04T10:00:00+01:00,131772.0,68957.0
2024-01-04T10:30:00+01:00,,
2024-01-04T11:00:00+01:00,128923.0,66235.0
2024-01-04T11:30:00+01:00,,
2024-01-04T12:00:00+01:00,126351.0,63933.0
2024-01-04T12:30:00+01:00,,
2024-01-04T13:00:00+01:00,121984.0,61513.0
2024-01-04T13:30:00+01:00,,
2024-01-04T14:00:00+01:00,120153.0,60231.0
2024-01-04T14:30:00+01:00,,
2024-01-04T15:00:00+01:00,119166.0,59940.0
2024-01-04T15:30:00+01:00,,
2024-01-04T16:00:00+01:00,119767.0,61470.0
2024-01-04T16:30:00+01:00,,
2024-01-04T17:00:00+01:00,125238.0,64850.0
2024-01-04T17:30:00+01:00,,
2024-01-04T18:00:00+01:00,129149.0,65436.0
2024-01-04T18:30:00+01:00,,
2024-01-04T19:00:00+01:00,129630.0,64606.0
2024-01-04T19:30:00+01:00,,
2024-01-04T20:00:00+01:00,124219.0,62593.0
2024-01-04T20:30:00+01:00,,
2024-01-04T21:00:00+01:00,117330.0,59086.0
2024-01-04T21:30:00+01:00,,
2024-01-04T22:00:00+01:00,112269.0,54805.0
2024-01-04T22:30:00+01:00,,
2024-01-04T23:00:00+01:00,109188.0,51575.0
2024-01-04T23:30:00+01:00,,
2024-01-05T00:00:00+01:00,109906.0,54014.0
2024-01-05T00:30:00+01:00,,
2024-01-05T01:00:00+01:00,105022.0,51659.0
2024-01-05T01:30:00+01:00,,
2024-01-05T02:00:00+01:00,104887.0,51938.0
2024-01-05T02:30:00+01:00,,
2024-01-05T03:00:00+01:00,103590.0,52879.0
2024-01-05T03:30:00+01:00,,
2024-01-05T04:00:00+01:00,104192.0,54444.0
2024-01-05T04:30:00+01:00,,
2024-01-05T05:00:00+01:00,110507.0,58958.0
2024-01-05T05:30:00+01:00,,
2024-01-05T06:00:00+01:00,128756.0,73308.0
2024-01-05T06:30:00+01:00,,
2024-01-05T07:00:00+01:00,135452.0,75978.0
2024-01-05T07:30:00+01:00,,
2024-01-05T08:00:00+01:00,139330.0,76626.0
2024-01-05T08:30:00+01:00,,
2024-01-05T09:00:00+01:00,141232.0,77050.0
2024-01-05T09:30:00+01:00,,
2024-01-05T10:00:00+01:00,139860.0,75033.0
2024-01-05T10:30:00+01:00,,
2024-01-05T11:00:00+01:00,137961.0,72968.0
2024-01-05T11:30:00+01:00,,
2024-01-05T12:00:00+01:00,134750.0,69956.0
2024-01-05T12:30:00+01:00,,
2024-01-05T13:00:00+01:00,129892.0,67239.0
2024-01-05T13:30:00+01:00,,
2024-01-05T14:00:00+01:00,127721.0,65574.0
2024-01-05T14:30:00+01:00,,
2024-01-05T15:00:00+01:00,127035.0,65815.0
2024-01-05T15:30:00+01:00,,
2024-01-05T16:00:00+01:00,127971.0,67947.0
2024-01-05T16:30:00+01:00,,
2024-01-05T17:00:00+01:00,132948.0,71130.0
2024-01-05T17:30:00+01:00,,
2024-01-05T18:00:00+01:00,136973.0,72040.0
2024-01-05T18:30:00+01:00,,
2024-01-05T19:00:00+01:00,137051.0,71499.0
2024-01-05T19:30:00+01:00,,
2024-01-05T20:00:00+01:00,132062.0,69687.0
2024-01-05T20:30:00+01:00,,
2024-01-05T21:00:00+01:00,126626.0,66814.0
2024-01-05T21:30:00+01:00,,
2024-01-05T22:00:00+01:00,122096.0,62850.0
2024-01-05T22:30:00+01:00,,
2024-01-05T23:00:00+01:00,117807.0,58255.0
2024-01-05T23:30:00+01:00,,
2024-01-06T00:00:00+01:00,112739.0,54653.0
2024-01-06T00:30:00+01:00,,
2024-01-06T01:00:00+01:00,109982.0,54280.0
2024-01-06T01:30:00+01:00,,
2024-01-06T02:00:00+01:00,110235.0,55296.0
2024-01-06T02:30:00+01:00,,
2024-01-06T03:00:00+01:00,108775.0,56329.0
2024-01-06T03:30:00+01:00,,
2024-01-06T04:00:00+01:00,109492.0,58685.0
2024-01-06T04:30:00+01:00,,
2024-01-06T05:00:00+01:00,114482.0,63374.0
2024-01-06T05:30:00+01:00,,
2024-01-06T06:00:00+01:00,121202.0,68599.0
2024-01-06T06:30:00+01:00,,
2024-01-06T07:00:00+01:00,125117.0,70560.0
2024-01-06T07:30:00+01:00,,
2024-01-06T08:00:00+01:00,129632.0,73011.0
2024-01-06T08:30:00+01:00,,
2024-01-06T09:00:00+01:00,133453.0,74452.0
2024-01-06T09:30:00+01:00,,
2024-01-06T10:00:00+01:00,133862.0,72811.0
2024-01-06T10:30:00+01:00,,
2024-01-06T11:00:00+01:00,132533.0,70747.0
2024-01-06T11:30:00+01:00,,
2024-01-06T12:00:00+01:00,131321.0,68595.0
2024-01-06T12:30:00+01:00,,
2024-01-06T13:00:00+01:00,126958.0,66118.0
2024-01-06T13:30:00+01:00,,
2024-01-06T14:00:00+01:00,125859.0,65948.0
2024-01-06T14:30:00+01:00,,
2024-01-06T15:00:00+01:00,124888.0,65751.0
2024-01-06T15:30:00+01:00,,
2024-01-06T16:00:00+01:00,125450.0,67320.0
2024-01-06T16:30:00+01:00,,
2024-01-06T17:00:00+01:00,129812.0,69886.0
2024-01-06T17:30:00+01:00,,
2024-01-06T18:00:00+01:00,134566.0,71318.0
2024-01-06T18:30:00+01:00,,
2024-01-06T19:00:00+01:00,135463.0,71011.0
2024-01-06T19:30:00+01:00,,
2024-01-06T20:00:00+01:00,131172.0,69021.0
2024-01-06T20:30:00+01:00,,
2024-01-06T21:00:00+01:00,125214.0,65586.0
2024-01-06T21:30:00+01:00,,
2024-01-06T22:00:00+01:00,119844.0,60323.0
2024-01-06T22:30:00+01:00,,
2024-01-06T23:00:00+01:00,116968.0,56388.0
2024-01-06T23:30:00+01:00,,
2024-01-07T00:00:00+01:00,126963.0,67720.0
2024-01-07T00:30:00+01:00,,
2024-01-07T01:00:00+01:00,124403.0,67557.0
2024-01-07T01:30:00+01:00,,
2024-01-07T02:00:00+01:00,125949.0,69757.0
2024-01-07T02:30:00+01:00,,
2024-01-07T03:00:00+01:00,126908.0,73113.0
2024-01-07T03:30:00+01:00,,
2024-01-07T04:00:00+01:00,129530.0,77433.0
2024-01-07T04:30:00+01:00,,
2024-01-07T05:00:00+01:00,138615.0,86296.0
2024-01-07T05:30:00+01:00,,
2024-01-07T06:00:00+01:00,126407.0,73176.0
2024-01-07T06:30:00+01:00,,
2024-01-07T07:00:00+01:00,130189.0,75505.0
2024-01-07T07:30:00+01:00,,
2024-01-07T08:00:00+01:00,132818.0,76379.0
2024-01-07T08:30:00+01:00,,
2024-01-07T09:00:00+01:00,136804.0,77457.0
2024-01-07T09:30:00+01:00,,
2024-01-07T10:00:00+01:00,139469.0,77349.0
2024-01-07T10:30:00+01:00,,
2024-01-07T11:00:00+01:00,140172.0,76344.0
2024-01-07T11:30:00+01:00,,
2024-01-07T12:00:00+01:00,140104.0,74645.0
2024-01-07T12:30:00+01:00,,
2024-01-07T13:00:00+01:00,136084.0,72715.0
2024-01-07T13:30:00+01:00,,
2024-01-07T14:00:00+01:00,134038.0,71887.0
2024-01-07T14:30:00+01:00,,
2024-01-07T15:00:00+01:00,135565.0,73863.0
2024-01-07T15:30:00+01:00,,
2024-01-07T16:00:00+01:00,136987.0,76161.0
2024-01-07T16:30:00+01:00,,
2024-01-07T17:00:00+01:00,142468.0,79630.0
2024-01-07T17:30:00+01:00,,
2024-01-07T18:00:00+01:00,148400.0,81266.0
2024-01-07T18:30:00+01:00,,
2024-01-07T19:00:00+01:00,150503.0,81400.0
2024-01-07T19:30:00+01:00,,
2024-01-07T20:00:00+01:00,146773.0,80010.0
2024-01-07T20:30:00+01:00,,
2024-01-07T21:00:00+01:00,142188.0,77508.0
2024-01-07T21:30:00+01:00,,
2024-01-07T22:00:00+01:00,136200.0,72434.0
2024-01-07T22:30:00+01:00,,
2024-01-07T23:00:00+01:00,132290.0,68406.0
2024-01-07T23:30:00+01:00,,
2024-01-08T00:00:00+01:00,148371.0,85475.0
2024-01-08T00:30:00+01:00,,
2024-01-08T01:00:00+01:00,147023.0,86208.0
2024-01-08T01:30:00+01:00,,
2024-01-08T02:00:00+01:00,148819.0,87789.0
2024-01-08T02:30:00+01:00,,
2024-01-08T03:00:00+01:00,148902.0,89807.0
2024-01-08T03:30:00+01:00,,
2024-01-08T04:00:00+01:00,151902.0,93499.0
2024-01-08T04:30:00+01:00,,
2024-01-08T05:00:00+01:00,162190.0,100998.0
2024-01-08T05:30:00+01:00,,
2024-01-08T06:00:00+01:00,172120.0,104873.0
2024-01-08T06:30:00+01:00,,
2024-01-08T07:00:00+01:00,184003.0,110824.0
2024-01-08T07:30:00+01:00,,
2024-01-08T08:00:00+01:00,187223.0,110809.0
2024-01-08T08:30:00+01:00,,
2024-01-08T09:00:00+01:00,188001.0,110214.0
2024-01-08T09:30:00+01:00,,
2024-01-08T10:00:00+01:00,188057.0,109571.0
2024-01-08T10:30:00+01:00,,
2024-01-08T11:00:00+01:00,187573.0,108489.0
2024-01-08T11:30:00+01:00,,
2024-01-08T12:00:00+01:00,185474.0,106542.0
2024-01-08T12:30:00+01:00,,
2024-01-08T13:00:00+01:00,182251.0,104894.0
2024-01-08T13:30:00+01:00,,
2024-01-08T14:00:00+01:00,182635.0,105346.0
2024-01-08T14:30:00+01:00,,
2024-01-08T15:00:00+01:00,182113.0,105196.0
2024-01-08T15:30:00+01:00,,
2024-01-08T16:00:00+01:00,183037.0,106962.0
2024-01-08T16:30:00+01:00,,
2024-01-08T17:00:00+01:00,185967.0,108238.0
2024-01-08T17:30:00+01:00,,
2024-01-08T18:00:00+01:00,190310.0,108690.0
2024-01-08T18:30:00+01:00,,
2024-01-08T19:00:00+01:00,189817.0,106903.0
2024-01-08T19:30:00+01:00,,
2024-01-08T20:00:00+01:00,182736.0,103945.0
2024-01-08T20:30:00+01:00,,
2024-01-08T21:00:00+01:00,174080.0,99095.0
2024-01-08T21:30:00+01:00,,
2024-01-08T22:00:00+01:00,166118.0,92280.0
2024-01-08T22:30:00+01:00,,
2024-01-08T23:00:00+01:00,160487.0,87022.0
2024-01-08T23:30:00+01:00,,
2024-01-09T00:00:00+01:00,161004.0,89102.0
2024-01-09T00:30:00+01:00,,
2024-01-09T01:00:00+01:00,160447.0,90369.0
2024-01-09T01:30:00+01:00,,
2024-01-09T02:00:00+01:00,161835.0,91761.0
2024-01-09T02:30:00+01:00,,
2024-01-09T03:00:00+01:00,161300.0,93325.0
2024-01-09T03:30:00+01:00,,
2024-01-09T04:00:00+01:00,164377.0,97404.0
2024-01-09T04:30:00+01:00,,
2024-01-09T05:00:00+01:00,174201.0,104906.0
2024-01-09T05:30:00+01:00,,
2024-01-09T06:00:00+01:00,191227.0,116728.0
2024-01-09T06:30:00+01:00,,
2024-01-09T07:00:00+01:00,200765.0,120450.0
2024-01-09T07:30:00+01:00,,
2024-01-09T08:00:00+01:00,203101.0,120167.0
2024-01-09T08:30:00+01:00,,
2024-01-09T09:00:00+01:00,202683.0,119025.0
2024-01-09T09:30:00+01:00,,
2024-01-09T10:00:00+01:00,200939.0,117217.0
2024-01-09T10:30:00+01:00,,
2024-01-09T11:00:00+01:00,198547.0,114857.0
2024-01-09T11:30:00+01:00,,
2024-01-09T12:00:00+01:00,195481.0,112387.0
2024-01-09T12:30:00+01:00,,
2024-01-09T13:00:00+01:00,190946.0,110252.0
2024-01-09T13:30:00+01:00,,
2024-01-09T14:00:00+01:00,189066.0,108975.0
2024-01-09T14:30:00+01:00,,
2024-01-09T15:00:00+01:00,187624.0,108308.0
2024-01-09T15:30:00+01:00,,
2024-01-09T16:00:00+01:00,188609.0,110205.0
2024-01-09T16:30:00+01:00,,
2024-01-09T17:00:00+01:00,192155.0,111904.0
2024-01-09T17:30:00+01:00,,
2024-01-09T18:00:00+01:00,197340.0,113111.0
2024-01-09T18:30:00+01:00,,
2024-01-09T19:00:00+01:00,196985.0,111753.0
2024-01-09T19:30:00+01:00,,
2024-01-09T20:00:00+01:00,189095.0,107699.0
2024-01-09T20:30:00+01:00,,
2024-01-09T21:00:00+01:00,180663.0,103464.0
2024-01-09T21:30:00+01:00,,
2024-01-09T22:00:00+01:00,171822.0,96122.0
2024-01-09T22:30:00+01:00,,
2024-01-09T23:00:00+01:00,165733.0,90285.0
2024-01-09T23:30:00+01:00,,
2024-01-10T00:00:00+01:00,163164.0,89312.0
2024-01-10T00:30:00+01:00,,
2024-01-10T01:00:00+01:00,162379.0,90649.0
2024-01-10T01:30:00+01:00,,
2024-01-10T02:00:00+01:00,163634.0,92162.0
2024-01-10T02:30:00+01:00,,
2024-01-10T03:00:00+01:00,163493.0,94330.0
2024-01-10T03:30:00+01:00,,
2024-01-10T04:00:00+01:00,166114.0,98062.0
2024-01-10T04:30:00+01:00,,
2024-01-10T05:00:00+01:00,175737.0,105881.0
2024-01-10T05:30:00+01:00,,
2024-01-10T06:00:00+01:00,193314.0,118466.0
2024-01-10T06:30:00+01:00,,
2024-01-10T07:00:00+01:00,202072.0,122212.0
2024-01-10T07:30:00+01:00,,
2024-01-10T08:00:00+01:00,205270.0,122037.0
2024-01-10T08:30:00+01:00,,
2024-01-10T09:00:00+01:00,204692.0,120542.0
2024-01-10T09:30:00+01:00,,
2024-01-10T10:00:00+01:00,202571.0,118146.0
2024-01-10T10:30:00+01:00,,
2024-01-10T11:00:00+01:00,201263.0,116401.0
2024-01-10T11:30:00+01:00,,
2024-01-10T12:00:00+01:00,197034.0,112588.0
2024-01-10T12:30:00+01:00,,
2024-01-10T13:00:00+01:00,191993.0,109960.0
2024-01-10T13:30:00+01:00,,
2024-01-10T14:00:00+01:00,190052.0,108639.0
2024-01-10T14:30:00+01:00,,
2024-01-10T15:00:00+01:00,188146.0,107766.0
2024-01-10T15:30:00+01:00,,
2024-01-10T16:00:00+01:00,188659.0,109517.0
2024-01-10T16:30:00+01:00,,
2024-01-10T17:00:00+01:00,192211.0,111690.0
2024-01-10T17:30:00+01:00,,
2024-01-10T18:00:00+01:00,196266.0,111895.0
2024-01-10T18:30:00+01:00,,
2024-01-10T19:00:00+01:00,195825.0,110574.0
2024-01-10T19:30:00+01:00,,
2024-01-10T20:00:00+01:00,187803.0,106908.0
2024-01-10T20:30:00+01:00,,
2024-01-10T21:00:00+01:00,179473.0,102774.0
2024-01-10T21:30:00+01:00,,
2024-01-10T22:00:00+01:00,170886.0,95540.0
2024-01-10T22:30:00+01:00,,
2024-01-10T23:00:00+01:00,164736.0,89505.0
2024-01-10T23:30:00+01:00,,
2024-01-11T00:00:00+01:00,160816.0,87066.0
2024-01-11T00:30:00+01:00,,
2024-01-11T01:00:00+01:00,159302.0,87505.0
2024-01-11T01:30:00+01:00,,
2024-01-11T02:00:00+01:00,159301.0,87655.0
2024-01-11T02:30:00+01:00,,
2024-01-11T03:00:00+01:00,158293.0,88793.0
2024-01-11T03:30:00+01:00,,
2024-01-11T04:00:00+01:00,160291.0,91938.0
2024-01-11T04:30:00+01:00,,
2024-01-11T05:00:00+01:00,171250.0,100847.0
2024-01-11T05:30:00+01:00,,
2024-01-11T06:00:00+01:00,194857.0,119411.0
2024-01-11T06:30:00+01:00,,
2024-01-11T07:00:00+01:00,204315.0,123133.0
2024-01-11T07:30:00+01:00,,
2024-01-11T08:00:00+01:00,205440.0,121957.0
2024-01-11T08:30:00+01:00,,
2024-01-11T09:00:00+01:00,203968.0,120120.0
2024-01-11T09:30:00+01:00,,
2024-01-11T10:00:00+01:00,199976.0,116762.0
2024-01-11T10:30:00+01:00,,
2024-01-11T11:00:00+01:00,195321.0,112952.0
2024-01-11T11:30:00+01:00,,
2024-01-11T12:00:00+01:00,189308.0,108446.0
2024-01-11T12:30:00+01:00,,
2024-01-11T13:00:00+01:00,182684.0,104695.0
2024-01-11T13:30:00+01:00,,
2024-01-11T14:00:00+01:00,178453.0,101614.0
2024-01-11T14:30:00+01:00,,
2024-01-11T15:00:00+01:00,176525.0,100785.0
2024-01-11T15:30:00+01:00,,
2024-01-11T16:00:00+01:00,178714.0,103705.0
2024-01-11T16:30:00+01:00,,
2024-01-11T17:00:00+01:00,185179.0,107903.0
2024-01-11T17:30:00+01:00,,
2024-01-11T18:00:00+01:00,190732.0,109108.0
2024-01-11T18:30:00+01:00,,
2024-01-11T19:00:00+01:00,190451.0,107350.0
2024-01-11T19:30:00+01:00,,
2024-01-11T20:00:00+01:00,183668.0,104314.0
2024-01-11T20:30:00+01:00,,
2024-01-11T21:00:00+01:00,176311.0,100618.0
2024-01-11T21:30:00+01:00,,
2024-01-11T22:00:00+01:00,168396.0,93749.0
2024-01-11T22:30:00+01:00,,
2024-01-11T23:00:00+01:00,162702.0,87988.0
2024-01-11T23:30:00+01:00,,
2024-01-12T00:00:00+01:00,155237.0,82310.0
2024-01-12T00:30:00+01:00,,
2024-01-12T01:00:00+01:00,152893.0,81845.0
2024-01-12T01:30:00+01:00,,
2024-01-12T02:00:00+01:00,151728.0,80866.0
2024-01-12T02:30:00+01:00,,
2024-01-12T03:00:00+01:00,150257.0,81520.0
2024-01-12T03:30:00+01:00,,
2024-01-12T04:00:00+01:00,151349.0,83794.0
2024-01-12T04:30:00+01:00,,
2024-01-12T05:00:00+01:00,158663.0,89050.0
2024-01-12T05:30:00+01:00,,
2024-01-12T06:00:00+01:00,188796.0,114534.0
2024-01-12T06:30:00+01:00,,
2024-01-12T07:00:00+01:00,197939.0,118028.0
2024-01-12T07:30:00+01:00,,
2024-01-12T08:00:00+01:00,198797.0,116569.0
2024-01-12T08:30:00+01:00,,
2024-01-12T09:00:00+01:00,196803.0,114143.0
2024-01-12T09:30:00+01:00,,
2024-01-12T10:00:00+01:00,193623.0,111663.0
2024-01-12T10:30:00+01:00,,
2024-01-12T11:00:00+01:00,191109.0,109646.0
2024-01-12T11:30:00+01:00,,
2024-01-12T12:00:00+01:00,186414.0,106116.0
2024-01-12T12:30:00+01:00,,
2024-01-12T13:00:00+01:00,180297.0,102495.0
2024-01-12T13:30:00+01:00,,
2024-01-12T14:00:00+01:00,177510.0,100844.0
2024-01-12T14:30:00+01:00,,
2024-01-12T15:00:00+01:00,176133.0,100450.0
2024-01-12T15:30:00+01:00,,
2024-01-12T16:00:00+01:00,176054.0,101916.0
2024-01-12T16:30:00+01:00,,
2024-01-12T17:00:00+01:00,179858.0,103860.0
2024-01-12T17:30:00+01:00,,
2024-01-12T18:00:00+01:00,183447.0,103431.0
2024-01-12T18:30:00+01:00,,
2024-01-12T19:00:00+01:00,182734.0,102134.0
2024-01-12T19:30:00+01:00,,
2024-01-12T20:00:00+01:00,176241.0,99076.0
2024-01-12T20:30:00+01:00,,
2024-01-12T21:00:00+01:00,169888.0,95628.0
2024-01-12T21:30:00+01:00,,
2024-01-12T22:00:00+01:00,162474.0,88906.0
2024-01-12T22:30:00+01:00,,
2024-01-12T23:00:00+01:00,157457.0,83592.0
2024-01-12T23:30:00+01:00,,
2024-01-13T00:00:00+01:00,155933.0,83807.0
2024-01-13T00:30:00+01:00,,
2024-01-13T01:00:00+01:00,151380.0,81336.0
2024-01-13T01:30:00+01:00,,
2024-01-13T02:00:00+01:00,149968.0,80385.0
2024-01-13T02:30:00+01:00,,
2024-01-13T03:00:00+01:00,146557.0,79827.0
2024-01-13T03:30:00+01:00,,
2024-01-13T04:00:00+01:00,147187.0,81958.0
2024-01-13T04:30:00+01:00,,
2024-01-13T05:00:00+01:00,152105.0,86372.0
2024-01-13T05:30:00+01:00,,
2024-01-13T06:00:00+01:00,166208.0,99028.0
2024-01-13T06:30:00+01:00,,
2024-01-13T07:00:00+01:00,172197.0,102715.0
2024-01-13T07:30:00+01:00,,
2024-01-13T08:00:00+01:00,177039.0,104700.0
2024-01-13T08:30:00+01:00,,
2024-01-13T09:00:00+01:00,181043.0,105736.0
2024-01-13T09:30:00+01:00,,
2024-01-13T10:00:00+01:00,182132.0,105109.0
2024-01-13T10:30:00+01:00,,
2024-01-13T11:00:00+01:00,181439.0,104005.0
2024-01-13T11:30:00+01:00,,
2024-01-13T12:00:00+01:00,178571.0,100901.0
2024-01-13T12:30:00+01:00,,
2024-01-13T13:00:00+01:00,173660.0,98628.0
2024-01-13T13:30:00+01:00,,
2024-01-13T14:00:00+01:00,169812.0,96690.0
2024-01-13T14:30:00+01:00,,
2024-01-13T15:00:00+01:00,168402.0,96287.0
2024-01-13T15:30:00+01:00,,
2024-01-13T16:00:00+01:00,168933.0,97959.0
2024-01-13T16:30:00+01:00,,
2024-01-13T17:00:00+01:00,173636.0,100925.0
2024-01-13T17:30:00+01:00,,
2024-01-13T18:00:00+01:00,178946.0,102179.0
2024-01-13T18:30:00+01:00,,
2024-01-13T19:00:00+01:00,179559.0,101442.0
2024-01-13T19:30:00+01:00,,
2024-01-13T20:00:00+01:00,174834.0,99238.0
2024-01-13T20:30:00+01:00,,
2024-01-13T21:00:00+01:00,168900.0,96097.0
2024-01-13T21:30:00+01:00,,
2024-01-13T22:00:00+01:00,163253.0,90481.0
2024-01-13T22:30:00+01:00,,
2024-01-13T23:00:00+01:00,159045.0,85512.0
2024-01-13T23:30:00+01:00,,
2024-01-14T00:00:00+01:00,146333.0,74093.0
2024-01-14T00:30:00+01:00,,
2024-01-14T01:00:00+01:00,144186.0,74350.0
2024-01-14T01:30:00+01:00,,
2024-01-14T02:00:00+01:00,144758.0,75407.0
2024-01-14T02:30:00+01:00,,
2024-01-14T03:00:00+01:00,143628.0,76977.0
2024-01-14T03:30:00+01:00,,
2024-01-14T04:00:00+01:00,145164.0,80482.0
2024-01-14T04:30:00+01:00,,
2024-01-14T05:00:00+01:00,153276.0,88542.0
2024-01-14T05:30:00+01:00,,
2024-01-14T06:00:00+01:00,159029.0,93585.0
2024-01-14T06:30:00+01:00,,
2024-01-14T07:00:00+01:00,162329.0,95632.0
2024-01-14T07:30:00+01:00,,
2024-01-14T08:00:00+01:00,165349.0,96772.0
2024-01-14T08:30:00+01:00,,
2024-01-14T09:00:00+01:00,169474.0,98096.0
2024-01-14T09:30:00+01:00,,
2024-01-14T10:00:00+01:00,173309.0,99170.0
2024-01-14T10:30:00+01:00,,
2024-01-14T11:00:00+01:00,174135.0,98613.0
2024-01-14T11:30:00+01:00,,
2024-01-14T12:00:00+01:00,170926.0,95094.0
2024-01-14T12:30:00+01:00,,
2024-01-14T13:00:00+01:00,163899.0,91237.0
2024-01-14T13:30:00+01:00,,
2024-01-14T14:00:00+01:00,159280.0,89042.0
2024-01-14T14:30:00+01:00,,
2024-01-14T15:00:00+01:00,158657.0,89258.0
2024-01-14T15:30:00+01:00,,
2024-01-14T16:00:00+01:00,158576.0,90537.0
2024-01-14T16:30:00+01:00,,
2024-01-14T17:00:00+01:00,163304.0,93688.0
2024-01-14T17:30:00+01:00,,
2024-01-14T18:00:00+01:00,170494.0,96064.0
2024-01-14T18:30:00+01:00,,
2024-01-14T19:00:00+01:00,171675.0,95246.0
2024-01-14T19:30:00+01:00,,
2024-01-14T20:00:00+01:00,166296.0,92872.0
2024-01-14T20:30:00+01:00,,
2024-01-14T21:00:00+01:00,157228.0,86348.0
2024-01-14T21:30:00+01:00,,
2024-01-14T22:00:00+01:00,148482.0,78788.0
2024-01-14T22:30:00+01:00,,
2024-01-14T23:00:00+01:00,142892.0,73503.0
2024-01-14T23:30:00+01:00,,
2024-01-15T00:00:00+01:00,149449.0,81647.0
2024-01-15T00:30:00+01:00,,
2024-01-15T01:00:00+01:00,148350.0,82742.0
2024-01-15T01:30:00+01:00,,
2024-01-15T02:00:00+01:00,150312.0,84785.0
2024-01-15T02:30:00+01:00,,
2024-01-15T03:00:00+01:00,150365.0,87039.0
2024-01-15T03:30:00+01:00,,
2024-01-15T04:00:00+01:00,153920.0,91698.0
2024-01-15T04:30:00+01:00,,
2024-01-15T05:00:00+01:00,164637.0,100155.0
2024-01-15T05:30:00+01:00,,
2024-01-15T06:00:00+01:00,174440.0,104669.0
2024-01-15T06:30:00+01:00,,
2024-01-15T07:00:00+01:00,186905.0,111372.0
2024-01-15T07:30:00+01:00,,
2024-01-15T08:00:00+01:00,188958.0,110871.0
2024-01-15T08:30:00+01:00,,
2024-01-15T09:00:00+01:00,187656.0,108911.0
2024-01-15T09:30:00+01:00,,
2024-01-15T10:00:00+01:00,184534.0,105892.0
2024-01-15T10:30:00+01:00,,
2024-01-15T11:00:00+01:00,180363.0,102331.0
2024-01-15T11:30:00+01:00,,
2024-01-15T12:00:00+01:00,175250.0,98095.0
2024-01-15T12:30:00+01:00,,
2024-01-15T13:00:00+01:00,168415.0,94176.0
2024-01-15T13:30:00+01:00,,
2024-01-15T14:00:00+01:00,164948.0,91732.0
2024-01-15T14:30:00+01:00,,
2024-01-15T15:00:00+01:00,164086.0,91839.0
2024-01-15T15:30:00+01:00,,
2024-01-15T16:00:00+01:00,165498.0,94270.0
2024-01-15T16:30:00+01:00,,
2024-01-15T17:00:00+01:00,170706.0,97993.0
2024-01-15T17:30:00+01:00,,
2024-01-15T18:00:00+01:00,177521.0,99885.0
2024-01-15T18:30:00+01:00,,
2024-01-15T19:00:00+01:00,178694.0,99339.0
2024-01-15T19:30:00+01:00,,
2024-01-15T20:00:00+01:00,172450.0,96702.0
2024-01-15T20:30:00+01:00,,
2024-01-15T21:00:00+01:00,165239.0,93177.0
2024-01-15T21:30:00+01:00,,
2024-01-15T22:00:00+01:00,158099.0,87018.0
2024-01-15T22:30:00+01:00,,
2024-01-15T23:00:00+01:00,153192.0,81921.0
2024-01-15T23:30:00+01:00,,
2024-01-16T00:00:00+01:00,147474.0,77520.0
2024-01-16T00:30:00+01:00,,
2024-01-16T01:00:00+01:00,143762.0,75539.0
2024-01-16T01:30:00+01:00,,
2024-01-16T02:00:00+01:00,144677.0,76429.0
2024-01-16T02:30:00+01:00,,
2024-01-16T03:00:00+01:00,143938.0,77474.0
2024-01-16T03:30:00+01:00,,
2024-01-16T04:00:00+01:00,145661.0,80259.0
2024-01-16T04:30:00+01:00,,
2024-01-16T05:00:00+01:00,154765.0,87006.0
2024-01-16T05:30:00+01:00,,
2024-01-16T06:00:00+01:00,188434.0,115284.0
2024-01-16T06:30:00+01:00,,
2024-01-16T07:00:00+01:00,198534.0,119546.0
2024-01-16T07:30:00+01:00,,
2024-01-16T08:00:00+01:00,200193.0,118589.0
2024-01-16T08:30:00+01:00,,
2024-01-16T09:00:00+01:00,198197.0,116137.0
2024-01-16T09:30:00+01:00,,
2024-01-16T10:00:00+01:00,193300.0,112114.0
2024-01-16T10:30:00+01:00,,
2024-01-16T11:00:00+01:00,187185.0,107272.0
2024-01-16T11:30:00+01:00,,
2024-01-16T12:00:00+01:00,179285.0,101533.0
2024-01-16T12:30:00+01:00,,
2024-01-16T13:00:00+01:00,171563.0,96716.0
2024-01-16T13:30:00+01:00,,
2024-01-16T14:00:00+01:00,168754.0,94777.0
2024-01-16T14:30:00+01:00,,
2024-01-16T15:00:00+01:00,168445.0,95054.0
2024-01-16T15:30:00+01:00,,
2024-01-16T16:00:00+01:00,172242.0,99360.0
2024-01-16T16:30:00+01:00,,
2024-01-16T17:00:00+01:00,177540.0,102710.0
2024-01-16T17:30:00+01:00,,
2024-01-16T18:00:00+01:00,182252.0,103050.0
2024-01-16T18:30:00+01:00,,
2024-01-16T19:00:00+01:00,182034.0,101734.0
2024-01-16T19:30:00+01:00,,
2024-01-16T20:00:00+01:00,174928.0,98540.0
2024-01-16T20:30:00+01:00,,
2024-01-16T21:00:00+01:00,166376.0,93719.0
2024-01-16T21:30:00+01:00,,
2024-01-16T22:00:00+01:00,158961.0,87579.0
2024-01-16T22:30:00+01:00,,
2024-01-16T23:00:00+01:00,152432.0,81558.0
2024-01-16T23:30:00+01:00,,
2024-01-17T00:00:00+01:00,138059.0,69221.0
2024-01-17T00:30:00+01:00,,
2024-01-17T01:00:00+01:00,133386.0,66794.0
2024-01-17T01:30:00+01:00,,
2024-01-17T02:00:00+01:00,134199.0,68116.0
2024-01-17T02:30:00+01:00,,
2024-01-17T03:00:00+01:00,132350.0,68971.0
2024-01-17T03:30:00+01:00,,
2024-01-17T04:00:00+01:00,133997.0,72092.0
2024-01-17T04:30:00+01:00,,
2024-01-17T05:00:00+01:00,143959.0,80411.0
2024-01-17T05:30:00+01:00,,
2024-01-17T06:00:00+01:00,168368.0,100609.0
2024-01-17T06:30:00+01:00,,
2024-01-17T07:00:00+01:00,176784.0,104336.0
2024-01-17T07:30:00+01:00,,
2024-01-17T08:00:00+01:00,178327.0,103457.0
2024-01-17T08:30:00+01:00,,
2024-01-17T09:00:00+01:00,176550.0,100978.0
2024-01-17T09:30:00+01:00,,
2024-01-17T10:00:00+01:00,175156.0,99182.0
2024-01-17T10:30:00+01:00,,
2024-01-17T11:00:00+01:00,173890.0,97509.0
2024-01-17T11:30:00+01:00,,
2024-01-17T12:00:00+01:00,170483.0,94153.0
2024-01-17T12:30:00+01:00,,
2024-01-17T13:00:00+01:00,164439.0,90673.0
2024-01-17T13:30:00+01:00,,
2024-01-17T14:00:00+01:00,160361.0,87336.0
2024-01-17T14:30:00+01:00,,
2024-01-17T15:00:00+01:00,158074.0,86327.0
2024-01-17T15:30:00+01:00,,
2024-01-17T16:00:00+01:00,157072.0,86834.0
2024-01-17T16:30:00+01:00,,
2024-01-17T17:00:00+01:00,158821.0,88461.0
2024-01-17T17:30:00+01:00,,
2024-01-17T18:00:00+01:00,164122.0,90169.0
2024-01-17T18:30:00+01:00,,
2024-01-17T19:00:00+01:00,163299.0,88809.0
2024-01-17T19:30:00+01:00,,
2024-01-17T20:00:00+01:00,156462.0,85991.0
2024-01-17T20:30:00+01:00,,
2024-01-17T21:00:00+01:00,149217.0,82435.0
2024-01-17T21:30:00+01:00,,
2024-01-17T22:00:00+01:00,141879.0,76412.0
2024-01-17T22:30:00+01:00,,
2024-01-17T23:00:00+01:00,137128.0,71761.0
2024-01-17T23:30:00+01:00,,
2024-01-18T00:00:00+01:00,143186.0,79312.0
2024-01-18T00:30:00+01:00,,
2024-01-18T01:00:00+01:00,139003.0,77534.0
2024-01-18T01:30:00+01:00,,
2024-01-18T02:00:00+01:00,140924.0,79433.0
2024-01-18T02:30:00+01:00,,
2024-01-18T03:00:00+01:00,140787.0,81434.0
2024-01-18T03:30:00+01:00,,
2024-01-18T04:00:00+01:00,143392.0,85331.0
2024-01-18T04:30:00+01:00,,
2024-01-18T05:00:00+01:00,154832.0,94816.0
2024-01-18T05:30:00+01:00,,
2024-01-18T06:00:00+01:00,161555.0,96942.0
2024-01-18T06:30:00+01:00,,
2024-01-18T07:00:00+01:00,173790.0,103222.0
2024-01-18T07:30:00+01:00,,
2024-01-18T08:00:00+01:00,175114.0,102197.0
2024-01-18T08:30:00+01:00,,
2024-01-18T09:00:00+01:00,174327.0,100479.0
2024-01-18T09:30:00+01:00,,
2024-01-18T10:00:00+01:00,172135.0,98156.0
2024-01-18T10:30:00+01:00,,
2024-01-18T11:00:00+01:00,169447.0,95592.0
2024-01-18T11:30:00+01:00,,
2024-01-18T12:00:00+01:00,165451.0,92309.0
2024-01-18T12:30:00+01:00,,
2024-01-18T13:00:00+01:00,160920.0,89930.0
2024-01-18T13:30:00+01:00,,
2024-01-18T14:00:00+01:00,158935.0,88674.0
2024-01-18T14:30:00+01:00,,
2024-01-18T15:00:00+01:00,158908.0,89393.0
2024-01-18T15:30:00+01:00,,
2024-01-18T16:00:00+01:00,160977.0,92352.0
2024-01-18T16:30:00+01:00,,
2024-01-18T17:00:00+01:00,167337.0,96646.0
2024-01-18T17:30:00+01:00,,
2024-01-18T18:00:00+01:00,173746.0,98100.0
2024-01-18T18:30:00+01:00,,
2024-01-18T19:00:00+01:00,174833.0,97391.0
2024-01-18T19:30:00+01:00,,
2024-01-18T20:00:00+01:00,169213.0,95566.0
2024-01-18T20:30:00+01:00,,
2024-01-18T21:00:00+01:00,162732.0,92150.0
2024-01-18T21:30:00+01:00,,
2024-01-18T22:00:00+01:00,155778.0,85986.0
2024-01-18T22:30:00+01:00,,
2024-01-18T23:00:00+01:00,150944.0,80802.0
2024-01-18T23:30:00+01:00,,
2024-01-19T00:00:00+01:00,154054.0,84994.0
2024-01-19T00:30:00+01:00,,
2024-01-19T01:00:00+01:00,151261.0,84063.0
2024-01-19T01:30:00+01:00,,
2024-01-19T02:00:00+01:00,152221.0,84666.0
2024-01-19T02:30:00+01:00,,
2024-01-19T03:00:00+01:00,151288.0,85521.0
2024-01-19T03:30:00+01:00,,
2024-01-19T04:00:00+01:00,151627.0,86450.0
2024-01-19T04:30:00+01:00,,
2024-01-19T05:00:00+01:00,159015.0,91655.0
2024-01-19T05:30:00+01:00,,
2024-01-19T06:00:00+01:00,186043.0,112906.0
2024-01-19T06:30:00+01:00,,
2024-01-19T07:00:00+01:00,198246.0,118979.0
2024-01-19T07:30:00+01:00,,
2024-01-19T08:00:00+01:00,201239.0,119187.0
2024-01-19T08:30:00+01:00,,
2024-01-19T09:00:00+01:00,200795.0,117654.0
2024-01-19T09:30:00+01:00,,
2024-01-19T10:00:00+01:00,195880.0,113754.0
2024-01-19T10:30:00+01:00,,
2024-01-19T11:00:00+01:00,189341.0,108703.0
2024-01-19T11:30:00+01:00,,
2024-01-19T12:00:00+01:00,180703.0,102127.0
2024-01-19T12:30:00+01:00,,
2024-01-19T13:00:00+01:00,173694.0,98364.0
2024-01-19T13:30:00+01:00,,
2024-01-19T14:00:00+01:00,171116.0,96926.0
2024-01-19T14:30:00+01:00,,
2024-01-19T15:00:00+01:00,170177.0,96904.0
2024-01-19T15:30:00+01:00,,
2024-01-19T16:00:00+01:00,172138.0,99829.0
2024-01-19T16:30:00+01:00,,
2024-01-19T17:00:00+01:00,178559.0,104124.0
2024-01-19T17:30:00+01:00,,
2024-01-19T18:00:00+01:00,185341.0,105767.0
2024-01-19T18:30:00+01:00,,
2024-01-19T19:00:00+01:00,185247.0,104775.0
2024-01-19T19:30:00+01:00,,
2024-01-19T20:00:00+01:00,180013.0,102212.0
2024-01-19T20:30:00+01:00,,
2024-01-19T21:00:00+01:00,172958.0,98290.0
2024-01-19T21:30:00+01:00,,
2024-01-19T22:00:00+01:00,166532.0,92137.0
2024-01-19T22:30:00+01:00,,
2024-01-19T23:00:00+01:00,161685.0,86848.0
2024-01-19T23:30:00+01:00,,
2024-01-20T00:00:00+01:00,152618.0,79254.0
2024-01-20T00:30:00+01:00,,
2024-01-20T01:00:00+01:00,150801.0,79319.0
2024-01-20T01:30:00+01:00,,
2024-01-20T02:00:00+01:00,150778.0,79177.0
2024-01-20T02:30:00+01:00,,
2024-01-20T03:00:00+01:00,148036.0,79281.0
2024-01-20T03:30:00+01:00,,
2024-01-20T04:00:00+01:00,147558.0,79929.0
2024-01-20T04:30:00+01:00,,
2024-01-20T05:00:00+01:00,151889.0,83706.0
2024-01-20T05:30:00+01:00,,
2024-01-20T06:00:00+01:00,173222.0,103286.0
2024-01-20T06:30:00+01:00,,
2024-01-20T07:00:00+01:00,182631.0,109645.0
2024-01-20T07:30:00+01:00,,
2024-01-20T08:00:00+01:00,189358.0,113683.0
2024-01-20T08:30:00+01:00,,
2024-01-20T09:00:00+01:00,191650.0,113296.0
2024-01-20T09:30:00+01:00,,
2024-01-20T10:00:00+01:00,188649.0,110056.0
2024-01-20T10:30:00+01:00,,
2024-01-20T11:00:00+01:00,182948.0,105424.0
2024-01-20T11:30:00+01:00,,
2024-01-20T12:00:00+01:00,174374.0,98296.0
2024-01-20T12:30:00+01:00,,
2024-01-20T13:00:00+01:00,164376.0,91992.0
2024-01-20T13:30:00+01:00,,
2024-01-20T14:00:00+01:00,158587.0,88825.0
2024-01-20T14:30:00+01:00,,
2024-01-20T15:00:00+01:00,157088.0,88956.0
2024-01-20T15:30:00+01:00,,
2024-01-20T16:00:00+01:00,158525.0,91619.0
2024-01-20T16:30:00+01:00,,
2024-01-20T17:00:00+01:00,167710.0,98598.0
2024-01-20T17:30:00+01:00,,
2024-01-20T18:00:00+01:00,178052.0,102501.0
2024-01-20T18:30:00+01:00,,
2024-01-20T19:00:00+01:00,179836.0,102033.0
2024-01-20T19:30:00+01:00,,
2024-01-20T20:00:00+01:00,176172.0,100311.0
2024-01-20T20:30:00+01:00,,
2024-01-20T21:00:00+01:00,169876.0,96519.0
2024-01-20T21:30:00+01:00,,
2024-01-20T22:00:00+01:00,161436.0,88196.0
2024-01-20T22:30:00+01:00,,
2024-01-20T23:00:00+01:00,155421.0,81375.0
2024-01-20T23:30:00+01:00,,
2024-01-21T00:00:00+01:00,132711.0,59506.0
2024-01-21T00:30:00+01:00,,
2024-01-21T01:00:00+01:00,130220.0,59392.0
2024-01-21T01:30:00+01:00,,
2024-01-21T02:00:00+01:00,129997.0,59842.0
2024-01-21T02:30:00+01:00,,
2024-01-21T03:00:00+01:00,128643.0,61015.0
2024-01-21T03:30:00+01:00,,
2024-01-21T04:00:00+01:00,129788.0,64272.0
2024-01-21T04:30:00+01:00,,
2024-01-21T05:00:00+01:00,136542.0,71271.0
2024-01-21T05:30:00+01:00,,
2024-01-21T06:00:00+01:00,156735.0,90998.0
2024-01-21T06:30:00+01:00,,
2024-01-21T07:00:00+01:00,159001.0,92470.0
2024-01-21T07:30:00+01:00,,
2024-01-21T08:00:00+01:00,160878.0,92800.0
2024-01-21T08:30:00+01:00,,
2024-01-21T09:00:00+01:00,161769.0,91577.0
2024-01-21T09:30:00+01:00,,
2024-01-21T10:00:00+01:00,160944.0,89252.0
2024-01-21T10:30:00+01:00,,
2024-01-21T11:00:00+01:00,157602.0,85601.0
2024-01-21T11:30:00+01:00,,
2024-01-21T12:00:00+01:00,152353.0,80526.0
2024-01-21T12:30:00+01:00,,
2024-01-21T13:00:00+01:00,143372.0,75407.0
2024-01-21T13:30:00+01:00,,
2024-01-21T14:00:00+01:00,138041.0,72405.0
2024-01-21T14:30:00+01:00,,
2024-01-21T15:00:00+01:00,135485.0,71289.0
2024-01-21T15:30:00+01:00,,
2024-01-21T16:00:00+01:00,134952.0,72329.0
2024-01-21T16:30:00+01:00,,
2024-01-21T17:00:00+01:00,139291.0,75150.0
2024-01-21T17:30:00+01:00,,
2024-01-21T18:00:00+01:00,147120.0,77636.0
2024-01-21T18:30:00+01:00,,
2024-01-21T19:00:00+01:00,148223.0,76399.0
2024-01-21T19:30:00+01:00,,
2024-01-21T20:00:00+01:00,142643.0,73659.0
2024-01-21T20:30:00+01:00,,
2024-01-21T21:00:00+01:00,137063.0,70381.0
2024-01-21T21:30:00+01:00,,
2024-01-21T22:00:00+01:00,129954.0,64229.0
2024-01-21T22:30:00+01:00,,
2024-01-21T23:00:00+01:00,124974.0,59069.0
2024-01-21T23:30:00+01:00,,
2024-01-22T00:00:00+01:00,118377.0,53780.0
2024-01-22T00:30:00+01:00,,
2024-01-22T01:00:00+01:00,116375.0,54133.0
2024-01-22T01:30:00+01:00,,
2024-01-22T02:00:00+01:00,116756.0,54820.0
2024-01-22T02:30:00+01:00,,
2024-01-22T03:00:00+01:00,115547.0,56488.0
2024-01-22T03:30:00+01:00,,
2024-01-22T04:00:00+01:00,118695.0,60392.0
2024-01-22T04:30:00+01:00,,
2024-01-22T05:00:00+01:00,129312.0,68961.0
2024-01-22T05:30:00+01:00,,
2024-01-22T06:00:00+01:00,148922.0,83821.0
2024-01-22T06:30:00+01:00,,
2024-01-22T07:00:00+01:00,156307.0,85469.0
2024-01-22T07:30:00+01:00,,
2024-01-22T08:00:00+01:00,155117.0,82587.0
2024-01-22T08:30:00+01:00,,
2024-01-22T09:00:00+01:00,151923.0,79005.0
2024-01-22T09:30:00+01:00,,
2024-01-22T10:00:00+01:00,148768.0,76012.0
2024-01-22T10:30:00+01:00,,
2024-01-22T11:00:00+01:00,146097.0,73590.0
2024-01-22T11:30:00+01:00,,
2024-01-22T12:00:00+01:00,142755.0,70771.0
2024-01-22T12:30:00+01:00,,
2024-01-22T13:00:00+01:00,138568.0,68683.0
2024-01-22T13:30:00+01:00,,
2024-01-22T14:00:00+01:00,135202.0,66339.0
2024-01-22T14:30:00+01:00,,
2024-01-22T15:00:00+01:00,133353.0,65398.0
2024-01-22T15:30:00+01:00,,
2024-01-22T16:00:00+01:00,133436.0,67204.0
2024-01-22T16:30:00+01:00,,
2024-01-22T17:00:00+01:00,136832.0,70165.0
2024-01-22T17:30:00+01:00,,
2024-01-22T18:00:00+01:00,143220.0,71919.0
2024-01-22T18:30:00+01:00,,
2024-01-22T19:00:00+01:00,143059.0,70381.0
2024-01-22T19:30:00+01:00,,
2024-01-22T20:00:00+01:00,136531.0,67858.0
2024-01-22T20:30:00+01:00,,
2024-01-22T21:00:00+01:00,129366.0,64510.0
2024-01-22T21:30:00+01:00,,
2024-01-22T22:00:00+01:00,122654.0,59080.0
2024-01-22T22:30:00+01:00,,
2024-01-22T23:00:00+01:00,117871.0,54194.0
2024-01-22T23:30:00+01:00,,
2024-01-23T00:00:00+01:00,108093.0,46223.0
2024-01-23T00:30:00+01:00,,
2024-01-23T01:00:00+01:00,105149.0,45849.0
2024-01-23T01:30:00+01:00,,
2024-01-23T02:00:00+01:00,105210.0,45985.0
2024-01-23T02:30:00+01:00,,
2024-01-23T03:00:00+01:00,103670.0,46938.0
2024-01-23T03:30:00+01:00,,
2024-01-23T04:00:00+01:00,105199.0,49675.0
2024-01-23T04:30:00+01:00,,
2024-01-23T05:00:00+01:00,114181.0,56678.0
2024-01-23T05:30:00+01:00,,
2024-01-23T06:00:00+01:00,145373.0,82944.0
2024-01-23T06:30:00+01:00,,
2024-01-23T07:00:00+01:00,154069.0,85789.0
2024-01-23T07:30:00+01:00,,
2024-01-23T08:00:00+01:00,154277.0,84147.0
2024-01-23T08:30:00+01:00,,
2024-01-23T09:00:00+01:00,150814.0,80686.0
2024-01-23T09:30:00+01:00,,
2024-01-23T10:00:00+01:00,146734.0,77213.0
2024-01-23T10:30:00+01:00,,
2024-01-23T11:00:00+01:00,143280.0,74042.0
2024-01-23T11:30:00+01:00,,
2024-01-23T12:00:00+01:00,138508.0,70112.0
2024-01-23T12:30:00+01:00,,
2024-01-23T13:00:00+01:00,133851.0,67377.0
2024-01-23T13:30:00+01:00,,
2024-01-23T14:00:00+01:00,131525.0,65587.0
2024-01-23T14:30:00+01:00,,
2024-01-23T15:00:00+01:00,129492.0,64714.0
2024-01-23T15:30:00+01:00,,
2024-01-23T16:00:00+01:00,129395.0,65864.0
2024-01-23T16:30:00+01:00,,
2024-01-23T17:00:00+01:00,133125.0,68809.0
2024-01-23T17:30:00+01:00,,
2024-01-23T18:00:00+01:00,137032.0,68619.0
2024-01-23T18:30:00+01:00,,
2024-01-23T19:00:00+01:00,136684.0,67250.0
2024-01-23T19:30:00+01:00,,
2024-01-23T20:00:00+01:00,130005.0,64382.0
2024-01-23T20:30:00+01:00,,
2024-01-23T21:00:00+01:00,120998.0,58998.0
2024-01-23T21:30:00+01:00,,
2024-01-23T22:00:00+01:00,113485.0,52958.0
2024-01-23T22:30:00+01:00,,
2024-01-23T23:00:00+01:00,108592.0,48010.0
2024-01-23T23:30:00+01:00,,
2024-01-24T00:00:00+01:00,102027.0,43489.0
2024-01-24T00:30:00+01:00,,
2024-01-24T01:00:00+01:00,99380.0,43665.0
2024-01-24T01:30:00+01:00,,
2024-01-24T02:00:00+01:00,99572.0,44198.0
2024-01-24T02:30:00+01:00,,
2024-01-24T03:00:00+01:00,98203.0,45457.0
2024-01-24T03:30:00+01:00,,
2024-01-24T04:00:00+01:00,100498.0,48911.0
2024-01-24T04:30:00+01:00,,
2024-01-24T05:00:00+01:00,111085.0,58087.0
2024-01-24T05:30:00+01:00,,
2024-01-24T06:00:00+01:00,127252.0,69370.0
2024-01-24T06:30:00+01:00,,
2024-01-24T07:00:00+01:00,133103.0,70339.0
2024-01-24T07:30:00+01:00,,
2024-01-24T08:00:00+01:00,132844.0,67917.0
2024-01-24T08:30:00+01:00,,
2024-01-24T09:00:00+01:00,130492.0,65053.0
2024-01-24T09:30:00+01:00,,
2024-01-24T10:00:00+01:00,126403.0,61703.0
2024-01-24T10:30:00+01:00,,
2024-01-24T11:00:00+01:00,123879.0,59244.0
2024-01-24T11:30:00+01:00,,
2024-01-24T12:00:00+01:00,119678.0,56002.0
2024-01-24T12:30:00+01:00,,
2024-01-24T13:00:00+01:00,114513.0,53172.0
2024-01-24T13:30:00+01:00,,
2024-01-24T14:00:00+01:00,111358.0,50823.0
2024-01-24T14:30:00+01:00,,
2024-01-24T15:00:00+01:00,109702.0,50261.0
2024-01-24T15:30:00+01:00,,
2024-01-24T16:00:00+01:00,110069.0,52063.0
2024-01-24T16:30:00+01:00,,
2024-01-24T17:00:00+01:00,113008.0,54868.0
2024-01-24T17:30:00+01:00,,
2024-01-24T18:00:00+01:00,120772.0,57419.0
2024-01-24T18:30:00+01:00,,
2024-01-24T19:00:00+01:00,121609.0,56787.0
2024-01-24T19:30:00+01:00,,
2024-01-24T20:00:00+01:00,115730.0,54622.0
2024-01-24T20:30:00+01:00,,
2024-01-24T21:00:00+01:00,109346.0,51706.0
2024-01-24T21:30:00+01:00,,
2024-01-24T22:00:00+01:00,103981.0,47401.0
2024-01-24T22:30:00+01:00,,
2024-01-24T23:00:00+01:00,100968.0,44139.0
2024-01-24T23:30:00+01:00,,
2024-01-25T00:00:00+01:00,99862.0,44430.0
2024-01-25T00:30:00+01:00,,
2024-01-25T01:00:00+01:00,96184.0,43363.0
2024-01-25T01:30:00+01:00,,
2024-01-25T02:00:00+01:00,96095.0,43450.0
2024-01-25T02:30:00+01:00,,
2024-01-25T03:00:00+01:00,94685.0,44357.0
2024-01-25T03:30:00+01:00,,
2024-01-25T04:00:00+01:00,96073.0,46943.0
2024-01-25T04:30:00+01:00,,
2024-01-25T05:00:00+01:00,104947.0,54134.0
2024-01-25T05:30:00+01:00,,
2024-01-25T06:00:00+01:00,129763.0,73274.0
2024-01-25T06:30:00+01:00,,
2024-01-25T07:00:00+01:00,138385.0,76333.0
2024-01-25T07:30:00+01:00,,
2024-01-25T08:00:00+01:00,137280.0,73336.0
2024-01-25T08:30:00+01:00,,
2024-01-25T09:00:00+01:00,134412.0,70155.0
2024-01-25T09:30:00+01:00,,
2024-01-25T10:00:00+01:00,129890.0,66015.0
2024-01-25T10:30:00+01:00,,
2024-01-25T11:00:00+01:00,126138.0,62601.0
2024-01-25T11:30:00+01:00,,
2024-01-25T12:00:00+01:00,121257.0,58462.0
2024-01-25T12:30:00+01:00,,
2024-01-25T13:00:00+01:00,115560.0,55158.0
2024-01-25T13:30:00+01:00,,
2024-01-25T14:00:00+01:00,112679.0,53099.0
2024-01-25T14:30:00+01:00,,
2024-01-25T15:00:00+01:00,111187.0,52702.0
2024-01-25T15:30:00+01:00,,
2024-01-25T16:00:00+01:00,111276.0,54454.0
2024-01-25T16:30:00+01:00,,
2024-01-25T17:00:00+01:00,116390.0,58628.0
2024-01-25T17:30:00+01:00,,
2024-01-25T18:00:00+01:00,124974.0,62297.0
2024-01-25T18:30:00+01:00,,
2024-01-25T19:00:00+01:00,125757.0,61834.0
2024-01-25T19:30:00+01:00,,
2024-01-25T20:00:00+01:00,120259.0,59581.0
2024-01-25T20:30:00+01:00,,
2024-01-25T21:00:00+01:00,113068.0,55710.0
2024-01-25T21:30:00+01:00,,
2024-01-25T22:00:00+01:00,106369.0,49987.0
2024-01-25T22:30:00+01:00,,
2024-01-25T23:00:00+01:00,103027.0,46270.0
2024-01-25T23:30:00+01:00,,
2024-01-26T00:00:00+01:00,106896.0,51919.0
2024-01-26T00:30:00+01:00,,
2024-01-26T01:00:00+01:00,104274.0,51658.0
2024-01-26T01:30:00+01:00,,
2024-01-26T02:00:00+01:00,104926.0,52652.0
2024-01-26T02:30:00+01:00,,
2024-01-26T03:00:00+01:00,104000.0,54052.0
2024-01-26T03:30:00+01:00,,
2024-01-26T04:00:00+01:00,105775.0,56649.0
2024-01-26T04:30:00+01:00,,
2024-01-26T05:00:00+01:00,113298.0,62289.0
2024-01-26T05:30:00+01:00,,
2024-01-26T06:00:00+01:00,122732.0,66924.0
2024-01-26T06:30:00+01:00,,
2024-01-26T07:00:00+01:00,129091.0,67955.0
2024-01-26T07:30:00+01:00,,
2024-01-26T08:00:00+01:00,128233.0,65200.0
2024-01-26T08:30:00+01:00,,
2024-01-26T09:00:00+01:00,126414.0,63037.0
2024-01-26T09:30:00+01:00,,
2024-01-26T10:00:00+01:00,124021.0,60746.0
2024-01-26T10:30:00+01:00,,
2024-01-26T11:00:00+01:00,122064.0,58924.0
2024-01-26T11:30:00+01:00,,
2024-01-26T12:00:00+01:00,118584.0,56098.0
2024-01-26T12:30:00+01:00,,
2024-01-26T13:00:00+01:00,113668.0,53641.0
2024-01-26T13:30:00+01:00,,
2024-01-26T14:00:00+01:00,110915.0,51849.0
2024-01-26T14:30:00+01:00,,
2024-01-26T15:00:00+01:00,109449.0,51405.0
2024-01-26T15:30:00+01:00,,
2024-01-26T16:00:00+01:00,109783.0,53478.0
2024-01-26T16:30:00+01:00,,
2024-01-26T17:00:00+01:00,116030.0,58559.0
2024-01-26T17:30:00+01:00,,
2024-01-26T18:00:00+01:00,124845.0,62411.0
2024-01-26T18:30:00+01:00,,
2024-01-26T19:00:00+01:00,126044.0,62423.0
2024-01-26T19:30:00+01:00,,
2024-01-26T20:00:00+01:00,122248.0,61252.0
2024-01-26T20:30:00+01:00,,
2024-01-26T21:00:00+01:00,117970.0,59679.0
2024-01-26T21:30:00+01:00,,
2024-01-26T22:00:00+01:00,114232.0,56111.0
2024-01-26T22:30:00+01:00,,
2024-01-26T23:00:00+01:00,111515.0,52735.0
2024-01-26T23:30:00+01:00,,
2024-01-27T00:00:00+01:00,113576.0,56110.0
2024-01-27T00:30:00+01:00,,
2024-01-27T01:00:00+01:00,110279.0,55109.0
2024-01-27T01:30:00+01:00,,
2024-01-27T02:00:00+01:00,110372.0,55723.0
2024-01-27T02:30:00+01:00,,
2024-01-27T03:00:00+01:00,108747.0,56215.0
2024-01-27T03:30:00+01:00,,
2024-01-27T04:00:00+01:00,109789.0,58627.0
2024-01-27T04:30:00+01:00,,
2024-01-27T05:00:00+01:00,115232.0,63423.0
2024-01-27T05:30:00+01:00,,
2024-01-27T06:00:00+01:00,125377.0,71686.0
2024-01-27T06:30:00+01:00,,
2024-01-27T07:00:00+01:00,130519.0,74113.0
2024-01-27T07:30:00+01:00,,
2024-01-27T08:00:00+01:00,134348.0,75542.0
2024-01-27T08:30:00+01:00,,
2024-01-27T09:00:00+01:00,135456.0,73986.0
2024-01-27T09:30:00+01:00,,
2024-01-27T10:00:00+01:00,131222.0,69249.0
2024-01-27T10:30:00+01:00,,
2024-01-27T11:00:00+01:00,125905.0,64536.0
2024-01-27T11:30:00+01:00,,
2024-01-27T12:00:00+01:00,120946.0,59844.0
2024-01-27T12:30:00+01:00,,
2024-01-27T13:00:00+01:00,114134.0,55954.0
2024-01-27T13:30:00+01:00,,
2024-01-27T14:00:00+01:00,109621.0,53417.0
2024-01-27T14:30:00+01:00,,
2024-01-27T15:00:00+01:00,108663.0,53748.0
2024-01-27T15:30:00+01:00,,
2024-01-27T16:00:00+01:00,110315.0,57148.0
2024-01-27T16:30:00+01:00,,
2024-01-27T17:00:00+01:00,118380.0,63869.0
2024-01-27T17:30:00+01:00,,
2024-01-27T18:00:00+01:00,128611.0,68442.0
2024-01-27T18:30:00+01:00,,
2024-01-27T19:00:00+01:00,130513.0,68625.0
2024-01-27T19:30:00+01:00,,
2024-01-27T20:00:00+01:00,127349.0,67539.0
2024-01-27T20:30:00+01:00,,
2024-01-27T21:00:00+01:00,123585.0,65923.0
2024-01-27T21:30:00+01:00,,
2024-01-27T22:00:00+01:00,120270.0,62233.0
2024-01-27T22:30:00+01:00,,
2024-01-27T23:00:00+01:00,117400.0,58110.0
2024-01-27T23:30:00+01:00,,
2024-01-28T00:00:00+01:00,109973.0,51380.0
2024-01-28T00:30:00+01:00,,
2024-01-28T01:00:00+01:00,108536.0,51918.0
2024-01-28T01:30:00+01:00,,
2024-01-28T02:00:00+01:00,109300.0,53165.0
2024-01-28T02:30:00+01:00,,
2024-01-28T03:00:00+01:00,108940.0,55223.0
2024-01-28T03:30:00+01:00,,
2024-01-28T04:00:00+01:00,111410.0,59362.0
2024-01-28T04:30:00+01:00,,
2024-01-28T05:00:00+01:00,120412.0,68128.0
2024-01-28T05:30:00+01:00,,
2024-01-28T06:00:00+01:00,126333.0,72895.0
2024-01-28T06:30:00+01:00,,
2024-01-28T07:00:00+01:00,129838.0,74791.0
2024-01-28T07:30:00+01:00,,
2024-01-28T08:00:00+01:00,132550.0,75808.0
2024-01-28T08:30:00+01:00,,
2024-01-28T09:00:00+01:00,133255.0,74094.0
2024-01-28T09:30:00+01:00,,
2024-01-28T10:00:00+01:00,130349.0,69973.0
2024-01-28T10:30:00+01:00,,
2024-01-28T11:00:00+01:00,126064.0,65343.0
2024-01-28T11:30:00+01:00,,
2024-01-28T12:00:00+01:00,120830.0,60193.0
2024-01-28T12:30:00+01:00,,
2024-01-28T13:00:00+01:00,112707.0,55674.0
2024-01-28T13:30:00+01:00,,
2024-01-28T14:00:00+01:00,106819.0,52440.0
2024-01-28T14:30:00+01:00,,
2024-01-28T15:00:00+01:00,104769.0,51626.0
2024-01-28T15:30:00+01:00,,
2024-01-28T16:00:00+01:00,105903.0,54043.0
2024-01-28T16:30:00+01:00,,
2024-01-28T17:00:00+01:00,112293.0,58952.0
2024-01-28T17:30:00+01:00,,
2024-01-28T18:00:00+01:00,122452.0,63052.0
2024-01-28T18:30:00+01:00,,
2024-01-28T19:00:00+01:00,124746.0,62938.0
2024-01-28T19:30:00+01:00,,
2024-01-28T20:00:00+01:00,121246.0,61596.0
2024-01-28T20:30:00+01:00,,
2024-01-28T21:00:00+01:00,116869.0,59399.0
2024-01-28T21:30:00+01:00,,
2024-01-28T22:00:00+01:00,111766.0,54876.0
2024-01-28T22:30:00+01:00,,
2024-01-28T23:00:00+01:00,108328.0,51012.0
2024-01-28T23:30:00+01:00,,
2024-01-29T00:00:00+01:00,108442.0,52157.0
2024-01-29T00:30:00+01:00,,
2024-01-29T01:00:00+01:00,105004.0,50787.0
2024-01-29T01:30:00+01:00,,
2024-01-29T02:00:00+01:00,105448.0,51374.0
2024-01-29T02:30:00+01:00,,
2024-01-29T03:00:00+01:00,105307.0,53265.0
2024-01-29T03:30:00+01:00,,
2024-01-29T04:00:00+01:00,107604.0,56349.0
2024-01-29T04:30:00+01:00,,
2024-01-29T05:00:00+01:00,118576.0,64934.0
2024-01-29T05:30:00+01:00,,
2024-01-29T06:00:00+01:00,143124.0,83948.0
2024-01-29T06:30:00+01:00,,
2024-01-29T07:00:00+01:00,154205.0,88883.0
2024-01-29T07:30:00+01:00,,
2024-01-29T08:00:00+01:00,154643.0,87216.0
2024-01-29T08:30:00+01:00,,
2024-01-29T09:00:00+01:00,150594.0,82738.0
2024-01-29T09:30:00+01:00,,
2024-01-29T10:00:00+01:00,142185.0,75813.0
2024-01-29T10:30:00+01:00,,
2024-01-29T11:00:00+01:00,133774.0,68700.0
2024-01-29T11:30:00+01:00,,
2024-01-29T12:00:00+01:00,126064.0,62429.0
2024-01-29T12:30:00+01:00,,
2024-01-29T13:00:00+01:00,118674.0,57641.0
2024-01-29T13:30:00+01:00,,
2024-01-29T14:00:00+01:00,115301.0,55317.0
2024-01-29T14:30:00+01:00,,
2024-01-29T15:00:00+01:00,115326.0,56589.0
2024-01-29T15:30:00+01:00,,
2024-01-29T16:00:00+01:00,116993.0,59766.0
2024-01-29T16:30:00+01:00,,
2024-01-29T17:00:00+01:00,123767.0,65502.0
2024-01-29T17:30:00+01:00,,
2024-01-29T18:00:00+01:00,133001.0,68976.0
2024-01-29T18:30:00+01:00,,
2024-01-29T19:00:00+01:00,134583.0,68922.0
2024-01-29T19:30:00+01:00,,
2024-01-29T20:00:00+01:00,128026.0,65933.0
2024-01-29T20:30:00+01:00,,
2024-01-29T21:00:00+01:00,121087.0,62443.0
2024-01-29T21:30:00+01:00,,
2024-01-29T22:00:00+01:00,115944.0,58169.0
2024-01-29T22:30:00+01:00,,
2024-01-29T23:00:00+01:00,112974.0,54989.0
2024-01-29T23:30:00+01:00,,
2024-01-30T00:00:00+01:00,111511.0,55071.0
2024-01-30T00:30:00+01:00,,
2024-01-30T01:00:00+01:00,107419.0,53424.0
2024-01-30T01:30:00+01:00,,
2024-01-30T02:00:00+01:00,108408.0,54535.0
2024-01-30T02:30:00+01:00,,
2024-01-30T03:00:00+01:00,108037.0,56383.0
2024-01-30T03:30:00+01:00,,
2024-01-30T04:00:00+01:00,110478.0,59907.0
2024-01-30T04:30:00+01:00,,
2024-01-30T05:00:00+01:00,122651.0,69708.0
2024-01-30T05:30:00+01:00,,
2024-01-30T06:00:00+01:00,139285.0,81163.0
2024-01-30T06:30:00+01:00,,
2024-01-30T07:00:00+01:00,149481.0,85260.0
2024-01-30T07:30:00+01:00,,
2024-01-30T08:00:00+01:00,147570.0,81899.0
2024-01-30T08:30:00+01:00,,
2024-01-30T09:00:00+01:00,142932.0,77334.0
2024-01-30T09:30:00+01:00,,
2024-01-30T10:00:00+01:00,136405.0,71687.0
2024-01-30T10:30:00+01:00,,
2024-01-30T11:00:00+01:00,131714.0,67537.0
2024-01-30T11:30:00+01:00,,
2024-01-30T12:00:00+01:00,126158.0,62955.0
2024-01-30T12:30:00+01:00,,
2024-01-30T13:00:00+01:00,121573.0,60299.0
2024-01-30T13:30:00+01:00,,
2024-01-30T14:00:00+01:00,119511.0,58985.0
2024-01-30T14:30:00+01:00,,
2024-01-30T15:00:00+01:00,118712.0,59502.0
2024-01-30T15:30:00+01:00,,
2024-01-30T16:00:00+01:00,121216.0,63256.0
2024-01-30T16:30:00+01:00,,
2024-01-30T17:00:00+01:00,125636.0,66984.0
2024-01-30T17:30:00+01:00,,
2024-01-30T18:00:00+01:00,134150.0,70328.0
2024-01-30T18:30:00+01:00,,
2024-01-30T19:00:00+01:00,137068.0,71003.0
2024-01-30T19:30:00+01:00,,
2024-01-30T20:00:00+01:00,132491.0,69551.0
2024-01-30T20:30:00+01:00,,
2024-01-30T21:00:00+01:00,126206.0,66704.0
2024-01-30T21:30:00+01:00,,
2024-01-30T22:00:00+01:00,120502.0,62023.0
2024-01-30T22:30:00+01:00,,
2024-01-30T23:00:00+01:00,116370.0,57601.0
2024-01-30T23:30:00+01:00,,
2024-01-31T00:00:00+01:00,105531.0,48113.0
2024-01-31T00:30:00+01:00,,
2024-01-31T01:00:00+01:00,102826.0,47818.0
2024-01-31T01:30:00+01:00,,
2024-01-31T02:00:00+01:00,103217.0,48175.0
2024-01-31T02:30:00+01:00,,
2024-01-31T03:00:00+01:00,102223.0,49388.0
2024-01-31T03:30:00+01:00,,
2024-01-31T04:00:00+01:00,104432.0,52303.0
2024-01-31T04:30:00+01:00,,
2024-01-31T05:00:00+01:00,115536.0,60945.0
2024-01-31T05:30:00+01:00,,
2024-01-31T06:00:00+01:00,146665.0,86943.0
2024-01-31T06:30:00+01:00,,
2024-01-31T07:00:00+01:00,155671.0,90364.0
2024-01-31T07:30:00+01:00,,
2024-01-31T08:00:00+01:00,156876.0,89087.0
2024-01-31T08:30:00+01:00,,
2024-01-31T09:00:00+01:00,153871.0,85387.0
2024-01-31T09:30:00+01:00,,
2024-01-31T10:00:00+01:00,147028.0,79883.0
2024-01-31T10:30:00+01:00,,
2024-01-31T11:00:00+01:00,140523.0,74362.0
2024-01-31T11:30:00+01:00,,
2024-01-31T12:00:00+01:00,132159.0,67502.0
2024-01-31T12:30:00+01:00,,
2024-01-31T13:00:00+01:00,124262.0,62027.0
2024-01-31T13:30:00+01:00,,
2024-01-31T14:00:00+01:00,119501.0,58246.0
2024-01-31T14:30:00+01:00,,
2024-01-31T15:00:00+01:00,116714.0,57059.0
2024-01-31T15:30:00+01:00,,
2024-01-31T16:00:00+01:00,118083.0,59858.0
2024-01-31T16:30:00+01:00,,
2024-01-31T17:00:00+01:00,123545.0,64690.0
2024-01-31T17:30:00+01:00,,
2024-01-31T18:00:00+01:00,133446.0,68679.0
2024-01-31T18:30:00+01:00,,
2024-01-31T19:00:00+01:00,135552.0,68446.0
2024-01-31T19:30:00+01:00,,
2024-01-31T20:00:00+01:00,129629.0,65810.0
2024-01-31T20:30:00+01:00,,
2024-01-31T21:00:00+01:00,120190.0,59997.0
2024-01-31T21:30:00+01:00,,
2024-01-31T22:00:00+01:00,112971.0,53704.0
2024-01-31T22:30:00+01:00,,
2024-01-31T23:00:00+01:00,109145.0,49484.0
2024-01-31T23:30:00+01:00,,
2024-02-01T00:00:00+01:00,110620.0,52598.0
2024-02-01T00:30:00+01:00,,
2024-02-01T01:00:00+01:00,106971.0,51430.0
2024-02-01T01:30:00+01:00,,
2024-02-01T02:00:00+01:00,106797.0,51736.0
2024-02-01T02:30:00+01:00,,
2024-02-01T03:00:00+01:00,105337.0,52821.0
2024-02-01T03:30:00+01:00,,
2024-02-01T04:00:00+01:00,107569.0,56491.0
2024-02-01T04:30:00+01:00,,
2024-02-01T05:00:00+01:00,117099.0,64396.0
2024-02-01T05:30:00+01:00,,
2024-02-01T06:00:00+01:00,133657.0,76305.0
2024-02-01T06:30:00+01:00,,
2024-02-01T07:00:00+01:00,142332.0,79435.0
2024-02-01T07:30:00+01:00,,
2024-02-01T08:00:00+01:00,141329.0,76900.0
2024-02-01T08:30:00+01:00,,
2024-02-01T09:00:00+01:00,138199.0,73224.0
2024-02-01T09:30:00+01:00,,
2024-02-01T10:00:00+01:00,136364.0,71185.0
2024-02-01T10:30:00+01:00,,
2024-02-01T11:00:00+01:00,134774.0,69518.0
2024-02-01T11:30:00+01:00,,
2024-02-01T12:00:00+01:00,131508.0,66694.0
2024-02-01T12:30:00+01:00,,
2024-02-01T13:00:00+01:00,126921.0,64085.0
2024-02-01T13:30:00+01:00,,
2024-02-01T14:00:00+01:00,124715.0,62217.0
2024-02-01T14:30:00+01:00,,
2024-02-01T15:00:00+01:00,122860.0,61467.0
2024-02-01T15:30:00+01:00,,
2024-02-01T16:00:00+01:00,123524.0,63615.0
2024-02-01T16:30:00+01:00,,
2024-02-01T17:00:00+01:00,127230.0,66920.0
2024-02-01T17:30:00+01:00,,
2024-02-01T18:00:00+01:00,133879.0,68826.0
2024-02-01T18:30:00+01:00,,
2024-02-01T19:00:00+01:00,134844.0,68215.0
2024-02-01T19:30:00+01:00,,
2024-02-01T20:00:00+01:00,129326.0,66460.0
2024-02-01T20:30:00+01:00,,
2024-02-01T21:00:00+01:00,123456.0,63780.0
2024-02-01T21:30:00+01:00,,
2024-02-01T22:00:00+01:00,117235.0,58635.0
2024-02-01T22:30:00+01:00,,
2024-02-01T23:00:00+01:00,113015.0,54289.0
2024-02-01T23:30:00+01:00,,
2024-02-02T00:00:00+01:00,104865.0,47414.0
2024-02-02T00:30:00+01:00,,
2024-02-02T01:00:00+01:00,101936.0,46973.0
2024-02-02T01:30:00+01:00,,
2024-02-02T02:00:00+01:00,101725.0,47035.0
2024-02-02T02:30:00+01:00,,
2024-02-02T03:00:00+01:00,100229.0,47616.0
2024-02-02T03:30:00+01:00,,
2024-02-02T04:00:00+01:00,101023.0,49322.0
2024-02-02T04:30:00+01:00,,
2024-02-02T05:00:00+01:00,107684.0,53929.0
2024-02-02T05:30:00+01:00,,
2024-02-02T06:00:00+01:00,137107.0,78193.0
2024-02-02T06:30:00+01:00,,
2024-02-02T07:00:00+01:00,145086.0,80263.0
2024-02-02T07:30:00+01:00,,
2024-02-02T08:00:00+01:00,143501.0,77341.0
2024-02-02T08:30:00+01:00,,
2024-02-02T09:00:00+01:00,140886.0,74067.0
2024-02-02T09:30:00+01:00,,
2024-02-02T10:00:00+01:00,137478.0,71264.0
2024-02-02T10:30:00+01:00,,
2024-02-02T11:00:00+01:00,134749.0,68642.0
2024-02-02T11:30:00+01:00,,
2024-02-02T12:00:00+01:00,128826.0,64266.0
2024-02-02T12:30:00+01:00,,
2024-02-02T13:00:00+01:00,122721.0,60592.0
2024-02-02T13:30:00+01:00,,
2024-02-02T14:00:00+01:00,118373.0,57485.0
2024-02-02T14:30:00+01:00,,
2024-02-02T15:00:00+01:00,116340.0,56693.0
2024-02-02T15:30:00+01:00,,
2024-02-02T16:00:00+01:00,116065.0,58306.0
2024-02-02T16:30:00+01:00,,
2024-02-02T17:00:00+01:00,119847.0,61371.0
2024-02-02T17:30:00+01:00,,
2024-02-02T18:00:00+01:00,126915.0,63674.0
2024-02-02T18:30:00+01:00,,
2024-02-02T19:00:00+01:00,127921.0,63116.0
2024-02-02T19:30:00+01:00,,
2024-02-02T20:00:00+01:00,122693.0,60448.0
2024-02-02T20:30:00+01:00,,
2024-02-02T21:00:00+01:00,117038.0,57538.0
2024-02-02T21:30:00+01:00,,
2024-02-02T22:00:00+01:00,111659.0,52844.0
2024-02-02T22:30:00+01:00,,
2024-02-02T23:00:00+01:00,108035.0,48649.0
2024-02-02T23:30:00+01:00,,
2024-02-03T00:00:00+01:00,104256.0,46552.0
2024-02-03T00:30:00+01:00,,
2024-02-03T01:00:00+01:00,98686.0,43753.0
2024-02-03T01:30:00+01:00,,
2024-02-03T02:00:00+01:00,98366.0,44142.0
2024-02-03T02:30:00+01:00,,
2024-02-03T03:00:00+01:00,97143.0,45535.0
2024-02-03T03:30:00+01:00,,
2024-02-03T04:00:00+01:00,97322.0,47565.0
2024-02-03T04:30:00+01:00,,
2024-02-03T05:00:00+01:00,101708.0,51576.0
2024-02-03T05:30:00+01:00,,
2024-02-03T06:00:00+01:00,116138.0,64107.0
2024-02-03T06:30:00+01:00,,
2024-02-03T07:00:00+01:00,118174.0,64038.0
2024-02-03T07:30:00+01:00,,
2024-02-03T08:00:00+01:00,120313.0,64323.0
2024-02-03T08:30:00+01:00,,
2024-02-03T09:00:00+01:00,120999.0,62904.0
2024-02-03T09:30:00+01:00,,
2024-02-03T10:00:00+01:00,119153.0,60569.0
2024-02-03T10:30:00+01:00,,
2024-02-03T11:00:00+01:00,116883.0,58102.0
2024-02-03T11:30:00+01:00,,
2024-02-03T12:00:00+01:00,114794.0,55509.0
2024-02-03T12:30:00+01:00,,
2024-02-03T13:00:00+01:00,109647.0,52869.0
2024-02-03T13:30:00+01:00,,
2024-02-03T14:00:00+01:00,106618.0,51091.0
2024-02-03T14:30:00+01:00,,
2024-02-03T15:00:00+01:00,105203.0,50523.0
2024-02-03T15:30:00+01:00,,
2024-02-03T16:00:00+01:00,104702.0,51674.0
2024-02-03T16:30:00+01:00,,
2024-02-03T17:00:00+01:00,107414.0,53906.0
2024-02-03T17:30:00+01:00,,
2024-02-03T18:00:00+01:00,114278.0,56021.0
2024-02-03T18:30:00+01:00,,
2024-02-03T19:00:00+01:00,115478.0,55560.0
2024-02-03T19:30:00+01:00,,
2024-02-03T20:00:00+01:00,111622.0,53753.0
2024-02-03T20:30:00+01:00,,
2024-02-03T21:00:00+01:00,109894.0,54632.0
2024-02-03T21:30:00+01:00,,
2024-02-03T22:00:00+01:00,107624.0,52465.0
2024-02-03T22:30:00+01:00,,
2024-02-03T23:00:00+01:00,105288.0,48863.0
2024-02-03T23:30:00+01:00,,
2024-02-04T00:00:00+01:00,101247.0,45842.0
2024-02-04T00:30:00+01:00,,
2024-02-04T01:00:00+01:00,98883.0,45976.0
2024-02-04T01:30:00+01:00,,
2024-02-04T02:00:00+01:00,98788.0,46637.0
2024-02-04T02:30:00+01:00,,
2024-02-04T03:00:00+01:00,97619.0,48220.0
2024-02-04T03:30:00+01:00,,
2024-02-04T04:00:00+01:00,99374.0,51825.0
2024-02-04T04:30:00+01:00,,
2024-02-04T05:00:00+01:00,107350.0,59609.0
2024-02-04T05:30:00+01:00,,
2024-02-04T06:00:00+01:00,108744.0,59908.0
2024-02-04T06:30:00+01:00,,
2024-02-04T07:00:00+01:00,111106.0,60800.0
2024-02-04T07:30:00+01:00,,
2024-02-04T08:00:00+01:00,113007.0,61322.0
2024-02-04T08:30:00+01:00,,
2024-02-04T09:00:00+01:00,115218.0,60816.0
2024-02-04T09:30:00+01:00,,
2024-02-04T10:00:00+01:00,116251.0,59933.0
2024-02-04T10:30:00+01:00,,
2024-02-04T11:00:00+01:00,116319.0,58557.0
2024-02-04T11:30:00+01:00,,
2024-02-04T12:00:00+01:00,114711.0,56066.0
2024-02-04T12:30:00+01:00,,
2024-02-04T13:00:00+01:00,109699.0,53753.0
2024-02-04T13:30:00+01:00,,
2024-02-04T14:00:00+01:00,106433.0,52245.0
2024-02-04T14:30:00+01:00,,
2024-02-04T15:00:00+01:00,105223.0,52003.0
2024-02-04T15:30:00+01:00,,
2024-02-04T16:00:00+01:00,105040.0,52920.0
2024-02-04T16:30:00+01:00,,
2024-02-04T17:00:00+01:00,108477.0,55546.0
2024-02-04T17:30:00+01:00,,
2024-02-04T18:00:00+01:00,117531.0,58674.0
2024-02-04T18:30:00+01:00,,
2024-02-04T19:00:00+01:00,120197.0,58562.0
2024-02-04T19:30:00+01:00,,
2024-02-04T20:00:00+01:00,115633.0,56693.0
2024-02-04T20:30:00+01:00,,
2024-02-04T21:00:00+01:00,110978.0,54238.0
2024-02-04T21:30:00+01:00,,
2024-02-04T22:00:00+01:00,105622.0,49901.0
2024-02-04T22:30:00+01:00,,
2024-02-04T23:00:00+01:00,102795.0,46159.0
2024-02-04T23:30:00+01:00,,
2024-02-05T00:00:00+01:00,105578.0,50128.0
2024-02-05T00:30:00+01:00,,
2024-02-05T01:00:00+01:00,103448.0,50232.0
2024-02-05T01:30:00+01:00,,
2024-02-05T02:00:00+01:00,103858.0,50647.0
2024-02-05T02:30:00+01:00,,
2024-02-05T03:00:00+01:00,103009.0,52119.0
2024-02-05T03:30:00+01:00,,
2024-02-05T04:00:00+01:00,105215.0,55282.0
2024-02-05T04:30:00+01:00,,
2024-02-05T05:00:00+01:00,115837.0,63104.0
2024-02-05T05:30:00+01:00,,
2024-02-05T06:00:00+01:00,133131.0,74393.0
2024-02-05T06:30:00+01:00,,
2024-02-05T07:00:00+01:00,140966.0,76638.0
2024-02-05T07:30:00+01:00,,
2024-02-05T08:00:00+01:00,140874.0,74707.0
2024-02-05T08:30:00+01:00,,
2024-02-05T09:00:00+01:00,138896.0,71967.0
2024-02-05T09:30:00+01:00,,
2024-02-05T10:00:00+01:00,136770.0,70164.0
2024-02-05T10:30:00+01:00,,
2024-02-05T11:00:00+01:00,135712.0,68776.0
2024-02-05T11:30:00+01:00,,
2024-02-05T12:00:00+01:00,132338.0,66010.0
2024-02-05T12:30:00+01:00,,
2024-02-05T13:00:00+01:00,128007.0,63724.0
2024-02-05T13:30:00+01:00,,
2024-02-05T14:00:00+01:00,125272.0,61743.0
2024-02-05T14:30:00+01:00,,
2024-02-05T15:00:00+01:00,123756.0,61184.0
2024-02-05T15:30:00+01:00,,
2024-02-05T16:00:00+01:00,123686.0,62642.0
2024-02-05T16:30:00+01:00,,
2024-02-05T17:00:00+01:00,126828.0,65167.0
2024-02-05T17:30:00+01:00,,
2024-02-05T18:00:00+01:00,134376.0,67417.0
2024-02-05T18:30:00+01:00,,
2024-02-05T19:00:00+01:00,135601.0,66433.0
2024-02-05T19:30:00+01:00,,
2024-02-05T20:00:00+01:00,128879.0,63919.0
2024-02-05T20:30:00+01:00,,
2024-02-05T21:00:00+01:00,121925.0,60481.0
2024-02-05T21:30:00+01:00,,
2024-02-05T22:00:00+01:00,115542.0,55347.0
2024-02-05T22:30:00+01:00,,
2024-02-05T23:00:00+01:00,111773.0,51289.0
2024-02-05T23:30:00+01:00,,
2024-02-06T00:00:00+01:00,105349.0,46287.0
2024-02-06T00:30:00+01:00,,
2024-02-06T01:00:00+01:00,102499.0,45971.0
2024-02-06T01:30:00+01:00,,
2024-02-06T02:00:00+01:00,102440.0,46089.0
2024-02-06T02:30:00+01:00,,
2024-02-06T03:00:00+01:00,101213.0,47091.0
2024-02-06T03:30:00+01:00,,
2024-02-06T04:00:00+01:00,103294.0,50193.0
2024-02-06T04:30:00+01:00,,
2024-02-06T05:00:00+01:00,112798.0,57401.0
2024-02-06T05:30:00+01:00,,
2024-02-06T06:00:00+01:00,137537.0,77086.0
2024-02-06T06:30:00+01:00,,
2024-02-06T07:00:00+01:00,145355.0,79208.0
2024-02-06T07:30:00+01:00,,
2024-02-06T08:00:00+01:00,143463.0,75927.0
2024-02-06T08:30:00+01:00,,
2024-02-06T09:00:00+01:00,140707.0,72561.0
2024-02-06T09:30:00+01:00,,
2024-02-06T10:00:00+01:00,136598.0,69399.0
2024-02-06T10:30:00+01:00,,
2024-02-06T11:00:00+01:00,134123.0,67012.0
2024-02-06T11:30:00+01:00,,
2024-02-06T12:00:00+01:00,129366.0,63297.0
2024-02-06T12:30:00+01:00,,
2024-02-06T13:00:00+01:00,124630.0,60647.0
2024-02-06T13:30:00+01:00,,
2024-02-06T14:00:00+01:00,121821.0,58756.0
2024-02-06T14:30:00+01:00,,
2024-02-06T15:00:00+01:00,119508.0,57520.0
2024-02-06T15:30:00+01:00,,
2024-02-06T16:00:00+01:00,119961.0,59258.0
2024-02-06T16:30:00+01:00,,
2024-02-06T17:00:00+01:00,122895.0,61562.0
2024-02-06T17:30:00+01:00,,
2024-02-06T18:00:00+01:00,128815.0,62862.0
2024-02-06T18:30:00+01:00,,
2024-02-06T19:00:00+01:00,129665.0,61698.0
2024-02-06T19:30:00+01:00,,
2024-02-06T20:00:00+01:00,123551.0,59330.0
2024-02-06T20:30:00+01:00,,
2024-02-06T21:00:00+01:00,116904.0,56268.0
2024-02-06T21:30:00+01:00,,
2024-02-06T22:00:00+01:00,110803.0,51392.0
2024-02-06T22:30:00+01:00,,
2024-02-06T23:00:00+01:00,106234.0,47110.0
2024-02-06T23:30:00+01:00,,
2024-02-07T00:00:00+01:00,101042.0,43934.0
2024-02-07T00:30:00+01:00,,
2024-02-07T01:00:00+01:00,98517.0,43727.0
2024-02-07T01:30:00+01:00,,
2024-02-07T02:00:00+01:00,98360.0,43946.0
2024-02-07T02:30:00+01:00,,
2024-02-07T03:00:00+01:00,97413.0,45014.0
2024-02-07T03:30:00+01:00,,
2024-02-07T04:00:00+01:00,99013.0,47863.0
2024-02-07T04:30:00+01:00,,
2024-02-07T05:00:00+01:00,108188.0,55058.0
2024-02-07T05:30:00+01:00,,
2024-02-07T06:00:00+01:00,128765.0,71089.0
2024-02-07T06:30:00+01:00,,
2024-02-07T07:00:00+01:00,135655.0,72535.0
2024-02-07T07:30:00+01:00,,
2024-02-07T08:00:00+01:00,135502.0,70263.0
2024-02-07T08:30:00+01:00,,
2024-02-07T09:00:00+01:00,133102.0,67345.0
2024-02-07T09:30:00+01:00,,
2024-02-07T10:00:00+01:00,129749.0,64517.0
2024-02-07T10:30:00+01:00,,
2024-02-07T11:00:00+01:00,128392.0,62841.0
2024-02-07T11:30:00+01:00,,
2024-02-07T12:00:00+01:00,124892.0,59844.0
2024-02-07T12:30:00+01:00,,
2024-02-07T13:00:00+01:00,120006.0,57278.0
2024-02-07T13:30:00+01:00,,
2024-02-07T14:00:00+01:00,117923.0,55611.0
2024-02-07T14:30:00+01:00,,
2024-02-07T15:00:00+01:00,116453.0,55068.0
2024-02-07T15:30:00+01:00,,
2024-02-07T16:00:00+01:00,116230.0,56454.0
2024-02-07T16:30:00+01:00,,
2024-02-07T17:00:00+01:00,118807.0,58653.0
2024-02-07T17:30:00+01:00,,
2024-02-07T18:00:00+01:00,125016.0,60350.0
2024-02-07T18:30:00+01:00,,
2024-02-07T19:00:00+01:00,125728.0,59290.0
2024-02-07T19:30:00+01:00,,
2024-02-07T20:00:00+01:00,118760.0,56537.0
2024-02-07T20:30:00+01:00,,
2024-02-07T21:00:00+01:00,111740.0,53320.0
2024-02-07T21:30:00+01:00,,
2024-02-07T22:00:00+01:00,105985.0,48562.0
2024-02-07T22:30:00+01:00,,
2024-02-07T23:00:00+01:00,102083.0,44679.0
2024-02-07T23:30:00+01:00,,
2024-02-08T00:00:00+01:00,97427.0,41828.0
2024-02-08T00:30:00+01:00,,
2024-02-08T01:00:00+01:00,94440.0,41572.0
2024-02-08T01:30:00+01:00,,
2024-02-08T02:00:00+01:00,94048.0,41610.0
2024-02-08T02:30:00+01:00,,
2024-02-08T03:00:00+01:00,92747.0,42784.0
2024-02-08T03:30:00+01:00,,
2024-02-08T04:00:00+01:00,94227.0,45236.0
2024-02-08T04:30:00+01:00,,
2024-02-08T05:00:00+01:00,102303.0,51811.0
2024-02-08T05:30:00+01:00,,
2024-02-08T06:00:00+01:00,122123.0,66801.0
2024-02-08T06:30:00+01:00,,
2024-02-08T07:00:00+01:00,128859.0,67853.0
2024-02-08T07:30:00+01:00,,
2024-02-08T08:00:00+01:00,126854.0,64497.0
2024-02-08T08:30:00+01:00,,
2024-02-08T09:00:00+01:00,123940.0,61222.0
2024-02-08T09:30:00+01:00,,
2024-02-08T10:00:00+01:00,121674.0,58990.0
2024-02-08T10:30:00+01:00,,
2024-02-08T11:00:00+01:00,120515.0,57341.0
2024-02-08T11:30:00+01:00,,
2024-02-08T12:00:00+01:00,116460.0,54324.0
2024-02-08T12:30:00+01:00,,
2024-02-08T13:00:00+01:00,112097.0,51870.0
2024-02-08T13:30:00+01:00,,
2024-02-08T14:00:00+01:00,109911.0,50348.0
2024-02-08T14:30:00+01:00,,
2024-02-08T15:00:00+01:00,108898.0,50165.0
2024-02-08T15:30:00+01:00,,
2024-02-08T16:00:00+01:00,109858.0,52114.0
2024-02-08T16:30:00+01:00,,
2024-02-08T17:00:00+01:00,112791.0,54282.0
2024-02-08T17:30:00+01:00,,
2024-02-08T18:00:00+01:00,118568.0,56084.0
2024-02-08T18:30:00+01:00,,
2024-02-08T19:00:00+01:00,119365.0,54963.0
2024-02-08T19:30:00+01:00,,
2024-02-08T20:00:00+01:00,113108.0,52785.0
2024-02-08T20:30:00+01:00,,
2024-02-08T21:00:00+01:00,106739.0,49927.0
2024-02-08T21:30:00+01:00,,
2024-02-08T22:00:00+01:00,101842.0,45780.0
2024-02-08T22:30:00+01:00,,
2024-02-08T23:00:00+01:00,98956.0,42711.0
2024-02-08T23:30:00+01:00,,
2024-02-09T00:00:00+01:00,95324.0,40924.0
2024-02-09T00:30:00+01:00,,
2024-02-09T01:00:00+01:00,92539.0,40735.0
2024-02-09T01:30:00+01:00,,
2024-02-09T02:00:00+01:00,92449.0,41095.0
2024-02-09T02:30:00+01:00,,
2024-02-09T03:00:00+01:00,90460.0,41734.0
2024-02-09T03:30:00+01:00,,
2024-02-09T04:00:00+01:00,91461.0,44006.0
2024-02-09T04:30:00+01:00,,
2024-02-09T05:00:00+01:00,97580.0,48149.0
2024-02-09T05:30:00+01:00,,
2024-02-09T06:00:00+01:00,117790.0,63775.0
2024-02-09T06:30:00+01:00,,
2024-02-09T07:00:00+01:00,123465.0,64176.0
2024-02-09T07:30:00+01:00,,
2024-02-09T08:00:00+01:00,121590.0,60870.0
2024-02-09T08:30:00+01:00,,
2024-02-09T09:00:00+01:00,119348.0,57982.0
2024-02-09T09:30:00+01:00,,
2024-02-09T10:00:00+01:00,117444.0,56052.0
2024-02-09T10:30:00+01:00,,
2024-02-09T11:00:00+01:00,116190.0,54643.0
2024-02-09T11:30:00+01:00,,
2024-02-09T12:00:00+01:00,113959.0,52568.0
2024-02-09T12:30:00+01:00,,
2024-02-09T13:00:00+01:00,109751.0,50390.0
2024-02-09T13:30:00+01:00,,
2024-02-09T14:00:00+01:00,107111.0,48474.0
2024-02-09T14:30:00+01:00,,
2024-02-09T15:00:00+01:00,105688.0,48158.0
2024-02-09T15:30:00+01:00,,
2024-02-09T16:00:00+01:00,105316.0,49592.0
2024-02-09T16:30:00+01:00,,
2024-02-09T17:00:00+01:00,107854.0,51905.0
2024-02-09T17:30:00+01:00,,
2024-02-09T18:00:00+01:00,113529.0,54005.0
2024-02-09T18:30:00+01:00,,
2024-02-09T19:00:00+01:00,114058.0,52881.0
2024-02-09T19:30:00+01:00,,
2024-02-09T20:00:00+01:00,109243.0,51049.0
2024-02-09T20:30:00+01:00,,
2024-02-09T21:00:00+01:00,104133.0,48934.0
2024-02-09T21:30:00+01:00,,
2024-02-09T22:00:00+01:00,99692.0,45206.0
2024-02-09T22:30:00+01:00,,
2024-02-09T23:00:00+01:00,96600.0,41895.0
2024-02-09T23:30:00+01:00,,
2024-02-10T00:00:00+01:00,96622.0,43451.0
2024-02-10T00:30:00+01:00,,
2024-02-10T01:00:00+01:00,93419.0,43254.0
2024-02-10T01:30:00+01:00,,
2024-02-10T02:00:00+01:00,92873.0,43472.0
2024-02-10T02:30:00+01:00,,
2024-02-10T03:00:00+01:00,90640.0,43927.0
2024-02-10T03:30:00+01:00,,
2024-02-10T04:00:00+01:00,90427.0,45425.0
2024-02-10T04:30:00+01:00,,
2024-02-10T05:00:00+01:00,94937.0,49570.0
2024-02-10T05:30:00+01:00,,
2024-02-10T06:00:00+01:00,104247.0,56861.0
2024-02-10T06:30:00+01:00,,
2024-02-10T07:00:00+01:00,108254.0,59038.0
2024-02-10T07:30:00+01:00,,
2024-02-10T08:00:00+01:00,110256.0,59290.0
2024-02-10T08:30:00+01:00,,
2024-02-10T09:00:00+01:00,112489.0,58537.0
2024-02-10T09:30:00+01:00,,
2024-02-10T10:00:00+01:00,113393.0,57510.0
2024-02-10T10:30:00+01:00,,
2024-02-10T11:00:00+01:00,112566.0,55967.0
2024-02-10T11:30:00+01:00,,
2024-02-10T12:00:00+01:00,111717.0,53963.0
2024-02-10T12:30:00+01:00,,
2024-02-10T13:00:00+01:00,107259.0,51449.0
2024-02-10T13:30:00+01:00,,
2024-02-10T14:00:00+01:00,104289.0,49359.0
2024-02-10T14:30:00+01:00,,
2024-02-10T15:00:00+01:00,102300.0,48409.0
2024-02-10T15:30:00+01:00,,
2024-02-10T16:00:00+01:00,102718.0,49918.0
2024-02-10T16:30:00+01:00,,
2024-02-10T17:00:00+01:00,106068.0,52806.0
2024-02-10T17:30:00+01:00,,
2024-02-10T18:00:00+01:00,113117.0,56013.0
2024-02-10T18:30:00+01:00,,
2024-02-10T19:00:00+01:00,116703.0,57671.0
2024-02-10T19:30:00+01:00,,
2024-02-10T20:00:00+01:00,112841.0,56208.0
2024-02-10T20:30:00+01:00,,
2024-02-10T21:00:00+01:00,106681.0,52277.0
2024-02-10T21:30:00+01:00,,
2024-02-10T22:00:00+01:00,102208.0,47990.0
2024-02-10T22:30:00+01:00,,
2024-02-10T23:00:00+01:00,99947.0,44856.0
2024-02-10T23:30:00+01:00,,
2024-02-11T00:00:00+01:00,101743.0,47706.0
2024-02-11T00:30:00+01:00,,
2024-02-11T01:00:00+01:00,100061.0,48589.0
2024-02-11T01:30:00+01:00,,
2024-02-11T02:00:00+01:00,100778.0,49880.0
2024-02-11T02:30:00+01:00,,
2024-02-11T03:00:00+01:00,101914.0,53479.0
2024-02-11T03:30:00+01:00,,
2024-02-11T04:00:00+01:00,104288.0,57633.0
2024-02-11T04:30:00+01:00,,
2024-02-11T05:00:00+01:00,112843.0,66261.0
2024-02-11T05:30:00+01:00,,
2024-02-11T06:00:00+01:00,106474.0,58982.0
2024-02-11T06:30:00+01:00,,
2024-02-11T07:00:00+01:00,108833.0,60120.0
2024-02-11T07:30:00+01:00,,
2024-02-11T08:00:00+01:00,110679.0,60608.0
2024-02-11T08:30:00+01:00,,
2024-02-11T09:00:00+01:00,112554.0,59513.0
2024-02-11T09:30:00+01:00,,
2024-02-11T10:00:00+01:00,112667.0,57835.0
2024-02-11T10:30:00+01:00,,
2024-02-11T11:00:00+01:00,111508.0,55261.0
2024-02-11T11:30:00+01:00,,
2024-02-11T12:00:00+01:00,109802.0,52812.0
2024-02-11T12:30:00+01:00,,
2024-02-11T13:00:00+01:00,104950.0,50701.0
2024-02-11T13:30:00+01:00,,
2024-02-11T14:00:00+01:00,101498.0,48828.0
2024-02-11T14:30:00+01:00,,
2024-02-11T15:00:00+01:00,99700.0,48155.0
2024-02-11T15:30:00+01:00,,
2024-02-11T16:00:00+01:00,99710.0,49606.0
2024-02-11T16:30:00+01:00,,
2024-02-11T17:00:00+01:00,103545.0,52736.0
2024-02-11T17:30:00+01:00,,
2024-02-11T18:00:00+01:00,113516.0,57331.0
2024-02-11T18:30:00+01:00,,
2024-02-11T19:00:00+01:00,118493.0,58603.0
2024-02-11T19:30:00+01:00,,
2024-02-11T20:00:00+01:00,114093.0,56478.0
2024-02-11T20:30:00+01:00,,
2024-02-11T21:00:00+01:00,109367.0,53838.0
2024-02-11T21:30:00+01:00,,
2024-02-11T22:00:00+01:00,105152.0,50168.0
2024-02-11T22:30:00+01:00,,
2024-02-11T23:00:00+01:00,102916.0,47381.0
2024-02-11T23:30:00+01:00,,
2024-02-12T00:00:00+01:00,108291.0,53745.0
2024-02-12T00:30:00+01:00,,
2024-02-12T01:00:00+01:00,105991.0,53491.0
2024-02-12T01:30:00+01:00,,
2024-02-12T02:00:00+01:00,106677.0,54457.0
2024-02-12T02:30:00+01:00,,
2024-02-12T03:00:00+01:00,106158.0,56033.0
2024-02-12T03:30:00+01:00,,
2024-02-12T04:00:00+01:00,108932.0,59552.0
2024-02-12T04:30:00+01:00,,
2024-02-12T05:00:00+01:00,119584.0,67610.0
2024-02-12T05:30:00+01:00,,
2024-02-12T06:00:00+01:00,140151.0,82895.0
2024-02-12T06:30:00+01:00,,
2024-02-12T07:00:00+01:00,149777.0,86802.0
2024-02-12T07:30:00+01:00,,
2024-02-12T08:00:00+01:00,151152.0,86165.0
2024-02-12T08:30:00+01:00,,
2024-02-12T09:00:00+01:00,147918.0,82003.0
2024-02-12T09:30:00+01:00,,
2024-02-12T10:00:00+01:00,143043.0,77640.0
2024-02-12T10:30:00+01:00,,
2024-02-12T11:00:00+01:00,138526.0,73747.0
2024-02-12T11:30:00+01:00,,
2024-02-12T12:00:00+01:00,132560.0,68735.0
2024-02-12T12:30:00+01:00,,
2024-02-12T13:00:00+01:00,127469.0,65836.0
2024-02-12T13:30:00+01:00,,
2024-02-12T14:00:00+01:00,126579.0,65437.0
2024-02-12T14:30:00+01:00,,
2024-02-12T15:00:00+01:00,124407.0,64720.0
2024-02-12T15:30:00+01:00,,
2024-02-12T16:00:00+01:00,125557.0,67250.0
2024-02-12T16:30:00+01:00,,
2024-02-12T17:00:00+01:00,129005.0,70382.0
2024-02-12T17:30:00+01:00,,
2024-02-12T18:00:00+01:00,138725.0,75022.0
2024-02-12T18:30:00+01:00,,
2024-02-12T19:00:00+01:00,142892.0,75878.0
2024-02-12T19:30:00+01:00,,
2024-02-12T20:00:00+01:00,137325.0,73543.0
2024-02-12T20:30:00+01:00,,
2024-02-12T21:00:00+01:00,128745.0,68308.0
2024-02-12T21:30:00+01:00,,
2024-02-12T22:00:00+01:00,119731.0,60022.0
2024-02-12T22:30:00+01:00,,
2024-02-12T23:00:00+01:00,115016.0,55009.0
2024-02-12T23:30:00+01:00,,
2024-02-13T00:00:00+01:00,107741.0,49289.0
2024-02-13T00:30:00+01:00,,
2024-02-13T01:00:00+01:00,103666.0,47419.0
2024-02-13T01:30:00+01:00,,
2024-02-13T02:00:00+01:00,103886.0,47443.0
2024-02-13T02:30:00+01:00,,
2024-02-13T03:00:00+01:00,102412.0,48195.0
2024-02-13T03:30:00+01:00,,
2024-02-13T04:00:00+01:00,104627.0,51119.0
2024-02-13T04:30:00+01:00,,
2024-02-13T05:00:00+01:00,113950.0,58116.0
2024-02-13T05:30:00+01:00,,
2024-02-13T06:00:00+01:00,145821.0,84605.0
2024-02-13T06:30:00+01:00,,
2024-02-13T07:00:00+01:00,155908.0,88753.0
2024-02-13T07:30:00+01:00,,
2024-02-13T08:00:00+01:00,154840.0,86441.0
2024-02-13T08:30:00+01:00,,
2024-02-13T09:00:00+01:00,149308.0,80732.0
2024-02-13T09:30:00+01:00,,
2024-02-13T10:00:00+01:00,142039.0,74821.0
2024-02-13T10:30:00+01:00,,
2024-02-13T11:00:00+01:00,135471.0,69048.0
2024-02-13T11:30:00+01:00,,
2024-02-13T12:00:00+01:00,128096.0,63507.0
2024-02-13T12:30:00+01:00,,
2024-02-13T13:00:00+01:00,121491.0,59398.0
2024-02-13T13:30:00+01:00,,
2024-02-13T14:00:00+01:00,119126.0,57949.0
2024-02-13T14:30:00+01:00,,
2024-02-13T15:00:00+01:00,118630.0,58769.0
2024-02-13T15:30:00+01:00,,
2024-02-13T16:00:00+01:00,120516.0,62072.0
2024-02-13T16:30:00+01:00,,
2024-02-13T17:00:00+01:00,123970.0,65342.0
2024-02-13T17:30:00+01:00,,
2024-02-13T18:00:00+01:00,131589.0,68323.0
2024-02-13T18:30:00+01:00,,
2024-02-13T19:00:00+01:00,134721.0,68157.0
2024-02-13T19:30:00+01:00,,
2024-02-13T20:00:00+01:00,129421.0,66184.0
2024-02-13T20:30:00+01:00,,
2024-02-13T21:00:00+01:00,122496.0,62554.0
2024-02-13T21:30:00+01:00,,
2024-02-13T22:00:00+01:00,115791.0,57166.0
2024-02-13T22:30:00+01:00,,
2024-02-13T23:00:00+01:00,110525.0,51967.0
2024-02-13T23:30:00+01:00,,
2024-02-14T00:00:00+01:00,100544.0,43894.0
2024-02-14T00:30:00+01:00,,
2024-02-14T01:00:00+01:00,96407.0,42580.0
2024-02-14T01:30:00+01:00,,
2024-02-14T02:00:00+01:00,96138.0,42799.0
2024-02-14T02:30:00+01:00,,
2024-02-14T03:00:00+01:00,95005.0,43963.0
2024-02-14T03:30:00+01:00,,
2024-02-14T04:00:00+01:00,96832.0,46964.0
2024-02-14T04:30:00+01:00,,
2024-02-14T05:00:00+01:00,105651.0,54020.0
2024-02-14T05:30:00+01:00,,
2024-02-14T06:00:00+01:00,129633.0,73237.0
2024-02-14T06:30:00+01:00,,
2024-02-14T07:00:00+01:00,137261.0,75637.0
2024-02-14T07:30:00+01:00,,
2024-02-14T08:00:00+01:00,136315.0,72884.0
2024-02-14T08:30:00+01:00,,
2024-02-14T09:00:00+01:00,132256.0,68481.0
2024-02-14T09:30:00+01:00,,
2024-02-14T10:00:00+01:00,126887.0,63979.0
2024-02-14T10:30:00+01:00,,
2024-02-14T11:00:00+01:00,122594.0,60224.0
2024-02-14T11:30:00+01:00,,
2024-02-14T12:00:00+01:00,117117.0,55597.0
2024-02-14T12:30:00+01:00,,
2024-02-14T13:00:00+01:00,111134.0,51983.0
2024-02-14T13:30:00+01:00,,
2024-02-14T14:00:00+01:00,106344.0,48292.0
2024-02-14T14:30:00+01:00,,
2024-02-14T15:00:00+01:00,103484.0,46891.0
2024-02-14T15:30:00+01:00,,
2024-02-14T16:00:00+01:00,102791.0,48015.0
2024-02-14T16:30:00+01:00,,
2024-02-14T17:00:00+01:00,107836.0,53082.0
2024-02-14T17:30:00+01:00,,
2024-02-14T18:00:00+01:00,117908.0,58492.0
2024-02-14T18:30:00+01:00,,
2024-02-14T19:00:00+01:00,120690.0,58606.0
2024-02-14T19:30:00+01:00,,
2024-02-14T20:00:00+01:00,115697.0,56745.0
2024-02-14T20:30:00+01:00,,
2024-02-14T21:00:00+01:00,109855.0,54171.0
2024-02-14T21:30:00+01:00,,
2024-02-14T22:00:00+01:00,104084.0,49343.0
2024-02-14T22:30:00+01:00,,
2024-02-14T23:00:00+01:00,100446.0,45360.0
2024-02-14T23:30:00+01:00,,
2024-02-15T00:00:00+01:00,91736.0,38263.0
2024-02-15T00:30:00+01:00,,
2024-02-15T01:00:00+01:00,89199.0,38332.0
2024-02-15T01:30:00+01:00,,
2024-02-15T02:00:00+01:00,88924.0,38270.0
2024-02-15T02:30:00+01:00,,
2024-02-15T03:00:00+01:00,87016.0,38850.0
2024-02-15T03:30:00+01:00,,
2024-02-15T04:00:00+01:00,88299.0,41178.0
2024-02-15T04:30:00+01:00,,
2024-02-15T05:00:00+01:00,96196.0,47460.0
2024-02-15T05:30:00+01:00,,
2024-02-15T06:00:00+01:00,119442.0,65796.0
2024-02-15T06:30:00+01:00,,
2024-02-15T07:00:00+01:00,126154.0,67293.0
2024-02-15T07:30:00+01:00,,
2024-02-15T08:00:00+01:00,124676.0,64319.0
2024-02-15T08:30:00+01:00,,
2024-02-15T09:00:00+01:00,120449.0,59653.0
2024-02-15T09:30:00+01:00,,
2024-02-15T10:00:00+01:00,114741.0,54874.0
2024-02-15T10:30:00+01:00,,
2024-02-15T11:00:00+01:00,111362.0,51728.0
2024-02-15T11:30:00+01:00,,
2024-02-15T12:00:00+01:00,106509.0,47860.0
2024-02-15T12:30:00+01:00,,
2024-02-15T13:00:00+01:00,102091.0,45265.0
2024-02-15T13:30:00+01:00,,
2024-02-15T14:00:00+01:00,98827.0,42962.0
2024-02-15T14:30:00+01:00,,
2024-02-15T15:00:00+01:00,97275.0,42321.0
2024-02-15T15:30:00+01:00,,
2024-02-15T16:00:00+01:00,96385.0,43211.0
2024-02-15T16:30:00+01:00,,
2024-02-15T17:00:00+01:00,99589.0,46259.0
2024-02-15T17:30:00+01:00,,
2024-02-15T18:00:00+01:00,107101.0,49465.0
2024-02-15T18:30:00+01:00,,
2024-02-15T19:00:00+01:00,109729.0,49216.0
2024-02-15T19:30:00+01:00,,
2024-02-15T20:00:00+01:00,104307.0,47390.0
2024-02-15T20:30:00+01:00,,
2024-02-15T21:00:00+01:00,99053.0,45287.0
2024-02-15T21:30:00+01:00,,
2024-02-15T22:00:00+01:00,94768.0,41951.0
2024-02-15T22:30:00+01:00,,
2024-02-15T23:00:00+01:00,92196.0,39084.0
2024-02-15T23:30:00+01:00,,
2024-02-16T00:00:00+01:00,92037.0,40647.0
2024-02-16T00:30:00+01:00,,
2024-02-16T01:00:00+01:00,88722.0,39888.0
2024-02-16T01:30:00+01:00,,
2024-02-16T02:00:00+01:00,88374.0,39864.0
2024-02-16T02:30:00+01:00,,
2024-02-16T03:00:00+01:00,86737.0,40545.0
2024-02-16T03:30:00+01:00,,
2024-02-16T04:00:00+01:00,87096.0,42174.0
2024-02-16T04:30:00+01:00,,
2024-02-16T05:00:00+01:00,92960.0,46120.0
2024-02-16T05:30:00+01:00,,
2024-02-16T06:00:00+01:00,109649.0,58638.0
2024-02-16T06:30:00+01:00,,
2024-02-16T07:00:00+01:00,115270.0,59341.0
2024-02-16T07:30:00+01:00,,
2024-02-16T08:00:00+01:00,114156.0,56707.0
2024-02-16T08:30:00+01:00,,
2024-02-16T09:00:00+01:00,112996.0,54359.0
2024-02-16T09:30:00+01:00,,
2024-02-16T10:00:00+01:00,111223.0,52543.0
2024-02-16T10:30:00+01:00,,
2024-02-16T11:00:00+01:00,110431.0,51662.0
2024-02-16T11:30:00+01:00,,
2024-02-16T12:00:00+01:00,108368.0,49852.0
2024-02-16T12:30:00+01:00,,
2024-02-16T13:00:00+01:00,104211.0,47637.0
2024-02-16T13:30:00+01:00,,
2024-02-16T14:00:00+01:00,101082.0,45362.0
2024-02-16T14:30:00+01:00,,
2024-02-16T15:00:00+01:00,99959.0,45085.0
2024-02-16T15:30:00+01:00,,
2024-02-16T16:00:00+01:00,100090.0,47009.0
2024-02-16T16:30:00+01:00,,
2024-02-16T17:00:00+01:00,102695.0,49772.0
2024-02-16T17:30:00+01:00,,
2024-02-16T18:00:00+01:00,109136.0,52428.0
2024-02-16T18:30:00+01:00,,
2024-02-16T19:00:00+01:00,112053.0,52900.0
2024-02-16T19:30:00+01:00,,
2024-02-16T20:00:00+01:00,107933.0,51503.0
2024-02-16T20:30:00+01:00,,
2024-02-16T21:00:00+01:00,102567.0,49032.0
2024-02-16T21:30:00+01:00,,
2024-02-16T22:00:00+01:00,99345.0,45986.0
2024-02-16T22:30:00+01:00,,
2024-02-16T23:00:00+01:00,97403.0,43470.0
2024-02-16T23:30:00+01:00,,
2024-02-17T00:00:00+01:00,92199.0,39955.0
2024-02-17T00:30:00+01:00,,
2024-02-17T01:00:00+01:00,89394.0,39932.0
2024-02-17T01:30:00+01:00,,
2024-02-17T02:00:00+01:00,88857.0,40072.0
2024-02-17T02:30:00+01:00,,
2024-02-17T03:00:00+01:00,87065.0,40738.0
2024-02-17T03:30:00+01:00,,
2024-02-17T04:00:00+01:00,87218.0,42336.0
2024-02-17T04:30:00+01:00,,
2024-02-17T05:00:00+01:00,91639.0,46419.0
2024-02-17T05:30:00+01:00,,
2024-02-17T06:00:00+01:00,101703.0,54914.0
2024-02-17T06:30:00+01:00,,
2024-02-17T07:00:00+01:00,104900.0,56019.0
2024-02-17T07:30:00+01:00,,
2024-02-17T08:00:00+01:00,106846.0,56255.0
2024-02-17T08:30:00+01:00,,
2024-02-17T09:00:00+01:00,107206.0,54066.0
2024-02-17T09:30:00+01:00,,
2024-02-17T10:00:00+01:00,104578.0,50582.0
2024-02-17T10:30:00+01:00,,
2024-02-17T11:00:00+01:00,102057.0,47968.0
2024-02-17T11:30:00+01:00,,
2024-02-17T12:00:00+01:00,99221.0,45179.0
2024-02-17T12:30:00+01:00,,
2024-02-17T13:00:00+01:00,94306.0,42621.0
2024-02-17T13:30:00+01:00,,
2024-02-17T14:00:00+01:00,91413.0,40962.0
2024-02-17T14:30:00+01:00,,
2024-02-17T15:00:00+01:00,89668.0,40370.0
2024-02-17T15:30:00+01:00,,
2024-02-17T16:00:00+01:00,88455.0,40983.0
2024-02-17T16:30:00+01:00,,
2024-02-17T17:00:00+01:00,91159.0,43589.0
2024-02-17T17:30:00+01:00,,
2024-02-17T18:00:00+01:00,99708.0,48185.0
2024-02-17T18:30:00+01:00,,
2024-02-17T19:00:00+01:00,104459.0,49640.0
2024-02-17T19:30:00+01:00,,
2024-02-17T20:00:00+01:00,101409.0,48678.0
2024-02-17T20:30:00+01:00,,
2024-02-17T21:00:00+01:00,97837.0,47106.0
2024-02-17T21:30:00+01:00,,
2024-02-17T22:00:00+01:00,95299.0,44512.0
2024-02-17T22:30:00+01:00,,
2024-02-17T23:00:00+01:00,93846.0,41751.0
2024-02-17T23:30:00+01:00,,
2024-02-18T00:00:00+01:00,90979.0,39888.0
2024-02-18T00:30:00+01:00,,
2024-02-18T01:00:00+01:00,88650.0,39931.0
2024-02-18T01:30:00+01:00,,
2024-02-18T02:00:00+01:00,88827.0,40551.0
2024-02-18T02:30:00+01:00,,
2024-02-18T03:00:00+01:00,87768.0,41862.0
2024-02-18T03:30:00+01:00,,
2024-02-18T04:00:00+01:00,89688.0,45220.0
2024-02-18T04:30:00+01:00,,
2024-02-18T05:00:00+01:00,97404.0,52804.0
2024-02-18T05:30:00+01:00,,
2024-02-18T06:00:00+01:00,100730.0,55154.0
2024-02-18T06:30:00+01:00,,
2024-02-18T07:00:00+01:00,102860.0,56009.0
2024-02-18T07:30:00+01:00,,
2024-02-18T08:00:00+01:00,104368.0,56245.0
2024-02-18T08:30:00+01:00,,
2024-02-18T09:00:00+01:00,105832.0,55130.0
2024-02-18T09:30:00+01:00,,
2024-02-18T10:00:00+01:00,106392.0,53710.0
2024-02-18T10:30:00+01:00,,
2024-02-18T11:00:00+01:00,106007.0,51956.0
2024-02-18T11:30:00+01:00,,
2024-02-18T12:00:00+01:00,104093.0,49458.0
2024-02-18T12:30:00+01:00,,
2024-02-18T13:00:00+01:00,98794.0,47021.0
2024-02-18T13:30:00+01:00,,
2024-02-18T14:00:00+01:00,95087.0,44982.0
2024-02-18T14:30:00+01:00,,
2024-02-18T15:00:00+01:00,93930.0,44579.0
2024-02-18T15:30:00+01:00,,
2024-02-18T16:00:00+01:00,93527.0,45560.0
2024-02-18T16:30:00+01:00,,
2024-02-18T17:00:00+01:00,96004.0,47583.0
2024-02-18T17:30:00+01:00,,
2024-02-18T18:00:00+01:00,102773.0,50166.0
2024-02-18T18:30:00+01:00,,
2024-02-18T19:00:00+01:00,106464.0,50151.0
2024-02-18T19:30:00+01:00,,
2024-02-18T20:00:00+01:00,102298.0,48314.0
2024-02-18T20:30:00+01:00,,
2024-02-18T21:00:00+01:00,97889.0,46419.0
2024-02-18T21:30:00+01:00,,
2024-02-18T22:00:00+01:00,94064.0,42916.0
2024-02-18T22:30:00+01:00,,
2024-02-18T23:00:00+01:00,91531.0,40019.0
2024-02-18T23:30:00+01:00,,
2024-02-19T00:00:00+01:00,94740.0,44710.0
2024-02-19T00:30:00+01:00,,
2024-02-19T01:00:00+01:00,92014.0,44208.0
2024-02-19T01:30:00+01:00,,
2024-02-19T02:00:00+01:00,92563.0,45034.0
2024-02-19T02:30:00+01:00,,
2024-02-19T03:00:00+01:00,91385.0,46207.0
2024-02-19T03:30:00+01:00,,
2024-02-19T04:00:00+01:00,94687.0,50269.0
2024-02-19T04:30:00+01:00,,
2024-02-19T05:00:00+01:00,105023.0,58176.0
2024-02-19T05:30:00+01:00,,
2024-02-19T06:00:00+01:00,117877.0,66116.0
2024-02-19T06:30:00+01:00,,
2024-02-19T07:00:00+01:00,124230.0,67587.0
2024-02-19T07:30:00+01:00,,
2024-02-19T08:00:00+01:00,124362.0,65421.0
2024-02-19T08:30:00+01:00,,
2024-02-19T09:00:00+01:00,122756.0,62233.0
2024-02-19T09:30:00+01:00,,
2024-02-19T10:00:00+01:00,120651.0,60143.0
2024-02-19T10:30:00+01:00,,
2024-02-19T11:00:00+01:00,118356.0,57498.0
2024-02-19T11:30:00+01:00,,
2024-02-19T12:00:00+01:00,115761.0,54969.0
2024-02-19T12:30:00+01:00,,
2024-02-19T13:00:00+01:00,112675.0,53737.0
2024-02-19T13:30:00+01:00,,
2024-02-19T14:00:00+01:00,110792.0,52153.0
2024-02-19T14:30:00+01:00,,
2024-02-19T15:00:00+01:00,109107.0,51428.0
2024-02-19T15:30:00+01:00,,
2024-02-19T16:00:00+01:00,109264.0,53240.0
2024-02-19T16:30:00+01:00,,
2024-02-19T17:00:00+01:00,111306.0,55617.0
2024-02-19T17:30:00+01:00,,
2024-02-19T18:00:00+01:00,118468.0,59055.0
2024-02-19T18:30:00+01:00,,
2024-02-19T19:00:00+01:00,122527.0,59565.0
2024-02-19T19:30:00+01:00,,
2024-02-19T20:00:00+01:00,116593.0,57226.0
2024-02-19T20:30:00+01:00,,
2024-02-19T21:00:00+01:00,110088.0,53856.0
2024-02-19T21:30:00+01:00,,
2024-02-19T22:00:00+01:00,104516.0,49471.0
2024-02-19T22:30:00+01:00,,
2024-02-19T23:00:00+01:00,101483.0,46293.0
2024-02-19T23:30:00+01:00,,
2024-02-20T00:00:00+01:00,100908.0,47240.0
2024-02-20T00:30:00+01:00,,
2024-02-20T01:00:00+01:00,98603.0,47332.0
2024-02-20T01:30:00+01:00,,
2024-02-20T02:00:00+01:00,98659.0,47728.0
2024-02-20T02:30:00+01:00,,
2024-02-20T03:00:00+01:00,98147.0,49164.0
2024-02-20T03:30:00+01:00,,
2024-02-20T04:00:00+01:00,99988.0,51958.0
2024-02-20T04:30:00+01:00,,
2024-02-20T05:00:00+01:00,109292.0,59184.0
2024-02-20T05:30:00+01:00,,
2024-02-20T06:00:00+01:00,128923.0,73697.0
2024-02-20T06:30:00+01:00,,
2024-02-20T07:00:00+01:00,136882.0,76614.0
2024-02-20T07:30:00+01:00,,
2024-02-20T08:00:00+01:00,135869.0,74051.0
2024-02-20T08:30:00+01:00,,
2024-02-20T09:00:00+01:00,131836.0,69476.0
2024-02-20T09:30:00+01:00,,
2024-02-20T10:00:00+01:00,127495.0,65410.0
2024-02-20T10:30:00+01:00,,
2024-02-20T11:00:00+01:00,124352.0,62214.0
2024-02-20T11:30:00+01:00,,
2024-02-20T12:00:00+01:00,119419.0,57878.0
2024-02-20T12:30:00+01:00,,
2024-02-20T13:00:00+01:00,114231.0,54842.0
2024-02-20T13:30:00+01:00,,
2024-02-20T14:00:00+01:00,110204.0,51688.0
2024-02-20T14:30:00+01:00,,
2024-02-20T15:00:00+01:00,108247.0,51024.0
2024-02-20T15:30:00+01:00,,
2024-02-20T16:00:00+01:00,108540.0,52991.0
2024-02-20T16:30:00+01:00,,
2024-02-20T17:00:00+01:00,113694.0,57841.0
2024-02-20T17:30:00+01:00,,
2024-02-20T18:00:00+01:00,122536.0,62725.0
2024-02-20T18:30:00+01:00,,
2024-02-20T19:00:00+01:00,126655.0,63140.0
2024-02-20T19:30:00+01:00,,
2024-02-20T20:00:00+01:00,120676.0,60117.0
2024-02-20T20:30:00+01:00,,
2024-02-20T21:00:00+01:00,114678.0,57566.0
2024-02-20T21:30:00+01:00,,
2024-02-20T22:00:00+01:00,109229.0,53156.0
2024-02-20T22:30:00+01:00,,
2024-02-20T23:00:00+01:00,105442.0,48953.0
2024-02-20T23:30:00+01:00,,
2024-02-21T00:00:00+01:00,98707.0,43815.0
2024-02-21T00:30:00+01:00,,
2024-02-21T01:00:00+01:00,95934.0,43502.0
2024-02-21T01:30:00+01:00,,
2024-02-21T02:00:00+01:00,95693.0,43468.0
2024-02-21T02:30:00+01:00,,
2024-02-21T03:00:00+01:00,94322.0,44268.0
2024-02-21T03:30:00+01:00,,
2024-02-21T04:00:00+01:00,96059.0,46743.0
2024-02-21T04:30:00+01:00,,
2024-02-21T05:00:00+01:00,104966.0,53567.0
2024-02-21T05:30:00+01:00,,
2024-02-21T06:00:00+01:00,129897.0,73555.0
2024-02-21T06:30:00+01:00,,
2024-02-21T07:00:00+01:00,137002.0,76220.0
2024-02-21T07:30:00+01:00,,
2024-02-21T08:00:00+01:00,136652.0,73780.0
2024-02-21T08:30:00+01:00,,
2024-02-21T09:00:00+01:00,133598.0,69503.0
2024-02-21T09:30:00+01:00,,
2024-02-21T10:00:00+01:00,129358.0,65795.0
2024-02-21T10:30:00+01:00,,
2024-02-21T11:00:00+01:00,125633.0,62087.0
2024-02-21T11:30:00+01:00,,
2024-02-21T12:00:00+01:00,121691.0,58828.0
2024-02-21T12:30:00+01:00,,
2024-02-21T13:00:00+01:00,117650.0,56711.0
2024-02-21T13:30:00+01:00,,
2024-02-21T14:00:00+01:00,115755.0,55105.0
2024-02-21T14:30:00+01:00,,
2024-02-21T15:00:00+01:00,115007.0,54883.0
2024-02-21T15:30:00+01:00,,
2024-02-21T16:00:00+01:00,114591.0,55928.0
2024-02-21T16:30:00+01:00,,
2024-02-21T17:00:00+01:00,116067.0,57457.0
2024-02-21T17:30:00+01:00,,
2024-02-21T18:00:00+01:00,121323.0,59291.0
2024-02-21T18:30:00+01:00,,
2024-02-21T19:00:00+01:00,123102.0,58371.0
2024-02-21T19:30:00+01:00,,
2024-02-21T20:00:00+01:00,117134.0,55879.0
2024-02-21T20:30:00+01:00,,
2024-02-21T21:00:00+01:00,110726.0,53076.0
2024-02-21T21:30:00+01:00,,
2024-02-21T22:00:00+01:00,105064.0,48514.0
2024-02-21T22:30:00+01:00,,
2024-02-21T23:00:00+01:00,100974.0,44527.0
2024-02-21T23:30:00+01:00,,
2024-02-22T00:00:00+01:00,103824.0,49129.0
2024-02-22T00:30:00+01:00,,
2024-02-22T01:00:00+01:00,101753.0,49713.0
2024-02-22T01:30:00+01:00,,
2024-02-22T02:00:00+01:00,101711.0,50272.0
2024-02-22T02:30:00+01:00,,
2024-02-22T03:00:00+01:00,100777.0,51653.0
2024-02-22T03:30:00+01:00,,
2024-02-22T04:00:00+01:00,102670.0,55029.0
2024-02-22T04:30:00+01:00,,
2024-02-22T05:00:00+01:00,112397.0,63009.0
2024-02-22T05:30:00+01:00,,
2024-02-22T06:00:00+01:00,118352.0,64630.0
2024-02-22T06:30:00+01:00,,
2024-02-22T07:00:00+01:00,123453.0,65334.0
2024-02-22T07:30:00+01:00,,
2024-02-22T08:00:00+01:00,122599.0,62595.0
2024-02-22T08:30:00+01:00,,
2024-02-22T09:00:00+01:00,121385.0,60176.0
2024-02-22T09:30:00+01:00,,
2024-02-22T10:00:00+01:00,120456.0,58756.0
2024-02-22T10:30:00+01:00,,
2024-02-22T11:00:00+01:00,119539.0,57053.0
2024-02-22T11:30:00+01:00,,
2024-02-22T12:00:00+01:00,117621.0,55082.0
2024-02-22T12:30:00+01:00,,
2024-02-22T13:00:00+01:00,114185.0,53284.0
2024-02-22T13:30:00+01:00,,
2024-02-22T14:00:00+01:00,112706.0,51925.0
2024-02-22T14:30:00+01:00,,
2024-02-22T15:00:00+01:00,113009.0,52887.0
2024-02-22T15:30:00+01:00,,
2024-02-22T16:00:00+01:00,114067.0,55188.0
2024-02-22T16:30:00+01:00,,
2024-02-22T17:00:00+01:00,118365.0,59181.0
2024-02-22T17:30:00+01:00,,
2024-02-22T18:00:00+01:00,124062.0,61638.0
2024-02-22T18:30:00+01:00,,
2024-02-22T19:00:00+01:00,127014.0,61434.0
2024-02-22T19:30:00+01:00,,
2024-02-22T20:00:00+01:00,122085.0,59688.0
2024-02-22T20:30:00+01:00,,
2024-02-22T21:00:00+01:00,116834.0,57590.0
2024-02-22T21:30:00+01:00,,
2024-02-22T22:00:00+01:00,112389.0,53550.0
2024-02-22T22:30:00+01:00,,
2024-02-22T23:00:00+01:00,108675.0,50009.0
2024-02-22T23:30:00+01:00,,
2024-02-23T00:00:00+01:00,113305.0,55758.0
2024-02-23T00:30:00+01:00,,
2024-02-23T01:00:00+01:00,111021.0,55809.0
2024-02-23T01:30:00+01:00,,
2024-02-23T02:00:00+01:00,110930.0,55903.0
2024-02-23T02:30:00+01:00,,
2024-02-23T03:00:00+01:00,109654.0,56692.0
2024-02-23T03:30:00+01:00,,
2024-02-23T04:00:00+01:00,110974.0,59002.0
2024-02-23T04:30:00+01:00,,
2024-02-23T05:00:00+01:00,118259.0,64041.0
2024-02-23T05:30:00+01:00,,
2024-02-23T06:00:00+01:00,136637.0,77528.0
2024-02-23T06:30:00+01:00,,
2024-02-23T07:00:00+01:00,143386.0,79690.0
2024-02-23T07:30:00+01:00,,
2024-02-23T08:00:00+01:00,143553.0,77747.0
2024-02-23T08:30:00+01:00,,
2024-02-23T09:00:00+01:00,139486.0,73159.0
2024-02-23T09:30:00+01:00,,
2024-02-23T10:00:00+01:00,135399.0,69559.0
2024-02-23T10:30:00+01:00,,
2024-02-23T11:00:00+01:00,132715.0,67484.0
2024-02-23T11:30:00+01:00,,
2024-02-23T12:00:00+01:00,129323.0,64188.0
2024-02-23T12:30:00+01:00,,
2024-02-23T13:00:00+01:00,124227.0,61189.0
2024-02-23T13:30:00+01:00,,
2024-02-23T14:00:00+01:00,121627.0,59450.0
2024-02-23T14:30:00+01:00,,
2024-02-23T15:00:00+01:00,121425.0,60194.0
2024-02-23T15:30:00+01:00,,
2024-02-23T16:00:00+01:00,122403.0,62672.0
2024-02-23T16:30:00+01:00,,
2024-02-23T17:00:00+01:00,126392.0,66283.0
2024-02-23T17:30:00+01:00,,
2024-02-23T18:00:00+01:00,135196.0,71272.0
2024-02-23T18:30:00+01:00,,
2024-02-23T19:00:00+01:00,138254.0,71011.0
2024-02-23T19:30:00+01:00,,
2024-02-23T20:00:00+01:00,132985.0,68870.0
2024-02-23T20:30:00+01:00,,
2024-02-23T21:00:00+01:00,126298.0,65306.0
2024-02-23T21:30:00+01:00,,
2024-02-23T22:00:00+01:00,121689.0,60872.0
2024-02-23T22:30:00+01:00,,
2024-02-23T23:00:00+01:00,118448.0,57557.0
2024-02-23T23:30:00+01:00,,
2024-02-24T00:00:00+01:00,110795.0,51599.0
2024-02-24T00:30:00+01:00,,
2024-02-24T01:00:00+01:00,106893.0,50338.0
2024-02-24T01:30:00+01:00,,
2024-02-24T02:00:00+01:00,106831.0,50717.0
2024-02-24T02:30:00+01:00,,
2024-02-24T03:00:00+01:00,105051.0,51497.0
2024-02-24T03:30:00+01:00,,
2024-02-24T04:00:00+01:00,105464.0,53201.0
2024-02-24T04:30:00+01:00,,
2024-02-24T05:00:00+01:00,110286.0,57454.0
2024-02-24T05:30:00+01:00,,
2024-02-24T06:00:00+01:00,128626.0,74079.0
2024-02-24T06:30:00+01:00,,
2024-02-24T07:00:00+01:00,132369.0,75870.0
2024-02-24T07:30:00+01:00,,
2024-02-24T08:00:00+01:00,133926.0,75567.0
2024-02-24T08:30:00+01:00,,
2024-02-24T09:00:00+01:00,133039.0,72488.0
2024-02-24T09:30:00+01:00,,
2024-02-24T10:00:00+01:00,129301.0,68246.0
2024-02-24T10:30:00+01:00,,
2024-02-24T11:00:00+01:00,124176.0,63231.0
2024-02-24T11:30:00+01:00,,
2024-02-24T12:00:00+01:00,120467.0,59182.0
2024-02-24T12:30:00+01:00,,
2024-02-24T13:00:00+01:00,114582.0,56070.0
2024-02-24T13:30:00+01:00,,
2024-02-24T14:00:00+01:00,111546.0,54304.0
2024-02-24T14:30:00+01:00,,
2024-02-24T15:00:00+01:00,110276.0,54057.0
2024-02-24T15:30:00+01:00,,
2024-02-24T16:00:00+01:00,111255.0,56435.0
2024-02-24T16:30:00+01:00,,
2024-02-24T17:00:00+01:00,116948.0,61705.0
2024-02-24T17:30:00+01:00,,
2024-02-24T18:00:00+01:00,126059.0,67075.0
2024-02-24T18:30:00+01:00,,
2024-02-24T19:00:00+01:00,130245.0,67459.0
2024-02-24T19:30:00+01:00,,
2024-02-24T20:00:00+01:00,126397.0,65750.0
2024-02-24T20:30:00+01:00,,
2024-02-24T21:00:00+01:00,121797.0,63539.0
2024-02-24T21:30:00+01:00,,
2024-02-24T22:00:00+01:00,117319.0,59081.0
2024-02-24T22:30:00+01:00,,
2024-02-24T23:00:00+01:00,113979.0,54903.0
2024-02-24T23:30:00+01:00,,
2024-02-25T00:00:00+01:00,106993.0,49289.0
2024-02-25T00:30:00+01:00,,
2024-02-25T01:00:00+01:00,103417.0,48271.0
2024-02-25T01:30:00+01:00,,
2024-02-25T02:00:00+01:00,103330.0,48842.0
2024-02-25T02:30:00+01:00,,
2024-02-25T03:00:00+01:00,102920.0,50926.0
2024-02-25T03:30:00+01:00,,
2024-02-25T04:00:00+01:00,104731.0,54487.0
2024-02-25T04:30:00+01:00,,
2024-02-25T05:00:00+01:00,113382.0,63149.0
2024-02-25T05:30:00+01:00,,
2024-02-25T06:00:00+01:00,117029.0,65979.0
2024-02-25T06:30:00+01:00,,
2024-02-25T07:00:00+01:00,119256.0,67242.0
2024-02-25T07:30:00+01:00,,
2024-02-25T08:00:00+01:00,120487.0,67032.0
2024-02-25T08:30:00+01:00,,
2024-02-25T09:00:00+01:00,121333.0,65409.0
2024-02-25T09:30:00+01:00,,
2024-02-25T10:00:00+01:00,121473.0,63446.0
2024-02-25T10:30:00+01:00,,
2024-02-25T11:00:00+01:00,121380.0,61726.0
2024-02-25T11:30:00+01:00,,
2024-02-25T12:00:00+01:00,119144.0,58760.0
2024-02-25T12:30:00+01:00,,
2024-02-25T13:00:00+01:00,113622.0,56184.0
2024-02-25T13:30:00+01:00,,
2024-02-25T14:00:00+01:00,110672.0,54708.0
2024-02-25T14:30:00+01:00,,
2024-02-25T15:00:00+01:00,110137.0,54638.0
2024-02-25T15:30:00+01:00,,
2024-02-25T16:00:00+01:00,110605.0,56309.0
2024-02-25T16:30:00+01:00,,
2024-02-25T17:00:00+01:00,114135.0,59366.0
2024-02-25T17:30:00+01:00,,
2024-02-25T18:00:00+01:00,121236.0,63329.0
2024-02-25T18:30:00+01:00,,
2024-02-25T19:00:00+01:00,125429.0,63519.0
2024-02-25T19:30:00+01:00,,
2024-02-25T20:00:00+01:00,121212.0,61567.0
2024-02-25T20:30:00+01:00,,
2024-02-25T21:00:00+01:00,116623.0,59065.0
2024-02-25T21:30:00+01:00,,
2024-02-25T22:00:00+01:00,110824.0,54181.0
2024-02-25T22:30:00+01:00,,
2024-02-25T23:00:00+01:00,106797.0,50015.0
2024-02-25T23:30:00+01:00,,
2024-02-26T00:00:00+01:00,114060.0,58760.0
2024-02-26T00:30:00+01:00,,
2024-02-26T01:00:00+01:00,112057.0,59123.0
2024-02-26T01:30:00+01:00,,
2024-02-26T02:00:00+01:00,112247.0,59632.0
2024-02-26T02:30:00+01:00,,
2024-02-26T03:00:00+01:00,110884.0,60425.0
2024-02-26T03:30:00+01:00,,
2024-02-26T04:00:00+01:00,113388.0,63935.0
2024-02-26T04:30:00+01:00,,
2024-02-26T05:00:00+01:00,124270.0,72490.0
2024-02-26T05:30:00+01:00,,
2024-02-26T06:00:00+01:00,134599.0,77950.0
2024-02-26T06:30:00+01:00,,
2024-02-26T07:00:00+01:00,142752.0,81741.0
2024-02-26T07:30:00+01:00,,
2024-02-26T08:00:00+01:00,143986.0,80569.0
2024-02-26T08:30:00+01:00,,
2024-02-26T09:00:00+01:00,142349.0,77518.0
2024-02-26T09:30:00+01:00,,
2024-02-26T10:00:00+01:00,139839.0,75069.0
2024-02-26T10:30:00+01:00,,
2024-02-26T11:00:00+01:00,138677.0,73372.0
2024-02-26T11:30:00+01:00,,
2024-02-26T12:00:00+01:00,136437.0,71236.0
2024-02-26T12:30:00+01:00,,
2024-02-26T13:00:00+01:00,132953.0,69409.0
2024-02-26T13:30:00+01:00,,
2024-02-26T14:00:00+01:00,132165.0,68846.0
2024-02-26T14:30:00+01:00,,
2024-02-26T15:00:00+01:00,132159.0,69228.0
2024-02-26T15:30:00+01:00,,
2024-02-26T16:00:00+01:00,132412.0,70938.0
2024-02-26T16:30:00+01:00,,
2024-02-26T17:00:00+01:00,135300.0,73605.0
2024-02-26T17:30:00+01:00,,
2024-02-26T18:00:00+01:00,140987.0,76135.0
2024-02-26T18:30:00+01:00,,
2024-02-26T19:00:00+01:00,144849.0,75978.0
2024-02-26T19:30:00+01:00,,
2024-02-26T20:00:00+01:00,138150.0,72925.0
2024-02-26T20:30:00+01:00,,
2024-02-26T21:00:00+01:00,131318.0,69569.0
2024-02-26T21:30:00+01:00,,
2024-02-26T22:00:00+01:00,124810.0,64136.0
2024-02-26T22:30:00+01:00,,
2024-02-26T23:00:00+01:00,120968.0,60247.0
2024-02-26T23:30:00+01:00,,
2024-02-27T00:00:00+01:00,122821.0,63750.0
2024-02-27T00:30:00+01:00,,
2024-02-27T01:00:00+01:00,121213.0,64087.0
2024-02-27T01:30:00+01:00,,
2024-02-27T02:00:00+01:00,121794.0,65084.0
2024-02-27T02:30:00+01:00,,
2024-02-27T03:00:00+01:00,120959.0,66597.0
2024-02-27T03:30:00+01:00,,
2024-02-27T04:00:00+01:00,123444.0,70176.0
2024-02-27T04:30:00+01:00,,
2024-02-27T05:00:00+01:00,133679.0,78259.0
2024-02-27T05:30:00+01:00,,
2024-02-27T06:00:00+01:00,147490.0,87598.0
2024-02-27T06:30:00+01:00,,
2024-02-27T07:00:00+01:00,155476.0,91145.0
2024-02-27T07:30:00+01:00,,
2024-02-27T08:00:00+01:00,157017.0,90431.0
2024-02-27T08:30:00+01:00,,
2024-02-27T09:00:00+01:00,154303.0,87042.0
2024-02-27T09:30:00+01:00,,
2024-02-27T10:00:00+01:00,150041.0,82657.0
2024-02-27T10:30:00+01:00,,
2024-02-27T11:00:00+01:00,147114.0,79633.0
2024-02-27T11:30:00+01:00,,
2024-02-27T12:00:00+01:00,141930.0,75339.0
2024-02-27T12:30:00+01:00,,
2024-02-27T13:00:00+01:00,137311.0,72866.0
2024-02-27T13:30:00+01:00,,
2024-02-27T14:00:00+01:00,135906.0,71903.0
2024-02-27T14:30:00+01:00,,
2024-02-27T15:00:00+01:00,134436.0,71344.0
2024-02-27T15:30:00+01:00,,
2024-02-27T16:00:00+01:00,133637.0,72335.0
2024-02-27T16:30:00+01:00,,
2024-02-27T17:00:00+01:00,136543.0,75353.0
2024-02-27T17:30:00+01:00,,
2024-02-27T18:00:00+01:00,143582.0,79152.0
2024-02-27T18:30:00+01:00,,
2024-02-27T19:00:00+01:00,147974.0,79213.0
2024-02-27T19:30:00+01:00,,
2024-02-27T20:00:00+01:00,142460.0,76973.0
2024-02-27T20:30:00+01:00,,
2024-02-27T21:00:00+01:00,136013.0,74076.0
2024-02-27T21:30:00+01:00,,
2024-02-27T22:00:00+01:00,130162.0,69178.0
2024-02-27T22:30:00+01:00,,
2024-02-27T23:00:00+01:00,126715.0,65531.0
2024-02-27T23:30:00+01:00,,
2024-02-28T00:00:00+01:00,111953.0,52294.0
2024-02-28T00:30:00+01:00,,
2024-02-28T01:00:00+01:00,107776.0,50171.0
2024-02-28T01:30:00+01:00,,
2024-02-28T02:00:00+01:00,108241.0,50711.0
2024-02-28T02:30:00+01:00,,
2024-02-28T03:00:00+01:00,107275.0,52065.0
2024-02-28T03:30:00+01:00,,
2024-02-28T04:00:00+01:00,109540.0,55392.0
2024-02-28T04:30:00+01:00,,
2024-02-28T05:00:00+01:00,119095.0,62785.0
2024-02-28T05:30:00+01:00,,
2024-02-28T06:00:00+01:00,153955.0,92750.0
2024-02-28T06:30:00+01:00,,
2024-02-28T07:00:00+01:00,160855.0,95457.0
2024-02-28T07:30:00+01:00,,
2024-02-28T08:00:00+01:00,161860.0,93957.0
2024-02-28T08:30:00+01:00,,
2024-02-28T09:00:00+01:00,157340.0,88933.0
2024-02-28T09:30:00+01:00,,
2024-02-28T10:00:00+01:00,151214.0,83721.0
2024-02-28T10:30:00+01:00,,
2024-02-28T11:00:00+01:00,146644.0,79506.0
2024-02-28T11:30:00+01:00,,
2024-02-28T12:00:00+01:00,139723.0,73524.0
2024-02-28T12:30:00+01:00,,
2024-02-28T13:00:00+01:00,133323.0,69420.0
2024-02-28T13:30:00+01:00,,
2024-02-28T14:00:00+01:00,129865.0,67119.0
2024-02-28T14:30:00+01:00,,
2024-02-28T15:00:00+01:00,126346.0,64925.0
2024-02-28T15:30:00+01:00,,
2024-02-28T16:00:00+01:00,127065.0,67371.0
2024-02-28T16:30:00+01:00,,
2024-02-28T17:00:00+01:00,130504.0,71144.0
2024-02-28T17:30:00+01:00,,
2024-02-28T18:00:00+01:00,137182.0,74693.0
2024-02-28T18:30:00+01:00,,
2024-02-28T19:00:00+01:00,142068.0,75103.0
2024-02-28T19:30:00+01:00,,
2024-02-28T20:00:00+01:00,137192.0,73223.0
2024-02-28T20:30:00+01:00,,
2024-02-28T21:00:00+01:00,128417.0,67815.0
2024-02-28T21:30:00+01:00,,
2024-02-28T22:00:00+01:00,120847.0,61045.0
2024-02-28T22:30:00+01:00,,
2024-02-28T23:00:00+01:00,115904.0,55884.0
2024-02-28T23:30:00+01:00,,
2024-02-29T00:00:00+01:00,107878.0,49691.0
2024-02-29T00:30:00+01:00,,
2024-02-29T01:00:00+01:00,105185.0,49174.0
2024-02-29T01:30:00+01:00,,
2024-02-29T02:00:00+01:00,105439.0,49779.0
2024-02-29T02:30:00+01:00,,
2024-02-29T03:00:00+01:00,104382.0,51170.0
2024-02-29T03:30:00+01:00,,
2024-02-29T04:00:00+01:00,106616.0,54519.0
2024-02-29T04:30:00+01:00,,
2024-02-29T05:00:00+01:00,117983.0,64223.0
2024-02-29T05:30:00+01:00,,
2024-02-29T06:00:00+01:00,134635.0,76432.0
2024-02-29T06:30:00+01:00,,
2024-02-29T07:00:00+01:00,141653.0,79083.0
2024-02-29T07:30:00+01:00,,
2024-02-29T08:00:00+01:00,141032.0,76366.0
2024-02-29T08:30:00+01:00,,
2024-02-29T09:00:00+01:00,136604.0,71529.0
2024-02-29T09:30:00+01:00,,
2024-02-29T10:00:00+01:00,132407.0,67631.0
2024-02-29T10:30:00+01:00,,
2024-02-29T11:00:00+01:00,129222.0,64779.0
2024-02-29T11:30:00+01:00,,
2024-02-29T12:00:00+01:00,124541.0,61028.0
2024-02-29T12:30:00+01:00,,
2024-02-29T13:00:00+01:00,119086.0,57533.0
2024-02-29T13:30:00+01:00,,
2024-02-29T14:00:00+01:00,116117.0,55356.0
2024-02-29T14:30:00+01:00,,
2024-02-29T15:00:00+01:00,115263.0,55602.0
2024-02-29T15:30:00+01:00,,
2024-02-29T16:00:00+01:00,117333.0,59257.0
2024-02-29T16:30:00+01:00,,
2024-02-29T17:00:00+01:00,119881.0,62064.0
2024-02-29T17:30:00+01:00,,
2024-02-29T18:00:00+01:00,126098.0,64798.0
2024-02-29T18:30:00+01:00,,
2024-02-29T19:00:00+01:00,130597.0,65293.0
2024-02-29T19:30:00+01:00,,
2024-02-29T20:00:00+01:00,125500.0,63174.0
2024-02-29T20:30:00+01:00,,
2024-02-29T21:00:00+01:00,119818.0,60629.0
2024-02-29T21:30:00+01:00,,
2024-02-29T22:00:00+01:00,113135.0,54812.0
2024-02-29T22:30:00+01:00,,
2024-02-29T23:00:00+01:00,109503.0,50901.0
2024-02-29T23:30:00+01:00,,
2024-03-01T00:00:00+01:00,106218.0,49349.0
2024-03-01T00:30:00+01:00,,
2024-03-01T01:00:00+01:00,102927.0,48214.0
2024-03-01T01:30:00+01:00,,
2024-03-01T02:00:00+01:00,103032.0,48501.0
2024-03-01T02:30:00+01:00,,
2024-03-01T03:00:00+01:00,101955.0,49395.0
2024-03-01T03:30:00+01:00,,
2024-03-01T04:00:00+01:00,103101.0,51499.0
2024-03-01T04:30:00+01:00,,
2024-03-01T05:00:00+01:00,109936.0,56472.0
2024-03-01T05:30:00+01:00,,
2024-03-01T06:00:00+01:00,136925.0,78797.0
2024-03-01T06:30:00+01:00,,
2024-03-01T07:00:00+01:00,143472.0,81204.0
2024-03-01T07:30:00+01:00,,
2024-03-01T08:00:00+01:00,142463.0,77887.0
2024-03-01T08:30:00+01:00,,
2024-03-01T09:00:00+01:00,137992.0,72352.0
2024-03-01T09:30:00+01:00,,
2024-03-01T10:00:00+01:00,133867.0,68142.0
2024-03-01T10:30:00+01:00,,
2024-03-01T11:00:00+01:00,132170.0,66150.0
2024-03-01T11:30:00+01:00,,
2024-03-01T12:00:00+01:00,127497.0,62196.0
2024-03-01T12:30:00+01:00,,
2024-03-01T13:00:00+01:00,121109.0,58329.0
2024-03-01T13:30:00+01:00,,
2024-03-01T14:00:00+01:00,117048.0,55341.0
2024-03-01T14:30:00+01:00,,
2024-03-01T15:00:00+01:00,113342.0,53296.0
2024-03-01T15:30:00+01:00,,
2024-03-01T16:00:00+01:00,112985.0,55187.0
2024-03-01T16:30:00+01:00,,
2024-03-01T17:00:00+01:00,116730.0,58977.0
2024-03-01T17:30:00+01:00,,
2024-03-01T18:00:00+01:00,124131.0,63190.0
2024-03-01T18:30:00+01:00,,
2024-03-01T19:00:00+01:00,128835.0,64244.0
2024-03-01T19:30:00+01:00,,
2024-03-01T20:00:00+01:00,125901.0,63473.0
2024-03-01T20:30:00+01:00,,
2024-03-01T21:00:00+01:00,120810.0,61149.0
2024-03-01T21:30:00+01:00,,
2024-03-01T22:00:00+01:00,115062.0,56134.0
2024-03-01T22:30:00+01:00,,
2024-03-01T23:00:00+01:00,111578.0,52083.0
2024-03-01T23:30:00+01:00,,
2024-03-02T00:00:00+01:00,105851.0,48032.0
2024-03-02T00:30:00+01:00,,
2024-03-02T01:00:00+01:00,102034.0,46869.0
2024-03-02T01:30:00+01:00,,
2024-03-02T02:00:00+01:00,101663.0,47230.0
2024-03-02T02:30:00+01:00,,
2024-03-02T03:00:00+01:00,99862.0,47840.0
2024-03-02T03:30:00+01:00,,
2024-03-02T04:00:00+01:00,99081.0,48711.0
2024-03-02T04:30:00+01:00,,
2024-03-02T05:00:00+01:00,103457.0,52781.0
2024-03-02T05:30:00+01:00,,
2024-03-02T06:00:00+01:00,116888.0,64668.0
2024-03-02T06:30:00+01:00,,
2024-03-02T07:00:00+01:00,119675.0,66119.0
2024-03-02T07:30:00+01:00,,
2024-03-02T08:00:00+01:00,120700.0,65262.0
2024-03-02T08:30:00+01:00,,
2024-03-02T09:00:00+01:00,119856.0,62344.0
2024-03-02T09:30:00+01:00,,
2024-03-02T10:00:00+01:00,117990.0,59619.0
2024-03-02T10:30:00+01:00,,
2024-03-02T11:00:00+01:00,115695.0,57221.0
2024-03-02T11:30:00+01:00,,
2024-03-02T12:00:00+01:00,113577.0,54762.0
2024-03-02T12:30:00+01:00,,
2024-03-02T13:00:00+01:00,109161.0,52337.0
2024-03-02T13:30:00+01:00,,
2024-03-02T14:00:00+01:00,107362.0,51487.0
2024-03-02T14:30:00+01:00,,
2024-03-02T15:00:00+01:00,107883.0,52584.0
2024-03-02T15:30:00+01:00,,
2024-03-02T16:00:00+01:00,109320.0,55506.0
2024-03-02T16:30:00+01:00,,
2024-03-02T17:00:00+01:00,111760.0,57762.0
2024-03-02T17:30:00+01:00,,
2024-03-02T18:00:00+01:00,118505.0,61397.0
2024-03-02T18:30:00+01:00,,
2024-03-02T19:00:00+01:00,123061.0,62236.0
2024-03-02T19:30:00+01:00,,
2024-03-02T20:00:00+01:00,118935.0,60662.0
2024-03-02T20:30:00+01:00,,
2024-03-02T21:00:00+01:00,113582.0,57693.0
2024-03-02T21:30:00+01:00,,
2024-03-02T22:00:00+01:00,109668.0,53618.0
2024-03-02T22:30:00+01:00,,
2024-03-02T23:00:00+01:00,106620.0,50077.0
2024-03-02T23:30:00+01:00,,
2024-03-03T00:00:00+01:00,111440.0,56062.0
2024-03-03T00:30:00+01:00,,
2024-03-03T01:00:00+01:00,109632.0,56594.0
2024-03-03T01:30:00+01:00,,
2024-03-03T02:00:00+01:00,111321.0,58711.0
2024-03-03T02:30:00+01:00,,
2024-03-03T03:00:00+01:00,111985.0,61865.0
2024-03-03T03:30:00+01:00,,
2024-03-03T04:00:00+01:00,114342.0,65915.0
2024-03-03T04:30:00+01:00,,
2024-03-03T05:00:00+01:00,124051.0,75519.0
2024-03-03T05:30:00+01:00,,
2024-03-03T06:00:00+01:00,111530.0,62118.0
2024-03-03T06:30:00+01:00,,
2024-03-03T07:00:00+01:00,114736.0,64261.0
2024-03-03T07:30:00+01:00,,
2024-03-03T08:00:00+01:00,117856.0,65134.0
2024-03-03T08:30:00+01:00,,
2024-03-03T09:00:00+01:00,119300.0,64036.0
2024-03-03T09:30:00+01:00,,
2024-03-03T10:00:00+01:00,118676.0,61850.0
2024-03-03T10:30:00+01:00,,
2024-03-03T11:00:00+01:00,117423.0,59326.0
2024-03-03T11:30:00+01:00,,
2024-03-03T12:00:00+01:00,115478.0,56887.0
2024-03-03T12:30:00+01:00,,
2024-03-03T13:00:00+01:00,111061.0,54948.0
2024-03-03T13:30:00+01:00,,
2024-03-03T14:00:00+01:00,108237.0,53784.0
2024-03-03T14:30:00+01:00,,
2024-03-03T15:00:00+01:00,108066.0,54015.0
2024-03-03T15:30:00+01:00,,
2024-03-03T16:00:00+01:00,108060.0,55448.0
2024-03-03T16:30:00+01:00,,
2024-03-03T17:00:00+01:00,112467.0,59602.0
2024-03-03T17:30:00+01:00,,
2024-03-03T18:00:00+01:00,121370.0,65359.0
2024-03-03T18:30:00+01:00,,
2024-03-03T19:00:00+01:00,131193.0,69237.0
2024-03-03T19:30:00+01:00,,
2024-03-03T20:00:00+01:00,129202.0,68730.0
2024-03-03T20:30:00+01:00,,
2024-03-03T21:00:00+01:00,125007.0,66650.0
2024-03-03T21:30:00+01:00,,
2024-03-03T22:00:00+01:00,120210.0,62098.0
2024-03-03T22:30:00+01:00,,
2024-03-03T23:00:00+01:00,116850.0,58328.0
2024-03-03T23:30:00+01:00,,
2024-03-04T00:00:00+01:00,115868.0,58123.0
2024-03-04T00:30:00+01:00,,
2024-03-04T01:00:00+01:00,114244.0,58547.0
2024-03-04T01:30:00+01:00,,
2024-03-04T02:00:00+01:00,114380.0,58917.0
2024-03-04T02:30:00+01:00,,
2024-03-04T03:00:00+01:00,112203.0,58586.0
2024-03-04T03:30:00+01:00,,
2024-03-04T04:00:00+01:00,115411.0,62330.0
2024-03-04T04:30:00+01:00,,
2024-03-04T05:00:00+01:00,126287.0,70503.0
2024-03-04T05:30:00+01:00,,
2024-03-04T06:00:00+01:00,153434.0,92512.0
2024-03-04T06:30:00+01:00,,
2024-03-04T07:00:00+01:00,163450.0,97694.0
2024-03-04T07:30:00+01:00,,
2024-03-04T08:00:00+01:00,162330.0,94199.0
2024-03-04T08:30:00+01:00,,
2024-03-04T09:00:00+01:00,154197.0,86337.0
2024-03-04T09:30:00+01:00,,
2024-03-04T10:00:00+01:00,146327.0,79870.0
2024-03-04T10:30:00+01:00,,
2024-03-04T11:00:00+01:00,138528.0,73154.0
2024-03-04T11:30:00+01:00,,
2024-03-04T12:00:00+01:00,132616.0,68047.0
2024-03-04T12:30:00+01:00,,
2024-03-04T13:00:00+01:00,127275.0,65010.0
2024-03-04T13:30:00+01:00,,
2024-03-04T14:00:00+01:00,125194.0,63703.0
2024-03-04T14:30:00+01:00,,
2024-03-04T15:00:00+01:00,124349.0,63988.0
2024-03-04T15:30:00+01:00,,
2024-03-04T16:00:00+01:00,125735.0,66882.0
2024-03-04T16:30:00+01:00,,
2024-03-04T17:00:00+01:00,129260.0,70386.0
2024-03-04T17:30:00+01:00,,
2024-03-04T18:00:00+01:00,137205.0,74756.0
2024-03-04T18:30:00+01:00,,
2024-03-04T19:00:00+01:00,143675.0,76298.0
2024-03-04T19:30:00+01:00,,
2024-03-04T20:00:00+01:00,136999.0,73138.0
2024-03-04T20:30:00+01:00,,
2024-03-04T21:00:00+01:00,128627.0,68088.0
2024-03-04T21:30:00+01:00,,
2024-03-04T22:00:00+01:00,122383.0,63162.0
2024-03-04T22:30:00+01:00,,
2024-03-04T23:00:00+01:00,118529.0,58907.0
2024-03-04T23:30:00+01:00,,
2024-03-05T00:00:00+01:00,117569.0,59445.0
2024-03-05T00:30:00+01:00,,
2024-03-05T01:00:00+01:00,114168.0,58266.0
2024-03-05T01:30:00+01:00,,
2024-03-05T02:00:00+01:00,115057.0,59502.0
2024-03-05T02:30:00+01:00,,
2024-03-05T03:00:00+01:00,113737.0,60684.0
2024-03-05T03:30:00+01:00,,
2024-03-05T04:00:00+01:00,115545.0,63373.0
2024-03-05T04:30:00+01:00,,
2024-03-05T05:00:00+01:00,128284.0,74104.0
2024-03-05T05:30:00+01:00,,
2024-03-05T06:00:00+01:00,145644.0,86202.0
2024-03-05T06:30:00+01:00,,
2024-03-05T07:00:00+01:00,154142.0,90343.0
2024-03-05T07:30:00+01:00,,
2024-03-05T08:00:00+01:00,153335.0,87595.0
2024-03-05T08:30:00+01:00,,
2024-03-05T09:00:00+01:00,147957.0,82070.0
2024-03-05T09:30:00+01:00,,
2024-03-05T10:00:00+01:00,142370.0,77391.0
2024-03-05T10:30:00+01:00,,
2024-03-05T11:00:00+01:00,139946.0,74884.0
2024-03-05T11:30:00+01:00,,
2024-03-05T12:00:00+01:00,136315.0,71887.0
2024-03-05T12:30:00+01:00,,
2024-03-05T13:00:00+01:00,130140.0,67740.0
2024-03-05T13:30:00+01:00,,
2024-03-05T14:00:00+01:00,125809.0,64200.0
2024-03-05T14:30:00+01:00,,
2024-03-05T15:00:00+01:00,125036.0,64573.0
2024-03-05T15:30:00+01:00,,
2024-03-05T16:00:00+01:00,124229.0,65646.0
2024-03-05T16:30:00+01:00,,
2024-03-05T17:00:00+01:00,127853.0,69157.0
2024-03-05T17:30:00+01:00,,
2024-03-05T18:00:00+01:00,136595.0,74309.0
2024-03-05T18:30:00+01:00,,
2024-03-05T19:00:00+01:00,143908.0,76510.0
2024-03-05T19:30:00+01:00,,
2024-03-05T20:00:00+01:00,140045.0,75389.0
2024-03-05T20:30:00+01:00,,
2024-03-05T21:00:00+01:00,133989.0,72815.0
2024-03-05T21:30:00+01:00,,
2024-03-05T22:00:00+01:00,128085.0,67379.0
2024-03-05T22:30:00+01:00,,
2024-03-05T23:00:00+01:00,123175.0,62470.0
2024-03-05T23:30:00+01:00,,
2024-03-06T00:00:00+01:00,120075.0,60781.0
2024-03-06T00:30:00+01:00,,
2024-03-06T01:00:00+01:00,117820.0,60729.0
2024-03-06T01:30:00+01:00,,
2024-03-06T02:00:00+01:00,118931.0,62066.0
2024-03-06T02:30:00+01:00,,
2024-03-06T03:00:00+01:00,118664.0,63984.0
2024-03-06T03:30:00+01:00,,
2024-03-06T04:00:00+01:00,121563.0,68033.0
2024-03-06T04:30:00+01:00,,
2024-03-06T05:00:00+01:00,132708.0,77048.0
2024-03-06T05:30:00+01:00,,
2024-03-06T06:00:00+01:00,150311.0,90035.0
2024-03-06T06:30:00+01:00,,
2024-03-06T07:00:00+01:00,157205.0,93204.0
2024-03-06T07:30:00+01:00,,
2024-03-06T08:00:00+01:00,155806.0,89642.0
2024-03-06T08:30:00+01:00,,
2024-03-06T09:00:00+01:00,149847.0,83587.0
2024-03-06T09:30:00+01:00,,
2024-03-06T10:00:00+01:00,143363.0,77726.0
2024-03-06T10:30:00+01:00,,
2024-03-06T11:00:00+01:00,136106.0,71318.0
2024-03-06T11:30:00+01:00,,
2024-03-06T12:00:00+01:00,130076.0,66262.0
2024-03-06T12:30:00+01:00,,
2024-03-06T13:00:00+01:00,126308.0,64409.0
2024-03-06T13:30:00+01:00,,
2024-03-06T14:00:00+01:00,123436.0,62548.0
2024-03-06T14:30:00+01:00,,
2024-03-06T15:00:00+01:00,121679.0,62219.0
2024-03-06T15:30:00+01:00,,
2024-03-06T16:00:00+01:00,120484.0,62857.0
2024-03-06T16:30:00+01:00,,
2024-03-06T17:00:00+01:00,123440.0,66405.0
2024-03-06T17:30:00+01:00,,
2024-03-06T18:00:00+01:00,131374.0,71479.0
2024-03-06T18:30:00+01:00,,
2024-03-06T19:00:00+01:00,139786.0,74304.0
2024-03-06T19:30:00+01:00,,
2024-03-06T20:00:00+01:00,135947.0,72790.0
2024-03-06T20:30:00+01:00,,
2024-03-06T21:00:00+01:00,130364.0,70473.0
2024-03-06T21:30:00+01:00,,
2024-03-06T22:00:00+01:00,125977.0,66383.0
2024-03-06T22:30:00+01:00,,
2024-03-06T23:00:00+01:00,122056.0,62373.0
2024-03-06T23:30:00+01:00,,
2024-03-07T00:00:00+01:00,109381.0,50289.0
2024-03-07T00:30:00+01:00,,
2024-03-07T01:00:00+01:00,108638.0,51228.0
2024-03-07T01:30:00+01:00,,
2024-03-07T02:00:00+01:00,109648.0,52303.0
2024-03-07T02:30:00+01:00,,
2024-03-07T03:00:00+01:00,109400.0,54103.0
2024-03-07T03:30:00+01:00,,
2024-03-07T04:00:00+01:00,112840.0,58340.0
2024-03-07T04:30:00+01:00,,
2024-03-07T05:00:00+01:00,124430.0,67560.0
2024-03-07T05:30:00+01:00,,
2024-03-07T06:00:00+01:00,154279.0,92202.0
2024-03-07T06:30:00+01:00,,
2024-03-07T07:00:00+01:00,163138.0,96725.0
2024-03-07T07:30:00+01:00,,
2024-03-07T08:00:00+01:00,158793.0,91058.0
2024-03-07T08:30:00+01:00,,
2024-03-07T09:00:00+01:00,148722.0,81847.0
2024-03-07T09:30:00+01:00,,
2024-03-07T10:00:00+01:00,136571.0,71607.0
2024-03-07T10:30:00+01:00,,
2024-03-07T11:00:00+01:00,127818.0,63901.0
2024-03-07T11:30:00+01:00,,
2024-03-07T12:00:00+01:00,121405.0,59132.0
2024-03-07T12:30:00+01:00,,
2024-03-07T13:00:00+01:00,115230.0,55433.0
2024-03-07T13:30:00+01:00,,
2024-03-07T14:00:00+01:00,110948.0,52369.0
2024-03-07T14:30:00+01:00,,
2024-03-07T15:00:00+01:00,108156.0,51341.0
2024-03-07T15:30:00+01:00,,
2024-03-07T16:00:00+01:00,107547.0,52604.0
2024-03-07T16:30:00+01:00,,
2024-03-07T17:00:00+01:00,111161.0,56325.0
2024-03-07T17:30:00+01:00,,
2024-03-07T18:00:00+01:00,120683.0,62061.0
2024-03-07T18:30:00+01:00,,
2024-03-07T19:00:00+01:00,128681.0,64431.0
2024-03-07T19:30:00+01:00,,
2024-03-07T20:00:00+01:00,124303.0,62451.0
2024-03-07T20:30:00+01:00,,
2024-03-07T21:00:00+01:00,116819.0,58018.0
2024-03-07T21:30:00+01:00,,
2024-03-07T22:00:00+01:00,112015.0,53449.0
2024-03-07T22:30:00+01:00,,
2024-03-07T23:00:00+01:00,108770.0,50050.0
2024-03-07T23:30:00+01:00,,
2024-03-08T00:00:00+01:00,101610.0,44294.0
2024-03-08T00:30:00+01:00,,
2024-03-08T01:00:00+01:00,99763.0,44405.0
2024-03-08T01:30:00+01:00,,
2024-03-08T02:00:00+01:00,100016.0,44878.0
2024-03-08T02:30:00+01:00,,
2024-03-08T03:00:00+01:00,98762.0,45647.0
2024-03-08T03:30:00+01:00,,
2024-03-08T04:00:00+01:00,99592.0,47670.0
2024-03-08T04:30:00+01:00,,
2024-03-08T05:00:00+01:00,106234.0,52414.0
2024-03-08T05:30:00+01:00,,
2024-03-08T06:00:00+01:00,140770.0,81974.0
2024-03-08T06:30:00+01:00,,
2024-03-08T07:00:00+01:00,148150.0,85087.0
2024-03-08T07:30:00+01:00,,
2024-03-08T08:00:00+01:00,145241.0,80146.0
2024-03-08T08:30:00+01:00,,
2024-03-08T09:00:00+01:00,138037.0,72567.0
2024-03-08T09:30:00+01:00,,
2024-03-08T10:00:00+01:00,131233.0,66646.0
2024-03-08T10:30:00+01:00,,
2024-03-08T11:00:00+01:00,125548.0,61888.0
2024-03-08T11:30:00+01:00,,
2024-03-08T12:00:00+01:00,118911.0,56197.0
2024-03-08T12:30:00+01:00,,
2024-03-08T13:00:00+01:00,113192.0,53058.0
2024-03-08T13:30:00+01:00,,
2024-03-08T14:00:00+01:00,110571.0,51000.0
2024-03-08T14:30:00+01:00,,
2024-03-08T15:00:00+01:00,108936.0,50350.0
2024-03-08T15:30:00+01:00,,
2024-03-08T16:00:00+01:00,109077.0,51920.0
2024-03-08T16:30:00+01:00,,
2024-03-08T17:00:00+01:00,112159.0,54828.0
2024-03-08T17:30:00+01:00,,
2024-03-08T18:00:00+01:00,117721.0,57798.0
2024-03-08T18:30:00+01:00,,
2024-03-08T19:00:00+01:00,121773.0,58011.0
2024-03-08T19:30:00+01:00,,
2024-03-08T20:00:00+01:00,116391.0,55510.0
2024-03-08T20:30:00+01:00,,
2024-03-08T21:00:00+01:00,110978.0,53085.0
2024-03-08T21:30:00+01:00,,
2024-03-08T22:00:00+01:00,106824.0,49220.0
2024-03-08T22:30:00+01:00,,
2024-03-08T23:00:00+01:00,103455.0,45629.0
2024-03-08T23:30:00+01:00,,
2024-03-09T00:00:00+01:00,98634.0,42396.0
2024-03-09T00:30:00+01:00,,
2024-03-09T01:00:00+01:00,95615.0,42280.0
2024-03-09T01:30:00+01:00,,
2024-03-09T02:00:00+01:00,95371.0,42572.0
2024-03-09T02:30:00+01:00,,
2024-03-09T03:00:00+01:00,93383.0,43271.0
2024-03-09T03:30:00+01:00,,
2024-03-09T04:00:00+01:00,93651.0,44971.0
2024-03-09T04:30:00+01:00,,
2024-03-09T05:00:00+01:00,98483.0,49211.0
2024-03-09T05:30:00+01:00,,
2024-03-09T06:00:00+01:00,112168.0,61358.0
2024-03-09T06:30:00+01:00,,
2024-03-09T07:00:00+01:00,114851.0,62935.0
2024-03-09T07:30:00+01:00,,
2024-03-09T08:00:00+01:00,115573.0,61586.0
2024-03-09T08:30:00+01:00,,
2024-03-09T09:00:00+01:00,114323.0,58129.0
2024-03-09T09:30:00+01:00,,
2024-03-09T10:00:00+01:00,111278.0,54526.0
2024-03-09T10:30:00+01:00,,
2024-03-09T11:00:00+01:00,109214.0,52107.0
2024-03-09T11:30:00+01:00,,
2024-03-09T12:00:00+01:00,106889.0,49084.0
2024-03-09T12:30:00+01:00,,
2024-03-09T13:00:00+01:00,102807.0,46788.0
2024-03-09T13:30:00+01:00,,
2024-03-09T14:00:00+01:00,100792.0,45783.0
2024-03-09T14:30:00+01:00,,
2024-03-09T15:00:00+01:00,99830.0,45830.0
2024-03-09T15:30:00+01:00,,
2024-03-09T16:00:00+01:00,99235.0,46849.0
2024-03-09T16:30:00+01:00,,
2024-03-09T17:00:00+01:00,101782.0,48978.0
2024-03-09T17:30:00+01:00,,
2024-03-09T18:00:00+01:00,107505.0,52114.0
2024-03-09T18:30:00+01:00,,
2024-03-09T19:00:00+01:00,112624.0,53424.0
2024-03-09T19:30:00+01:00,,
2024-03-09T20:00:00+01:00,108992.0,52083.0
2024-03-09T20:30:00+01:00,,
2024-03-09T21:00:00+01:00,105023.0,50318.0
2024-03-09T21:30:00+01:00,,
2024-03-09T22:00:00+01:00,100986.0,46565.0
2024-03-09T22:30:00+01:00,,
2024-03-09T23:00:00+01:00,98609.0,43153.0
2024-03-09T23:30:00+01:00,,
2024-03-10T00:00:00+01:00,101082.0,46866.0
2024-03-10T00:30:00+01:00,,
2024-03-10T01:00:00+01:00,97303.0,45790.0
2024-03-10T01:30:00+01:00,,
2024-03-10T02:00:00+01:00,97872.0,46995.0
2024-03-10T02:30:00+01:00,,
2024-03-10T03:00:00+01:00,97536.0,49150.0
2024-03-10T03:30:00+01:00,,
2024-03-10T04:00:00+01:00,100030.0,53274.0
2024-03-10T04:30:00+01:00,,
2024-03-10T05:00:00+01:00,109492.0,62526.0
2024-03-10T05:30:00+01:00,,
2024-03-10T06:00:00+01:00,106300.0,58212.0
2024-03-10T06:30:00+01:00,,
2024-03-10T07:00:00+01:00,108116.0,59601.0
2024-03-10T07:30:00+01:00,,
2024-03-10T08:00:00+01:00,109894.0,59405.0
2024-03-10T08:30:00+01:00,,
2024-03-10T09:00:00+01:00,110596.0,57541.0
2024-03-10T09:30:00+01:00,,
2024-03-10T10:00:00+01:00,109766.0,55312.0
2024-03-10T10:30:00+01:00,,
2024-03-10T11:00:00+01:00,107906.0,52720.0
2024-03-10T11:30:00+01:00,,
2024-03-10T12:00:00+01:00,106167.0,50074.0
2024-03-10T12:30:00+01:00,,
2024-03-10T13:00:00+01:00,101436.0,47839.0
2024-03-10T13:30:00+01:00,,
2024-03-10T14:00:00+01:00,97279.0,45851.0
2024-03-10T14:30:00+01:00,,
2024-03-10T15:00:00+01:00,95457.0,45419.0
2024-03-10T15:30:00+01:00,,
2024-03-10T16:00:00+01:00,95955.0,47584.0
2024-03-10T16:30:00+01:00,,
2024-03-10T17:00:00+01:00,99842.0,51196.0
2024-03-10T17:30:00+01:00,,
2024-03-10T18:00:00+01:00,108927.0,56571.0
2024-03-10T18:30:00+01:00,,
2024-03-10T19:00:00+01:00,118161.0,59449.0
2024-03-10T19:30:00+01:00,,
2024-03-10T20:00:00+01:00,114797.0,58158.0
2024-03-10T20:30:00+01:00,,
2024-03-10T21:00:00+01:00,110432.0,55880.0
2024-03-10T21:30:00+01:00,,
2024-03-10T22:00:00+01:00,106602.0,52230.0
2024-03-10T22:30:00+01:00,,
2024-03-10T23:00:00+01:00,104044.0,49119.0
2024-03-10T23:30:00+01:00,,
2024-03-11T00:00:00+01:00,107555.0,53859.0
2024-03-11T00:30:00+01:00,,
2024-03-11T01:00:00+01:00,103439.0,51973.0
2024-03-11T01:30:00+01:00,,
2024-03-11T02:00:00+01:00,103080.0,51834.0
2024-03-11T02:30:00+01:00,,
2024-03-11T03:00:00+01:00,101786.0,52486.0
2024-03-11T03:30:00+01:00,,
2024-03-11T04:00:00+01:00,104302.0,55766.0
2024-03-11T04:30:00+01:00,,
2024-03-11T05:00:00+01:00,117133.0,65585.0
2024-03-11T05:30:00+01:00,,
2024-03-11T06:00:00+01:00,134915.0,78331.0
2024-03-11T06:30:00+01:00,,
2024-03-11T07:00:00+01:00,143260.0,82200.0
2024-03-11T07:30:00+01:00,,
2024-03-11T08:00:00+01:00,141577.0,78625.0
2024-03-11T08:30:00+01:00,,
2024-03-11T09:00:00+01:00,136087.0,72838.0
2024-03-11T09:30:00+01:00,,
2024-03-11T10:00:00+01:00,131379.0,68858.0
2024-03-11T10:30:00+01:00,,
2024-03-11T11:00:00+01:00,127632.0,65779.0
2024-03-11T11:30:00+01:00,,
2024-03-11T12:00:00+01:00,123465.0,61751.0
2024-03-11T12:30:00+01:00,,
2024-03-11T13:00:00+01:00,120837.0,60113.0
2024-03-11T13:30:00+01:00,,
2024-03-11T14:00:00+01:00,119573.0,59890.0
2024-03-11T14:30:00+01:00,,
2024-03-11T15:00:00+01:00,118160.0,59415.0
2024-03-11T15:30:00+01:00,,
2024-03-11T16:00:00+01:00,118841.0,61393.0
2024-03-11T16:30:00+01:00,,
2024-03-11T17:00:00+01:00,124156.0,66413.0
2024-03-11T17:30:00+01:00,,
2024-03-11T18:00:00+01:00,132757.0,71195.0
2024-03-11T18:30:00+01:00,,
2024-03-11T19:00:00+01:00,136473.0,71510.0
2024-03-11T19:30:00+01:00,,
2024-03-11T20:00:00+01:00,130519.0,68925.0
2024-03-11T20:30:00+01:00,,
2024-03-11T21:00:00+01:00,122745.0,64756.0
2024-03-11T21:30:00+01:00,,
2024-03-11T22:00:00+01:00,117353.0,60061.0
2024-03-11T22:30:00+01:00,,
2024-03-11T23:00:00+01:00,113829.0,56411.0
2024-03-11T23:30:00+01:00,,
2024-03-12T00:00:00+01:00,101626.0,45966.0
2024-03-12T00:30:00+01:00,,
2024-03-12T01:00:00+01:00,96402.0,42944.0
2024-03-12T01:30:00+01:00,,
2024-03-12T02:00:00+01:00,95546.0,42696.0
2024-03-12T02:30:00+01:00,,
2024-03-12T03:00:00+01:00,94253.0,43513.0
2024-03-12T03:30:00+01:00,,
2024-03-12T04:00:00+01:00,96323.0,46474.0
2024-03-12T04:30:00+01:00,,
2024-03-12T05:00:00+01:00,106494.0,54334.0
2024-03-12T05:30:00+01:00,,
2024-03-12T06:00:00+01:00,138696.0,81592.0
2024-03-12T06:30:00+01:00,,
2024-03-12T07:00:00+01:00,145177.0,83826.0
2024-03-12T07:30:00+01:00,,
2024-03-12T08:00:00+01:00,142766.0,79645.0
2024-03-12T08:30:00+01:00,,
2024-03-12T09:00:00+01:00,137613.0,74376.0
2024-03-12T09:30:00+01:00,,
2024-03-12T10:00:00+01:00,132534.0,70004.0
2024-03-12T10:30:00+01:00,,
2024-03-12T11:00:00+01:00,129810.0,67644.0
2024-03-12T11:30:00+01:00,,
2024-03-12T12:00:00+01:00,125658.0,63532.0
2024-03-12T12:30:00+01:00,,
2024-03-12T13:00:00+01:00,121188.0,60183.0
2024-03-12T13:30:00+01:00,,
2024-03-12T14:00:00+01:00,117234.0,57410.0
2024-03-12T14:30:00+01:00,,
2024-03-12T15:00:00+01:00,114162.0,55376.0
2024-03-12T15:30:00+01:00,,
2024-03-12T16:00:00+01:00,113526.0,56345.0
2024-03-12T16:30:00+01:00,,
2024-03-12T17:00:00+01:00,116985.0,60098.0
2024-03-12T17:30:00+01:00,,
2024-03-12T18:00:00+01:00,124711.0,64274.0
2024-03-12T18:30:00+01:00,,
2024-03-12T19:00:00+01:00,128638.0,64856.0
2024-03-12T19:30:00+01:00,,
2024-03-12T20:00:00+01:00,122988.0,62441.0
2024-03-12T20:30:00+01:00,,
2024-03-12T21:00:00+01:00,115173.0,58093.0
2024-03-12T21:30:00+01:00,,
2024-03-12T22:00:00+01:00,109295.0,53279.0
2024-03-12T22:30:00+01:00,,
2024-03-12T23:00:00+01:00,105857.0,49701.0
2024-03-12T23:30:00+01:00,,
2024-03-13T00:00:00+01:00,96477.0,42210.0
2024-03-13T00:30:00+01:00,,
2024-03-13T01:00:00+01:00,93660.0,42057.0
2024-03-13T01:30:00+01:00,,
2024-03-13T02:00:00+01:00,93953.0,43081.0
2024-03-13T02:30:00+01:00,,
2024-03-13T03:00:00+01:00,93203.0,44509.0
2024-03-13T03:30:00+01:00,,
2024-03-13T04:00:00+01:00,96065.0,48180.0
2024-03-13T04:30:00+01:00,,
2024-03-13T05:00:00+01:00,106897.0,56542.0
2024-03-13T05:30:00+01:00,,
2024-03-13T06:00:00+01:00,123834.0,68896.0
2024-03-13T06:30:00+01:00,,
2024-03-13T07:00:00+01:00,130319.0,71394.0
2024-03-13T07:30:00+01:00,,
2024-03-13T08:00:00+01:00,127920.0,66996.0
2024-03-13T08:30:00+01:00,,
2024-03-13T09:00:00+01:00,122150.0,61329.0
2024-03-13T09:30:00+01:00,,
2024-03-13T10:00:00+01:00,116590.0,56823.0
2024-03-13T10:30:00+01:00,,
2024-03-13T11:00:00+01:00,111972.0,52857.0
2024-03-13T11:30:00+01:00,,
2024-03-13T12:00:00+01:00,107864.0,49128.0
2024-03-13T12:30:00+01:00,,
2024-03-13T13:00:00+01:00,103989.0,46811.0
2024-03-13T13:30:00+01:00,,
2024-03-13T14:00:00+01:00,100189.0,44661.0
2024-03-13T14:30:00+01:00,,
2024-03-13T15:00:00+01:00,97117.0,43244.0
2024-03-13T15:30:00+01:00,,
2024-03-13T16:00:00+01:00,96188.0,43971.0
2024-03-13T16:30:00+01:00,,
2024-03-13T17:00:00+01:00,98540.0,46768.0
2024-03-13T17:30:00+01:00,,
2024-03-13T18:00:00+01:00,108316.0,52956.0
2024-03-13T18:30:00+01:00,,
2024-03-13T19:00:00+01:00,115887.0,55955.0
2024-03-13T19:30:00+01:00,,
2024-03-13T20:00:00+01:00,112776.0,55567.0
2024-03-13T20:30:00+01:00,,
2024-03-13T21:00:00+01:00,106095.0,52129.0
2024-03-13T21:30:00+01:00,,
2024-03-13T22:00:00+01:00,100306.0,46789.0
2024-03-13T22:30:00+01:00,,
2024-03-13T23:00:00+01:00,96865.0,42911.0
2024-03-13T23:30:00+01:00,,
2024-03-14T00:00:00+01:00,87588.0,34828.0
2024-03-14T00:30:00+01:00,,
2024-03-14T01:00:00+01:00,85289.0,34865.0
2024-03-14T01:30:00+01:00,,
2024-03-14T02:00:00+01:00,84661.0,35017.0
2024-03-14T02:30:00+01:00,,
2024-03-14T03:00:00+01:00,83567.0,35680.0
2024-03-14T03:30:00+01:00,,
2024-03-14T04:00:00+01:00,85382.0,38208.0
2024-03-14T04:30:00+01:00,,
2024-03-14T05:00:00+01:00,94377.0,44891.0
2024-03-14T05:30:00+01:00,,
2024-03-14T06:00:00+01:00,124824.0,70081.0
2024-03-14T06:30:00+01:00,,
2024-03-14T07:00:00+01:00,132832.0,73524.0
2024-03-14T07:30:00+01:00,,
2024-03-14T08:00:00+01:00,126867.0,66717.0
2024-03-14T08:30:00+01:00,,
2024-03-14T09:00:00+01:00,117285.0,58138.0
2024-03-14T09:30:00+01:00,,
2024-03-14T10:00:00+01:00,108167.0,50796.0
2024-03-14T10:30:00+01:00,,
2024-03-14T11:00:00+01:00,102726.0,46051.0
2024-03-14T11:30:00+01:00,,
2024-03-14T12:00:00+01:00,98004.0,42110.0
2024-03-14T12:30:00+01:00,,
2024-03-14T13:00:00+01:00,94016.0,39712.0
2024-03-14T13:30:00+01:00,,
2024-03-14T14:00:00+01:00,90054.0,37409.0
2024-03-14T14:30:00+01:00,,
2024-03-14T15:00:00+01:00,87269.0,36117.0
2024-03-14T15:30:00+01:00,,
2024-03-14T16:00:00+01:00,86204.0,36567.0
2024-03-14T16:30:00+01:00,,
2024-03-14T17:00:00+01:00,88123.0,38327.0
2024-03-14T17:30:00+01:00,,
2024-03-14T18:00:00+01:00,96442.0,43083.0
2024-03-14T18:30:00+01:00,,
2024-03-14T19:00:00+01:00,102523.0,45162.0
2024-03-14T19:30:00+01:00,,
2024-03-14T20:00:00+01:00,98690.0,43923.0
2024-03-14T20:30:00+01:00,,
2024-03-14T21:00:00+01:00,93489.0,41738.0
2024-03-14T21:30:00+01:00,,
2024-03-14T22:00:00+01:00,89571.0,38280.0
2024-03-14T22:30:00+01:00,,
2024-03-14T23:00:00+01:00,87078.0,35706.0
2024-03-14T23:30:00+01:00,,
2024-03-15T00:00:00+01:00,84611.0,34861.0
2024-03-15T00:30:00+01:00,,
2024-03-15T01:00:00+01:00,81692.0,34715.0
2024-03-15T01:30:00+01:00,,
2024-03-15T02:00:00+01:00,81001.0,34673.0
2024-03-15T02:30:00+01:00,,
2024-03-15T03:00:00+01:00,78908.0,34939.0
2024-03-15T03:30:00+01:00,,
2024-03-15T04:00:00+01:00,79784.0,36418.0
2024-03-15T04:30:00+01:00,,
2024-03-15T05:00:00+01:00,86068.0,40637.0
2024-03-15T05:30:00+01:00,,
2024-03-15T06:00:00+01:00,105190.0,55277.0
2024-03-15T06:30:00+01:00,,
2024-03-15T07:00:00+01:00,110413.0,56452.0
2024-03-15T07:30:00+01:00,,
2024-03-15T08:00:00+01:00,108178.0,52120.0
2024-03-15T08:30:00+01:00,,
2024-03-15T09:00:00+01:00,104871.0,48405.0
2024-03-15T09:30:00+01:00,,
2024-03-15T10:00:00+01:00,102037.0,45961.0
2024-03-15T10:30:00+01:00,,
2024-03-15T11:00:00+01:00,99301.0,43705.0
2024-03-15T11:30:00+01:00,,
2024-03-15T12:00:00+01:00,96981.0,41528.0
2024-03-15T12:30:00+01:00,,
2024-03-15T13:00:00+01:00,94323.0,39922.0
2024-03-15T13:30:00+01:00,,
2024-03-15T14:00:00+01:00,90963.0,38047.0
2024-03-15T14:30:00+01:00,,
2024-03-15T15:00:00+01:00,88165.0,36812.0
2024-03-15T15:30:00+01:00,,
2024-03-15T16:00:00+01:00,87185.0,37641.0
2024-03-15T16:30:00+01:00,,
2024-03-15T17:00:00+01:00,89410.0,39697.0
2024-03-15T17:30:00+01:00,,
2024-03-15T18:00:00+01:00,96126.0,43402.0
2024-03-15T18:30:00+01:00,,
2024-03-15T19:00:00+01:00,100234.0,44859.0
2024-03-15T19:30:00+01:00,,
2024-03-15T20:00:00+01:00,96583.0,43053.0
2024-03-15T20:30:00+01:00,,
2024-03-15T21:00:00+01:00,91577.0,40671.0
2024-03-15T21:30:00+01:00,,
2024-03-15T22:00:00+01:00,88537.0,37948.0
2024-03-15T22:30:00+01:00,,
2024-03-15T23:00:00+01:00,86500.0,35445.0
2024-03-15T23:30:00+01:00,,
2024-03-16T00:00:00+01:00,82920.0,33442.0
2024-03-16T00:30:00+01:00,,
2024-03-16T01:00:00+01:00,79694.0,33035.0
2024-03-16T01:30:00+01:00,,
2024-03-16T02:00:00+01:00,78819.0,33343.0
2024-03-16T02:30:00+01:00,,
2024-03-16T03:00:00+01:00,76796.0,33659.0
2024-03-16T03:30:00+01:00,,
2024-03-16T04:00:00+01:00,76856.0,35115.0
2024-03-16T04:30:00+01:00,,
2024-03-16T05:00:00+01:00,80991.0,38668.0
2024-03-16T05:30:00+01:00,,
2024-03-16T06:00:00+01:00,90868.0,47170.0
2024-03-16T06:30:00+01:00,,
2024-03-16T07:00:00+01:00,92784.0,48148.0
2024-03-16T07:30:00+01:00,,
2024-03-16T08:00:00+01:00,93802.0,46916.0
2024-03-16T08:30:00+01:00,,
2024-03-16T09:00:00+01:00,93599.0,44677.0
2024-03-16T09:30:00+01:00,,
2024-03-16T10:00:00+01:00,91575.0,42138.0
2024-03-16T10:30:00+01:00,,
2024-03-16T11:00:00+01:00,89901.0,40154.0
2024-03-16T11:30:00+01:00,,
2024-03-16T12:00:00+01:00,89001.0,38061.0
2024-03-16T12:30:00+01:00,,
2024-03-16T13:00:00+01:00,85060.0,35727.0
2024-03-16T13:30:00+01:00,,
2024-03-16T14:00:00+01:00,80512.0,33506.0
2024-03-16T14:30:00+01:00,,
2024-03-16T15:00:00+01:00,77752.0,32324.0
2024-03-16T15:30:00+01:00,,
2024-03-16T16:00:00+01:00,77872.0,33519.0
2024-03-16T16:30:00+01:00,,
2024-03-16T17:00:00+01:00,80522.0,35914.0
2024-03-16T17:30:00+01:00,,
2024-03-16T18:00:00+01:00,87648.0,40041.0
2024-03-16T18:30:00+01:00,,
2024-03-16T19:00:00+01:00,91841.0,40938.0
2024-03-16T19:30:00+01:00,,
2024-03-16T20:00:00+01:00,89062.0,40046.0
2024-03-16T20:30:00+01:00,,
2024-03-16T21:00:00+01:00,85234.0,38207.0
2024-03-16T21:30:00+01:00,,
2024-03-16T22:00:00+01:00,83221.0,36061.0
2024-03-16T22:30:00+01:00,,
2024-03-16T23:00:00+01:00,82712.0,34192.0
2024-03-16T23:30:00+01:00,,
2024-03-17T00:00:00+01:00,79108.0,31715.0
2024-03-17T00:30:00+01:00,,
2024-03-17T01:00:00+01:00,76526.0,31759.0
2024-03-17T01:30:00+01:00,,
2024-03-17T02:00:00+01:00,75681.0,32140.0
2024-03-17T02:30:00+01:00,,
2024-03-17T03:00:00+01:00,74565.0,33456.0
2024-03-17T03:30:00+01:00,,
2024-03-17T04:00:00+01:00,76060.0,36282.0
2024-03-17T04:30:00+01:00,,
2024-03-17T05:00:00+01:00,82815.0,42949.0
2024-03-17T05:30:00+01:00,,
2024-03-17T06:00:00+01:00,85627.0,45038.0
2024-03-17T06:30:00+01:00,,
2024-03-17T07:00:00+01:00,86259.0,45315.0
2024-03-17T07:30:00+01:00,,
2024-03-17T08:00:00+01:00,87906.0,44796.0
2024-03-17T08:30:00+01:00,,
2024-03-17T09:00:00+01:00,88913.0,43440.0
2024-03-17T09:30:00+01:00,,
2024-03-17T10:00:00+01:00,88962.0,41705.0
2024-03-17T10:30:00+01:00,,
2024-03-17T11:00:00+01:00,88388.0,39930.0
2024-03-17T11:30:00+01:00,,
2024-03-17T12:00:00+01:00,88162.0,37949.0
2024-03-17T12:30:00+01:00,,
2024-03-17T13:00:00+01:00,84848.0,36144.0
2024-03-17T13:30:00+01:00,,
2024-03-17T14:00:00+01:00,80587.0,34468.0
2024-03-17T14:30:00+01:00,,
2024-03-17T15:00:00+01:00,78091.0,33841.0
2024-03-17T15:30:00+01:00,,
2024-03-17T16:00:00+01:00,77451.0,34277.0
2024-03-17T16:30:00+01:00,,
2024-03-17T17:00:00+01:00,79734.0,36191.0
2024-03-17T17:30:00+01:00,,
2024-03-17T18:00:00+01:00,87284.0,40001.0
2024-03-17T18:30:00+01:00,,
2024-03-17T19:00:00+01:00,92310.0,41312.0
2024-03-17T19:30:00+01:00,,
2024-03-17T20:00:00+01:00,88568.0,39451.0
2024-03-17T20:30:00+01:00,,
2024-03-17T21:00:00+01:00,83913.0,36843.0
2024-03-17T21:30:00+01:00,,
2024-03-17T22:00:00+01:00,80718.0,33997.0
2024-03-17T22:30:00+01:00,,
2024-03-17T23:00:00+01:00,79189.0,31804.0
2024-03-17T23:30:00+01:00,,
2024-03-18T00:00:00+01:00,82283.0,36071.0
2024-03-18T00:30:00+01:00,,
2024-03-18T01:00:00+01:00,78764.0,34869.0
2024-03-18T01:30:00+01:00,,
2024-03-18T02:00:00+01:00,78045.0,35154.0
2024-03-18T02:30:00+01:00,,
2024-03-18T03:00:00+01:00,77088.0,36403.0
2024-03-18T03:30:00+01:00,,
2024-03-18T04:00:00+01:00,79332.0,39424.0
2024-03-18T04:30:00+01:00,,
2024-03-18T05:00:00+01:00,88912.0,46373.0
2024-03-18T05:30:00+01:00,,
2024-03-18T06:00:00+01:00,101376.0,53926.0
2024-03-18T06:30:00+01:00,,
2024-03-18T07:00:00+01:00,107322.0,55886.0
2024-03-18T07:30:00+01:00,,
2024-03-18T08:00:00+01:00,106033.0,51954.0
2024-03-18T08:30:00+01:00,,
2024-03-18T09:00:00+01:00,103097.0,48104.0
2024-03-18T09:30:00+01:00,,
2024-03-18T10:00:00+01:00,99390.0,44811.0
2024-03-18T10:30:00+01:00,,
2024-03-18T11:00:00+01:00,97219.0,42727.0
2024-03-18T11:30:00+01:00,,
2024-03-18T12:00:00+01:00,94819.0,40105.0
2024-03-18T12:30:00+01:00,,
2024-03-18T13:00:00+01:00,91401.0,37749.0
2024-03-18T13:30:00+01:00,,
2024-03-18T14:00:00+01:00,87557.0,35740.0
2024-03-18T14:30:00+01:00,,
2024-03-18T15:00:00+01:00,85177.0,34875.0
2024-03-18T15:30:00+01:00,,
2024-03-18T16:00:00+01:00,84271.0,35809.0
2024-03-18T16:30:00+01:00,,
2024-03-18T17:00:00+01:00,86643.0,38595.0
2024-03-18T17:30:00+01:00,,
2024-03-18T18:00:00+01:00,95054.0,43698.0
2024-03-18T18:30:00+01:00,,
2024-03-18T19:00:00+01:00,101123.0,46319.0
2024-03-18T19:30:00+01:00,,
2024-03-18T20:00:00+01:00,98911.0,46179.0
2024-03-18T20:30:00+01:00,,
2024-03-18T21:00:00+01:00,93032.0,43462.0
2024-03-18T21:30:00+01:00,,
2024-03-18T22:00:00+01:00,89589.0,40225.0
2024-03-18T22:30:00+01:00,,
2024-03-18T23:00:00+01:00,88264.0,38588.0
2024-03-18T23:30:00+01:00,,
2024-03-19T00:00:00+01:00,86039.0,37634.0
2024-03-19T00:30:00+01:00,,
2024-03-19T01:00:00+01:00,80996.0,35253.0
2024-03-19T01:30:00+01:00,,
2024-03-19T02:00:00+01:00,80817.0,35827.0
2024-03-19T02:30:00+01:00,,
2024-03-19T03:00:00+01:00,80296.0,37243.0
2024-03-19T03:30:00+01:00,,
2024-03-19T04:00:00+01:00,82791.0,40218.0
2024-03-19T04:30:00+01:00,,
2024-03-19T05:00:00+01:00,91983.0,46885.0
2024-03-19T05:30:00+01:00,,
2024-03-19T06:00:00+01:00,109754.0,59850.0
2024-03-19T06:30:00+01:00,,
2024-03-19T07:00:00+01:00,116171.0,62091.0
2024-03-19T07:30:00+01:00,,
2024-03-19T08:00:00+01:00,111601.0,55761.0
2024-03-19T08:30:00+01:00,,
2024-03-19T09:00:00+01:00,105802.0,49997.0
2024-03-19T09:30:00+01:00,,
2024-03-19T10:00:00+01:00,100196.0,45507.0
2024-03-19T10:30:00+01:00,,
2024-03-19T11:00:00+01:00,95615.0,41875.0
2024-03-19T11:30:00+01:00,,
2024-03-19T12:00:00+01:00,92362.0,38224.0
2024-03-19T12:30:00+01:00,,
2024-03-19T13:00:00+01:00,88838.0,36073.0
2024-03-19T13:30:00+01:00,,
2024-03-19T14:00:00+01:00,84848.0,33872.0
2024-03-19T14:30:00+01:00,,
2024-03-19T15:00:00+01:00,81851.0,32753.0
2024-03-19T15:30:00+01:00,,
2024-03-19T16:00:00+01:00,80882.0,33281.0
2024-03-19T16:30:00+01:00,,
2024-03-19T17:00:00+01:00,82900.0,35695.0
2024-03-19T17:30:00+01:00,,
2024-03-19T18:00:00+01:00,92414.0,42287.0
2024-03-19T18:30:00+01:00,,
2024-03-19T19:00:00+01:00,101320.0,46782.0
2024-03-19T19:30:00+01:00,,
2024-03-19T20:00:00+01:00,97956.0,45945.0
2024-03-19T20:30:00+01:00,,
2024-03-19T21:00:00+01:00,92642.0,43703.0
2024-03-19T21:30:00+01:00,,
2024-03-19T22:00:00+01:00,89954.0,41364.0
2024-03-19T22:30:00+01:00,,
2024-03-19T23:00:00+01:00,89295.0,40140.0
2024-03-19T23:30:00+01:00,,
2024-03-20T00:00:00+01:00,78669.0,31184.0
2024-03-20T00:30:00+01:00,,
2024-03-20T01:00:00+01:00,76358.0,31207.0
2024-03-20T01:30:00+01:00,,
2024-03-20T02:00:00+01:00,75711.0,31478.0
2024-03-20T02:30:00+01:00,,
2024-03-20T03:00:00+01:00,75122.0,32730.0
2024-03-20T03:30:00+01:00,,
2024-03-20T04:00:00+01:00,77696.0,35615.0
2024-03-20T04:30:00+01:00,,
2024-03-20T05:00:00+01:00,85837.0,41526.0
2024-03-20T05:30:00+01:00,,
2024-03-20T06:00:00+01:00,106612.0,57616.0
2024-03-20T06:30:00+01:00,,
2024-03-20T07:00:00+01:00,111748.0,58825.0
2024-03-20T07:30:00+01:00,,
2024-03-20T08:00:00+01:00,108341.0,53285.0
2024-03-20T08:30:00+01:00,,
2024-03-20T09:00:00+01:00,101223.0,46686.0
2024-03-20T09:30:00+01:00,,
2024-03-20T10:00:00+01:00,95569.0,41986.0
2024-03-20T10:30:00+01:00,,
2024-03-20T11:00:00+01:00,92390.0,39149.0
2024-03-20T11:30:00+01:00,,
2024-03-20T12:00:00+01:00,90756.0,36804.0
2024-03-20T12:30:00+01:00,,
2024-03-20T13:00:00+01:00,87743.0,34983.0
2024-03-20T13:30:00+01:00,,
2024-03-20T14:00:00+01:00,83952.0,32885.0
2024-03-20T14:30:00+01:00,,
2024-03-20T15:00:00+01:00,80551.0,31472.0
2024-03-20T15:30:00+01:00,,
2024-03-20T16:00:00+01:00,79190.0,31728.0
2024-03-20T16:30:00+01:00,,
2024-03-20T17:00:00+01:00,80470.0,33230.0
2024-03-20T17:30:00+01:00,,
2024-03-20T18:00:00+01:00,88012.0,37994.0
2024-03-20T18:30:00+01:00,,
2024-03-20T19:00:00+01:00,96430.0,41888.0
2024-03-20T19:30:00+01:00,,
2024-03-20T20:00:00+01:00,93247.0,41334.0
2024-03-20T20:30:00+01:00,,
2024-03-20T21:00:00+01:00,87172.0,38516.0
2024-03-20T21:30:00+01:00,,
2024-03-20T22:00:00+01:00,82410.0,34076.0
2024-03-20T22:30:00+01:00,,
2024-03-20T23:00:00+01:00,80826.0,32033.0
2024-03-20T23:30:00+01:00,,
2024-03-21T00:00:00+01:00,78389.0,31049.0
2024-03-21T00:30:00+01:00,,
2024-03-21T01:00:00+01:00,75410.0,31151.0
2024-03-21T01:30:00+01:00,,
2024-03-21T02:00:00+01:00,74942.0,31336.0
2024-03-21T02:30:00+01:00,,
2024-03-21T03:00:00+01:00,73728.0,32171.0
2024-03-21T03:30:00+01:00,,
2024-03-21T04:00:00+01:00,75840.0,34819.0
2024-03-21T04:30:00+01:00,,
2024-03-21T05:00:00+01:00,83627.0,40416.0
2024-03-21T05:30:00+01:00,,
2024-03-21T06:00:00+01:00,100439.0,52650.0
2024-03-21T06:30:00+01:00,,
2024-03-21T07:00:00+01:00,107048.0,54577.0
2024-03-21T07:30:00+01:00,,
2024-03-21T08:00:00+01:00,103128.0,49261.0
2024-03-21T08:30:00+01:00,,
2024-03-21T09:00:00+01:00,97978.0,44213.0
2024-03-21T09:30:00+01:00,,
2024-03-21T10:00:00+01:00,94017.0,41099.0
2024-03-21T10:30:00+01:00,,
2024-03-21T11:00:00+01:00,91598.0,38539.0
2024-03-21T11:30:00+01:00,,
2024-03-21T12:00:00+01:00,89197.0,36006.0
2024-03-21T12:30:00+01:00,,
2024-03-21T13:00:00+01:00,86549.0,34172.0
2024-03-21T13:30:00+01:00,,
2024-03-21T14:00:00+01:00,82455.0,32151.0
2024-03-21T14:30:00+01:00,,
2024-03-21T15:00:00+01:00,79543.0,30889.0
2024-03-21T15:30:00+01:00,,
2024-03-21T16:00:00+01:00,77965.0,30989.0
2024-03-21T16:30:00+01:00,,
2024-03-21T17:00:00+01:00,78950.0,32365.0
2024-03-21T17:30:00+01:00,,
2024-03-21T18:00:00+01:00,85816.0,36338.0
2024-03-21T18:30:00+01:00,,
2024-03-21T19:00:00+01:00,93053.0,39377.0
2024-03-21T19:30:00+01:00,,
2024-03-21T20:00:00+01:00,89985.0,38688.0
2024-03-21T20:30:00+01:00,,
2024-03-21T21:00:00+01:00,83970.0,35829.0
2024-03-21T21:30:00+01:00,,
2024-03-21T22:00:00+01:00,80830.0,33465.0
2024-03-21T22:30:00+01:00,,
2024-03-21T23:00:00+01:00,79592.0,31668.0
2024-03-21T23:30:00+01:00,,
2024-03-22T00:00:00+01:00,79412.0,32817.0
2024-03-22T00:30:00+01:00,,
2024-03-22T01:00:00+01:00,76429.0,32788.0
2024-03-22T01:30:00+01:00,,
2024-03-22T02:00:00+01:00,75957.0,33060.0
2024-03-22T02:30:00+01:00,,
2024-03-22T03:00:00+01:00,74366.0,33685.0
2024-03-22T03:30:00+01:00,,
2024-03-22T04:00:00+01:00,75815.0,35576.0
2024-03-22T04:30:00+01:00,,
2024-03-22T05:00:00+01:00,81800.0,39537.0
2024-03-22T05:30:00+01:00,,
2024-03-22T06:00:00+01:00,97256.0,50599.0
2024-03-22T06:30:00+01:00,,
2024-03-22T07:00:00+01:00,103753.0,52461.0
2024-03-22T07:30:00+01:00,,
2024-03-22T08:00:00+01:00,101418.0,48731.0
2024-03-22T08:30:00+01:00,,
2024-03-22T09:00:00+01:00,96167.0,43240.0
2024-03-22T09:30:00+01:00,,
2024-03-22T10:00:00+01:00,92130.0,39736.0
2024-03-22T10:30:00+01:00,,
2024-03-22T11:00:00+01:00,90083.0,37790.0
2024-03-22T11:30:00+01:00,,
2024-03-22T12:00:00+01:00,88926.0,35896.0
2024-03-22T12:30:00+01:00,,
2024-03-22T13:00:00+01:00,85878.0,34271.0
2024-03-22T13:30:00+01:00,,
2024-03-22T14:00:00+01:00,82450.0,32512.0
2024-03-22T14:30:00+01:00,,
2024-03-22T15:00:00+01:00,79789.0,31572.0
2024-03-22T15:30:00+01:00,,
2024-03-22T16:00:00+01:00,78464.0,31946.0
2024-03-22T16:30:00+01:00,,
2024-03-22T17:00:00+01:00,79833.0,33379.0
2024-03-22T17:30:00+01:00,,
2024-03-22T18:00:00+01:00,85338.0,36505.0
2024-03-22T18:30:00+01:00,,
2024-03-22T19:00:00+01:00,90078.0,38182.0
2024-03-22T19:30:00+01:00,,
2024-03-22T20:00:00+01:00,88127.0,37747.0
2024-03-22T20:30:00+01:00,,
2024-03-22T21:00:00+01:00,84320.0,36745.0
2024-03-22T21:30:00+01:00,,
2024-03-22T22:00:00+01:00,82510.0,34882.0
2024-03-22T22:30:00+01:00,,
2024-03-22T23:00:00+01:00,81453.0,33195.0
2024-03-22T23:30:00+01:00,,
2024-03-23T00:00:00+01:00,84789.0,38087.0
2024-03-23T00:30:00+01:00,,
2024-03-23T01:00:00+01:00,82112.0,38145.0
2024-03-23T01:30:00+01:00,,
2024-03-23T02:00:00+01:00,81429.0,38814.0
2024-03-23T02:30:00+01:00,,
2024-03-23T03:00:00+01:00,80037.0,39802.0
2024-03-23T03:30:00+01:00,,
2024-03-23T04:00:00+01:00,81070.0,41712.0
2024-03-23T04:30:00+01:00,,
2024-03-23T05:00:00+01:00,85655.0,45624.0
2024-03-23T05:30:00+01:00,,
2024-03-23T06:00:00+01:00,87876.0,46229.0
2024-03-23T06:30:00+01:00,,
2024-03-23T07:00:00+01:00,91037.0,47802.0
2024-03-23T07:30:00+01:00,,
2024-03-23T08:00:00+01:00,93107.0,47352.0
2024-03-23T08:30:00+01:00,,
2024-03-23T09:00:00+01:00,92711.0,44853.0
2024-03-23T09:30:00+01:00,,
2024-03-23T10:00:00+01:00,91900.0,42877.0
2024-03-23T10:30:00+01:00,,
2024-03-23T11:00:00+01:00,90434.0,41674.0
2024-03-23T11:30:00+01:00,,
2024-03-23T12:00:00+01:00,90373.0,40037.0
2024-03-23T12:30:00+01:00,,
2024-03-23T13:00:00+01:00,87486.0,38363.0
2024-03-23T13:30:00+01:00,,
2024-03-23T14:00:00+01:00,84307.0,37306.0
2024-03-23T14:30:00+01:00,,
2024-03-23T15:00:00+01:00,83524.0,37592.0
2024-03-23T15:30:00+01:00,,
2024-03-23T16:00:00+01:00,84451.0,38706.0
2024-03-23T16:30:00+01:00,,
2024-03-23T17:00:00+01:00,87690.0,41672.0
2024-03-23T17:30:00+01:00,,
2024-03-23T18:00:00+01:00,94878.0,45654.0
2024-03-23T18:30:00+01:00,,
2024-03-23T19:00:00+01:00,99471.0,47108.0
2024-03-23T19:30:00+01:00,,
2024-03-23T20:00:00+01:00,97494.0,46504.0
2024-03-23T20:30:00+01:00,,
2024-03-23T21:00:00+01:00,93493.0,44582.0
2024-03-23T21:30:00+01:00,,
2024-03-23T22:00:00+01:00,90699.0,41857.0
2024-03-23T22:30:00+01:00,,
2024-03-23T23:00:00+01:00,89205.0,39266.0
2024-03-23T23:30:00+01:00,,
2024-03-24T00:00:00+01:00,90122.0,41266.0
2024-03-24T00:30:00+01:00,,
2024-03-24T01:00:00+01:00,88464.0,42058.0
2024-03-24T01:30:00+01:00,,
2024-03-24T02:00:00+01:00,88453.0,43399.0
2024-03-24T02:30:00+01:00,,
2024-03-24T03:00:00+01:00,88326.0,45367.0
2024-03-24T03:30:00+01:00,,
2024-03-24T04:00:00+01:00,91288.0,49542.0
2024-03-24T04:30:00+01:00,,
2024-03-24T05:00:00+01:00,99553.0,57156.0
2024-03-24T05:30:00+01:00,,
2024-03-24T06:00:00+01:00,97062.0,53941.0
2024-03-24T06:30:00+01:00,,
2024-03-24T07:00:00+01:00,98036.0,54252.0
2024-03-24T07:30:00+01:00,,
2024-03-24T08:00:00+01:00,97649.0,51951.0
2024-03-24T08:30:00+01:00,,
2024-03-24T09:00:00+01:00,97395.0,49722.0
2024-03-24T09:30:00+01:00,,
2024-03-24T10:00:00+01:00,96124.0,47537.0
2024-03-24T10:30:00+01:00,,
2024-03-24T11:00:00+01:00,95299.0,45379.0
2024-03-24T11:30:00+01:00,,
2024-03-24T12:00:00+01:00,95316.0,43630.0
2024-03-24T12:30:00+01:00,,
2024-03-24T13:00:00+01:00,91237.0,41344.0
2024-03-24T13:30:00+01:00,,
2024-03-24T14:00:00+01:00,85934.0,39144.0
2024-03-24T14:30:00+01:00,,
2024-03-24T15:00:00+01:00,83465.0,38338.0
2024-03-24T15:30:00+01:00,,
2024-03-24T16:00:00+01:00,83081.0,39250.0
2024-03-24T16:30:00+01:00,,
2024-03-24T17:00:00+01:00,86178.0,41588.0
2024-03-24T17:30:00+01:00,,
2024-03-24T18:00:00+01:00,94327.0,46081.0
2024-03-24T18:30:00+01:00,,
2024-03-24T19:00:00+01:00,101617.0,48698.0
2024-03-24T19:30:00+01:00,,
2024-03-24T20:00:00+01:00,99973.0,47797.0
2024-03-24T20:30:00+01:00,,
2024-03-24T21:00:00+01:00,96824.0,46169.0
2024-03-24T21:30:00+01:00,,
2024-03-24T22:00:00+01:00,93664.0,43227.0
2024-03-24T22:30:00+01:00,,
2024-03-24T23:00:00+01:00,92530.0,41096.0
2024-03-24T23:30:00+01:00,,
2024-03-25T00:00:00+01:00,89233.0,39001.0
2024-03-25T00:30:00+01:00,,
2024-03-25T01:00:00+01:00,87358.0,39027.0
2024-03-25T01:30:00+01:00,,
2024-03-25T02:00:00+01:00,87285.0,39270.0
2024-03-25T02:30:00+01:00,,
2024-03-25T03:00:00+01:00,86492.0,40466.0
2024-03-25T03:30:00+01:00,,
2024-03-25T04:00:00+01:00,89534.0,43573.0
2024-03-25T04:30:00+01:00,,
2024-03-25T05:00:00+01:00,99480.0,50658.0
2024-03-25T05:30:00+01:00,,
2024-03-25T06:00:00+01:00,125030.0,71398.0
2024-03-25T06:30:00+01:00,,
2024-03-25T07:00:00+01:00,131347.0,72920.0
2024-03-25T07:30:00+01:00,,
2024-03-25T08:00:00+01:00,126280.0,66528.0
2024-03-25T08:30:00+01:00,,
2024-03-25T09:00:00+01:00,118405.0,58876.0
2024-03-25T09:30:00+01:00,,
2024-03-25T10:00:00+01:00,111540.0,53378.0
2024-03-25T10:30:00+01:00,,
2024-03-25T11:00:00+01:00,107620.0,50074.0
2024-03-25T11:30:00+01:00,,
2024-03-25T12:00:00+01:00,104338.0,46793.0
2024-03-25T12:30:00+01:00,,
2024-03-25T13:00:00+01:00,100575.0,44250.0
2024-03-25T13:30:00+01:00,,
2024-03-25T14:00:00+01:00,96943.0,42449.0
2024-03-25T14:30:00+01:00,,
2024-03-25T15:00:00+01:00,94808.0,41987.0
2024-03-25T15:30:00+01:00,,
2024-03-25T16:00:00+01:00,95752.0,43769.0
2024-03-25T16:30:00+01:00,,
2024-03-25T17:00:00+01:00,98747.0,46562.0
2024-03-25T17:30:00+01:00,,
2024-03-25T18:00:00+01:00,106888.0,50849.0
2024-03-25T18:30:00+01:00,,
2024-03-25T19:00:00+01:00,112508.0,52280.0
2024-03-25T19:30:00+01:00,,
2024-03-25T20:00:00+01:00,106988.0,49771.0
2024-03-25T20:30:00+01:00,,
2024-03-25T21:00:00+01:00,100200.0,46580.0
2024-03-25T21:30:00+01:00,,
2024-03-25T22:00:00+01:00,95412.0,42808.0
2024-03-25T22:30:00+01:00,,
2024-03-25T23:00:00+01:00,92782.0,39850.0
2024-03-25T23:30:00+01:00,,
2024-03-26T00:00:00+01:00,94206.0,43033.0
2024-03-26T00:30:00+01:00,,
2024-03-26T01:00:00+01:00,91855.0,43214.0
2024-03-26T01:30:00+01:00,,
2024-03-26T02:00:00+01:00,91159.0,43488.0
2024-03-26T02:30:00+01:00,,
2024-03-26T03:00:00+01:00,90569.0,44778.0
2024-03-26T03:30:00+01:00,,
2024-03-26T04:00:00+01:00,93555.0,48317.0
2024-03-26T04:30:00+01:00,,
2024-03-26T05:00:00+01:00,103486.0,55876.0
2024-03-26T05:30:00+01:00,,
2024-03-26T06:00:00+01:00,115028.0,62809.0
2024-03-26T06:30:00+01:00,,
2024-03-26T07:00:00+01:00,121524.0,64736.0
2024-03-26T07:30:00+01:00,,
2024-03-26T08:00:00+01:00,119420.0,60565.0
2024-03-26T08:30:00+01:00,,
2024-03-26T09:00:00+01:00,116363.0,56815.0
2024-03-26T09:30:00+01:00,,
2024-03-26T10:00:00+01:00,114001.0,54713.0
2024-03-26T10:30:00+01:00,,
2024-03-26T11:00:00+01:00,113175.0,53654.0
2024-03-26T11:30:00+01:00,,
2024-03-26T12:00:00+01:00,111281.0,51243.0
2024-03-26T12:30:00+01:00,,
2024-03-26T13:00:00+01:00,108606.0,49501.0
2024-03-26T13:30:00+01:00,,
2024-03-26T14:00:00+01:00,106217.0,48442.0
2024-03-26T14:30:00+01:00,,
2024-03-26T15:00:00+01:00,105422.0,48864.0
2024-03-26T15:30:00+01:00,,
2024-03-26T16:00:00+01:00,107505.0,51922.0
2024-03-26T16:30:00+01:00,,
2024-03-26T17:00:00+01:00,112076.0,55981.0
2024-03-26T17:30:00+01:00,,
2024-03-26T18:00:00+01:00,117368.0,58440.0
2024-03-26T18:30:00+01:00,,
2024-03-26T19:00:00+01:00,120091.0,58161.0
2024-03-26T19:30:00+01:00,,
2024-03-26T20:00:00+01:00,115591.0,56089.0
2024-03-26T20:30:00+01:00,,
2024-03-26T21:00:00+01:00,107891.0,51774.0
2024-03-26T21:30:00+01:00,,
2024-03-26T22:00:00+01:00,103010.0,47622.0
2024-03-26T22:30:00+01:00,,
2024-03-26T23:00:00+01:00,99871.0,44350.0
2024-03-26T23:30:00+01:00,,
2024-03-27T00:00:00+01:00,97881.0,44152.0
2024-03-27T00:30:00+01:00,,
2024-03-27T01:00:00+01:00,95415.0,44148.0
2024-03-27T01:30:00+01:00,,
2024-03-27T02:00:00+01:00,95368.0,44801.0
2024-03-27T02:30:00+01:00,,
2024-03-27T03:00:00+01:00,94708.0,46133.0
2024-03-27T03:30:00+01:00,,
2024-03-27T04:00:00+01:00,97624.0,49412.0
2024-03-27T04:30:00+01:00,,
2024-03-27T05:00:00+01:00,107812.0,57028.0
2024-03-27T05:30:00+01:00,,
2024-03-27T06:00:00+01:00,125828.0,70674.0
2024-03-27T06:30:00+01:00,,
2024-03-27T07:00:00+01:00,132447.0,72867.0
2024-03-27T07:30:00+01:00,,
2024-03-27T08:00:00+01:00,130846.0,68988.0
2024-03-27T08:30:00+01:00,,
2024-03-27T09:00:00+01:00,127464.0,65112.0
2024-03-27T09:30:00+01:00,,
2024-03-27T10:00:00+01:00,123970.0,61982.0
2024-03-27T10:30:00+01:00,,
2024-03-27T11:00:00+01:00,120209.0,58347.0
2024-03-27T11:30:00+01:00,,
2024-03-27T12:00:00+01:00,116494.0,54319.0
2024-03-27T12:30:00+01:00,,
2024-03-27T13:00:00+01:00,111785.0,51145.0
2024-03-27T13:30:00+01:00,,
2024-03-27T14:00:00+01:00,107238.0,48786.0
2024-03-27T14:30:00+01:00,,
2024-03-27T15:00:00+01:00,103711.0,47426.0
2024-03-27T15:30:00+01:00,,
2024-03-27T16:00:00+01:00,103349.0,48232.0
2024-03-27T16:30:00+01:00,,
2024-03-27T17:00:00+01:00,105519.0,50497.0
2024-03-27T17:30:00+01:00,,
2024-03-27T18:00:00+01:00,113097.0,54725.0
2024-03-27T18:30:00+01:00,,
2024-03-27T19:00:00+01:00,118680.0,56047.0
2024-03-27T19:30:00+01:00,,
2024-03-27T20:00:00+01:00,114750.0,54135.0
2024-03-27T20:30:00+01:00,,
2024-03-27T21:00:00+01:00,108574.0,51441.0
2024-03-27T21:30:00+01:00,,
2024-03-27T22:00:00+01:00,103832.0,47568.0
2024-03-27T22:30:00+01:00,,
2024-03-27T23:00:00+01:00,101175.0,44370.0
2024-03-27T23:30:00+01:00,,
2024-03-28T00:00:00+01:00,95456.0,40232.0
2024-03-28T00:30:00+01:00,,
2024-03-28T01:00:00+01:00,92659.0,40219.0
2024-03-28T01:30:00+01:00,,
2024-03-28T02:00:00+01:00,92338.0,40450.0
2024-03-28T02:30:00+01:00,,
2024-03-28T03:00:00+01:00,91005.0,41199.0
2024-03-28T03:30:00+01:00,,
2024-03-28T04:00:00+01:00,92464.0,43448.0
2024-03-28T04:30:00+01:00,,
2024-03-28T05:00:00+01:00,101304.0,49994.0
2024-03-28T05:30:00+01:00,,
2024-03-28T06:00:00+01:00,126265.0,70609.0
2024-03-28T06:30:00+01:00,,
2024-03-28T07:00:00+01:00,132815.0,72533.0
2024-03-28T07:30:00+01:00,,
2024-03-28T08:00:00+01:00,128502.0,66808.0
2024-03-28T08:30:00+01:00,,
2024-03-28T09:00:00+01:00,122302.0,60651.0
2024-03-28T09:30:00+01:00,,
2024-03-28T10:00:00+01:00,117711.0,57003.0
2024-03-28T10:30:00+01:00,,
2024-03-28T11:00:00+01:00,115868.0,54957.0
2024-03-28T11:30:00+01:00,,
2024-03-28T12:00:00+01:00,112756.0,51655.0
2024-03-28T12:30:00+01:00,,
2024-03-28T13:00:00+01:00,108655.0,49121.0
2024-03-28T13:30:00+01:00,,
2024-03-28T14:00:00+01:00,103651.0,46335.0
2024-03-28T14:30:00+01:00,,
2024-03-28T15:00:00+01:00,100246.0,44705.0
2024-03-28T15:30:00+01:00,,
2024-03-28T16:00:00+01:00,99625.0,45591.0
2024-03-28T16:30:00+01:00,,
2024-03-28T17:00:00+01:00,101662.0,47510.0
2024-03-28T17:30:00+01:00,,
2024-03-28T18:00:00+01:00,109124.0,51769.0
2024-03-28T18:30:00+01:00,,
2024-03-28T19:00:00+01:00,115497.0,53920.0
2024-03-28T19:30:00+01:00,,
2024-03-28T20:00:00+01:00,110895.0,51798.0
2024-03-28T20:30:00+01:00,,
2024-03-28T21:00:00+01:00,105003.0,48895.0
2024-03-28T21:30:00+01:00,,
2024-03-28T22:00:00+01:00,99794.0,44661.0
2024-03-28T22:30:00+01:00,,
2024-03-28T23:00:00+01:00,95905.0,40861.0
2024-03-28T23:30:00+01:00,,
2024-03-29T00:00:00+01:00,89934.0,36885.0
2024-03-29T00:30:00+01:00,,
2024-03-29T01:00:00+01:00,87151.0,36896.0
2024-03-29T01:30:00+01:00,,
2024-03-29T02:00:00+01:00,86076.0,36854.0
2024-03-29T02:30:00+01:00,,
2024-03-29T03:00:00+01:00,84442.0,37516.0
2024-03-29T03:30:00+01:00,,
2024-03-29T04:00:00+01:00,85354.0,39203.0
2024-03-29T04:30:00+01:00,,
2024-03-29T05:00:00+01:00,91030.0,42984.0
2024-03-29T05:30:00+01:00,,
2024-03-29T06:00:00+01:00,112043.0,60805.0
2024-03-29T06:30:00+01:00,,
2024-03-29T07:00:00+01:00,117391.0,61973.0
2024-03-29T07:30:00+01:00,,
2024-03-29T08:00:00+01:00,114764.0,57545.0
2024-03-29T08:30:00+01:00,,
2024-03-29T09:00:00+01:00,110344.0,52846.0
2024-03-29T09:30:00+01:00,,
2024-03-29T10:00:00+01:00,107294.0,50351.0
2024-03-29T10:30:00+01:00,,
2024-03-29T11:00:00+01:00,104621.0,47642.0
2024-03-29T11:30:00+01:00,,
2024-03-29T12:00:00+01:00,102314.0,44962.0
2024-03-29T12:30:00+01:00,,
2024-03-29T13:00:00+01:00,98808.0,42475.0
2024-03-29T13:30:00+01:00,,
2024-03-29T14:00:00+01:00,94796.0,40793.0
2024-03-29T14:30:00+01:00,,
2024-03-29T15:00:00+01:00,93016.0,40290.0
2024-03-29T15:30:00+01:00,,
2024-03-29T16:00:00+01:00,93699.0,41846.0
2024-03-29T16:30:00+01:00,,
2024-03-29T17:00:00+01:00,96526.0,44362.0
2024-03-29T17:30:00+01:00,,
2024-03-29T18:00:00+01:00,101240.0,46814.0
2024-03-29T18:30:00+01:00,,
2024-03-29T19:00:00+01:00,105096.0,48073.0
2024-03-29T19:30:00+01:00,,
2024-03-29T20:00:00+01:00,102392.0,46687.0
2024-03-29T20:30:00+01:00,,
2024-03-29T21:00:00+01:00,97292.0,44196.0
2024-03-29T21:30:00+01:00,,
2024-03-29T22:00:00+01:00,93233.0,40784.0
2024-03-29T22:30:00+01:00,,
2024-03-29T23:00:00+01:00,90805.0,37889.0
2024-03-29T23:30:00+01:00,,
2024-03-30T00:00:00+01:00,87770.0,36457.0
2024-03-30T00:30:00+01:00,,
2024-03-30T01:00:00+01:00,84497.0,36091.0
2024-03-30T01:30:00+01:00,,
2024-03-30T02:00:00+01:00,49437.0,2506.0
2024-03-30T02:30:00+01:00,,
2024-03-30T03:00:00+01:00,75907.0,31193.0
2024-03-30T03:30:00+01:00,,
2024-03-30T04:00:00+01:00,81100.0,37608.0
2024-03-30T04:30:00+01:00,,
2024-03-30T05:00:00+01:00,84956.0,41096.0
2024-03-30T05:30:00+01:00,,
2024-03-30T06:00:00+01:00,96489.0,51400.0
2024-03-30T06:30:00+01:00,,
2024-03-30T07:00:00+01:00,99187.0,52286.0
2024-03-30T07:30:00+01:00,,
2024-03-30T08:00:00+01:00,100493.0,51393.0
2024-03-30T08:30:00+01:00,,
2024-03-30T09:00:00+01:00,100584.0,49479.0
2024-03-30T09:30:00+01:00,,
2024-03-30T10:00:00+01:00,99815.0,47841.0
2024-03-30T10:30:00+01:00,,
2024-03-30T11:00:00+01:00,98373.0,45878.0
2024-03-30T11:30:00+01:00,,
2024-03-30T12:00:00+01:00,97381.0,43498.0
2024-03-30T12:30:00+01:00,,
2024-03-30T13:00:00+01:00,93340.0,40889.0
2024-03-30T13:30:00+01:00,,
2024-03-30T14:00:00+01:00,88427.0,38527.0
2024-03-30T14:30:00+01:00,,
2024-03-30T15:00:00+01:00,85895.0,37679.0
2024-03-30T15:30:00+01:00,,
2024-03-30T16:00:00+01:00,85214.0,38466.0
2024-03-30T16:30:00+01:00,,
2024-03-30T17:00:00+01:00,87081.0,40120.0
2024-03-30T17:30:00+01:00,,
2024-03-30T18:00:00+01:00,92569.0,43344.0
2024-03-30T18:30:00+01:00,,
2024-03-30T19:00:00+01:00,98582.0,46196.0
2024-03-30T19:30:00+01:00,,
2024-03-30T20:00:00+01:00,96672.0,45326.0
2024-03-30T20:30:00+01:00,,
2024-03-30T21:00:00+01:00,92716.0,43099.0
2024-03-30T21:30:00+01:00,,
2024-03-30T22:00:00+01:00,89801.0,39729.0
2024-03-30T22:30:00+01:00,,
2024-03-30T23:00:00+01:00,87965.0,36940.0
2024-03-30T23:30:00+01:00,,
2024-03-31T00:00:00+01:00,84631.0,34743.0
2024-03-31T00:30:00+01:00,,
2024-03-31T01:00:00+01:00,81873.0,34545.0
2024-03-31T01:30:00+01:00,,
2024-03-31T03:00:00+02:00,78532.0,31850.0
2024-03-31T03:00:00+02:00,80869.0,34188.0
2024-03-31T03:30:00+02:00,,
2024-03-31T03:30:00+02:00,,
2024-03-31T04:00:00+02:00,79610.0,36414.0
2024-03-31T04:30:00+02:00,,
2024-03-31T05:00:00+02:00,83871.0,41400.0
2024-03-31T05:30:00+02:00,,
2024-03-31T06:00:00+02:00,89186.0,46439.0
2024-03-31T06:30:00+02:00,,
2024-03-31T07:00:00+02:00,92714.0,49748.0
2024-03-31T07:30:00+02:00,,
2024-03-31T08:00:00+02:00,93713.0,49397.0
2024-03-31T08:30:00+02:00,,
2024-03-31T09:00:00+02:00,93473.0,46937.0
2024-03-31T09:30:00+02:00,,
2024-03-31T10:00:00+02:00,92470.0,44233.0
2024-03-31T10:30:00+02:00,,
2024-03-31T11:00:00+02:00,91402.0,41728.0
2024-03-31T11:30:00+02:00,,
2024-03-31T12:00:00+02:00,89852.0,39160.0
2024-03-31T12:30:00+02:00,,
2024-03-31T13:00:00+02:00,86205.0,36904.0
2024-03-31T13:30:00+02:00,,
2024-03-31T14:00:00+02:00,81717.0,35470.0
2024-03-31T14:30:00+02:00,,
2024-03-31T15:00:00+02:00,79506.0,34952.0
2024-03-31T15:30:00+02:00,,
2024-03-31T16:00:00+02:00,80577.0,36518.0
2024-03-31T16:30:00+02:00,,
2024-03-31T17:00:00+02:00,80673.0,37047.0
2024-03-31T17:30:00+02:00,,
2024-03-31T18:00:00+02:00,84374.0,38973.0
2024-03-31T18:30:00+02:00,,
2024-03-31T19:00:00+02:00,89031.0,40988.0
2024-03-31T19:30:00+02:00,,
2024-03-31T20:00:00+02:00,91651.0,41745.0
2024-03-31T20:30:00+02:00,,
2024-03-31T21:00:00+02:00,89735.0,40454.0
2024-03-31T21:30:00+02:00,,
2024-03-31T22:00:00+02:00,87162.0,37951.0
2024-03-31T22:30:00+02:00,,
2024-03-31T23:00:00+02:00,86237.0,35917.0
2024-03-31T23:30:00+02:00,,
2024-04-01T00:00:00+02:00,84032.0,35071.0
2024-04-01T00:30:00+02:00,,
2024-04-01T01:00:00+02:00,81704.0,35314.0
2024-04-01T01:30:00+02:00,,
2024-04-01T02:00:00+02:00,81112.0,35933.0
2024-04-01T02:30:00+02:00,,
2024-04-01T03:00:00+02:00,80164.0,37301.0
2024-04-01T03:30:00+02:00,,
2024-04-01T04:00:00+02:00,82148.0,40351.0
2024-04-01T04:30:00+02:00,,
2024-04-01T05:00:00+02:00,89677.0,47281.0
2024-04-01T05:30:00+02:00,,
2024-04-01T06:00:00+02:00,94171.0,50441.0
2024-04-01T06:30:00+02:00,,
2024-04-01T07:00:00+02:00,96884.0,52325.0
2024-04-01T07:30:00+02:00,,
2024-04-01T08:00:00+02:00,96548.0,50263.0
2024-04-01T08:30:00+02:00,,
2024-04-01T09:00:00+02:00,96712.0,48129.0
2024-04-01T09:30:00+02:00,,
2024-04-01T10:00:00+02:00,96445.0,46141.0
2024-04-01T10:30:00+02:00,,
2024-04-01T11:00:00+02:00,95200.0,43652.0
2024-04-01T11:30:00+02:00,,
2024-04-01T12:00:00+02:00,94048.0,41112.0
2024-04-01T12:30:00+02:00,,
2024-04-01T13:00:00+02:00,89043.0,38066.0
2024-04-01T13:30:00+02:00,,
2024-04-01T14:00:00+02:00,84273.0,35850.0
2024-04-01T14:30:00+02:00,,
2024-04-01T15:00:00+02:00,81563.0,35027.0
2024-04-01T15:30:00+02:00,,
2024-04-01T16:00:00+02:00,80486.0,35310.0
2024-04-01T16:30:00+02:00,,
2024-04-01T17:00:00+02:00,81956.0,36475.0
2024-04-01T17:30:00+02:00,,
2024-04-01T18:00:00+02:00,85963.0,38370.0
2024-04-01T18:30:00+02:00,,
2024-04-01T19:00:00+02:00,92395.0,41374.0
2024-04-01T19:30:00+02:00,,
2024-04-01T20:00:00+02:00,96566.0,43991.0
2024-04-01T20:30:00+02:00,,
2024-04-01T21:00:00+02:00,94016.0,42570.0
2024-04-01T21:30:00+02:00,,
2024-04-01T22:00:00+02:00,90447.0,39158.0
2024-04-01T22:30:00+02:00,,
2024-04-01T23:00:00+02:00,87870.0,36501.0
2024-04-01T23:30:00+02:00,,
2024-04-02T00:00:00+02:00,83359.0,33451.0
2024-04-02T00:30:00+02:00,,
2024-04-02T01:00:00+02:00,80838.0,33329.0
2024-04-02T01:30:00+02:00,,
2024-04-02T02:00:00+02:00,80044.0,33426.0
2024-04-02T02:30:00+02:00,,
2024-04-02T03:00:00+02:00,79135.0,34444.0
2024-04-02T03:30:00+02:00,,
2024-04-02T04:00:00+02:00,81154.0,36972.0
2024-04-02T04:30:00+02:00,,
2024-04-02T05:00:00+02:00,89997.0,42885.0
2024-04-02T05:30:00+02:00,,
2024-04-02T06:00:00+02:00,111741.0,59348.0
2024-04-02T06:30:00+02:00,,
2024-04-02T07:00:00+02:00,121681.0,64171.0
2024-04-02T07:30:00+02:00,,
2024-04-02T08:00:00+02:00,119831.0,60118.0
2024-04-02T08:30:00+02:00,,
2024-04-02T09:00:00+02:00,114282.0,54392.0
2024-04-02T09:30:00+02:00,,
2024-04-02T10:00:00+02:00,109466.0,50266.0
2024-04-02T10:30:00+02:00,,
2024-04-02T11:00:00+02:00,106557.0,47784.0
2024-04-02T11:30:00+02:00,,
2024-04-02T12:00:00+02:00,103361.0,44245.0
2024-04-02T12:30:00+02:00,,
2024-04-02T13:00:00+02:00,98940.0,41346.0
2024-04-02T13:30:00+02:00,,
2024-04-02T14:00:00+02:00,95213.0,39295.0
2024-04-02T14:30:00+02:00,,
2024-04-02T15:00:00+02:00,91743.0,38107.0
2024-04-02T15:30:00+02:00,,
2024-04-02T16:00:00+02:00,90769.0,38656.0
2024-04-02T16:30:00+02:00,,
2024-04-02T17:00:00+02:00,92310.0,40445.0
2024-04-02T17:30:00+02:00,,
2024-04-02T18:00:00+02:00,96455.0,42746.0
2024-04-02T18:30:00+02:00,,
2024-04-02T19:00:00+02:00,100962.0,44316.0
2024-04-02T19:30:00+02:00,,
2024-04-02T20:00:00+02:00,100438.0,44063.0
2024-04-02T20:30:00+02:00,,
2024-04-02T21:00:00+02:00,95804.0,41581.0
2024-04-02T21:30:00+02:00,,
2024-04-02T22:00:00+02:00,91776.0,38412.0
2024-04-02T22:30:00+02:00,,
2024-04-02T23:00:00+02:00,87936.0,34691.0
2024-04-02T23:30:00+02:00,,
2024-04-03T00:00:00+02:00,82071.0,30934.0
2024-04-03T00:30:00+02:00,,
2024-04-03T01:00:00+02:00,78828.0,30560.0
2024-04-03T01:30:00+02:00,,
2024-04-03T02:00:00+02:00,77745.0,30470.0
2024-04-03T02:30:00+02:00,,
2024-04-03T03:00:00+02:00,76087.0,31066.0
2024-04-03T03:30:00+02:00,,
2024-04-03T04:00:00+02:00,77385.0,33218.0
2024-04-03T04:30:00+02:00,,
2024-04-03T05:00:00+02:00,85042.0,38956.0
2024-04-03T05:30:00+02:00,,
2024-04-03T06:00:00+02:00,103622.0,53083.0
2024-04-03T06:30:00+02:00,,
2024-04-03T07:00:00+02:00,111109.0,56474.0
2024-04-03T07:30:00+02:00,,
2024-04-03T08:00:00+02:00,110787.0,53401.0
2024-04-03T08:30:00+02:00,,
2024-04-03T09:00:00+02:00,107991.0,49617.0
2024-04-03T09:30:00+02:00,,
2024-04-03T10:00:00+02:00,104671.0,46618.0
2024-04-03T10:30:00+02:00,,
2024-04-03T11:00:00+02:00,103122.0,44779.0
2024-04-03T11:30:00+02:00,,
2024-04-03T12:00:00+02:00,100066.0,41284.0
2024-04-03T12:30:00+02:00,,
2024-04-03T13:00:00+02:00,96685.0,39083.0
2024-04-03T13:30:00+02:00,,
2024-04-03T14:00:00+02:00,92471.0,36682.0
2024-04-03T14:30:00+02:00,,
2024-04-03T15:00:00+02:00,88784.0,35071.0
2024-04-03T15:30:00+02:00,,
2024-04-03T16:00:00+02:00,86464.0,34567.0
2024-04-03T16:30:00+02:00,,
2024-04-03T17:00:00+02:00,86201.0,35517.0
2024-04-03T17:30:00+02:00,,
2024-04-03T18:00:00+02:00,90192.0,37628.0
2024-04-03T18:30:00+02:00,,
2024-04-03T19:00:00+02:00,94311.0,39610.0
2024-04-03T19:30:00+02:00,,
2024-04-03T20:00:00+02:00,94461.0,39838.0
2024-04-03T20:30:00+02:00,,
2024-04-03T21:00:00+02:00,89834.0,37584.0
2024-04-03T21:30:00+02:00,,
2024-04-03T22:00:00+02:00,86327.0,34657.0
2024-04-03T22:30:00+02:00,,
2024-04-03T23:00:00+02:00,84040.0,31970.0
2024-04-03T23:30:00+02:00,,
2024-04-04T00:00:00+02:00,78140.0,28077.0
2024-04-04T00:30:00+02:00,,
2024-04-04T01:00:00+02:00,74637.0,27444.0
2024-04-04T01:30:00+02:00,,
2024-04-04T02:00:00+02:00,73353.0,27261.0
2024-04-04T02:30:00+02:00,,
2024-04-04T03:00:00+02:00,72270.0,27918.0
2024-04-04T03:30:00+02:00,,
2024-04-04T04:00:00+02:00,73078.0,29855.0
2024-04-04T04:30:00+02:00,,
2024-04-04T05:00:00+02:00,79864.0,34635.0
2024-04-04T05:30:00+02:00,,
2024-04-04T06:00:00+02:00,99182.0,49536.0
2024-04-04T06:30:00+02:00,,
2024-04-04T07:00:00+02:00,107424.0,53217.0
2024-04-04T07:30:00+02:00,,
2024-04-04T08:00:00+02:00,105838.0,49462.0
2024-04-04T08:30:00+02:00,,
2024-04-04T09:00:00+02:00,102494.0,45708.0
2024-04-04T09:30:00+02:00,,
2024-04-04T10:00:00+02:00,99954.0,43401.0
2024-04-04T10:30:00+02:00,,
2024-04-04T11:00:00+02:00,97631.0,41364.0
2024-04-04T11:30:00+02:00,,
2024-04-04T12:00:00+02:00,94007.0,37887.0
2024-04-04T12:30:00+02:00,,
2024-04-04T13:00:00+02:00,90316.0,35229.0
2024-04-04T13:30:00+02:00,,
2024-04-04T14:00:00+02:00,85797.0,32865.0
2024-04-04T14:30:00+02:00,,
2024-04-04T15:00:00+02:00,82357.0,31090.0
2024-04-04T15:30:00+02:00,,
2024-04-04T16:00:00+02:00,80623.0,31004.0
2024-04-04T16:30:00+02:00,,
2024-04-04T17:00:00+02:00,80669.0,32011.0
2024-04-04T17:30:00+02:00,,
2024-04-04T18:00:00+02:00,84188.0,33925.0
2024-04-04T18:30:00+02:00,,
2024-04-04T19:00:00+02:00,88230.0,35582.0
2024-04-04T19:30:00+02:00,,
2024-04-04T20:00:00+02:00,88340.0,35913.0
2024-04-04T20:30:00+02:00,,
2024-04-04T21:00:00+02:00,84221.0,33703.0
2024-04-04T21:30:00+02:00,,
2024-04-04T22:00:00+02:00,80842.0,31534.0
2024-04-04T22:30:00+02:00,,
2024-04-04T23:00:00+02:00,79172.0,29382.0
2024-04-04T23:30:00+02:00,,
2024-04-05T00:00:00+02:00,72255.0,24501.0
2024-04-05T00:30:00+02:00,,
2024-04-05T01:00:00+02:00,69172.0,24225.0
2024-04-05T01:30:00+02:00,,
2024-04-05T02:00:00+02:00,67543.0,23921.0
2024-04-05T02:30:00+02:00,,
2024-04-05T03:00:00+02:00,65484.0,23835.0
2024-04-05T03:30:00+02:00,,
2024-04-05T04:00:00+02:00,65713.0,24767.0
2024-04-05T04:30:00+02:00,,
2024-04-05T05:00:00+02:00,70047.0,27209.0
2024-04-05T05:30:00+02:00,,
2024-04-05T06:00:00+02:00,90685.0,43293.0
2024-04-05T06:30:00+02:00,,
2024-04-05T07:00:00+02:00,97557.0,46215.0
2024-04-05T07:30:00+02:00,,
2024-04-05T08:00:00+02:00,95935.0,42416.0
2024-04-05T08:30:00+02:00,,
2024-04-05T09:00:00+02:00,93419.0,39104.0
2024-04-05T09:30:00+02:00,,
2024-04-05T10:00:00+02:00,90738.0,36933.0
2024-04-05T10:30:00+02:00,,
2024-04-05T11:00:00+02:00,88860.0,35030.0
2024-04-05T11:30:00+02:00,,
2024-04-05T12:00:00+02:00,87523.0,33230.0
2024-04-05T12:30:00+02:00,,
2024-04-05T13:00:00+02:00,83644.0,30628.0
2024-04-05T13:30:00+02:00,,
2024-04-05T14:00:00+02:00,79095.0,28453.0
2024-04-05T14:30:00+02:00,,
2024-04-05T15:00:00+02:00,76085.0,27327.0
2024-04-05T15:30:00+02:00,,
2024-04-05T16:00:00+02:00,74777.0,27284.0
2024-04-05T16:30:00+02:00,,
2024-04-05T17:00:00+02:00,74669.0,27743.0
2024-04-05T17:30:00+02:00,,
2024-04-05T18:00:00+02:00,77843.0,29317.0
2024-04-05T18:30:00+02:00,,
2024-04-05T19:00:00+02:00,80396.0,30838.0
2024-04-05T19:30:00+02:00,,
2024-04-05T20:00:00+02:00,80158.0,30680.0
2024-04-05T20:30:00+02:00,,
2024-04-05T21:00:00+02:00,76882.0,29034.0
2024-04-05T21:30:00+02:00,,
2024-04-05T22:00:00+02:00,74406.0,27022.0
2024-04-05T22:30:00+02:00,,
2024-04-05T23:00:00+02:00,73067.0,25156.0
2024-04-05T23:30:00+02:00,,
2024-04-06T00:00:00+02:00,66695.0,20630.0
2024-04-06T00:30:00+02:00,,
2024-04-06T01:00:00+02:00,63353.0,20354.0
2024-04-06T01:30:00+02:00,,
2024-04-06T02:00:00+02:00,61868.0,20299.0
2024-04-06T02:30:00+02:00,,
2024-04-06T03:00:00+02:00,59551.0,20686.0
2024-04-06T03:30:00+02:00,,
2024-04-06T04:00:00+02:00,58771.0,21466.0
2024-04-06T04:30:00+02:00,,
2024-04-06T05:00:00+02:00,60774.0,23151.0
2024-04-06T05:30:00+02:00,,
2024-04-06T06:00:00+02:00,70738.0,31628.0
2024-04-06T06:30:00+02:00,,
2024-04-06T07:00:00+02:00,73222.0,33111.0
2024-04-06T07:30:00+02:00,,
2024-04-06T08:00:00+02:00,74831.0,32484.0
2024-04-06T08:30:00+02:00,,
2024-04-06T09:00:00+02:00,75657.0,31134.0
2024-04-06T09:30:00+02:00,,
2024-04-06T10:00:00+02:00,74150.0,28860.0
2024-04-06T10:30:00+02:00,,
2024-04-06T11:00:00+02:00,72303.0,26889.0
2024-04-06T11:30:00+02:00,,
2024-04-06T12:00:00+02:00,72439.0,25593.0
2024-04-06T12:30:00+02:00,,
2024-04-06T13:00:00+02:00,70338.0,24177.0
2024-04-06T13:30:00+02:00,,
2024-04-06T14:00:00+02:00,66482.0,22507.0
2024-04-06T14:30:00+02:00,,
2024-04-06T15:00:00+02:00,63979.0,21636.0
2024-04-06T15:30:00+02:00,,
2024-04-06T16:00:00+02:00,62377.0,21540.0
2024-04-06T16:30:00+02:00,,
2024-04-06T17:00:00+02:00,63195.0,22183.0
2024-04-06T17:30:00+02:00,,
2024-04-06T18:00:00+02:00,66086.0,23648.0
2024-04-06T18:30:00+02:00,,
2024-04-06T19:00:00+02:00,69117.0,24884.0
2024-04-06T19:30:00+02:00,,
2024-04-06T20:00:00+02:00,69392.0,25142.0
2024-04-06T20:30:00+02:00,,
2024-04-06T21:00:00+02:00,67269.0,23802.0
2024-04-06T21:30:00+02:00,,
2024-04-06T22:00:00+02:00,65958.0,22330.0
2024-04-06T22:30:00+02:00,,
2024-04-06T23:00:00+02:00,65554.0,21156.0
2024-04-06T23:30:00+02:00,,
2024-04-07T00:00:00+02:00,65161.0,22318.0
2024-04-07T00:30:00+02:00,,
2024-04-07T01:00:00+02:00,62406.0,22280.0
2024-04-07T01:30:00+02:00,,
2024-04-07T02:00:00+02:00,60739.0,22215.0
2024-04-07T02:30:00+02:00,,
2024-04-07T03:00:00+02:00,59235.0,23260.0
2024-04-07T03:30:00+02:00,,
2024-04-07T04:00:00+02:00,59721.0,25329.0
2024-04-07T04:30:00+02:00,,
2024-04-07T05:00:00+02:00,63917.0,29414.0
2024-04-07T05:30:00+02:00,,
2024-04-07T06:00:00+02:00,61419.0,26031.0
2024-04-07T06:30:00+02:00,,
2024-04-07T07:00:00+02:00,62664.0,27110.0
2024-04-07T07:30:00+02:00,,
2024-04-07T08:00:00+02:00,64739.0,27492.0
2024-04-07T08:30:00+02:00,,
2024-04-07T09:00:00+02:00,67218.0,27525.0
2024-04-07T09:30:00+02:00,,
2024-04-07T10:00:00+02:00,68615.0,26997.0
2024-04-07T10:30:00+02:00,,
2024-04-07T11:00:00+02:00,69126.0,25930.0
2024-04-07T11:30:00+02:00,,
2024-04-07T12:00:00+02:00,69989.0,24825.0
2024-04-07T12:30:00+02:00,,
2024-04-07T13:00:00+02:00,67654.0,23681.0
2024-04-07T13:30:00+02:00,,
2024-04-07T14:00:00+02:00,64016.0,22407.0
2024-04-07T14:30:00+02:00,,
2024-04-07T15:00:00+02:00,62151.0,21940.0
2024-04-07T15:30:00+02:00,,
2024-04-07T16:00:00+02:00,61388.0,22199.0
2024-04-07T16:30:00+02:00,,
2024-04-07T17:00:00+02:00,63095.0,23394.0
2024-04-07T17:30:00+02:00,,
2024-04-07T18:00:00+02:00,68259.0,26148.0
2024-04-07T18:30:00+02:00,,
2024-04-07T19:00:00+02:00,73136.0,28333.0
2024-04-07T19:30:00+02:00,,
2024-04-07T20:00:00+02:00,72548.0,27412.0
2024-04-07T20:30:00+02:00,,
2024-04-07T21:00:00+02:00,69701.0,25600.0
2024-04-07T21:30:00+02:00,,
2024-04-07T22:00:00+02:00,67276.0,23818.0
2024-04-07T22:30:00+02:00,,
2024-04-07T23:00:00+02:00,67094.0,22650.0
2024-04-07T23:30:00+02:00,,
2024-04-08T00:00:00+02:00,67233.0,24144.0
2024-04-08T00:30:00+02:00,,
2024-04-08T01:00:00+02:00,64934.0,24349.0
2024-04-08T01:30:00+02:00,,
2024-04-08T02:00:00+02:00,64048.0,24599.0
2024-04-08T02:30:00+02:00,,
2024-04-08T03:00:00+02:00,63341.0,25890.0
2024-04-08T03:30:00+02:00,,
2024-04-08T04:00:00+02:00,64749.0,28088.0
2024-04-08T04:30:00+02:00,,
2024-04-08T05:00:00+02:00,71663.0,32608.0
2024-04-08T05:30:00+02:00,,
2024-04-08T06:00:00+02:00,81162.0,37209.0
2024-04-08T06:30:00+02:00,,
2024-04-08T07:00:00+02:00,87940.0,40319.0
2024-04-08T07:30:00+02:00,,
2024-04-08T08:00:00+02:00,89235.0,38720.0
2024-04-08T08:30:00+02:00,,
2024-04-08T09:00:00+02:00,88033.0,36450.0
2024-04-08T09:30:00+02:00,,
2024-04-08T10:00:00+02:00,86538.0,34648.0
2024-04-08T10:30:00+02:00,,
2024-04-08T11:00:00+02:00,85701.0,33400.0
2024-04-08T11:30:00+02:00,,
2024-04-08T12:00:00+02:00,83901.0,30723.0
2024-04-08T12:30:00+02:00,,
2024-04-08T13:00:00+02:00,80001.0,28287.0
2024-04-08T13:30:00+02:00,,
2024-04-08T14:00:00+02:00,76464.0,26492.0
2024-04-08T14:30:00+02:00,,
2024-04-08T15:00:00+02:00,73337.0,25010.0
2024-04-08T15:30:00+02:00,,
2024-04-08T16:00:00+02:00,71750.0,24781.0
2024-04-08T16:30:00+02:00,,
2024-04-08T17:00:00+02:00,71837.0,25647.0
2024-04-08T17:30:00+02:00,,
2024-04-08T18:00:00+02:00,75159.0,27418.0
2024-04-08T18:30:00+02:00,,
2024-04-08T19:00:00+02:00,79667.0,29243.0
2024-04-08T19:30:00+02:00,,
2024-04-08T20:00:00+02:00,79334.0,29627.0
2024-04-08T20:30:00+02:00,,
2024-04-08T21:00:00+02:00,75549.0,28220.0
2024-04-08T21:30:00+02:00,,
2024-04-08T22:00:00+02:00,73114.0,26199.0
2024-04-08T22:30:00+02:00,,
2024-04-08T23:00:00+02:00,72410.0,25127.0
2024-04-08T23:30:00+02:00,,
2024-04-09T00:00:00+02:00,78319.0,32886.0
2024-04-09T00:30:00+02:00,,
2024-04-09T01:00:00+02:00,75430.0,32828.0
2024-04-09T01:30:00+02:00,,
2024-04-09T02:00:00+02:00,74483.0,32971.0
2024-04-09T02:30:00+02:00,,
2024-04-09T03:00:00+02:00,74073.0,34257.0
2024-04-09T03:30:00+02:00,,
2024-04-09T04:00:00+02:00,76110.0,37017.0
2024-04-09T04:30:00+02:00,,
2024-04-09T05:00:00+02:00,84100.0,42828.0
2024-04-09T05:30:00+02:00,,
2024-04-09T06:00:00+02:00,87705.0,41810.0
2024-04-09T06:30:00+02:00,,
2024-04-09T07:00:00+02:00,96761.0,46137.0
2024-04-09T07:30:00+02:00,,
2024-04-09T08:00:00+02:00,98710.0,45160.0
2024-04-09T08:30:00+02:00,,
2024-04-09T09:00:00+02:00,98156.0,43455.0
2024-04-09T09:30:00+02:00,,
2024-04-09T10:00:00+02:00,96658.0,41806.0
2024-04-09T10:30:00+02:00,,
2024-04-09T11:00:00+02:00,96119.0,40762.0
2024-04-09T11:30:00+02:00,,
2024-04-09T12:00:00+02:00,95194.0,39324.0
2024-04-09T12:30:00+02:00,,
2024-04-09T13:00:00+02:00,92877.0,37650.0
2024-04-09T13:30:00+02:00,,
2024-04-09T14:00:00+02:00,89335.0,35860.0
2024-04-09T14:30:00+02:00,,
2024-04-09T15:00:00+02:00,86277.0,34555.0
2024-04-09T15:30:00+02:00,,
2024-04-09T16:00:00+02:00,84720.0,34357.0
2024-04-09T16:30:00+02:00,,
2024-04-09T17:00:00+02:00,83618.0,34578.0
2024-04-09T17:30:00+02:00,,
2024-04-09T18:00:00+02:00,87122.0,36518.0
2024-04-09T18:30:00+02:00,,
2024-04-09T19:00:00+02:00,91472.0,38660.0
2024-04-09T19:30:00+02:00,,
2024-04-09T20:00:00+02:00,92844.0,40207.0
2024-04-09T20:30:00+02:00,,
2024-04-09T21:00:00+02:00,89829.0,38820.0
2024-04-09T21:30:00+02:00,,
2024-04-09T22:00:00+02:00,87036.0,36143.0
2024-04-09T22:30:00+02:00,,
2024-04-09T23:00:00+02:00,85277.0,34108.0
2024-04-09T23:30:00+02:00,,
2024-04-10T00:00:00+02:00,79302.0,29785.0
2024-04-10T00:30:00+02:00,,
2024-04-10T01:00:00+02:00,76320.0,29405.0
2024-04-10T01:30:00+02:00,,
2024-04-10T02:00:00+02:00,75197.0,29489.0
2024-04-10T02:30:00+02:00,,
2024-04-10T03:00:00+02:00,74425.0,30418.0
2024-04-10T03:30:00+02:00,,
2024-04-10T04:00:00+02:00,75901.0,32496.0
2024-04-10T04:30:00+02:00,,
2024-04-10T05:00:00+02:00,83462.0,38017.0
2024-04-10T05:30:00+02:00,,
2024-04-10T06:00:00+02:00,105073.0,54694.0
2024-04-10T06:30:00+02:00,,
2024-04-10T07:00:00+02:00,114863.0,60337.0
2024-04-10T07:30:00+02:00,,
2024-04-10T08:00:00+02:00,111977.0,55209.0
2024-04-10T08:30:00+02:00,,
2024-04-10T09:00:00+02:00,105762.0,48633.0
2024-04-10T09:30:00+02:00,,
2024-04-10T10:00:00+02:00,100642.0,44202.0
2024-04-10T10:30:00+02:00,,
2024-04-10T11:00:00+02:00,97066.0,41268.0
2024-04-10T11:30:00+02:00,,
2024-04-10T12:00:00+02:00,95014.0,38680.0
2024-04-10T12:30:00+02:00,,
2024-04-10T13:00:00+02:00,91111.0,36549.0
2024-04-10T13:30:00+02:00,,
2024-04-10T14:00:00+02:00,86616.0,33951.0
2024-04-10T14:30:00+02:00,,
2024-04-10T15:00:00+02:00,83109.0,32056.0
2024-04-10T15:30:00+02:00,,
2024-04-10T16:00:00+02:00,80941.0,31516.0
2024-04-10T16:30:00+02:00,,
2024-04-10T17:00:00+02:00,80354.0,32188.0
2024-04-10T17:30:00+02:00,,
2024-04-10T18:00:00+02:00,84384.0,34262.0
2024-04-10T18:30:00+02:00,,
2024-04-10T19:00:00+02:00,88091.0,35987.0
2024-04-10T19:30:00+02:00,,
2024-04-10T20:00:00+02:00,88711.0,37326.0
2024-04-10T20:30:00+02:00,,
2024-04-10T21:00:00+02:00,86456.0,35860.0
2024-04-10T21:30:00+02:00,,
2024-04-10T22:00:00+02:00,83244.0,33185.0
2024-04-10T22:30:00+02:00,,
2024-04-10T23:00:00+02:00,81533.0,31040.0
2024-04-10T23:30:00+02:00,,
2024-04-11T00:00:00+02:00,75321.0,26778.0
2024-04-11T00:30:00+02:00,,
2024-04-11T01:00:00+02:00,72814.0,26856.0
2024-04-11T01:30:00+02:00,,
2024-04-11T02:00:00+02:00,72000.0,27026.0
2024-04-11T02:30:00+02:00,,
2024-04-11T03:00:00+02:00,71069.0,28129.0
2024-04-11T03:30:00+02:00,,
2024-04-11T04:00:00+02:00,72152.0,30204.0
2024-04-11T04:30:00+02:00,,
2024-04-11T05:00:00+02:00,79197.0,35294.0
2024-04-11T05:30:00+02:00,,
2024-04-11T06:00:00+02:00,97350.0,48596.0
2024-04-11T06:30:00+02:00,,
2024-04-11T07:00:00+02:00,106045.0,53297.0
2024-04-11T07:30:00+02:00,,
2024-04-11T08:00:00+02:00,103411.0,48538.0
2024-04-11T08:30:00+02:00,,
2024-04-11T09:00:00+02:00,98697.0,43533.0
2024-04-11T09:30:00+02:00,,
2024-04-11T10:00:00+02:00,94002.0,39413.0
2024-04-11T10:30:00+02:00,,
2024-04-11T11:00:00+02:00,91313.0,37065.0
2024-04-11T11:30:00+02:00,,
2024-04-11T12:00:00+02:00,88464.0,33936.0
2024-04-11T12:30:00+02:00,,
2024-04-11T13:00:00+02:00,85548.0,32093.0
2024-04-11T13:30:00+02:00,,
2024-04-11T14:00:00+02:00,81384.0,29943.0
2024-04-11T14:30:00+02:00,,
2024-04-11T15:00:00+02:00,78080.0,28261.0
2024-04-11T15:30:00+02:00,,
2024-04-11T16:00:00+02:00,75755.0,27603.0
2024-04-11T16:30:00+02:00,,
2024-04-11T17:00:00+02:00,75045.0,27855.0
2024-04-11T17:30:00+02:00,,
2024-04-11T18:00:00+02:00,77472.0,29234.0
2024-04-11T18:30:00+02:00,,
2024-04-11T19:00:00+02:00,81228.0,31417.0
2024-04-11T19:30:00+02:00,,
2024-04-11T20:00:00+02:00,82257.0,33260.0
2024-04-11T20:30:00+02:00,,
2024-04-11T21:00:00+02:00,80894.0,32271.0
2024-04-11T21:30:00+02:00,,
2024-04-11T22:00:00+02:00,77886.0,29994.0
2024-04-11T22:30:00+02:00,,
2024-04-11T23:00:00+02:00,75523.0,27248.0
2024-04-11T23:30:00+02:00,,
2024-04-12T00:00:00+02:00,68929.0,22354.0
2024-04-12T00:30:00+02:00,,
2024-04-12T01:00:00+02:00,66036.0,22110.0
2024-04-12T01:30:00+02:00,,
2024-04-12T02:00:00+02:00,64666.0,21856.0
2024-04-12T02:30:00+02:00,,
2024-04-12T03:00:00+02:00,63059.0,22268.0
2024-04-12T03:30:00+02:00,,
2024-04-12T04:00:00+02:00,63245.0,23308.0
2024-04-12T04:30:00+02:00,,
2024-04-12T05:00:00+02:00,67459.0,25667.0
2024-04-12T05:30:00+02:00,,
2024-04-12T06:00:00+02:00,91283.0,44515.0
2024-04-12T06:30:00+02:00,,
2024-04-12T07:00:00+02:00,98376.0,48052.0
2024-04-12T07:30:00+02:00,,
2024-04-12T08:00:00+02:00,95505.0,43100.0
2024-04-12T08:30:00+02:00,,
2024-04-12T09:00:00+02:00,90386.0,37737.0
2024-04-12T09:30:00+02:00,,
2024-04-12T10:00:00+02:00,85713.0,33689.0
2024-04-12T10:30:00+02:00,,
2024-04-12T11:00:00+02:00,82531.0,31263.0
2024-04-12T11:30:00+02:00,,
2024-04-12T12:00:00+02:00,80720.0,29168.0
2024-04-12T12:30:00+02:00,,
2024-04-12T13:00:00+02:00,77480.0,27346.0
2024-04-12T13:30:00+02:00,,
2024-04-12T14:00:00+02:00,73762.0,25364.0
2024-04-12T14:30:00+02:00,,
2024-04-12T15:00:00+02:00,70556.0,23966.0
2024-04-12T15:30:00+02:00,,
2024-04-12T16:00:00+02:00,68341.0,23173.0
2024-04-12T16:30:00+02:00,,
2024-04-12T17:00:00+02:00,68021.0,23190.0
2024-04-12T17:30:00+02:00,,
2024-04-12T18:00:00+02:00,69977.0,24511.0
2024-04-12T18:30:00+02:00,,
2024-04-12T19:00:00+02:00,72043.0,25976.0
2024-04-12T19:30:00+02:00,,
2024-04-12T20:00:00+02:00,72135.0,26940.0
2024-04-12T20:30:00+02:00,,
2024-04-12T21:00:00+02:00,71658.0,26036.0
2024-04-12T21:30:00+02:00,,
2024-04-12T22:00:00+02:00,69414.0,24077.0
2024-04-12T22:30:00+02:00,,
2024-04-12T23:00:00+02:00,68437.0,22800.0
2024-04-12T23:30:00+02:00,,
2024-04-13T00:00:00+02:00,62404.0,18745.0
2024-04-13T00:30:00+02:00,,
2024-04-13T01:00:00+02:00,59074.0,18440.0
2024-04-13T01:30:00+02:00,,
2024-04-13T02:00:00+02:00,58028.0,18669.0
2024-04-13T02:30:00+02:00,,
2024-04-13T03:00:00+02:00,55888.0,18886.0
2024-04-13T03:30:00+02:00,,
2024-04-13T04:00:00+02:00,55336.0,19999.0
2024-04-13T04:30:00+02:00,,
2024-04-13T05:00:00+02:00,57250.0,21737.0
2024-04-13T05:30:00+02:00,,
2024-04-13T06:00:00+02:00,65503.0,28244.0
2024-04-13T06:30:00+02:00,,
2024-04-13T07:00:00+02:00,67930.0,29658.0
2024-04-13T07:30:00+02:00,,
2024-04-13T08:00:00+02:00,69924.0,29203.0
2024-04-13T08:30:00+02:00,,
2024-04-13T09:00:00+02:00,70272.0,27598.0
2024-04-13T09:30:00+02:00,,
2024-04-13T10:00:00+02:00,68719.0,25681.0
2024-04-13T10:30:00+02:00,,
2024-04-13T11:00:00+02:00,67632.0,24163.0
2024-04-13T11:30:00+02:00,,
2024-04-13T12:00:00+02:00,68512.0,23262.0
2024-04-13T12:30:00+02:00,,
2024-04-13T13:00:00+02:00,66255.0,21787.0
2024-04-13T13:30:00+02:00,,
2024-04-13T14:00:00+02:00,63145.0,20370.0
2024-04-13T14:30:00+02:00,,
2024-04-13T15:00:00+02:00,60548.0,19546.0
2024-04-13T15:30:00+02:00,,
2024-04-13T16:00:00+02:00,58272.0,18903.0
2024-04-13T16:30:00+02:00,,
2024-04-13T17:00:00+02:00,58447.0,19183.0
2024-04-13T17:30:00+02:00,,
2024-04-13T18:00:00+02:00,60208.0,20092.0
2024-04-13T18:30:00+02:00,,
2024-04-13T19:00:00+02:00,62114.0,20998.0
2024-04-13T19:30:00+02:00,,
2024-04-13T20:00:00+02:00,61702.0,21310.0
2024-04-13T20:30:00+02:00,,
2024-04-13T21:00:00+02:00,62294.0,21033.0
2024-04-13T21:30:00+02:00,,
2024-04-13T22:00:00+02:00,61344.0,20068.0
2024-04-13T22:30:00+02:00,,
2024-04-13T23:00:00+02:00,61686.0,19342.0
2024-04-13T23:30:00+02:00,,
2024-04-14T00:00:00+02:00,60522.0,19899.0
2024-04-14T00:30:00+02:00,,
2024-04-14T01:00:00+02:00,58022.0,20173.0
2024-04-14T01:30:00+02:00,,
2024-04-14T02:00:00+02:00,56637.0,20387.0
2024-04-14T02:30:00+02:00,,
2024-04-14T03:00:00+02:00,55076.0,21103.0
2024-04-14T03:30:00+02:00,,
2024-04-14T04:00:00+02:00,55594.0,23094.0
2024-04-14T04:30:00+02:00,,
2024-04-14T05:00:00+02:00,59040.0,26655.0
2024-04-14T05:30:00+02:00,,
2024-04-14T06:00:00+02:00,56950.0,23729.0
2024-04-14T06:30:00+02:00,,
2024-04-14T07:00:00+02:00,57918.0,24582.0
2024-04-14T07:30:00+02:00,,
2024-04-14T08:00:00+02:00,60529.0,25113.0
2024-04-14T08:30:00+02:00,,
2024-04-14T09:00:00+02:00,63667.0,25599.0
2024-04-14T09:30:00+02:00,,
2024-04-14T10:00:00+02:00,64917.0,25026.0
2024-04-14T10:30:00+02:00,,
2024-04-14T11:00:00+02:00,65497.0,24235.0
2024-04-14T11:30:00+02:00,,
2024-04-14T12:00:00+02:00,66316.0,23151.0
2024-04-14T12:30:00+02:00,,
2024-04-14T13:00:00+02:00,64412.0,22068.0
2024-04-14T13:30:00+02:00,,
2024-04-14T14:00:00+02:00,60125.0,20404.0
2024-04-14T14:30:00+02:00,,
2024-04-14T15:00:00+02:00,57570.0,19253.0
2024-04-14T15:30:00+02:00,,
2024-04-14T16:00:00+02:00,55882.0,18969.0
2024-04-14T16:30:00+02:00,,
2024-04-14T17:00:00+02:00,56812.0,19595.0
2024-04-14T17:30:00+02:00,,
2024-04-14T18:00:00+02:00,60309.0,21314.0
2024-04-14T18:30:00+02:00,,
2024-04-14T19:00:00+02:00,64246.0,22735.0
2024-04-14T19:30:00+02:00,,
2024-04-14T20:00:00+02:00,64531.0,23245.0
2024-04-14T20:30:00+02:00,,
2024-04-14T21:00:00+02:00,64321.0,22480.0
2024-04-14T21:30:00+02:00,,
2024-04-14T22:00:00+02:00,62516.0,20986.0
2024-04-14T22:30:00+02:00,,
2024-04-14T23:00:00+02:00,62060.0,20230.0
2024-04-14T23:30:00+02:00,,
2024-04-15T00:00:00+02:00,69264.0,28928.0
2024-04-15T00:30:00+02:00,,
2024-04-15T01:00:00+02:00,66642.0,28956.0
2024-04-15T01:30:00+02:00,,
2024-04-15T02:00:00+02:00,65628.0,29019.0
2024-04-15T02:30:00+02:00,,
2024-04-15T03:00:00+02:00,64445.0,29875.0
2024-04-15T03:30:00+02:00,,
2024-04-15T04:00:00+02:00,65972.0,32117.0
2024-04-15T04:30:00+02:00,,
2024-04-15T05:00:00+02:00,72999.0,36884.0
2024-04-15T05:30:00+02:00,,
2024-04-15T06:00:00+02:00,73640.0,32881.0
2024-04-15T06:30:00+02:00,,
2024-04-15T07:00:00+02:00,80433.0,36129.0
2024-04-15T07:30:00+02:00,,
2024-04-15T08:00:00+02:00,82645.0,34995.0
2024-04-15T08:30:00+02:00,,
2024-04-15T09:00:00+02:00,82706.0,33348.0
2024-04-15T09:30:00+02:00,,
2024-04-15T10:00:00+02:00,82274.0,32617.0
2024-04-15T10:30:00+02:00,,
2024-04-15T11:00:00+02:00,82794.0,32398.0
2024-04-15T11:30:00+02:00,,
2024-04-15T12:00:00+02:00,82425.0,30940.0
2024-04-15T12:30:00+02:00,,
2024-04-15T13:00:00+02:00,81885.0,30734.0
2024-04-15T13:30:00+02:00,,
2024-04-15T14:00:00+02:00,80288.0,30360.0
2024-04-15T14:30:00+02:00,,
2024-04-15T15:00:00+02:00,77318.0,28843.0
2024-04-15T15:30:00+02:00,,
2024-04-15T16:00:00+02:00,75768.0,28959.0
2024-04-15T16:30:00+02:00,,
2024-04-15T17:00:00+02:00,76460.0,30293.0
2024-04-15T17:30:00+02:00,,
2024-04-15T18:00:00+02:00,79176.0,31373.0
2024-04-15T18:30:00+02:00,,
2024-04-15T19:00:00+02:00,82939.0,33186.0
2024-04-15T19:30:00+02:00,,
2024-04-15T20:00:00+02:00,82445.0,34163.0
2024-04-15T20:30:00+02:00,,
2024-04-15T21:00:00+02:00,80966.0,33278.0
2024-04-15T21:30:00+02:00,,
2024-04-15T22:00:00+02:00,78378.0,31159.0
2024-04-15T22:30:00+02:00,,
2024-04-15T23:00:00+02:00,77201.0,29773.0
2024-04-15T23:30:00+02:00,,
2024-04-16T00:00:00+02:00,77448.0,31842.0
2024-04-16T00:30:00+02:00,,
2024-04-16T01:00:00+02:00,74907.0,31718.0
2024-04-16T01:30:00+02:00,,
2024-04-16T02:00:00+02:00,74087.0,31844.0
2024-04-16T02:30:00+02:00,,
2024-04-16T03:00:00+02:00,72929.0,32786.0
2024-04-16T03:30:00+02:00,,
2024-04-16T04:00:00+02:00,74959.0,35297.0
2024-04-16T04:30:00+02:00,,
2024-04-16T05:00:00+02:00,82194.0,40665.0
2024-04-16T05:30:00+02:00,,
2024-04-16T06:00:00+02:00,92190.0,46301.0
2024-04-16T06:30:00+02:00,,
2024-04-16T07:00:00+02:00,99562.0,49757.0
2024-04-16T07:30:00+02:00,,
2024-04-16T08:00:00+02:00,99421.0,46986.0
2024-04-16T08:30:00+02:00,,
2024-04-16T09:00:00+02:00,98210.0,44620.0
2024-04-16T09:30:00+02:00,,
2024-04-16T10:00:00+02:00,96918.0,43183.0
2024-04-16T10:30:00+02:00,,
2024-04-16T11:00:00+02:00,96006.0,42001.0
2024-04-16T11:30:00+02:00,,
2024-04-16T12:00:00+02:00,94254.0,39608.0
2024-04-16T12:30:00+02:00,,
2024-04-16T13:00:00+02:00,91490.0,37801.0
2024-04-16T13:30:00+02:00,,
2024-04-16T14:00:00+02:00,88551.0,36406.0
2024-04-16T14:30:00+02:00,,
2024-04-16T15:00:00+02:00,83716.0,33247.0
2024-04-16T15:30:00+02:00,,
2024-04-16T16:00:00+02:00,81866.0,33092.0
2024-04-16T16:30:00+02:00,,
2024-04-16T17:00:00+02:00,82784.0,34699.0
2024-04-16T17:30:00+02:00,,
2024-04-16T18:00:00+02:00,86009.0,36478.0
2024-04-16T18:30:00+02:00,,
2024-04-16T19:00:00+02:00,89652.0,38221.0
2024-04-16T19:30:00+02:00,,
2024-04-16T20:00:00+02:00,89821.0,39358.0
2024-04-16T20:30:00+02:00,,
2024-04-16T21:00:00+02:00,88033.0,38122.0
2024-04-16T21:30:00+02:00,,
2024-04-16T22:00:00+02:00,84620.0,35085.0
2024-04-16T22:30:00+02:00,,
2024-04-16T23:00:00+02:00,83038.0,33035.0
2024-04-16T23:30:00+02:00,,
2024-04-17T00:00:00+02:00,83734.0,35765.0
2024-04-17T00:30:00+02:00,,
2024-04-17T01:00:00+02:00,80833.0,35559.0
2024-04-17T01:30:00+02:00,,
2024-04-17T02:00:00+02:00,80188.0,35879.0
2024-04-17T02:30:00+02:00,,
2024-04-17T03:00:00+02:00,79896.0,37229.0
2024-04-17T03:30:00+02:00,,
2024-04-17T04:00:00+02:00,82208.0,40251.0
2024-04-17T04:30:00+02:00,,
2024-04-17T05:00:00+02:00,90559.0,46783.0
2024-04-17T05:30:00+02:00,,
2024-04-17T06:00:00+02:00,99593.0,51544.0
2024-04-17T06:30:00+02:00,,
2024-04-17T07:00:00+02:00,107123.0,55138.0
2024-04-17T07:30:00+02:00,,
2024-04-17T08:00:00+02:00,107053.0,52382.0
2024-04-17T08:30:00+02:00,,
2024-04-17T09:00:00+02:00,103160.0,47505.0
2024-04-17T09:30:00+02:00,,
2024-04-17T10:00:00+02:00,100347.0,44830.0
2024-04-17T10:30:00+02:00,,
2024-04-17T11:00:00+02:00,98438.0,42949.0
2024-04-17T11:30:00+02:00,,
2024-04-17T12:00:00+02:00,97065.0,40755.0
2024-04-17T12:30:00+02:00,,
2024-04-17T13:00:00+02:00,95137.0,39688.0
2024-04-17T13:30:00+02:00,,
2024-04-17T14:00:00+02:00,91780.0,38105.0
2024-04-17T14:30:00+02:00,,
2024-04-17T15:00:00+02:00,89600.0,37707.0
2024-04-17T15:30:00+02:00,,
2024-04-17T16:00:00+02:00,88592.0,37906.0
2024-04-17T16:30:00+02:00,,
2024-04-17T17:00:00+02:00,89038.0,39166.0
2024-04-17T17:30:00+02:00,,
2024-04-17T18:00:00+02:00,93686.0,41636.0
2024-04-17T18:30:00+02:00,,
2024-04-17T19:00:00+02:00,97707.0,43631.0
2024-04-17T19:30:00+02:00,,
2024-04-17T20:00:00+02:00,96986.0,44192.0
2024-04-17T20:30:00+02:00,,
2024-04-17T21:00:00+02:00,94986.0,42678.0
2024-04-17T21:30:00+02:00,,
2024-04-17T22:00:00+02:00,91135.0,39202.0
2024-04-17T22:30:00+02:00,,
2024-04-17T23:00:00+02:00,88803.0,36528.0
2024-04-17T23:30:00+02:00,,
2024-04-18T00:00:00+02:00,84973.0,34747.0
2024-04-18T00:30:00+02:00,,
2024-04-18T01:00:00+02:00,82414.0,34671.0
2024-04-18T01:30:00+02:00,,
2024-04-18T02:00:00+02:00,81968.0,35065.0
2024-04-18T02:30:00+02:00,,
2024-04-18T03:00:00+02:00,81109.0,36072.0
2024-04-18T03:30:00+02:00,,
2024-04-18T04:00:00+02:00,82898.0,38674.0
2024-04-18T04:30:00+02:00,,
2024-04-18T05:00:00+02:00,90848.0,44855.0
2024-04-18T05:30:00+02:00,,
2024-04-18T06:00:00+02:00,109225.0,58497.0
2024-04-18T06:30:00+02:00,,
2024-04-18T07:00:00+02:00,117728.0,62852.0
2024-04-18T07:30:00+02:00,,
2024-04-18T08:00:00+02:00,116433.0,59156.0
2024-04-18T08:30:00+02:00,,
2024-04-18T09:00:00+02:00,112417.0,54631.0
2024-04-18T09:30:00+02:00,,
2024-04-18T10:00:00+02:00,108631.0,50871.0
2024-04-18T10:30:00+02:00,,
2024-04-18T11:00:00+02:00,107186.0,49247.0
2024-04-18T11:30:00+02:00,,
2024-04-18T12:00:00+02:00,103922.0,45926.0
2024-04-18T12:30:00+02:00,,
2024-04-18T13:00:00+02:00,100424.0,43506.0
2024-04-18T13:30:00+02:00,,
2024-04-18T14:00:00+02:00,95895.0,40827.0
2024-04-18T14:30:00+02:00,,
2024-04-18T15:00:00+02:00,91428.0,38366.0
2024-04-18T15:30:00+02:00,,
2024-04-18T16:00:00+02:00,89161.0,38035.0
2024-04-18T16:30:00+02:00,,
2024-04-18T17:00:00+02:00,88268.0,38310.0
2024-04-18T17:30:00+02:00,,
2024-04-18T18:00:00+02:00,91136.0,39705.0
2024-04-18T18:30:00+02:00,,
2024-04-18T19:00:00+02:00,94666.0,41497.0
2024-04-18T19:30:00+02:00,,
2024-04-18T20:00:00+02:00,95444.0,42923.0
2024-04-18T20:30:00+02:00,,
2024-04-18T21:00:00+02:00,95474.0,42654.0
2024-04-18T21:30:00+02:00,,
2024-04-18T22:00:00+02:00,91332.0,38918.0
2024-04-18T22:30:00+02:00,,
2024-04-18T23:00:00+02:00,88847.0,36123.0
2024-04-18T23:30:00+02:00,,
2024-04-19T00:00:00+02:00,85265.0,34177.0
2024-04-19T00:30:00+02:00,,
2024-04-19T01:00:00+02:00,82479.0,34232.0
2024-04-19T01:30:00+02:00,,
2024-04-19T02:00:00+02:00,82013.0,34656.0
2024-04-19T02:30:00+02:00,,
2024-04-19T03:00:00+02:00,81447.0,35751.0
2024-04-19T03:30:00+02:00,,
2024-04-19T04:00:00+02:00,82554.0,37676.0
2024-04-19T04:30:00+02:00,,
2024-04-19T05:00:00+02:00,88850.0,41908.0
2024-04-19T05:30:00+02:00,,
2024-04-19T06:00:00+02:00,108416.0,56706.0
2024-04-19T06:30:00+02:00,,
2024-04-19T07:00:00+02:00,115909.0,60108.0
2024-04-19T07:30:00+02:00,,
2024-04-19T08:00:00+02:00,114181.0,56293.0
2024-04-19T08:30:00+02:00,,
2024-04-19T09:00:00+02:00,110536.0,51926.0
2024-04-19T09:30:00+02:00,,
2024-04-19T10:00:00+02:00,107323.0,49006.0
2024-04-19T10:30:00+02:00,,
2024-04-19T11:00:00+02:00,104796.0,46944.0
2024-04-19T11:30:00+02:00,,
2024-04-19T12:00:00+02:00,103186.0,44453.0
2024-04-19T12:30:00+02:00,,
2024-04-19T13:00:00+02:00,99744.0,42402.0
2024-04-19T13:30:00+02:00,,
2024-04-19T14:00:00+02:00,95369.0,40113.0
2024-04-19T14:30:00+02:00,,
2024-04-19T15:00:00+02:00,91621.0,38622.0
2024-04-19T15:30:00+02:00,,
2024-04-19T16:00:00+02:00,89822.0,38972.0
2024-04-19T16:30:00+02:00,,
2024-04-19T17:00:00+02:00,89261.0,39122.0
2024-04-19T17:30:00+02:00,,
2024-04-19T18:00:00+02:00,91565.0,40151.0
2024-04-19T18:30:00+02:00,,
2024-04-19T19:00:00+02:00,93705.0,41276.0
2024-04-19T19:30:00+02:00,,
2024-04-19T20:00:00+02:00,93286.0,41679.0
2024-04-19T20:30:00+02:00,,
2024-04-19T21:00:00+02:00,91899.0,40287.0
2024-04-19T21:30:00+02:00,,
2024-04-19T22:00:00+02:00,88061.0,37054.0
2024-04-19T22:30:00+02:00,,
2024-04-19T23:00:00+02:00,85982.0,34442.0
2024-04-19T23:30:00+02:00,,
2024-04-20T00:00:00+02:00,84243.0,34608.0
2024-04-20T00:30:00+02:00,,
2024-04-20T01:00:00+02:00,81523.0,34904.0
2024-04-20T01:30:00+02:00,,
2024-04-20T02:00:00+02:00,80872.0,35426.0
2024-04-20T02:30:00+02:00,,
2024-04-20T03:00:00+02:00,79943.0,36574.0
2024-04-20T03:30:00+02:00,,
2024-04-20T04:00:00+02:00,80408.0,38346.0
2024-04-20T04:30:00+02:00,,
2024-04-20T05:00:00+02:00,84581.0,41866.0
2024-04-20T05:30:00+02:00,,
2024-04-20T06:00:00+02:00,93181.0,48731.0
2024-04-20T06:30:00+02:00,,
2024-04-20T07:00:00+02:00,97281.0,51460.0
2024-04-20T07:30:00+02:00,,
2024-04-20T08:00:00+02:00,97852.0,49646.0
2024-04-20T08:30:00+02:00,,
2024-04-20T09:00:00+02:00,96934.0,46767.0
2024-04-20T09:30:00+02:00,,
2024-04-20T10:00:00+02:00,95137.0,44368.0
2024-04-20T10:30:00+02:00,,
2024-04-20T11:00:00+02:00,93663.0,42194.0
2024-04-20T11:30:00+02:00,,
2024-04-20T12:00:00+02:00,93387.0,40254.0
2024-04-20T12:30:00+02:00,,
2024-04-20T13:00:00+02:00,89871.0,38267.0
2024-04-20T13:30:00+02:00,,
2024-04-20T14:00:00+02:00,85215.0,36304.0
2024-04-20T14:30:00+02:00,,
2024-04-20T15:00:00+02:00,82402.0,35044.0
2024-04-20T15:30:00+02:00,,
2024-04-20T16:00:00+02:00,80211.0,34794.0
2024-04-20T16:30:00+02:00,,
2024-04-20T17:00:00+02:00,80111.0,35306.0
2024-04-20T17:30:00+02:00,,
2024-04-20T18:00:00+02:00,83609.0,37190.0
2024-04-20T18:30:00+02:00,,
2024-04-20T19:00:00+02:00,87529.0,39290.0
2024-04-20T19:30:00+02:00,,
2024-04-20T20:00:00+02:00,88808.0,40816.0
2024-04-20T20:30:00+02:00,,
2024-04-20T21:00:00+02:00,89524.0,40458.0
2024-04-20T21:30:00+02:00,,
2024-04-20T22:00:00+02:00,87112.0,37589.0
2024-04-20T22:30:00+02:00,,
2024-04-20T23:00:00+02:00,85782.0,35126.0
2024-04-20T23:30:00+02:00,,
2024-04-21T00:00:00+02:00,86831.0,37327.0
2024-04-21T00:30:00+02:00,,
2024-04-21T01:00:00+02:00,84692.0,37959.0
2024-04-21T01:30:00+02:00,,
2024-04-21T02:00:00+02:00,84648.0,38914.0
2024-04-21T02:30:00+02:00,,
2024-04-21T03:00:00+02:00,84992.0,41253.0
2024-04-21T03:30:00+02:00,,
2024-04-21T04:00:00+02:00,87563.0,44962.0
2024-04-21T04:30:00+02:00,,
2024-04-21T05:00:00+02:00,95416.0,52450.0
2024-04-21T05:30:00+02:00,,
2024-04-21T06:00:00+02:00,93235.0,49384.0
2024-04-21T06:30:00+02:00,,
2024-04-21T07:00:00+02:00,96191.0,51617.0
2024-04-21T07:30:00+02:00,,
2024-04-21T08:00:00+02:00,96535.0,50042.0
2024-04-21T08:30:00+02:00,,
2024-04-21T09:00:00+02:00,96342.0,47708.0
2024-04-21T09:30:00+02:00,,
2024-04-21T10:00:00+02:00,95226.0,45343.0
2024-04-21T10:30:00+02:00,,
2024-04-21T11:00:00+02:00,93948.0,43197.0
2024-04-21T11:30:00+02:00,,
2024-04-21T12:00:00+02:00,92917.0,40780.0
2024-04-21T12:30:00+02:00,,
2024-04-21T13:00:00+02:00,89711.0,39025.0
2024-04-21T13:30:00+02:00,,
2024-04-21T14:00:00+02:00,84938.0,37078.0
2024-04-21T14:30:00+02:00,,
2024-04-21T15:00:00+02:00,81550.0,35399.0
2024-04-21T15:30:00+02:00,,
2024-04-21T16:00:00+02:00,79755.0,35004.0
2024-04-21T16:30:00+02:00,,
2024-04-21T17:00:00+02:00,80623.0,36057.0
2024-04-21T17:30:00+02:00,,
2024-04-21T18:00:00+02:00,85285.0,38555.0
2024-04-21T18:30:00+02:00,,
2024-04-21T19:00:00+02:00,90197.0,40966.0
2024-04-21T19:30:00+02:00,,
2024-04-21T20:00:00+02:00,92842.0,42977.0
2024-04-21T20:30:00+02:00,,
2024-04-21T21:00:00+02:00,94077.0,43062.0
2024-04-21T21:30:00+02:00,,
2024-04-21T22:00:00+02:00,91099.0,39977.0
2024-04-21T22:30:00+02:00,,
2024-04-21T23:00:00+02:00,88959.0,37421.0
2024-04-21T23:30:00+02:00,,
2024-04-22T00:00:00+02:00,92394.0,42068.0
2024-04-22T00:30:00+02:00,,
2024-04-22T01:00:00+02:00,88840.0,41083.0
2024-04-22T01:30:00+02:00,,
2024-04-22T02:00:00+02:00,89317.0,42291.0
2024-04-22T02:30:00+02:00,,
2024-04-22T03:00:00+02:00,90829.0,45375.0
2024-04-22T03:30:00+02:00,,
2024-04-22T04:00:00+02:00,94224.0,49139.0
2024-04-22T04:30:00+02:00,,
2024-04-22T05:00:00+02:00,104828.0,57081.0
2024-04-22T05:30:00+02:00,,
2024-04-22T06:00:00+02:00,118013.0,65443.0
2024-04-22T06:30:00+02:00,,
2024-04-22T07:00:00+02:00,126685.0,69652.0
2024-04-22T07:30:00+02:00,,
2024-04-22T08:00:00+02:00,124911.0,65208.0
2024-04-22T08:30:00+02:00,,
2024-04-22T09:00:00+02:00,119256.0,58920.0
2024-04-22T09:30:00+02:00,,
2024-04-22T10:00:00+02:00,113196.0,53554.0
2024-04-22T10:30:00+02:00,,
2024-04-22T11:00:00+02:00,111134.0,51444.0
2024-04-22T11:30:00+02:00,,
2024-04-22T12:00:00+02:00,110442.0,49773.0
2024-04-22T12:30:00+02:00,,
2024-04-22T13:00:00+02:00,107791.0,48521.0
2024-04-22T13:30:00+02:00,,
2024-04-22T14:00:00+02:00,104079.0,46650.0
2024-04-22T14:30:00+02:00,,
2024-04-22T15:00:00+02:00,99975.0,44438.0
2024-04-22T15:30:00+02:00,,
2024-04-22T16:00:00+02:00,97586.0,43861.0
2024-04-22T16:30:00+02:00,,
2024-04-22T17:00:00+02:00,98413.0,45523.0
2024-04-22T17:30:00+02:00,,
2024-04-22T18:00:00+02:00,103328.0,48448.0
2024-04-22T18:30:00+02:00,,
2024-04-22T19:00:00+02:00,108209.0,50838.0
2024-04-22T19:30:00+02:00,,
2024-04-22T20:00:00+02:00,108838.0,52458.0
2024-04-22T20:30:00+02:00,,
2024-04-22T21:00:00+02:00,107552.0,51539.0
2024-04-22T21:30:00+02:00,,
2024-04-22T22:00:00+02:00,102278.0,47076.0
2024-04-22T22:30:00+02:00,,
2024-04-22T23:00:00+02:00,99149.0,43549.0
2024-04-22T23:30:00+02:00,,
2024-04-23T00:00:00+02:00,94335.0,40564.0
2024-04-23T00:30:00+02:00,,
2024-04-23T01:00:00+02:00,89876.0,38654.0
2024-04-23T01:30:00+02:00,,
2024-04-23T02:00:00+02:00,89831.0,39259.0
2024-04-23T02:30:00+02:00,,
2024-04-23T03:00:00+02:00,89377.0,40462.0
2024-04-23T03:30:00+02:00,,
2024-04-23T04:00:00+02:00,91628.0,43268.0
2024-04-23T04:30:00+02:00,,
2024-04-23T05:00:00+02:00,101148.0,50444.0
2024-04-23T05:30:00+02:00,,
2024-04-23T06:00:00+02:00,128477.0,73108.0
2024-04-23T06:30:00+02:00,,
2024-04-23T07:00:00+02:00,136599.0,77059.0
2024-04-23T07:30:00+02:00,,
2024-04-23T08:00:00+02:00,133504.0,71718.0
2024-04-23T08:30:00+02:00,,
2024-04-23T09:00:00+02:00,126174.0,64389.0
2024-04-23T09:30:00+02:00,,
2024-04-23T10:00:00+02:00,118337.0,57704.0
2024-04-23T10:30:00+02:00,,
2024-04-23T11:00:00+02:00,113348.0,53034.0
2024-04-23T11:30:00+02:00,,
2024-04-23T12:00:00+02:00,109692.0,49041.0
2024-04-23T12:30:00+02:00,,
2024-04-23T13:00:00+02:00,106155.0,46475.0
2024-04-23T13:30:00+02:00,,
2024-04-23T14:00:00+02:00,101116.0,43796.0
2024-04-23T14:30:00+02:00,,
2024-04-23T15:00:00+02:00,97097.0,41769.0
2024-04-23T15:30:00+02:00,,
2024-04-23T16:00:00+02:00,95344.0,41665.0
2024-04-23T16:30:00+02:00,,
2024-04-23T17:00:00+02:00,96059.0,43091.0
2024-04-23T17:30:00+02:00,,
2024-04-23T18:00:00+02:00,101365.0,46760.0
2024-04-23T18:30:00+02:00,,
2024-04-23T19:00:00+02:00,107111.0,50231.0
2024-04-23T19:30:00+02:00,,
2024-04-23T20:00:00+02:00,106679.0,51107.0
2024-04-23T20:30:00+02:00,,
2024-04-23T21:00:00+02:00,105619.0,50201.0
2024-04-23T21:30:00+02:00,,
2024-04-23T22:00:00+02:00,101074.0,46162.0
2024-04-23T22:30:00+02:00,,
2024-04-23T23:00:00+02:00,97730.0,42815.0
2024-04-23T23:30:00+02:00,,
2024-04-24T00:00:00+02:00,96659.0,43347.0
2024-04-24T00:30:00+02:00,,
2024-04-24T01:00:00+02:00,93584.0,42814.0
2024-04-24T01:30:00+02:00,,
2024-04-24T02:00:00+02:00,92059.0,42109.0
2024-04-24T02:30:00+02:00,,
2024-04-24T03:00:00+02:00,91286.0,43267.0
2024-04-24T03:30:00+02:00,,
2024-04-24T04:00:00+02:00,93797.0,46492.0
2024-04-24T04:30:00+02:00,,
2024-04-24T05:00:00+02:00,102505.0,53334.0
2024-04-24T05:30:00+02:00,,
2024-04-24T06:00:00+02:00,116488.0,63295.0
2024-04-24T06:30:00+02:00,,
2024-04-24T07:00:00+02:00,124998.0,67791.0
2024-04-24T07:30:00+02:00,,
2024-04-24T08:00:00+02:00,124752.0,64796.0
2024-04-24T08:30:00+02:00,,
2024-04-24T09:00:00+02:00,123037.0,61969.0
2024-04-24T09:30:00+02:00,,
2024-04-24T10:00:00+02:00,118506.0,57728.0
2024-04-24T10:30:00+02:00,,
2024-04-24T11:00:00+02:00,116042.0,55061.0
2024-04-24T11:30:00+02:00,,
2024-04-24T12:00:00+02:00,113324.0,51606.0
2024-04-24T12:30:00+02:00,,
2024-04-24T13:00:00+02:00,108891.0,48266.0
2024-04-24T13:30:00+02:00,,
2024-04-24T14:00:00+02:00,105108.0,46118.0
2024-04-24T14:30:00+02:00,,
2024-04-24T15:00:00+02:00,101778.0,45014.0
2024-04-24T15:30:00+02:00,,
2024-04-24T16:00:00+02:00,100520.0,45093.0
2024-04-24T16:30:00+02:00,,
2024-04-24T17:00:00+02:00,101203.0,46626.0
2024-04-24T17:30:00+02:00,,
2024-04-24T18:00:00+02:00,107415.0,50794.0
2024-04-24T18:30:00+02:00,,
2024-04-24T19:00:00+02:00,113608.0,54911.0
2024-04-24T19:30:00+02:00,,
2024-04-24T20:00:00+02:00,111879.0,54786.0
2024-04-24T20:30:00+02:00,,
2024-04-24T21:00:00+02:00,108878.0,52294.0
2024-04-24T21:30:00+02:00,,
2024-04-24T22:00:00+02:00,103951.0,48141.0
2024-04-24T22:30:00+02:00,,
2024-04-24T23:00:00+02:00,100923.0,44951.0
2024-04-24T23:30:00+02:00,,
2024-04-25T00:00:00+02:00,92982.0,39029.0
2024-04-25T00:30:00+02:00,,
2024-04-25T01:00:00+02:00,88966.0,37867.0
2024-04-25T01:30:00+02:00,,
2024-04-25T02:00:00+02:00,88637.0,38352.0
2024-04-25T02:30:00+02:00,,
2024-04-25T03:00:00+02:00,87902.0,39697.0
2024-04-25T03:30:00+02:00,,
2024-04-25T04:00:00+02:00,89915.0,42568.0
2024-04-25T04:30:00+02:00,,
2024-04-25T05:00:00+02:00,98195.0,48660.0
2024-04-25T05:30:00+02:00,,
2024-04-25T06:00:00+02:00,121000.0,67242.0
2024-04-25T06:30:00+02:00,,
2024-04-25T07:00:00+02:00,130334.0,72379.0
2024-04-25T07:30:00+02:00,,
2024-04-25T08:00:00+02:00,127810.0,67544.0
2024-04-25T08:30:00+02:00,,
2024-04-25T09:00:00+02:00,121014.0,60660.0
2024-04-25T09:30:00+02:00,,
2024-04-25T10:00:00+02:00,114961.0,55715.0
2024-04-25T10:30:00+02:00,,
2024-04-25T11:00:00+02:00,108712.0,49666.0
2024-04-25T11:30:00+02:00,,
2024-04-25T12:00:00+02:00,105618.0,46127.0
2024-04-25T12:30:00+02:00,,
2024-04-25T13:00:00+02:00,102099.0,43999.0
2024-04-25T13:30:00+02:00,,
2024-04-25T14:00:00+02:00,97832.0,41666.0
2024-04-25T14:30:00+02:00,,
2024-04-25T15:00:00+02:00,93536.0,39371.0
2024-04-25T15:30:00+02:00,,
2024-04-25T16:00:00+02:00,91521.0,39220.0
2024-04-25T16:30:00+02:00,,
2024-04-25T17:00:00+02:00,92390.0,40628.0
2024-04-25T17:30:00+02:00,,
2024-04-25T18:00:00+02:00,97857.0,44722.0
2024-04-25T18:30:00+02:00,,
2024-04-25T19:00:00+02:00,102808.0,47491.0
2024-04-25T19:30:00+02:00,,
2024-04-25T20:00:00+02:00,103161.0,48768.0
2024-04-25T20:30:00+02:00,,
2024-04-25T21:00:00+02:00,101146.0,47488.0
2024-04-25T21:30:00+02:00,,
2024-04-25T22:00:00+02:00,96912.0,43868.0
2024-04-25T22:30:00+02:00,,
2024-04-25T23:00:00+02:00,94007.0,40616.0
2024-04-25T23:30:00+02:00,,
2024-04-26T00:00:00+02:00,86758.0,35416.0
2024-04-26T00:30:00+02:00,,
2024-04-26T01:00:00+02:00,83267.0,34653.0
2024-04-26T01:30:00+02:00,,
2024-04-26T02:00:00+02:00,80862.0,33417.0
2024-04-26T02:30:00+02:00,,
2024-04-26T03:00:00+02:00,77634.0,31962.0
2024-04-26T03:30:00+02:00,,
2024-04-26T04:00:00+02:00,77546.0,32692.0
2024-04-26T04:30:00+02:00,,
2024-04-26T05:00:00+02:00,82459.0,35970.0
2024-04-26T05:30:00+02:00,,
2024-04-26T06:00:00+02:00,110366.0,59795.0
2024-04-26T06:30:00+02:00,,
2024-04-26T07:00:00+02:00,117528.0,63037.0
2024-04-26T07:30:00+02:00,,
2024-04-26T08:00:00+02:00,115598.0,58540.0
2024-04-26T08:30:00+02:00,,
2024-04-26T09:00:00+02:00,111005.0,53120.0
2024-04-26T09:30:00+02:00,,
2024-04-26T10:00:00+02:00,104911.0,47406.0
2024-04-26T10:30:00+02:00,,
2024-04-26T11:00:00+02:00,100814.0,43600.0
2024-04-26T11:30:00+02:00,,
2024-04-26T12:00:00+02:00,98914.0,40996.0
2024-04-26T12:30:00+02:00,,
2024-04-26T13:00:00+02:00,95625.0,38793.0
2024-04-26T13:30:00+02:00,,
2024-04-26T14:00:00+02:00,91347.0,36481.0
2024-04-26T14:30:00+02:00,,
2024-04-26T15:00:00+02:00,88070.0,35157.0
2024-04-26T15:30:00+02:00,,
2024-04-26T16:00:00+02:00,86511.0,35429.0
2024-04-26T16:30:00+02:00,,
2024-04-26T17:00:00+02:00,87171.0,36777.0
2024-04-26T17:30:00+02:00,,
2024-04-26T18:00:00+02:00,92255.0,40674.0
2024-04-26T18:30:00+02:00,,
2024-04-26T19:00:00+02:00,95505.0,42690.0
2024-04-26T19:30:00+02:00,,
2024-04-26T20:00:00+02:00,95326.0,43408.0
2024-04-26T20:30:00+02:00,,
2024-04-26T21:00:00+02:00,93783.0,42177.0
2024-04-26T21:30:00+02:00,,
2024-04-26T22:00:00+02:00,91144.0,39684.0
2024-04-26T22:30:00+02:00,,
2024-04-26T23:00:00+02:00,88488.0,36641.0
2024-04-26T23:30:00+02:00,,
2024-04-27T00:00:00+02:00,76915.0,26643.0
2024-04-27T00:30:00+02:00,,
2024-04-27T01:00:00+02:00,73047.0,26510.0
2024-04-27T01:30:00+02:00,,
2024-04-27T02:00:00+02:00,71918.0,26538.0
2024-04-27T02:30:00+02:00,,
2024-04-27T03:00:00+02:00,69704.0,26783.0
2024-04-27T03:30:00+02:00,,
2024-04-27T04:00:00+02:00,69375.0,27849.0
2024-04-27T04:30:00+02:00,,
2024-04-27T05:00:00+02:00,72514.0,30620.0
2024-04-27T05:30:00+02:00,,
2024-04-27T06:00:00+02:00,85511.0,42317.0
2024-04-27T06:30:00+02:00,,
2024-04-27T07:00:00+02:00,88578.0,44057.0
2024-04-27T07:30:00+02:00,,
2024-04-27T08:00:00+02:00,89519.0,42585.0
2024-04-27T08:30:00+02:00,,
2024-04-27T09:00:00+02:00,88236.0,39419.0
2024-04-27T09:30:00+02:00,,
2024-04-27T10:00:00+02:00,86500.0,36791.0
2024-04-27T10:30:00+02:00,,
2024-04-27T11:00:00+02:00,84587.0,34766.0
2024-04-27T11:30:00+02:00,,
2024-04-27T12:00:00+02:00,84442.0,33085.0
2024-04-27T12:30:00+02:00,,
2024-04-27T13:00:00+02:00,81755.0,31221.0
2024-04-27T13:30:00+02:00,,
2024-04-27T14:00:00+02:00,78571.0,30157.0
2024-04-27T14:30:00+02:00,,
2024-04-27T15:00:00+02:00,76077.0,29293.0
2024-04-27T15:30:00+02:00,,
2024-04-27T16:00:00+02:00,74798.0,29224.0
2024-04-27T16:30:00+02:00,,
2024-04-27T17:00:00+02:00,75267.0,29984.0
2024-04-27T17:30:00+02:00,,
2024-04-27T18:00:00+02:00,79729.0,32733.0
2024-04-27T18:30:00+02:00,,
2024-04-27T19:00:00+02:00,82871.0,34349.0
2024-04-27T19:30:00+02:00,,
2024-04-27T20:00:00+02:00,81355.0,34057.0
2024-04-27T20:30:00+02:00,,
2024-04-27T21:00:00+02:00,79924.0,32622.0
2024-04-27T21:30:00+02:00,,
2024-04-27T22:00:00+02:00,77291.0,29879.0
2024-04-27T22:30:00+02:00,,
2024-04-27T23:00:00+02:00,75959.0,27663.0
2024-04-27T23:30:00+02:00,,
2024-04-28T00:00:00+02:00,75099.0,28410.0
2024-04-28T00:30:00+02:00,,
2024-04-28T01:00:00+02:00,72942.0,29047.0
2024-04-28T01:30:00+02:00,,
2024-04-28T02:00:00+02:00,72692.0,29930.0
2024-04-28T02:30:00+02:00,,
2024-04-28T03:00:00+02:00,71350.0,31109.0
2024-04-28T03:30:00+02:00,,
2024-04-28T04:00:00+02:00,72707.0,34012.0
2024-04-28T04:30:00+02:00,,
2024-04-28T05:00:00+02:00,78705.0,39709.0
2024-04-28T05:30:00+02:00,,
2024-04-28T06:00:00+02:00,76732.0,37046.0
2024-04-28T06:30:00+02:00,,
2024-04-28T07:00:00+02:00,79098.0,38784.0
2024-04-28T07:30:00+02:00,,
2024-04-28T08:00:00+02:00,80895.0,38553.0
2024-04-28T08:30:00+02:00,,
2024-04-28T09:00:00+02:00,82954.0,37893.0
2024-04-28T09:30:00+02:00,,
2024-04-28T10:00:00+02:00,83836.0,36849.0
2024-04-28T10:30:00+02:00,,
2024-04-28T11:00:00+02:00,84601.0,35970.0
2024-04-28T11:30:00+02:00,,
2024-04-28T12:00:00+02:00,84518.0,34015.0
2024-04-28T12:30:00+02:00,,
2024-04-28T13:00:00+02:00,81180.0,32000.0
2024-04-28T13:30:00+02:00,,
2024-04-28T14:00:00+02:00,76431.0,30132.0
2024-04-28T14:30:00+02:00,,
2024-04-28T15:00:00+02:00,73113.0,28907.0
2024-04-28T15:30:00+02:00,,
2024-04-28T16:00:00+02:00,71312.0,28550.0
2024-04-28T16:30:00+02:00,,
2024-04-28T17:00:00+02:00,71549.0,29405.0
2024-04-28T17:30:00+02:00,,
2024-04-28T18:00:00+02:00,75393.0,31218.0
2024-04-28T18:30:00+02:00,,
2024-04-28T19:00:00+02:00,79813.0,33003.0
2024-04-28T19:30:00+02:00,,
2024-04-28T20:00:00+02:00,80102.0,33525.0
2024-04-28T20:30:00+02:00,,
2024-04-28T21:00:00+02:00,80230.0,33089.0
2024-04-28T21:30:00+02:00,,
2024-04-28T22:00:00+02:00,77597.0,30496.0
2024-04-28T22:30:00+02:00,,
2024-04-28T23:00:00+02:00,76518.0,28668.0
2024-04-28T23:30:00+02:00,,
2024-04-29T00:00:00+02:00,73320.0,26939.0
2024-04-29T00:30:00+02:00,,
2024-04-29T01:00:00+02:00,70406.0,26734.0
2024-04-29T01:30:00+02:00,,
2024-04-29T02:00:00+02:00,69346.0,26690.0
2024-04-29T02:30:00+02:00,,
2024-04-29T03:00:00+02:00,68282.0,27516.0
2024-04-29T03:30:00+02:00,,
2024-04-29T04:00:00+02:00,69993.0,29800.0
2024-04-29T04:30:00+02:00,,
2024-04-29T05:00:00+02:00,77039.0,34584.0
2024-04-29T05:30:00+02:00,,
2024-04-29T06:00:00+02:00,97870.0,50733.0
2024-04-29T06:30:00+02:00,,
2024-04-29T07:00:00+02:00,105005.0,53225.0
2024-04-29T07:30:00+02:00,,
2024-04-29T08:00:00+02:00,103019.0,48672.0
2024-04-29T08:30:00+02:00,,
2024-04-29T09:00:00+02:00,99257.0,44085.0
2024-04-29T09:30:00+02:00,,
2024-04-29T10:00:00+02:00,95415.0,40958.0
2024-04-29T10:30:00+02:00,,
2024-04-29T11:00:00+02:00,91812.0,37866.0
2024-04-29T11:30:00+02:00,,
2024-04-29T12:00:00+02:00,89499.0,34967.0
2024-04-29T12:30:00+02:00,,
2024-04-29T13:00:00+02:00,86934.0,33254.0
2024-04-29T13:30:00+02:00,,
2024-04-29T14:00:00+02:00,83319.0,31454.0
2024-04-29T14:30:00+02:00,,
2024-04-29T15:00:00+02:00,80041.0,29903.0
2024-04-29T15:30:00+02:00,,
2024-04-29T16:00:00+02:00,78189.0,29788.0
2024-04-29T16:30:00+02:00,,
2024-04-29T17:00:00+02:00,77750.0,30167.0
2024-04-29T17:30:00+02:00,,
2024-04-29T18:00:00+02:00,80838.0,31965.0
2024-04-29T18:30:00+02:00,,
2024-04-29T19:00:00+02:00,84739.0,33759.0
2024-04-29T19:30:00+02:00,,
2024-04-29T20:00:00+02:00,83125.0,33651.0
2024-04-29T20:30:00+02:00,,
2024-04-29T21:00:00+02:00,81329.0,32603.0
2024-04-29T21:30:00+02:00,,
2024-04-29T22:00:00+02:00,78214.0,30002.0
2024-04-29T22:30:00+02:00,,
2024-04-29T23:00:00+02:00,76587.0,28173.0
2024-04-29T23:30:00+02:00,,
2024-04-30T00:00:00+02:00,69763.0,23115.0
2024-04-30T00:30:00+02:00,,
2024-04-30T01:00:00+02:00,66333.0,22580.0
2024-04-30T01:30:00+02:00,,
2024-04-30T02:00:00+02:00,65166.0,22461.0
2024-04-30T02:30:00+02:00,,
2024-04-30T03:00:00+02:00,63095.0,22602.0
2024-04-30T03:30:00+02:00,,
2024-04-30T04:00:00+02:00,63426.0,23541.0
2024-04-30T04:30:00+02:00,,
2024-04-30T05:00:00+02:00,68012.0,26177.0
2024-04-30T05:30:00+02:00,,
2024-04-30T06:00:00+02:00,89416.0,43940.0
2024-04-30T06:30:00+02:00,,
2024-04-30T07:00:00+02:00,96748.0,46348.0
2024-04-30T07:30:00+02:00,,
2024-04-30T08:00:00+02:00,95385.0,42681.0
2024-04-30T08:30:00+02:00,,
2024-04-30T09:00:00+02:00,92550.0,39428.0
2024-04-30T09:30:00+02:00,,
2024-04-30T10:00:00+02:00,89870.0,37002.0
2024-04-30T10:30:00+02:00,,
2024-04-30T11:00:00+02:00,87685.0,34618.0
2024-04-30T11:30:00+02:00,,
2024-04-30T12:00:00+02:00,85799.0,32251.0
2024-04-30T12:30:00+02:00,,
2024-04-30T13:00:00+02:00,82713.0,30233.0
2024-04-30T13:30:00+02:00,,
2024-04-30T14:00:00+02:00,78906.0,28142.0
2024-04-30T14:30:00+02:00,,
2024-04-30T15:00:00+02:00,75768.0,26800.0
2024-04-30T15:30:00+02:00,,
2024-04-30T16:00:00+02:00,73797.0,26385.0
2024-04-30T16:30:00+02:00,,
2024-04-30T17:00:00+02:00,73164.0,26664.0
2024-04-30T17:30:00+02:00,,
2024-04-30T18:00:00+02:00,75392.0,28055.0
2024-04-30T18:30:00+02:00,,
2024-04-30T19:00:00+02:00,77363.0,28800.0
2024-04-30T19:30:00+02:00,,
2024-04-30T20:00:00+02:00,76117.0,28945.0
2024-04-30T20:30:00+02:00,,
2024-04-30T21:00:00+02:00,74472.0,28054.0
2024-04-30T21:30:00+02:00,,
2024-04-30T22:00:00+02:00,72082.0,25957.0
2024-04-30T22:30:00+02:00,,
2024-04-30T23:00:00+02:00,70474.0,24042.0
2024-04-30T23:30:00+02:00,,
2024-05-01T00:00:00+02:00,66511.0,22208.0
2024-05-01T00:30:00+02:00,,
2024-05-01T01:00:00+02:00,63680.0,22498.0
2024-05-01T01:30:00+02:00,,
2024-05-01T02:00:00+02:00,62597.0,22936.0
2024-05-01T02:30:00+02:00,,
2024-05-01T03:00:00+02:00,61025.0,23688.0
2024-05-01T03:30:00+02:00,,
2024-05-01T04:00:00+02:00,61281.0,25702.0
2024-05-01T04:30:00+02:00,,
2024-05-01T05:00:00+02:00,65551.0,30230.0
2024-05-01T05:30:00+02:00,,
2024-05-01T06:00:00+02:00,67024.0,31120.0
2024-05-01T06:30:00+02:00,,
2024-05-01T07:00:00+02:00,67899.0,31026.0
2024-05-01T07:30:00+02:00,,
2024-05-01T08:00:00+02:00,68197.0,29726.0
2024-05-01T08:30:00+02:00,,
2024-05-01T09:00:00+02:00,69927.0,29139.0
2024-05-01T09:30:00+02:00,,
2024-05-01T10:00:00+02:00,71312.0,28502.0
2024-05-01T10:30:00+02:00,,
2024-05-01T11:00:00+02:00,72605.0,28055.0
2024-05-01T11:30:00+02:00,,
2024-05-01T12:00:00+02:00,74374.0,27244.0
2024-05-01T12:30:00+02:00,,
2024-05-01T13:00:00+02:00,72029.0,25934.0
2024-05-01T13:30:00+02:00,,
2024-05-01T14:00:00+02:00,67962.0,24371.0
2024-05-01T14:30:00+02:00,,
2024-05-01T15:00:00+02:00,65471.0,23551.0
2024-05-01T15:30:00+02:00,,
2024-05-01T16:00:00+02:00,64062.0,23588.0
2024-05-01T16:30:00+02:00,,
2024-05-01T17:00:00+02:00,64905.0,24416.0
2024-05-01T17:30:00+02:00,,
2024-05-01T18:00:00+02:00,68974.0,26297.0
2024-05-01T18:30:00+02:00,,
2024-05-01T19:00:00+02:00,72969.0,27642.0
2024-05-01T19:30:00+02:00,,
2024-05-01T20:00:00+02:00,71713.0,27233.0
2024-05-01T20:30:00+02:00,,
2024-05-01T21:00:00+02:00,70632.0,26338.0
2024-05-01T21:30:00+02:00,,
2024-05-01T22:00:00+02:00,68936.0,24703.0
2024-05-01T22:30:00+02:00,,
2024-05-01T23:00:00+02:00,68269.0,23277.0
2024-05-01T23:30:00+02:00,,
2024-05-02T00:00:00+02:00,71667.0,28305.0
2024-05-02T00:30:00+02:00,,
2024-05-02T01:00:00+02:00,68669.0,28031.0
2024-05-02T01:30:00+02:00,,
2024-05-02T02:00:00+02:00,68293.0,28578.0
2024-05-02T02:30:00+02:00,,
2024-05-02T03:00:00+02:00,67367.0,29603.0
2024-05-02T03:30:00+02:00,,
2024-05-02T04:00:00+02:00,69231.0,32035.0
2024-05-02T04:30:00+02:00,,
2024-05-02T05:00:00+02:00,76974.0,37452.0
2024-05-02T05:30:00+02:00,,
2024-05-02T06:00:00+02:00,83265.0,39473.0
2024-05-02T06:30:00+02:00,,
2024-05-02T07:00:00+02:00,90747.0,42455.0
2024-05-02T07:30:00+02:00,,
2024-05-02T08:00:00+02:00,92683.0,41062.0
2024-05-02T08:30:00+02:00,,
2024-05-02T09:00:00+02:00,92852.0,39473.0
2024-05-02T09:30:00+02:00,,
2024-05-02T10:00:00+02:00,92325.0,38423.0
2024-05-02T10:30:00+02:00,,
2024-05-02T11:00:00+02:00,92195.0,37751.0
2024-05-02T11:30:00+02:00,,
2024-05-02T12:00:00+02:00,92036.0,36475.0
2024-05-02T12:30:00+02:00,,
2024-05-02T13:00:00+02:00,90101.0,35359.0
2024-05-02T13:30:00+02:00,,
2024-05-02T14:00:00+02:00,86989.0,33893.0
2024-05-02T14:30:00+02:00,,
2024-05-02T15:00:00+02:00,84770.0,32895.0
2024-05-02T15:30:00+02:00,,
2024-05-02T16:00:00+02:00,83752.0,33107.0
2024-05-02T16:30:00+02:00,,
2024-05-02T17:00:00+02:00,83788.0,34022.0
2024-05-02T17:30:00+02:00,,
2024-05-02T18:00:00+02:00,86370.0,35353.0
2024-05-02T18:30:00+02:00,,
2024-05-02T19:00:00+02:00,89000.0,36439.0
2024-05-02T19:30:00+02:00,,
2024-05-02T20:00:00+02:00,87055.0,36144.0
2024-05-02T20:30:00+02:00,,
2024-05-02T21:00:00+02:00,84874.0,34731.0
2024-05-02T21:30:00+02:00,,
2024-05-02T22:00:00+02:00,81695.0,31958.0
2024-05-02T22:30:00+02:00,,
2024-05-02T23:00:00+02:00,79574.0,29628.0
2024-05-02T23:30:00+02:00,,
2024-05-03T00:00:00+02:00,75691.0,27642.0
2024-05-03T00:30:00+02:00,,
2024-05-03T01:00:00+02:00,72948.0,27640.0
2024-05-03T01:30:00+02:00,,
2024-05-03T02:00:00+02:00,72112.0,27775.0
2024-05-03T02:30:00+02:00,,
2024-05-03T03:00:00+02:00,70746.0,28420.0
2024-05-03T03:30:00+02:00,,
2024-05-03T04:00:00+02:00,71303.0,29624.0
2024-05-03T04:30:00+02:00,,
2024-05-03T05:00:00+02:00,76638.0,32956.0
2024-05-03T05:30:00+02:00,,
2024-05-03T06:00:00+02:00,94953.0,47396.0
2024-05-03T06:30:00+02:00,,
2024-05-03T07:00:00+02:00,100987.0,49539.0
2024-05-03T07:30:00+02:00,,
2024-05-03T08:00:00+02:00,98508.0,45001.0
2024-05-03T08:30:00+02:00,,
2024-05-03T09:00:00+02:00,95370.0,41171.0
2024-05-03T09:30:00+02:00,,
2024-05-03T10:00:00+02:00,91847.0,38157.0
2024-05-03T10:30:00+02:00,,
2024-05-03T11:00:00+02:00,89882.0,36414.0
2024-05-03T11:30:00+02:00,,
2024-05-03T12:00:00+02:00,88787.0,34539.0
2024-05-03T12:30:00+02:00,,
2024-05-03T13:00:00+02:00,85424.0,32455.0
2024-05-03T13:30:00+02:00,,
2024-05-03T14:00:00+02:00,80913.0,30073.0
2024-05-03T14:30:00+02:00,,
2024-05-03T15:00:00+02:00,77055.0,28348.0
2024-05-03T15:30:00+02:00,,
2024-05-03T16:00:00+02:00,74249.0,27571.0
2024-05-03T16:30:00+02:00,,
2024-05-03T17:00:00+02:00,75076.0,28888.0
2024-05-03T17:30:00+02:00,,
2024-05-03T18:00:00+02:00,77611.0,30268.0
2024-05-03T18:30:00+02:00,,
2024-05-03T19:00:00+02:00,80284.0,31422.0
2024-05-03T19:30:00+02:00,,
2024-05-03T20:00:00+02:00,79634.0,32040.0
2024-05-03T20:30:00+02:00,,
2024-05-03T21:00:00+02:00,79421.0,31895.0
2024-05-03T21:30:00+02:00,,
2024-05-03T22:00:00+02:00,77669.0,29675.0
2024-05-03T22:30:00+02:00,,
2024-05-03T23:00:00+02:00,76669.0,28100.0
2024-05-03T23:30:00+02:00,,
2024-05-04T00:00:00+02:00,71199.0,24147.0
2024-05-04T00:30:00+02:00,,
2024-05-04T01:00:00+02:00,67784.0,23976.0
2024-05-04T01:30:00+02:00,,
2024-05-04T02:00:00+02:00,66469.0,24025.0
2024-05-04T02:30:00+02:00,,
2024-05-04T03:00:00+02:00,64748.0,24248.0
2024-05-04T03:30:00+02:00,,
2024-05-04T04:00:00+02:00,63971.0,24963.0
2024-05-04T04:30:00+02:00,,
2024-05-04T05:00:00+02:00,66571.0,27189.0
2024-05-04T05:30:00+02:00,,
2024-05-04T06:00:00+02:00,78706.0,38060.0
2024-05-04T06:30:00+02:00,,
2024-05-04T07:00:00+02:00,81394.0,39222.0
2024-05-04T07:30:00+02:00,,
2024-05-04T08:00:00+02:00,82745.0,38197.0
2024-05-04T08:30:00+02:00,,
2024-05-04T09:00:00+02:00,83272.0,36407.0
2024-05-04T09:30:00+02:00,,
2024-05-04T10:00:00+02:00,81712.0,34226.0
2024-05-04T10:30:00+02:00,,
2024-05-04T11:00:00+02:00,80503.0,32547.0
2024-05-04T11:30:00+02:00,,
2024-05-04T12:00:00+02:00,80704.0,31044.0
2024-05-04T12:30:00+02:00,,
2024-05-04T13:00:00+02:00,77935.0,29274.0
2024-05-04T13:30:00+02:00,,
2024-05-04T14:00:00+02:00,74091.0,27610.0
2024-05-04T14:30:00+02:00,,
2024-05-04T15:00:00+02:00,71316.0,26503.0
2024-05-04T15:30:00+02:00,,
2024-05-04T16:00:00+02:00,69366.0,25958.0
2024-05-04T16:30:00+02:00,,
2024-05-04T17:00:00+02:00,69176.0,26377.0
2024-05-04T17:30:00+02:00,,
2024-05-04T18:00:00+02:00,71718.0,27557.0
2024-05-04T18:30:00+02:00,,
2024-05-04T19:00:00+02:00,74139.0,28510.0
2024-05-04T19:30:00+02:00,,
2024-05-04T20:00:00+02:00,73331.0,28613.0
2024-05-04T20:30:00+02:00,,
2024-05-04T21:00:00+02:00,73291.0,28544.0
2024-05-04T21:30:00+02:00,,
2024-05-04T22:00:00+02:00,71803.0,26683.0
2024-05-04T22:30:00+02:00,,
2024-05-04T23:00:00+02:00,71000.0,24940.0
2024-05-04T23:30:00+02:00,,
2024-05-05T00:00:00+02:00,66591.0,21963.0
2024-05-05T00:30:00+02:00,,
2024-05-05T01:00:00+02:00,63246.0,21640.0
2024-05-05T01:30:00+02:00,,
2024-05-05T02:00:00+02:00,62046.0,21839.0
2024-05-05T02:30:00+02:00,,
2024-05-05T03:00:00+02:00,60104.0,22417.0
2024-05-05T03:30:00+02:00,,
2024-05-05T04:00:00+02:00,60377.0,24270.0
2024-05-05T04:30:00+02:00,,
2024-05-05T05:00:00+02:00,64333.0,28304.0
2024-05-05T05:30:00+02:00,,
2024-05-05T06:00:00+02:00,68046.0,31675.0
2024-05-05T06:30:00+02:00,,
2024-05-05T07:00:00+02:00,69561.0,32326.0
2024-05-05T07:30:00+02:00,,
2024-05-05T08:00:00+02:00,70619.0,31515.0
2024-05-05T08:30:00+02:00,,
2024-05-05T09:00:00+02:00,71833.0,30208.0
2024-05-05T09:30:00+02:00,,
2024-05-05T10:00:00+02:00,71886.0,28807.0
2024-05-05T10:30:00+02:00,,
2024-05-05T11:00:00+02:00,72061.0,27711.0
2024-05-05T11:30:00+02:00,,
2024-05-05T12:00:00+02:00,72255.0,26409.0
2024-05-05T12:30:00+02:00,,
2024-05-05T13:00:00+02:00,69382.0,24757.0
2024-05-05T13:30:00+02:00,,
2024-05-05T14:00:00+02:00,65476.0,23185.0
2024-05-05T14:30:00+02:00,,
2024-05-05T15:00:00+02:00,63426.0,22551.0
2024-05-05T15:30:00+02:00,,
2024-05-05T16:00:00+02:00,63059.0,22795.0
2024-05-05T16:30:00+02:00,,
2024-05-05T17:00:00+02:00,64203.0,23634.0
2024-05-05T17:30:00+02:00,,
2024-05-05T18:00:00+02:00,68047.0,25664.0
2024-05-05T18:30:00+02:00,,
2024-05-05T19:00:00+02:00,71452.0,26908.0
2024-05-05T19:30:00+02:00,,
2024-05-05T20:00:00+02:00,70409.0,26633.0
2024-05-05T20:30:00+02:00,,
2024-05-05T21:00:00+02:00,69845.0,25729.0
2024-05-05T21:30:00+02:00,,
2024-05-05T22:00:00+02:00,68157.0,23868.0
2024-05-05T22:30:00+02:00,,
2024-05-05T23:00:00+02:00,67209.0,22428.0
2024-05-05T23:30:00+02:00,,
2024-05-06T00:00:00+02:00,67979.0,24788.0
2024-05-06T00:30:00+02:00,,
2024-05-06T01:00:00+02:00,64905.0,24599.0
2024-05-06T01:30:00+02:00,,
2024-05-06T02:00:00+02:00,63860.0,24641.0
2024-05-06T02:30:00+02:00,,
2024-05-06T03:00:00+02:00,62640.0,25563.0
2024-05-06T03:30:00+02:00,,
2024-05-06T04:00:00+02:00,63787.0,27569.0
2024-05-06T04:30:00+02:00,,
2024-05-06T05:00:00+02:00,70165.0,32242.0
2024-05-06T05:30:00+02:00,,
2024-05-06T06:00:00+02:00,78117.0,36521.0
2024-05-06T06:30:00+02:00,,
2024-05-06T07:00:00+02:00,85961.0,39278.0
2024-05-06T07:30:00+02:00,,
2024-05-06T08:00:00+02:00,87143.0,37465.0
2024-05-06T08:30:00+02:00,,
2024-05-06T09:00:00+02:00,86781.0,35618.0
2024-05-06T09:30:00+02:00,,
2024-05-06T10:00:00+02:00,85706.0,34024.0
2024-05-06T10:30:00+02:00,,
2024-05-06T11:00:00+02:00,85383.0,33273.0
2024-05-06T11:30:00+02:00,,
2024-05-06T12:00:00+02:00,85104.0,31916.0
2024-05-06T12:30:00+02:00,,
2024-05-06T13:00:00+02:00,82568.0,30172.0
2024-05-06T13:30:00+02:00,,
2024-05-06T14:00:00+02:00,79424.0,28735.0
2024-05-06T14:30:00+02:00,,
2024-05-06T15:00:00+02:00,76464.0,27473.0
2024-05-06T15:30:00+02:00,,
2024-05-06T16:00:00+02:00,74181.0,26971.0
2024-05-06T16:30:00+02:00,,
2024-05-06T17:00:00+02:00,73828.0,27377.0
2024-05-06T17:30:00+02:00,,
2024-05-06T18:00:00+02:00,77080.0,29227.0
2024-05-06T18:30:00+02:00,,
2024-05-06T19:00:00+02:00,81378.0,31799.0
2024-05-06T19:30:00+02:00,,
2024-05-06T20:00:00+02:00,79695.0,31769.0
2024-05-06T20:30:00+02:00,,
2024-05-06T21:00:00+02:00,77979.0,30819.0
2024-05-06T21:30:00+02:00,,
2024-05-06T22:00:00+02:00,75373.0,28011.0
2024-05-06T22:30:00+02:00,,
2024-05-06T23:00:00+02:00,73860.0,26136.0
2024-05-06T23:30:00+02:00,,
2024-05-07T00:00:00+02:00,69244.0,23655.0
2024-05-07T00:30:00+02:00,,
2024-05-07T01:00:00+02:00,66127.0,23351.0
2024-05-07T01:30:00+02:00,,
2024-05-07T02:00:00+02:00,64966.0,23115.0
2024-05-07T02:30:00+02:00,,
2024-05-07T03:00:00+02:00,63153.0,23457.0
2024-05-07T03:30:00+02:00,,
2024-05-07T04:00:00+02:00,63323.0,24477.0
2024-05-07T04:30:00+02:00,,
2024-05-07T05:00:00+02:00,68100.0,27435.0
2024-05-07T05:30:00+02:00,,
2024-05-07T06:00:00+02:00,85170.0,41034.0
2024-05-07T06:30:00+02:00,,
2024-05-07T07:00:00+02:00,91828.0,42985.0
2024-05-07T07:30:00+02:00,,
2024-05-07T08:00:00+02:00,90369.0,39196.0
2024-05-07T08:30:00+02:00,,
2024-05-07T09:00:00+02:00,88174.0,36163.0
2024-05-07T09:30:00+02:00,,
2024-05-07T10:00:00+02:00,85358.0,33536.0
2024-05-07T10:30:00+02:00,,
2024-05-07T11:00:00+02:00,83229.0,31559.0
2024-05-07T11:30:00+02:00,,
2024-05-07T12:00:00+02:00,82476.0,29857.0
2024-05-07T12:30:00+02:00,,
2024-05-07T13:00:00+02:00,79839.0,28470.0
2024-05-07T13:30:00+02:00,,
2024-05-07T14:00:00+02:00,76542.0,26808.0
2024-05-07T14:30:00+02:00,,
2024-05-07T15:00:00+02:00,73698.0,25509.0
2024-05-07T15:30:00+02:00,,
2024-05-07T16:00:00+02:00,71591.0,25256.0
2024-05-07T16:30:00+02:00,,
2024-05-07T17:00:00+02:00,71271.0,25718.0
2024-05-07T17:30:00+02:00,,
2024-05-07T18:00:00+02:00,73847.0,27545.0
2024-05-07T18:30:00+02:00,,
2024-05-07T19:00:00+02:00,76232.0,28585.0
2024-05-07T19:30:00+02:00,,
2024-05-07T20:00:00+02:00,75185.0,28743.0
2024-05-07T20:30:00+02:00,,
2024-05-07T21:00:00+02:00,73926.0,28011.0
2024-05-07T21:30:00+02:00,,
2024-05-07T22:00:00+02:00,72400.0,25957.0
2024-05-07T22:30:00+02:00,,
2024-05-07T23:00:00+02:00,71656.0,24588.0
2024-05-07T23:30:00+02:00,,
2024-05-08T00:00:00+02:00,67507.0,22581.0
2024-05-08T00:30:00+02:00,,
2024-05-08T01:00:00+02:00,64439.0,22680.0
2024-05-08T01:30:00+02:00,,
2024-05-08T02:00:00+02:00,63534.0,23024.0
2024-05-08T02:30:00+02:00,,
2024-05-08T03:00:00+02:00,61893.0,23576.0
2024-05-08T03:30:00+02:00,,
2024-05-08T04:00:00+02:00,61856.0,25094.0
2024-05-08T04:30:00+02:00,,
2024-05-08T05:00:00+02:00,65316.0,28491.0
2024-05-08T05:30:00+02:00,,
2024-05-08T06:00:00+02:00,70533.0,32990.0
2024-05-08T06:30:00+02:00,,
2024-05-08T07:00:00+02:00,71674.0,32686.0
2024-05-08T07:30:00+02:00,,
2024-05-08T08:00:00+02:00,72391.0,31492.0
2024-05-08T08:30:00+02:00,,
2024-05-08T09:00:00+02:00,73940.0,30813.0
2024-05-08T09:30:00+02:00,,
2024-05-08T10:00:00+02:00,74670.0,29901.0
2024-05-08T10:30:00+02:00,,
2024-05-08T11:00:00+02:00,74726.0,28797.0
2024-05-08T11:30:00+02:00,,
2024-05-08T12:00:00+02:00,75455.0,27721.0
2024-05-08T12:30:00+02:00,,
2024-05-08T13:00:00+02:00,72853.0,26224.0
2024-05-08T13:30:00+02:00,,
2024-05-08T14:00:00+02:00,69003.0,24533.0
2024-05-08T14:30:00+02:00,,
2024-05-08T15:00:00+02:00,66254.0,23405.0
2024-05-08T15:30:00+02:00,,
2024-05-08T16:00:00+02:00,64300.0,23157.0
2024-05-08T16:30:00+02:00,,
2024-05-08T17:00:00+02:00,63896.0,23555.0
2024-05-08T17:30:00+02:00,,
2024-05-08T18:00:00+02:00,66296.0,24856.0
2024-05-08T18:30:00+02:00,,
2024-05-08T19:00:00+02:00,68120.0,25595.0
2024-05-08T19:30:00+02:00,,
2024-05-08T20:00:00+02:00,68222.0,25857.0
2024-05-08T20:30:00+02:00,,
2024-05-08T21:00:00+02:00,67977.0,25374.0
2024-05-08T21:30:00+02:00,,
2024-05-08T22:00:00+02:00,67087.0,23601.0
2024-05-08T22:30:00+02:00,,
2024-05-08T23:00:00+02:00,66625.0,22415.0
2024-05-08T23:30:00+02:00,,
2024-05-09T00:00:00+02:00,61946.0,19539.0
2024-05-09T00:30:00+02:00,,
2024-05-09T01:00:00+02:00,59479.0,19612.0
2024-05-09T01:30:00+02:00,,
2024-05-09T02:00:00+02:00,58431.0,19718.0
2024-05-09T02:30:00+02:00,,
2024-05-09T03:00:00+02:00,56594.0,20002.0
2024-05-09T03:30:00+02:00,,
2024-05-09T04:00:00+02:00,56781.0,21497.0
2024-05-09T04:30:00+02:00,,
2024-05-09T05:00:00+02:00,60326.0,24458.0
2024-05-09T05:30:00+02:00,,
2024-05-09T06:00:00+02:00,70272.0,33432.0
2024-05-09T06:30:00+02:00,,
2024-05-09T07:00:00+02:00,71312.0,33083.0
2024-05-09T07:30:00+02:00,,
2024-05-09T08:00:00+02:00,71453.0,31426.0
2024-05-09T08:30:00+02:00,,
2024-05-09T09:00:00+02:00,72238.0,30254.0
2024-05-09T09:30:00+02:00,,
2024-05-09T10:00:00+02:00,71850.0,28832.0
2024-05-09T10:30:00+02:00,,
2024-05-09T11:00:00+02:00,71178.0,27419.0
2024-05-09T11:30:00+02:00,,
2024-05-09T12:00:00+02:00,71060.0,25737.0
2024-05-09T12:30:00+02:00,,
2024-05-09T13:00:00+02:00,67633.0,23795.0
2024-05-09T13:30:00+02:00,,
2024-05-09T14:00:00+02:00,63791.0,21978.0
2024-05-09T14:30:00+02:00,,
2024-05-09T15:00:00+02:00,60832.0,20623.0
2024-05-09T15:30:00+02:00,,
2024-05-09T16:00:00+02:00,59290.0,20115.0
2024-05-09T16:30:00+02:00,,
2024-05-09T17:00:00+02:00,58883.0,20192.0
2024-05-09T17:30:00+02:00,,
2024-05-09T18:00:00+02:00,60505.0,21058.0
2024-05-09T18:30:00+02:00,,
2024-05-09T19:00:00+02:00,62967.0,22046.0
2024-05-09T19:30:00+02:00,,
2024-05-09T20:00:00+02:00,62700.0,22159.0
2024-05-09T20:30:00+02:00,,
2024-05-09T21:00:00+02:00,63029.0,22054.0
2024-05-09T21:30:00+02:00,,
2024-05-09T22:00:00+02:00,63053.0,21127.0
2024-05-09T22:30:00+02:00,,
2024-05-09T23:00:00+02:00,62510.0,20054.0
2024-05-09T23:30:00+02:00,,
2024-05-10T00:00:00+02:00,59042.0,18232.0
2024-05-10T00:30:00+02:00,,
2024-05-10T01:00:00+02:00,56002.0,18072.0
2024-05-10T01:30:00+02:00,,
2024-05-10T02:00:00+02:00,54626.0,17900.0
2024-05-10T02:30:00+02:00,,
2024-05-10T03:00:00+02:00,52863.0,18015.0
2024-05-10T03:30:00+02:00,,
2024-05-10T04:00:00+02:00,52597.0,18820.0
2024-05-10T04:30:00+02:00,,
2024-05-10T05:00:00+02:00,54753.0,19977.0
2024-05-10T05:30:00+02:00,,
2024-05-10T06:00:00+02:00,64994.0,28700.0
2024-05-10T06:30:00+02:00,,
2024-05-10T07:00:00+02:00,66814.0,28531.0
2024-05-10T07:30:00+02:00,,
2024-05-10T08:00:00+02:00,67362.0,26807.0
2024-05-10T08:30:00+02:00,,
2024-05-10T09:00:00+02:00,68494.0,25897.0
2024-05-10T09:30:00+02:00,,
2024-05-10T10:00:00+02:00,67979.0,24702.0
2024-05-10T10:30:00+02:00,,
2024-05-10T11:00:00+02:00,67608.0,23904.0
2024-05-10T11:30:00+02:00,,
2024-05-10T12:00:00+02:00,68685.0,23085.0
2024-05-10T12:30:00+02:00,,
2024-05-10T13:00:00+02:00,67095.0,22173.0
2024-05-10T13:30:00+02:00,,
2024-05-10T14:00:00+02:00,64257.0,20781.0
2024-05-10T14:30:00+02:00,,
2024-05-10T15:00:00+02:00,62213.0,19842.0
2024-05-10T15:30:00+02:00,,
2024-05-10T16:00:00+02:00,60590.0,19360.0
2024-05-10T16:30:00+02:00,,
2024-05-10T17:00:00+02:00,60185.0,19501.0
2024-05-10T17:30:00+02:00,,
2024-05-10T18:00:00+02:00,61511.0,20412.0
2024-05-10T18:30:00+02:00,,
2024-05-10T19:00:00+02:00,63000.0,21255.0
2024-05-10T19:30:00+02:00,,
2024-05-10T20:00:00+02:00,61872.0,21324.0
2024-05-10T20:30:00+02:00,,
2024-05-10T21:00:00+02:00,61635.0,21016.0
2024-05-10T21:30:00+02:00,,
2024-05-10T22:00:00+02:00,61880.0,20033.0
2024-05-10T22:30:00+02:00,,
2024-05-10T23:00:00+02:00,61348.0,18969.0
2024-05-10T23:30:00+02:00,,
2024-05-11T00:00:00+02:00,57009.0,16791.0
2024-05-11T00:30:00+02:00,,
2024-05-11T01:00:00+02:00,53857.0,16504.0
2024-05-11T01:30:00+02:00,,
2024-05-11T02:00:00+02:00,52216.0,16194.0
2024-05-11T02:30:00+02:00,,
2024-05-11T03:00:00+02:00,50029.0,16298.0
2024-05-11T03:30:00+02:00,,
2024-05-11T04:00:00+02:00,49476.0,16866.0
2024-05-11T04:30:00+02:00,,
2024-05-11T05:00:00+02:00,50175.0,17471.0
2024-05-11T05:30:00+02:00,,
2024-05-11T06:00:00+02:00,54843.0,21531.0
2024-05-11T06:30:00+02:00,,
2024-05-11T07:00:00+02:00,56472.0,21895.0
2024-05-11T07:30:00+02:00,,
2024-05-11T08:00:00+02:00,58557.0,21894.0
2024-05-11T08:30:00+02:00,,
2024-05-11T09:00:00+02:00,60984.0,21972.0
2024-05-11T09:30:00+02:00,,
2024-05-11T10:00:00+02:00,61894.0,21586.0
2024-05-11T10:30:00+02:00,,
2024-05-11T11:00:00+02:00,62378.0,21254.0
2024-05-11T11:30:00+02:00,,
2024-05-11T12:00:00+02:00,63908.0,20786.0
2024-05-11T12:30:00+02:00,,
2024-05-11T13:00:00+02:00,62510.0,19836.0
2024-05-11T13:30:00+02:00,,
2024-05-11T14:00:00+02:00,59920.0,18749.0
2024-05-11T14:30:00+02:00,,
2024-05-11T15:00:00+02:00,57809.0,17848.0
2024-05-11T15:30:00+02:00,,
2024-05-11T16:00:00+02:00,56269.0,17665.0
2024-05-11T16:30:00+02:00,,
2024-05-11T17:00:00+02:00,56540.0,17950.0
2024-05-11T17:30:00+02:00,,
2024-05-11T18:00:00+02:00,58378.0,18863.0
2024-05-11T18:30:00+02:00,,
2024-05-11T19:00:00+02:00,60081.0,19816.0
2024-05-11T19:30:00+02:00,,
2024-05-11T20:00:00+02:00,58618.0,19683.0
2024-05-11T20:30:00+02:00,,
2024-05-11T21:00:00+02:00,58259.0,19219.0
2024-05-11T21:30:00+02:00,,
2024-05-11T22:00:00+02:00,58626.0,18308.0
2024-05-11T22:30:00+02:00,,
2024-05-11T23:00:00+02:00,58314.0,17442.0
2024-05-11T23:30:00+02:00,,
2024-05-12T00:00:00+02:00,56193.0,17151.0
2024-05-12T00:30:00+02:00,,
2024-05-12T01:00:00+02:00,53371.0,16853.0
2024-05-12T01:30:00+02:00,,
2024-05-12T02:00:00+02:00,51377.0,16875.0
2024-05-12T02:30:00+02:00,,
2024-05-12T03:00:00+02:00,49503.0,17175.0
2024-05-12T03:30:00+02:00,,
2024-05-12T04:00:00+02:00,49338.0,18301.0
2024-05-12T04:30:00+02:00,,
2024-05-12T05:00:00+02:00,50929.0,20204.0
2024-05-12T05:30:00+02:00,,
2024-05-12T06:00:00+02:00,48636.0,18254.0
2024-05-12T06:30:00+02:00,,
2024-05-12T07:00:00+02:00,49258.0,18350.0
2024-05-12T07:30:00+02:00,,
2024-05-12T08:00:00+02:00,51796.0,18794.0
2024-05-12T08:30:00+02:00,,
2024-05-12T09:00:00+02:00,55089.0,19580.0
2024-05-12T09:30:00+02:00,,
2024-05-12T10:00:00+02:00,57918.0,20181.0
2024-05-12T10:30:00+02:00,,
2024-05-12T11:00:00+02:00,59878.0,20300.0
2024-05-12T11:30:00+02:00,,
2024-05-12T12:00:00+02:00,62216.0,20149.0
2024-05-12T12:30:00+02:00,,
2024-05-12T13:00:00+02:00,60792.0,19489.0
2024-05-12T13:30:00+02:00,,
2024-05-12T14:00:00+02:00,58034.0,18415.0
2024-05-12T14:30:00+02:00,,
2024-05-12T15:00:00+02:00,56194.0,17951.0
2024-05-12T15:30:00+02:00,,
2024-05-12T16:00:00+02:00,54904.0,17904.0
2024-05-12T16:30:00+02:00,,
2024-05-12T17:00:00+02:00,55935.0,18717.0
2024-05-12T17:30:00+02:00,,
2024-05-12T18:00:00+02:00,59543.0,20171.0
2024-05-12T18:30:00+02:00,,
2024-05-12T19:00:00+02:00,62241.0,21130.0
2024-05-12T19:30:00+02:00,,
2024-05-12T20:00:00+02:00,60862.0,20768.0
2024-05-12T20:30:00+02:00,,
2024-05-12T21:00:00+02:00,59987.0,19998.0
2024-05-12T21:30:00+02:00,,
2024-05-12T22:00:00+02:00,59348.0,18773.0
2024-05-12T22:30:00+02:00,,
2024-05-12T23:00:00+02:00,58457.0,17587.0
2024-05-12T23:30:00+02:00,,
2024-05-13T00:00:00+02:00,57954.0,19057.0
2024-05-13T00:30:00+02:00,,
2024-05-13T01:00:00+02:00,54897.0,18628.0
2024-05-13T01:30:00+02:00,,
2024-05-13T02:00:00+02:00,53435.0,18268.0
2024-05-13T02:30:00+02:00,,
2024-05-13T03:00:00+02:00,51656.0,18416.0
2024-05-13T03:30:00+02:00,,
2024-05-13T04:00:00+02:00,51935.0,19430.0
2024-05-13T04:30:00+02:00,,
2024-05-13T05:00:00+02:00,55580.0,21309.0
2024-05-13T05:30:00+02:00,,
2024-05-13T06:00:00+02:00,61686.0,24087.0
2024-05-13T06:30:00+02:00,,
2024-05-13T07:00:00+02:00,69850.0,27285.0
2024-05-13T07:30:00+02:00,,
2024-05-13T08:00:00+02:00,72342.0,26675.0
2024-05-13T08:30:00+02:00,,
2024-05-13T09:00:00+02:00,72863.0,25887.0
2024-05-13T09:30:00+02:00,,
2024-05-13T10:00:00+02:00,72993.0,25708.0
2024-05-13T10:30:00+02:00,,
2024-05-13T11:00:00+02:00,73392.0,25449.0
2024-05-13T11:30:00+02:00,,
2024-05-13T12:00:00+02:00,73356.0,24443.0
2024-05-13T12:30:00+02:00,,
2024-05-13T13:00:00+02:00,71927.0,23691.0
2024-05-13T13:30:00+02:00,,
2024-05-13T14:00:00+02:00,69911.0,22685.0
2024-05-13T14:30:00+02:00,,
2024-05-13T15:00:00+02:00,67866.0,21772.0
2024-05-13T15:30:00+02:00,,
2024-05-13T16:00:00+02:00,66145.0,21192.0
2024-05-13T16:30:00+02:00,,
2024-05-13T17:00:00+02:00,65488.0,21318.0
2024-05-13T17:30:00+02:00,,
2024-05-13T18:00:00+02:00,68237.0,22669.0
2024-05-13T18:30:00+02:00,,
2024-05-13T19:00:00+02:00,71236.0,23870.0
2024-05-13T19:30:00+02:00,,
2024-05-13T20:00:00+02:00,68918.0,23733.0
2024-05-13T20:30:00+02:00,,
2024-05-13T21:00:00+02:00,66392.0,22810.0
2024-05-13T21:30:00+02:00,,
2024-05-13T22:00:00+02:00,64982.0,21262.0
2024-05-13T22:30:00+02:00,,
2024-05-13T23:00:00+02:00,63975.0,20003.0
2024-05-13T23:30:00+02:00,,
2024-05-14T00:00:00+02:00,62751.0,21131.0
2024-05-14T00:30:00+02:00,,
2024-05-14T01:00:00+02:00,59406.0,20672.0
2024-05-14T01:30:00+02:00,,
2024-05-14T02:00:00+02:00,58268.0,20400.0
2024-05-14T02:30:00+02:00,,
2024-05-14T03:00:00+02:00,56485.0,20659.0
2024-05-14T03:30:00+02:00,,
2024-05-14T04:00:00+02:00,56692.0,21759.0
2024-05-14T04:30:00+02:00,,
2024-05-14T05:00:00+02:00,60141.0,23970.0
2024-05-14T05:30:00+02:00,,
2024-05-14T06:00:00+02:00,64585.0,25177.0
2024-05-14T06:30:00+02:00,,
2024-05-14T07:00:00+02:00,72193.0,28091.0
2024-05-14T07:30:00+02:00,,
2024-05-14T08:00:00+02:00,74279.0,27451.0
2024-05-14T08:30:00+02:00,,
2024-05-14T09:00:00+02:00,74939.0,26967.0
2024-05-14T09:30:00+02:00,,
2024-05-14T10:00:00+02:00,75304.0,26871.0
2024-05-14T10:30:00+02:00,,
2024-05-14T11:00:00+02:00,75964.0,26683.0
2024-05-14T11:30:00+02:00,,
2024-05-14T12:00:00+02:00,76467.0,26181.0
2024-05-14T12:30:00+02:00,,
2024-05-14T13:00:00+02:00,75825.0,26049.0
2024-05-14T13:30:00+02:00,,
2024-05-14T14:00:00+02:00,73588.0,24919.0
2024-05-14T14:30:00+02:00,,
2024-05-14T15:00:00+02:00,71513.0,24200.0
2024-05-14T15:30:00+02:00,,
2024-05-14T16:00:00+02:00,69192.0,22964.0
2024-05-14T16:30:00+02:00,,
2024-05-14T17:00:00+02:00,69273.0,23588.0
2024-05-14T17:30:00+02:00,,
2024-05-14T18:00:00+02:00,72061.0,25157.0
2024-05-14T18:30:00+02:00,,
2024-05-14T19:00:00+02:00,75257.0,26748.0
2024-05-14T19:30:00+02:00,,
2024-05-14T20:00:00+02:00,73068.0,26767.0
2024-05-14T20:30:00+02:00,,
2024-05-14T21:00:00+02:00,70287.0,25657.0
2024-05-14T21:30:00+02:00,,
2024-05-14T22:00:00+02:00,68723.0,23786.0
2024-05-14T22:30:00+02:00,,
2024-05-14T23:00:00+02:00,67408.0,22374.0
2024-05-14T23:30:00+02:00,,
2024-05-15T00:00:00+02:00,64108.0,21640.0
2024-05-15T00:30:00+02:00,,
2024-05-15T01:00:00+02:00,60837.0,21269.0
2024-05-15T01:30:00+02:00,,
2024-05-15T02:00:00+02:00,59319.0,20954.0
2024-05-15T02:30:00+02:00,,
2024-05-15T03:00:00+02:00,57636.0,21142.0
2024-05-15T03:30:00+02:00,,
2024-05-15T04:00:00+02:00,57949.0,22352.0
2024-05-15T04:30:00+02:00,,
2024-05-15T05:00:00+02:00,61709.0,24664.0
2024-05-15T05:30:00+02:00,,
2024-05-15T06:00:00+02:00,68722.0,28655.0
2024-05-15T06:30:00+02:00,,
2024-05-15T07:00:00+02:00,75825.0,31303.0
2024-05-15T07:30:00+02:00,,
2024-05-15T08:00:00+02:00,78220.0,30491.0
2024-05-15T08:30:00+02:00,,
2024-05-15T09:00:00+02:00,78283.0,29267.0
2024-05-15T09:30:00+02:00,,
2024-05-15T10:00:00+02:00,77775.0,28370.0
2024-05-15T10:30:00+02:00,,
2024-05-15T11:00:00+02:00,78044.0,27948.0
2024-05-15T11:30:00+02:00,,
2024-05-15T12:00:00+02:00,77947.0,26909.0
2024-05-15T12:30:00+02:00,,
2024-05-15T13:00:00+02:00,76505.0,26163.0
2024-05-15T13:30:00+02:00,,
2024-05-15T14:00:00+02:00,73810.0,24860.0
2024-05-15T14:30:00+02:00,,
2024-05-15T15:00:00+02:00,71620.0,23992.0
2024-05-15T15:30:00+02:00,,
2024-05-15T16:00:00+02:00,69807.0,23570.0
2024-05-15T16:30:00+02:00,,
2024-05-15T17:00:00+02:00,69338.0,23894.0
2024-05-15T17:30:00+02:00,,
2024-05-15T18:00:00+02:00,72379.0,25482.0
2024-05-15T18:30:00+02:00,,
2024-05-15T19:00:00+02:00,76382.0,27768.0
2024-05-15T19:30:00+02:00,,
2024-05-15T20:00:00+02:00,74938.0,28341.0
2024-05-15T20:30:00+02:00,,
2024-05-15T21:00:00+02:00,72168.0,27251.0
2024-05-15T21:30:00+02:00,,
2024-05-15T22:00:00+02:00,71051.0,25621.0
2024-05-15T22:30:00+02:00,,
2024-05-15T23:00:00+02:00,68478.0,22964.0
2024-05-15T23:30:00+02:00,,
2024-05-16T00:00:00+02:00,65961.0,22595.0
2024-05-16T00:30:00+02:00,,
2024-05-16T01:00:00+02:00,62580.0,22154.0
2024-05-16T01:30:00+02:00,,
2024-05-16T02:00:00+02:00,61433.0,22026.0
2024-05-16T02:30:00+02:00,,
2024-05-16T03:00:00+02:00,59689.0,22260.0
2024-05-16T03:30:00+02:00,,
2024-05-16T04:00:00+02:00,60105.0,23623.0
2024-05-16T04:30:00+02:00,,
2024-05-16T05:00:00+02:00,64264.0,26526.0
2024-05-16T05:30:00+02:00,,
2024-05-16T06:00:00+02:00,70643.0,29750.0
2024-05-16T06:30:00+02:00,,
2024-05-16T07:00:00+02:00,78697.0,33003.0
2024-05-16T07:30:00+02:00,,
2024-05-16T08:00:00+02:00,80067.0,31525.0
2024-05-16T08:30:00+02:00,,
2024-05-16T09:00:00+02:00,80290.0,30611.0
2024-05-16T09:30:00+02:00,,
2024-05-16T10:00:00+02:00,79798.0,30028.0
2024-05-16T10:30:00+02:00,,
2024-05-16T11:00:00+02:00,79332.0,29106.0
2024-05-16T11:30:00+02:00,,
2024-05-16T12:00:00+02:00,79116.0,27953.0
2024-05-16T12:30:00+02:00,,
2024-05-16T13:00:00+02:00,77563.0,27379.0
2024-05-16T13:30:00+02:00,,
2024-05-16T14:00:00+02:00,75055.0,26115.0
2024-05-16T14:30:00+02:00,,
2024-05-16T15:00:00+02:00,72503.0,24828.0
2024-05-16T15:30:00+02:00,,
2024-05-16T16:00:00+02:00,70718.0,24422.0
2024-05-16T16:30:00+02:00,,
2024-05-16T17:00:00+02:00,70853.0,24903.0
2024-05-16T17:30:00+02:00,,
2024-05-16T18:00:00+02:00,73692.0,26646.0
2024-05-16T18:30:00+02:00,,
2024-05-16T19:00:00+02:00,76862.0,28237.0
2024-05-16T19:30:00+02:00,,
2024-05-16T20:00:00+02:00,74689.0,28247.0
2024-05-16T20:30:00+02:00,,
2024-05-16T21:00:00+02:00,72277.0,27388.0
2024-05-16T21:30:00+02:00,,
2024-05-16T22:00:00+02:00,71028.0,25432.0
2024-05-16T22:30:00+02:00,,
2024-05-16T23:00:00+02:00,69453.0,23795.0
2024-05-16T23:30:00+02:00,,
2024-05-17T00:00:00+02:00,64534.0,20673.0
2024-05-17T00:30:00+02:00,,
2024-05-17T01:00:00+02:00,61323.0,20377.0
2024-05-17T01:30:00+02:00,,
2024-05-17T02:00:00+02:00,59936.0,20132.0
2024-05-17T02:30:00+02:00,,
2024-05-17T03:00:00+02:00,57649.0,20025.0
2024-05-17T03:30:00+02:00,,
2024-05-17T04:00:00+02:00,57659.0,20860.0
2024-05-17T04:30:00+02:00,,
2024-05-17T05:00:00+02:00,60473.0,22151.0
2024-05-17T05:30:00+02:00,,
2024-05-17T06:00:00+02:00,73908.0,31937.0
2024-05-17T06:30:00+02:00,,
2024-05-17T07:00:00+02:00,80857.0,34569.0
2024-05-17T07:30:00+02:00,,
2024-05-17T08:00:00+02:00,81301.0,32517.0
2024-05-17T08:30:00+02:00,,
2024-05-17T09:00:00+02:00,80257.0,30317.0
2024-05-17T09:30:00+02:00,,
2024-05-17T10:00:00+02:00,78976.0,29114.0
2024-05-17T10:30:00+02:00,,
2024-05-17T11:00:00+02:00,78757.0,28551.0
2024-05-17T11:30:00+02:00,,
2024-05-17T12:00:00+02:00,78051.0,27296.0
2024-05-17T12:30:00+02:00,,
2024-05-17T13:00:00+02:00,76230.0,26239.0
2024-05-17T13:30:00+02:00,,
2024-05-17T14:00:00+02:00,72643.0,24342.0
2024-05-17T14:30:00+02:00,,
2024-05-17T15:00:00+02:00,70262.0,23391.0
2024-05-17T15:30:00+02:00,,
2024-05-17T16:00:00+02:00,68364.0,23195.0
2024-05-17T16:30:00+02:00,,
2024-05-17T17:00:00+02:00,67712.0,23283.0
2024-05-17T17:30:00+02:00,,
2024-05-17T18:00:00+02:00,70150.0,24465.0
2024-05-17T18:30:00+02:00,,
2024-05-17T19:00:00+02:00,71781.0,25560.0
2024-05-17T19:30:00+02:00,,
2024-05-17T20:00:00+02:00,70092.0,25269.0
2024-05-17T20:30:00+02:00,,
2024-05-17T21:00:00+02:00,68412.0,24538.0
2024-05-17T21:30:00+02:00,,
2024-05-17T22:00:00+02:00,67644.0,22983.0
2024-05-17T22:30:00+02:00,,
2024-05-17T23:00:00+02:00,66648.0,21591.0
2024-05-17T23:30:00+02:00,,
2024-05-18T00:00:00+02:00,61873.0,18916.0
2024-05-18T00:30:00+02:00,,
2024-05-18T01:00:00+02:00,58490.0,18674.0
2024-05-18T01:30:00+02:00,,
2024-05-18T02:00:00+02:00,56973.0,18597.0
2024-05-18T02:30:00+02:00,,
2024-05-18T03:00:00+02:00,54694.0,18568.0
2024-05-18T03:30:00+02:00,,
2024-05-18T04:00:00+02:00,53725.0,19030.0
2024-05-18T04:30:00+02:00,,
2024-05-18T05:00:00+02:00,54933.0,20040.0
2024-05-18T05:30:00+02:00,,
2024-05-18T06:00:00+02:00,59600.0,24264.0
2024-05-18T06:30:00+02:00,,
2024-05-18T07:00:00+02:00,61585.0,24792.0
2024-05-18T07:30:00+02:00,,
2024-05-18T08:00:00+02:00,64531.0,25252.0
2024-05-18T08:30:00+02:00,,
2024-05-18T09:00:00+02:00,66736.0,25138.0
2024-05-18T09:30:00+02:00,,
2024-05-18T10:00:00+02:00,67316.0,24580.0
2024-05-18T10:30:00+02:00,,
2024-05-18T11:00:00+02:00,67560.0,24053.0
2024-05-18T11:30:00+02:00,,
2024-05-18T12:00:00+02:00,69272.0,23653.0
2024-05-18T12:30:00+02:00,,
2024-05-18T13:00:00+02:00,67109.0,22646.0
2024-05-18T13:30:00+02:00,,
2024-05-18T14:00:00+02:00,63687.0,21189.0
2024-05-18T14:30:00+02:00,,
2024-05-18T15:00:00+02:00,61248.0,20048.0
2024-05-18T15:30:00+02:00,,
2024-05-18T16:00:00+02:00,59654.0,19658.0
2024-05-18T16:30:00+02:00,,
2024-05-18T17:00:00+02:00,59226.0,19948.0
2024-05-18T17:30:00+02:00,,
2024-05-18T18:00:00+02:00,61794.0,21074.0
2024-05-18T18:30:00+02:00,,
2024-05-18T19:00:00+02:00,63559.0,21952.0
2024-05-18T19:30:00+02:00,,
2024-05-18T20:00:00+02:00,62308.0,21854.0
2024-05-18T20:30:00+02:00,,
2024-05-18T21:00:00+02:00,61492.0,21384.0
2024-05-18T21:30:00+02:00,,
2024-05-18T22:00:00+02:00,61971.0,20345.0
2024-05-18T22:30:00+02:00,,
2024-05-18T23:00:00+02:00,61773.0,19395.0
2024-05-18T23:30:00+02:00,,
2024-05-19T00:00:00+02:00,58955.0,17977.0
2024-05-19T00:30:00+02:00,,
2024-05-19T01:00:00+02:00,55663.0,17671.0
2024-05-19T01:30:00+02:00,,
2024-05-19T02:00:00+02:00,54365.0,17687.0
2024-05-19T02:30:00+02:00,,
2024-05-19T03:00:00+02:00,51757.0,17620.0
2024-05-19T03:30:00+02:00,,
2024-05-19T04:00:00+02:00,51142.0,18411.0
2024-05-19T04:30:00+02:00,,
2024-05-19T05:00:00+02:00,52751.0,20130.0
2024-05-19T05:30:00+02:00,,
2024-05-19T06:00:00+02:00,54413.0,21928.0
2024-05-19T06:30:00+02:00,,
2024-05-19T07:00:00+02:00,55698.0,22211.0
2024-05-19T07:30:00+02:00,,
2024-05-19T08:00:00+02:00,57777.0,22406.0
2024-05-19T08:30:00+02:00,,
2024-05-19T09:00:00+02:00,60582.0,22793.0
2024-05-19T09:30:00+02:00,,
2024-05-19T10:00:00+02:00,62424.0,22928.0
2024-05-19T10:30:00+02:00,,
2024-05-19T11:00:00+02:00,63653.0,22735.0
2024-05-19T11:30:00+02:00,,
2024-05-19T12:00:00+02:00,65214.0,22083.0
2024-05-19T12:30:00+02:00,,
2024-05-19T13:00:00+02:00,62958.0,20953.0
2024-05-19T13:30:00+02:00,,
2024-05-19T14:00:00+02:00,59538.0,19831.0
2024-05-19T14:30:00+02:00,,
2024-05-19T15:00:00+02:00,57121.0,18923.0
2024-05-19T15:30:00+02:00,,
2024-05-19T16:00:00+02:00,55439.0,18485.0
2024-05-19T16:30:00+02:00,,
2024-05-19T17:00:00+02:00,56202.0,19040.0
2024-05-19T17:30:00+02:00,,
2024-05-19T18:00:00+02:00,58214.0,19974.0
2024-05-19T18:30:00+02:00,,
2024-05-19T19:00:00+02:00,60800.0,20987.0
2024-05-19T19:30:00+02:00,,
2024-05-19T20:00:00+02:00,60577.0,20982.0
2024-05-19T20:30:00+02:00,,
2024-05-19T21:00:00+02:00,60081.0,20540.0
2024-05-19T21:30:00+02:00,,
2024-05-19T22:00:00+02:00,60558.0,19660.0
2024-05-19T22:30:00+02:00,,
2024-05-19T23:00:00+02:00,60427.0,18693.0
2024-05-19T23:30:00+02:00,,
2024-05-20T00:00:00+02:00,58837.0,18876.0
2024-05-20T00:30:00+02:00,,
2024-05-20T01:00:00+02:00,55457.0,18606.0
2024-05-20T01:30:00+02:00,,
2024-05-20T02:00:00+02:00,53631.0,18189.0
2024-05-20T02:30:00+02:00,,
2024-05-20T03:00:00+02:00,51894.0,18773.0
2024-05-20T03:30:00+02:00,,
2024-05-20T04:00:00+02:00,51991.0,20056.0
2024-05-20T04:30:00+02:00,,
2024-05-20T05:00:00+02:00,54871.0,22618.0
2024-05-20T05:30:00+02:00,,
2024-05-20T06:00:00+02:00,55355.0,22564.0
2024-05-20T06:30:00+02:00,,
2024-05-20T07:00:00+02:00,56962.0,22628.0
2024-05-20T07:30:00+02:00,,
2024-05-20T08:00:00+02:00,59558.0,22809.0
2024-05-20T08:30:00+02:00,,
2024-05-20T09:00:00+02:00,62979.0,23299.0
2024-05-20T09:30:00+02:00,,
2024-05-20T10:00:00+02:00,64601.0,23529.0
2024-05-20T10:30:00+02:00,,
2024-05-20T11:00:00+02:00,66252.0,23457.0
2024-05-20T11:30:00+02:00,,
2024-05-20T12:00:00+02:00,68082.0,22785.0
2024-05-20T12:30:00+02:00,,
2024-05-20T13:00:00+02:00,65810.0,21635.0
2024-05-20T13:30:00+02:00,,
2024-05-20T14:00:00+02:00,62994.0,20601.0
2024-05-20T14:30:00+02:00,,
2024-05-20T15:00:00+02:00,60646.0,19672.0
2024-05-20T15:30:00+02:00,,
2024-05-20T16:00:00+02:00,59303.0,19629.0
2024-05-20T16:30:00+02:00,,
2024-05-20T17:00:00+02:00,60133.0,20395.0
2024-05-20T17:30:00+02:00,,
2024-05-20T18:00:00+02:00,63874.0,22152.0
2024-05-20T18:30:00+02:00,,
2024-05-20T19:00:00+02:00,66792.0,23164.0
2024-05-20T19:30:00+02:00,,
2024-05-20T20:00:00+02:00,65255.0,22861.0
2024-05-20T20:30:00+02:00,,
2024-05-20T21:00:00+02:00,63835.0,22114.0
2024-05-20T21:30:00+02:00,,
2024-05-20T22:00:00+02:00,63247.0,20810.0
2024-05-20T22:30:00+02:00,,
2024-05-20T23:00:00+02:00,62449.0,19486.0
2024-05-20T23:30:00+02:00,,
2024-05-21T00:00:00+02:00,61943.0,21163.0
2024-05-21T00:30:00+02:00,,
2024-05-21T01:00:00+02:00,58553.0,20395.0
2024-05-21T01:30:00+02:00,,
2024-05-21T02:00:00+02:00,57075.0,20210.0
2024-05-21T02:30:00+02:00,,
2024-05-21T03:00:00+02:00,55478.0,20413.0
2024-05-21T03:30:00+02:00,,
2024-05-21T04:00:00+02:00,56167.0,21858.0
2024-05-21T04:30:00+02:00,,
2024-05-21T05:00:00+02:00,60599.0,24397.0
2024-05-21T05:30:00+02:00,,
2024-05-21T06:00:00+02:00,67445.0,27786.0
2024-05-21T06:30:00+02:00,,
2024-05-21T07:00:00+02:00,75555.0,30790.0
2024-05-21T07:30:00+02:00,,
2024-05-21T08:00:00+02:00,77790.0,29998.0
2024-05-21T08:30:00+02:00,,
2024-05-21T09:00:00+02:00,77870.0,28831.0
2024-05-21T09:30:00+02:00,,
2024-05-21T10:00:00+02:00,77895.0,28261.0
2024-05-21T10:30:00+02:00,,
2024-05-21T11:00:00+02:00,78294.0,28116.0
2024-05-21T11:30:00+02:00,,
2024-05-21T12:00:00+02:00,78849.0,27824.0
2024-05-21T12:30:00+02:00,,
2024-05-21T13:00:00+02:00,76752.0,26579.0
2024-05-21T13:30:00+02:00,,
2024-05-21T14:00:00+02:00,74274.0,25317.0
2024-05-21T14:30:00+02:00,,
2024-05-21T15:00:00+02:00,71873.0,24267.0
2024-05-21T15:30:00+02:00,,
2024-05-21T16:00:00+02:00,69426.0,23548.0
2024-05-21T16:30:00+02:00,,
2024-05-21T17:00:00+02:00,69380.0,24065.0
2024-05-21T17:30:00+02:00,,
2024-05-21T18:00:00+02:00,72176.0,25801.0
2024-05-21T18:30:00+02:00,,
2024-05-21T19:00:00+02:00,74865.0,26962.0
2024-05-21T19:30:00+02:00,,
2024-05-21T20:00:00+02:00,72105.0,26513.0
2024-05-21T20:30:00+02:00,,
2024-05-21T21:00:00+02:00,70050.0,25759.0
2024-05-21T21:30:00+02:00,,
2024-05-21T22:00:00+02:00,69161.0,24150.0
2024-05-21T22:30:00+02:00,,
2024-05-21T23:00:00+02:00,67787.0,22692.0
2024-05-21T23:30:00+02:00,,
2024-05-22T00:00:00+02:00,63916.0,21054.0
2024-05-22T00:30:00+02:00,,
2024-05-22T01:00:00+02:00,60537.0,20618.0
2024-05-22T01:30:00+02:00,,
2024-05-22T02:00:00+02:00,59140.0,20464.0
2024-05-22T02:30:00+02:00,,
2024-05-22T03:00:00+02:00,57271.0,20638.0
2024-05-22T03:30:00+02:00,,
2024-05-22T04:00:00+02:00,57731.0,21825.0
2024-05-22T04:30:00+02:00,,
2024-05-22T05:00:00+02:00,61572.0,24225.0
2024-05-22T05:30:00+02:00,,
2024-05-22T06:00:00+02:00,69357.0,28956.0
2024-05-22T06:30:00+02:00,,
2024-05-22T07:00:00+02:00,76585.0,31695.0
2024-05-22T07:30:00+02:00,,
2024-05-22T08:00:00+02:00,79143.0,31196.0
2024-05-22T08:30:00+02:00,,
2024-05-22T09:00:00+02:00,78633.0,29526.0
2024-05-22T09:30:00+02:00,,
2024-05-22T10:00:00+02:00,77891.0,28542.0
2024-05-22T10:30:00+02:00,,
2024-05-22T11:00:00+02:00,78103.0,28054.0
2024-05-22T11:30:00+02:00,,
2024-05-22T12:00:00+02:00,78233.0,27014.0
2024-05-22T12:30:00+02:00,,
2024-05-22T13:00:00+02:00,76514.0,26155.0
2024-05-22T13:30:00+02:00,,
2024-05-22T14:00:00+02:00,73780.0,24788.0
2024-05-22T14:30:00+02:00,,
2024-05-22T15:00:00+02:00,71214.0,23597.0
2024-05-22T15:30:00+02:00,,
2024-05-22T16:00:00+02:00,69181.0,22889.0
2024-05-22T16:30:00+02:00,,
2024-05-22T17:00:00+02:00,68016.0,23164.0
2024-05-22T17:30:00+02:00,,
2024-05-22T18:00:00+02:00,71273.0,24752.0
2024-05-22T18:30:00+02:00,,
2024-05-22T19:00:00+02:00,73879.0,26118.0
2024-05-22T19:30:00+02:00,,
2024-05-22T20:00:00+02:00,72042.0,26078.0
2024-05-22T20:30:00+02:00,,
2024-05-22T21:00:00+02:00,69726.0,25233.0
2024-05-22T21:30:00+02:00,,
2024-05-22T22:00:00+02:00,68773.0,23437.0
2024-05-22T22:30:00+02:00,,
2024-05-22T23:00:00+02:00,67389.0,22078.0
2024-05-22T23:30:00+02:00,,
2024-05-23T00:00:00+02:00,64752.0,21530.0
2024-05-23T00:30:00+02:00,,
2024-05-23T01:00:00+02:00,61638.0,21228.0
2024-05-23T01:30:00+02:00,,
2024-05-23T02:00:00+02:00,60427.0,21048.0
2024-05-23T02:30:00+02:00,,
2024-05-23T03:00:00+02:00,58275.0,21063.0
2024-05-23T03:30:00+02:00,,
2024-05-23T04:00:00+02:00,58487.0,22242.0
2024-05-23T04:30:00+02:00,,
2024-05-23T05:00:00+02:00,62104.0,24651.0
2024-05-23T05:30:00+02:00,,
2024-05-23T06:00:00+02:00,69887.0,28983.0
2024-05-23T06:30:00+02:00,,
2024-05-23T07:00:00+02:00,77575.0,31871.0
2024-05-23T07:30:00+02:00,,
2024-05-23T08:00:00+02:00,78409.0,30303.0
2024-05-23T08:30:00+02:00,,
2024-05-23T09:00:00+02:00,78086.0,28711.0
2024-05-23T09:30:00+02:00,,
2024-05-23T10:00:00+02:00,78074.0,28412.0
2024-05-23T10:30:00+02:00,,
2024-05-23T11:00:00+02:00,78089.0,27659.0
2024-05-23T11:30:00+02:00,,
2024-05-23T12:00:00+02:00,77686.0,26537.0
2024-05-23T12:30:00+02:00,,
2024-05-23T13:00:00+02:00,76047.0,25677.0
2024-05-23T13:30:00+02:00,,
2024-05-23T14:00:00+02:00,73930.0,24609.0
2024-05-23T14:30:00+02:00,,
2024-05-23T15:00:00+02:00,71164.0,23513.0
2024-05-23T15:30:00+02:00,,
2024-05-23T16:00:00+02:00,69400.0,23118.0
2024-05-23T16:30:00+02:00,,
2024-05-23T17:00:00+02:00,68929.0,23424.0
2024-05-23T17:30:00+02:00,,
2024-05-23T18:00:00+02:00,71870.0,25089.0
2024-05-23T18:30:00+02:00,,
2024-05-23T19:00:00+02:00,74733.0,26505.0
2024-05-23T19:30:00+02:00,,
2024-05-23T20:00:00+02:00,72673.0,26671.0
2024-05-23T20:30:00+02:00,,
2024-05-23T21:00:00+02:00,70294.0,25662.0
2024-05-23T21:30:00+02:00,,
2024-05-23T22:00:00+02:00,69459.0,24154.0
2024-05-23T22:30:00+02:00,,
2024-05-23T23:00:00+02:00,68176.0,22654.0
2024-05-23T23:30:00+02:00,,
2024-05-24T00:00:00+02:00,63841.0,20596.0
2024-05-24T00:30:00+02:00,,
2024-05-24T01:00:00+02:00,60483.0,20016.0
2024-05-24T01:30:00+02:00,,
2024-05-24T02:00:00+02:00,59184.0,19859.0
2024-05-24T02:30:00+02:00,,
2024-05-24T03:00:00+02:00,57136.0,19828.0
2024-05-24T03:30:00+02:00,,
2024-05-24T04:00:00+02:00,56642.0,20283.0
2024-05-24T04:30:00+02:00,,
2024-05-24T05:00:00+02:00,59279.0,21356.0
2024-05-24T05:30:00+02:00,,
2024-05-24T06:00:00+02:00,70650.0,29617.0
2024-05-24T06:30:00+02:00,,
2024-05-24T07:00:00+02:00,78426.0,32547.0
2024-05-24T07:30:00+02:00,,
2024-05-24T08:00:00+02:00,79452.0,30997.0
2024-05-24T08:30:00+02:00,,
2024-05-24T09:00:00+02:00,78726.0,29259.0
2024-05-24T09:30:00+02:00,,
2024-05-24T10:00:00+02:00,77582.0,27914.0
2024-05-24T10:30:00+02:00,,
2024-05-24T11:00:00+02:00,77269.0,27389.0
2024-05-24T11:30:00+02:00,,
2024-05-24T12:00:00+02:00,77476.0,26431.0
2024-05-24T12:30:00+02:00,,
2024-05-24T13:00:00+02:00,75259.0,25354.0
2024-05-24T13:30:00+02:00,,
2024-05-24T14:00:00+02:00,72390.0,23944.0
2024-05-24T14:30:00+02:00,,
2024-05-24T15:00:00+02:00,69694.0,22855.0
2024-05-24T15:30:00+02:00,,
2024-05-24T16:00:00+02:00,67638.0,22309.0
2024-05-24T16:30:00+02:00,,
2024-05-24T17:00:00+02:00,67151.0,22493.0
2024-05-24T17:30:00+02:00,,
2024-05-24T18:00:00+02:00,69604.0,23919.0
2024-05-24T18:30:00+02:00,,
2024-05-24T19:00:00+02:00,71065.0,24953.0
2024-05-24T19:30:00+02:00,,
2024-05-24T20:00:00+02:00,69027.0,24603.0
2024-05-24T20:30:00+02:00,,
2024-05-24T21:00:00+02:00,67317.0,23965.0
2024-05-24T21:30:00+02:00,,
2024-05-24T22:00:00+02:00,67692.0,23027.0
2024-05-24T22:30:00+02:00,,
2024-05-24T23:00:00+02:00,66664.0,21625.0
2024-05-24T23:30:00+02:00,,
2024-05-25T00:00:00+02:00,60904.0,18137.0
2024-05-25T00:30:00+02:00,,
2024-05-25T01:00:00+02:00,56652.0,17240.0
2024-05-25T01:30:00+02:00,,
2024-05-25T02:00:00+02:00,55106.0,16968.0
2024-05-25T02:30:00+02:00,,
2024-05-25T03:00:00+02:00,52869.0,16824.0
2024-05-25T03:30:00+02:00,,
2024-05-25T04:00:00+02:00,51978.0,17230.0
2024-05-25T04:30:00+02:00,,
2024-05-25T05:00:00+02:00,52392.0,17798.0
2024-05-25T05:30:00+02:00,,
2024-05-25T06:00:00+02:00,58647.0,23288.0
2024-05-25T06:30:00+02:00,,
2024-05-25T07:00:00+02:00,60675.0,23831.0
2024-05-25T07:30:00+02:00,,
2024-05-25T08:00:00+02:00,63491.0,24142.0
2024-05-25T08:30:00+02:00,,
2024-05-25T09:00:00+02:00,65679.0,24012.0
2024-05-25T09:30:00+02:00,,
2024-05-25T10:00:00+02:00,66344.0,23252.0
2024-05-25T10:30:00+02:00,,
2024-05-25T11:00:00+02:00,66546.0,22515.0
2024-05-25T11:30:00+02:00,,
2024-05-25T12:00:00+02:00,68127.0,21803.0
2024-05-25T12:30:00+02:00,,
2024-05-25T13:00:00+02:00,65629.0,20921.0
2024-05-25T13:30:00+02:00,,
2024-05-25T14:00:00+02:00,62498.0,19727.0
2024-05-25T14:30:00+02:00,,
2024-05-25T15:00:00+02:00,60300.0,18834.0
2024-05-25T15:30:00+02:00,,
2024-05-25T16:00:00+02:00,58325.0,18280.0
2024-05-25T16:30:00+02:00,,
2024-05-25T17:00:00+02:00,58177.0,18466.0
2024-05-25T17:30:00+02:00,,
2024-05-25T18:00:00+02:00,59950.0,19464.0
2024-05-25T18:30:00+02:00,,
2024-05-25T19:00:00+02:00,61735.0,20294.0
2024-05-25T19:30:00+02:00,,
2024-05-25T20:00:00+02:00,60732.0,20363.0
2024-05-25T20:30:00+02:00,,
2024-05-25T21:00:00+02:00,60040.0,20056.0
2024-05-25T21:30:00+02:00,,
2024-05-25T22:00:00+02:00,60627.0,19273.0
2024-05-25T22:30:00+02:00,,
2024-05-25T23:00:00+02:00,60817.0,18719.0
2024-05-25T23:30:00+02:00,,
2024-05-26T00:00:00+02:00,57683.0,17344.0
2024-05-26T00:30:00+02:00,,
2024-05-26T01:00:00+02:00,54724.0,17301.0
2024-05-26T01:30:00+02:00,,
2024-05-26T02:00:00+02:00,52991.0,17180.0
2024-05-26T02:30:00+02:00,,
2024-05-26T03:00:00+02:00,50994.0,17595.0
2024-05-26T03:30:00+02:00,,
2024-05-26T04:00:00+02:00,50832.0,18778.0
2024-05-26T04:30:00+02:00,,
2024-05-26T05:00:00+02:00,52673.0,20835.0
2024-05-26T05:30:00+02:00,,
2024-05-26T06:00:00+02:00,49965.0,18514.0
2024-05-26T06:30:00+02:00,,
2024-05-26T07:00:00+02:00,51322.0,18844.0
2024-05-26T07:30:00+02:00,,
2024-05-26T08:00:00+02:00,54521.0,19729.0
2024-05-26T08:30:00+02:00,,
2024-05-26T09:00:00+02:00,58355.0,20904.0
2024-05-26T09:30:00+02:00,,
2024-05-26T10:00:00+02:00,60961.0,21413.0
2024-05-26T10:30:00+02:00,,
2024-05-26T11:00:00+02:00,62569.0,21323.0
2024-05-26T11:30:00+02:00,,
2024-05-26T12:00:00+02:00,64029.0,20696.0
2024-05-26T12:30:00+02:00,,
2024-05-26T13:00:00+02:00,61867.0,19896.0
2024-05-26T13:30:00+02:00,,
2024-05-26T14:00:00+02:00,58868.0,19078.0
2024-05-26T14:30:00+02:00,,
2024-05-26T15:00:00+02:00,56938.0,18486.0
2024-05-26T15:30:00+02:00,,
2024-05-26T16:00:00+02:00,55366.0,18140.0
2024-05-26T16:30:00+02:00,,
2024-05-26T17:00:00+02:00,56240.0,18805.0
2024-05-26T17:30:00+02:00,,
2024-05-26T18:00:00+02:00,59497.0,20190.0
2024-05-26T18:30:00+02:00,,
2024-05-26T19:00:00+02:00,62632.0,21128.0
2024-05-26T19:30:00+02:00,,
2024-05-26T20:00:00+02:00,61458.0,20944.0
2024-05-26T20:30:00+02:00,,
2024-05-26T21:00:00+02:00,60444.0,20267.0
2024-05-26T21:30:00+02:00,,
2024-05-26T22:00:00+02:00,60540.0,19078.0
2024-05-26T22:30:00+02:00,,
2024-05-26T23:00:00+02:00,59765.0,18050.0
2024-05-26T23:30:00+02:00,,
2024-05-27T00:00:00+02:00,60319.0,20644.0
2024-05-27T00:30:00+02:00,,
2024-05-27T01:00:00+02:00,57060.0,20223.0
2024-05-27T01:30:00+02:00,,
2024-05-27T02:00:00+02:00,55617.0,20043.0
2024-05-27T02:30:00+02:00,,
2024-05-27T03:00:00+02:00,53936.0,20075.0
2024-05-27T03:30:00+02:00,,
2024-05-27T04:00:00+02:00,54256.0,21189.0
2024-05-27T04:30:00+02:00,,
2024-05-27T05:00:00+02:00,58587.0,23648.0
2024-05-27T05:30:00+02:00,,
2024-05-27T06:00:00+02:00,63663.0,25438.0
2024-05-27T06:30:00+02:00,,
2024-05-27T07:00:00+02:00,71329.0,28051.0
2024-05-27T07:30:00+02:00,,
2024-05-27T08:00:00+02:00,73590.0,27370.0
2024-05-27T08:30:00+02:00,,
2024-05-27T09:00:00+02:00,74653.0,26734.0
2024-05-27T09:30:00+02:00,,
2024-05-27T10:00:00+02:00,75012.0,26716.0
2024-05-27T10:30:00+02:00,,
2024-05-27T11:00:00+02:00,75722.0,26655.0
2024-05-27T11:30:00+02:00,,
2024-05-27T12:00:00+02:00,75927.0,25827.0
2024-05-27T12:30:00+02:00,,
2024-05-27T13:00:00+02:00,74815.0,25268.0
2024-05-27T13:30:00+02:00,,
2024-05-27T14:00:00+02:00,72587.0,24240.0
2024-05-27T14:30:00+02:00,,
2024-05-27T15:00:00+02:00,70387.0,23100.0
2024-05-27T15:30:00+02:00,,
2024-05-27T16:00:00+02:00,68424.0,22679.0
2024-05-27T16:30:00+02:00,,
2024-05-27T17:00:00+02:00,68041.0,22903.0
2024-05-27T17:30:00+02:00,,
2024-05-27T18:00:00+02:00,71021.0,24439.0
2024-05-27T18:30:00+02:00,,
2024-05-27T19:00:00+02:00,73934.0,25987.0
2024-05-27T19:30:00+02:00,,
2024-05-27T20:00:00+02:00,71188.0,25869.0
2024-05-27T20:30:00+02:00,,
2024-05-27T21:00:00+02:00,68311.0,24629.0
2024-05-27T21:30:00+02:00,,
2024-05-27T22:00:00+02:00,67788.0,23215.0
2024-05-27T22:30:00+02:00,,
2024-05-27T23:00:00+02:00,66389.0,21758.0
2024-05-27T23:30:00+02:00,,
2024-05-28T00:00:00+02:00,63230.0,20700.0
2024-05-28T00:30:00+02:00,,
2024-05-28T01:00:00+02:00,59710.0,20195.0
2024-05-28T01:30:00+02:00,,
2024-05-28T02:00:00+02:00,58126.0,19752.0
2024-05-28T02:30:00+02:00,,
2024-05-28T03:00:00+02:00,56428.0,19881.0
2024-05-28T03:30:00+02:00,,
2024-05-28T04:00:00+02:00,56598.0,20768.0
2024-05-28T04:30:00+02:00,,
2024-05-28T05:00:00+02:00,59883.0,22605.0
2024-05-28T05:30:00+02:00,,
2024-05-28T06:00:00+02:00,68819.0,28392.0
2024-05-28T06:30:00+02:00,,
2024-05-28T07:00:00+02:00,76351.0,31178.0
2024-05-28T07:30:00+02:00,,
2024-05-28T08:00:00+02:00,77583.0,29762.0
2024-05-28T08:30:00+02:00,,
2024-05-28T09:00:00+02:00,77263.0,28596.0
2024-05-28T09:30:00+02:00,,
2024-05-28T10:00:00+02:00,77136.0,28042.0
2024-05-28T10:30:00+02:00,,
2024-05-28T11:00:00+02:00,77470.0,27853.0
2024-05-28T11:30:00+02:00,,
2024-05-28T12:00:00+02:00,77412.0,26734.0
2024-05-28T12:30:00+02:00,,
2024-05-28T13:00:00+02:00,76014.0,26073.0
2024-05-28T13:30:00+02:00,,
2024-05-28T14:00:00+02:00,73723.0,25075.0
2024-05-28T14:30:00+02:00,,
2024-05-28T15:00:00+02:00,71198.0,23937.0
2024-05-28T15:30:00+02:00,,
2024-05-28T16:00:00+02:00,69073.0,23356.0
2024-05-28T16:30:00+02:00,,
2024-05-28T17:00:00+02:00,68692.0,23601.0
2024-05-28T17:30:00+02:00,,
2024-05-28T18:00:00+02:00,71322.0,25055.0
2024-05-28T18:30:00+02:00,,
2024-05-28T19:00:00+02:00,73685.0,26024.0
2024-05-28T19:30:00+02:00,,
2024-05-28T20:00:00+02:00,71487.0,25980.0
2024-05-28T20:30:00+02:00,,
2024-05-28T21:00:00+02:00,68823.0,24728.0
2024-05-28T21:30:00+02:00,,
2024-05-28T22:00:00+02:00,67666.0,22965.0
2024-05-28T22:30:00+02:00,,
2024-05-28T23:00:00+02:00,66451.0,21640.0
2024-05-28T23:30:00+02:00,,
2024-05-29T00:00:00+02:00,63585.0,21143.0
2024-05-29T00:30:00+02:00,,
2024-05-29T01:00:00+02:00,60262.0,20680.0
2024-05-29T01:30:00+02:00,,
2024-05-29T02:00:00+02:00,58562.0,20095.0
2024-05-29T02:30:00+02:00,,
2024-05-29T03:00:00+02:00,56901.0,20288.0
2024-05-29T03:30:00+02:00,,
2024-05-29T04:00:00+02:00,56740.0,21048.0
2024-05-29T04:30:00+02:00,,
2024-05-29T05:00:00+02:00,60149.0,23097.0
2024-05-29T05:30:00+02:00,,
2024-05-29T06:00:00+02:00,66407.0,26539.0
2024-05-29T06:30:00+02:00,,
2024-05-29T07:00:00+02:00,73523.0,29365.0
2024-05-29T07:30:00+02:00,,
2024-05-29T08:00:00+02:00,76171.0,28829.0
2024-05-29T08:30:00+02:00,,
2024-05-29T09:00:00+02:00,76884.0,28143.0
2024-05-29T09:30:00+02:00,,
2024-05-29T10:00:00+02:00,77102.0,27602.0
2024-05-29T10:30:00+02:00,,
2024-05-29T11:00:00+02:00,77777.0,27461.0
2024-05-29T11:30:00+02:00,,
2024-05-29T12:00:00+02:00,78462.0,26762.0
2024-05-29T12:30:00+02:00,,
2024-05-29T13:00:00+02:00,76980.0,26061.0
2024-05-29T13:30:00+02:00,,
2024-05-29T14:00:00+02:00,74296.0,24731.0
2024-05-29T14:30:00+02:00,,
2024-05-29T15:00:00+02:00,71822.0,23498.0
2024-05-29T15:30:00+02:00,,
2024-05-29T16:00:00+02:00,70309.0,23290.0
2024-05-29T16:30:00+02:00,,
2024-05-29T17:00:00+02:00,70279.0,23899.0
2024-05-29T17:30:00+02:00,,
2024-05-29T18:00:00+02:00,73468.0,25665.0
2024-05-29T18:30:00+02:00,,
2024-05-29T19:00:00+02:00,76128.0,26917.0
2024-05-29T19:30:00+02:00,,
2024-05-29T20:00:00+02:00,73279.0,26702.0
2024-05-29T20:30:00+02:00,,
2024-05-29T21:00:00+02:00,70259.0,25411.0
2024-05-29T21:30:00+02:00,,
2024-05-29T22:00:00+02:00,69313.0,23746.0
2024-05-29T22:30:00+02:00,,
2024-05-29T23:00:00+02:00,67905.0,22230.0
2024-05-29T23:30:00+02:00,,
2024-05-30T00:00:00+02:00,64594.0,21144.0
2024-05-30T00:30:00+02:00,,
2024-05-30T01:00:00+02:00,61048.0,20687.0
2024-05-30T01:30:00+02:00,,
2024-05-30T02:00:00+02:00,59460.0,20212.0
2024-05-30T02:30:00+02:00,,
2024-05-30T03:00:00+02:00,57404.0,20304.0
2024-05-30T03:30:00+02:00,,
2024-05-30T04:00:00+02:00,57626.0,21508.0
2024-05-30T04:30:00+02:00,,
2024-05-30T05:00:00+02:00,61080.0,23727.0
2024-05-30T05:30:00+02:00,,
2024-05-30T06:00:00+02:00,67756.0,27292.0
2024-05-30T06:30:00+02:00,,
2024-05-30T07:00:00+02:00,76006.0,30520.0
2024-05-30T07:30:00+02:00,,
2024-05-30T08:00:00+02:00,77728.0,29611.0
2024-05-30T08:30:00+02:00,,
2024-05-30T09:00:00+02:00,78001.0,28538.0
2024-05-30T09:30:00+02:00,,
2024-05-30T10:00:00+02:00,77745.0,27978.0
2024-05-30T10:30:00+02:00,,
2024-05-30T11:00:00+02:00,78169.0,27674.0
2024-05-30T11:30:00+02:00,,
2024-05-30T12:00:00+02:00,78150.0,26782.0
2024-05-30T12:30:00+02:00,,
2024-05-30T13:00:00+02:00,76610.0,26129.0
2024-05-30T13:30:00+02:00,,
2024-05-30T14:00:00+02:00,74406.0,25122.0
2024-05-30T14:30:00+02:00,,
2024-05-30T15:00:00+02:00,71770.0,23980.0
2024-05-30T15:30:00+02:00,,
2024-05-30T16:00:00+02:00,69728.0,23407.0
2024-05-30T16:30:00+02:00,,
2024-05-30T17:00:00+02:00,69347.0,23696.0
2024-05-30T17:30:00+02:00,,
2024-05-30T18:00:00+02:00,72374.0,25419.0
2024-05-30T18:30:00+02:00,,
2024-05-30T19:00:00+02:00,75049.0,26731.0
2024-05-30T19:30:00+02:00,,
2024-05-30T20:00:00+02:00,72906.0,26674.0
2024-05-30T20:30:00+02:00,,
2024-05-30T21:00:00+02:00,69983.0,25433.0
2024-05-30T21:30:00+02:00,,
2024-05-30T22:00:00+02:00,69835.0,24042.0
2024-05-30T22:30:00+02:00,,
2024-05-30T23:00:00+02:00,68096.0,22450.0
2024-05-30T23:30:00+02:00,,
2024-05-31T00:00:00+02:00,63965.0,20518.0
2024-05-31T00:30:00+02:00,,
2024-05-31T01:00:00+02:00,60628.0,20056.0
2024-05-31T01:30:00+02:00,,
2024-05-31T02:00:00+02:00,58817.0,19468.0
2024-05-31T02:30:00+02:00,,
2024-05-31T03:00:00+02:00,56671.0,19381.0
2024-05-31T03:30:00+02:00,,
2024-05-31T04:00:00+02:00,56122.0,19711.0
2024-05-31T04:30:00+02:00,,
2024-05-31T05:00:00+02:00,58563.0,20703.0
2024-05-31T05:30:00+02:00,,
2024-05-31T06:00:00+02:00,69107.0,28339.0
2024-05-31T06:30:00+02:00,,
2024-05-31T07:00:00+02:00,77069.0,31361.0
2024-05-31T07:30:00+02:00,,
2024-05-31T08:00:00+02:00,78822.0,30357.0
2024-05-31T08:30:00+02:00,,
2024-05-31T09:00:00+02:00,79369.0,29478.0
2024-05-31T09:30:00+02:00,,
2024-05-31T10:00:00+02:00,79584.0,28925.0
2024-05-31T10:30:00+02:00,,
2024-05-31T11:00:00+02:00,79723.0,28579.0
2024-05-31T11:30:00+02:00,,
2024-05-31T12:00:00+02:00,79049.0,27263.0
2024-05-31T12:30:00+02:00,,
2024-05-31T13:00:00+02:00,77105.0,26253.0
2024-05-31T13:30:00+02:00,,
2024-05-31T14:00:00+02:00,73887.0,24861.0
2024-05-31T14:30:00+02:00,,
2024-05-31T15:00:00+02:00,71200.0,23706.0
2024-05-31T15:30:00+02:00,,
2024-05-31T16:00:00+02:00,69250.0,23319.0
2024-05-31T16:30:00+02:00,,
2024-05-31T17:00:00+02:00,69194.0,23560.0
2024-05-31T17:30:00+02:00,,
2024-05-31T18:00:00+02:00,71162.0,24669.0
2024-05-31T18:30:00+02:00,,
2024-05-31T19:00:00+02:00,72391.0,25392.0
2024-05-31T19:30:00+02:00,,
2024-05-31T20:00:00+02:00,70315.0,25194.0
2024-05-31T20:30:00+02:00,,
2024-05-31T21:00:00+02:00,68030.0,24234.0
2024-05-31T21:30:00+02:00,,
2024-05-31T22:00:00+02:00,67808.0,22716.0
2024-05-31T22:30:00+02:00,,
2024-05-31T23:00:00+02:00,66948.0,21433.0
2024-05-31T23:30:00+02:00,,
2024-06-01T00:00:00+02:00,61557.0,18387.0
2024-06-01T00:30:00+02:00,,
2024-06-01T01:00:00+02:00,57821.0,17997.0
2024-06-01T01:30:00+02:00,,
2024-06-01T02:00:00+02:00,55848.0,17610.0
2024-06-01T02:30:00+02:00,,
2024-06-01T03:00:00+02:00,53501.0,17539.0
2024-06-01T03:30:00+02:00,,
2024-06-01T04:00:00+02:00,52422.0,17934.0
2024-06-01T04:30:00+02:00,,
2024-06-01T05:00:00+02:00,53428.0,18809.0
2024-06-01T05:30:00+02:00,,
2024-06-01T06:00:00+02:00,57300.0,22398.0
2024-06-01T06:30:00+02:00,,
2024-06-01T07:00:00+02:00,60173.0,23343.0
2024-06-01T07:30:00+02:00,,
2024-06-01T08:00:00+02:00,63611.0,24142.0
2024-06-01T08:30:00+02:00,,
2024-06-01T09:00:00+02:00,67348.0,24771.0
2024-06-01T09:30:00+02:00,,
2024-06-01T10:00:00+02:00,68805.0,24956.0
2024-06-01T10:30:00+02:00,,
2024-06-01T11:00:00+02:00,69813.0,24817.0
2024-06-01T11:30:00+02:00,,
2024-06-01T12:00:00+02:00,71346.0,24078.0
2024-06-01T12:30:00+02:00,,
2024-06-01T13:00:00+02:00,69254.0,23049.0
2024-06-01T13:30:00+02:00,,
2024-06-01T14:00:00+02:00,66005.0,21907.0
2024-06-01T14:30:00+02:00,,
2024-06-01T15:00:00+02:00,63423.0,20710.0
2024-06-01T15:30:00+02:00,,
2024-06-01T16:00:00+02:00,61860.0,20406.0
2024-06-01T16:30:00+02:00,,
2024-06-01T17:00:00+02:00,61961.0,20908.0
2024-06-01T17:30:00+02:00,,
2024-06-01T18:00:00+02:00,64124.0,21894.0
2024-06-01T18:30:00+02:00,,
2024-06-01T19:00:00+02:00,65892.0,22761.0
2024-06-01T19:30:00+02:00,,
2024-06-01T20:00:00+02:00,64211.0,22444.0
2024-06-01T20:30:00+02:00,,
2024-06-01T21:00:00+02:00,62291.0,21417.0
2024-06-01T21:30:00+02:00,,
2024-06-01T22:00:00+02:00,62427.0,20103.0
2024-06-01T22:30:00+02:00,,
2024-06-01T23:00:00+02:00,61987.0,18961.0
2024-06-01T23:30:00+02:00,,
2024-06-02T00:00:00+02:00,59823.0,18528.0
2024-06-02T00:30:00+02:00,,
2024-06-02T01:00:00+02:00,56711.0,18297.0
2024-06-02T01:30:00+02:00,,
2024-06-02T02:00:00+02:00,54914.0,18072.0
2024-06-02T02:30:00+02:00,,
2024-06-02T03:00:00+02:00,53193.0,18598.0
2024-06-02T03:30:00+02:00,,
2024-06-02T04:00:00+02:00,53257.0,20056.0
2024-06-02T04:30:00+02:00,,
2024-06-02T05:00:00+02:00,55912.0,22926.0
2024-06-02T05:30:00+02:00,,
2024-06-02T06:00:00+02:00,53583.0,20667.0
2024-06-02T06:30:00+02:00,,
2024-06-02T07:00:00+02:00,55522.0,21492.0
2024-06-02T07:30:00+02:00,,
2024-06-02T08:00:00+02:00,58200.0,22041.0
2024-06-02T08:30:00+02:00,,
2024-06-02T09:00:00+02:00,61931.0,22926.0
2024-06-02T09:30:00+02:00,,
2024-06-02T10:00:00+02:00,64526.0,23332.0
2024-06-02T10:30:00+02:00,,
2024-06-02T11:00:00+02:00,66315.0,23383.0
2024-06-02T11:30:00+02:00,,
2024-06-02T12:00:00+02:00,68324.0,22836.0
2024-06-02T12:30:00+02:00,,
2024-06-02T13:00:00+02:00,65562.0,21725.0
2024-06-02T13:30:00+02:00,,
2024-06-02T14:00:00+02:00,61861.0,20338.0
2024-06-02T14:30:00+02:00,,
2024-06-02T15:00:00+02:00,59551.0,19380.0
2024-06-02T15:30:00+02:00,,
2024-06-02T16:00:00+02:00,58391.0,19290.0
2024-06-02T16:30:00+02:00,,
2024-06-02T17:00:00+02:00,58823.0,19815.0
2024-06-02T17:30:00+02:00,,
2024-06-02T18:00:00+02:00,61992.0,21355.0
2024-06-02T18:30:00+02:00,,
2024-06-02T19:00:00+02:00,64957.0,22398.0
2024-06-02T19:30:00+02:00,,
2024-06-02T20:00:00+02:00,64327.0,22333.0
2024-06-02T20:30:00+02:00,,
2024-06-02T21:00:00+02:00,62814.0,21541.0
2024-06-02T21:30:00+02:00,,
2024-06-02T22:00:00+02:00,62864.0,20243.0
2024-06-02T22:30:00+02:00,,
2024-06-02T23:00:00+02:00,62392.0,19270.0
2024-06-02T23:30:00+02:00,,
2024-06-03T00:00:00+02:00,60619.0,19673.0
2024-06-03T00:30:00+02:00,,
2024-06-03T01:00:00+02:00,57385.0,19238.0
2024-06-03T01:30:00+02:00,,
2024-06-03T02:00:00+02:00,55497.0,18644.0
2024-06-03T02:30:00+02:00,,
2024-06-03T03:00:00+02:00,53453.0,18683.0
2024-06-03T03:30:00+02:00,,
2024-06-03T04:00:00+02:00,53681.0,19581.0
2024-06-03T04:30:00+02:00,,
2024-06-03T05:00:00+02:00,57830.0,21752.0
2024-06-03T05:30:00+02:00,,
2024-06-03T06:00:00+02:00,68280.0,28422.0
2024-06-03T06:30:00+02:00,,
2024-06-03T07:00:00+02:00,76142.0,31462.0
2024-06-03T07:30:00+02:00,,
2024-06-03T08:00:00+02:00,77598.0,29741.0
2024-06-03T08:30:00+02:00,,
2024-06-03T09:00:00+02:00,77812.0,28504.0
2024-06-03T09:30:00+02:00,,
2024-06-03T10:00:00+02:00,77027.0,27238.0
2024-06-03T10:30:00+02:00,,
2024-06-03T11:00:00+02:00,77028.0,26683.0
2024-06-03T11:30:00+02:00,,
2024-06-03T12:00:00+02:00,76750.0,25517.0
2024-06-03T12:30:00+02:00,,
2024-06-03T13:00:00+02:00,75258.0,24574.0
2024-06-03T13:30:00+02:00,,
2024-06-03T14:00:00+02:00,72542.0,23377.0
2024-06-03T14:30:00+02:00,,
2024-06-03T15:00:00+02:00,69910.0,22116.0
2024-06-03T15:30:00+02:00,,
2024-06-03T16:00:00+02:00,67917.0,21695.0
2024-06-03T16:30:00+02:00,,
2024-06-03T17:00:00+02:00,67414.0,22057.0
2024-06-03T17:30:00+02:00,,
2024-06-03T18:00:00+02:00,69902.0,23459.0
2024-06-03T18:30:00+02:00,,
2024-06-03T19:00:00+02:00,72575.0,24809.0
2024-06-03T19:30:00+02:00,,
2024-06-03T20:00:00+02:00,70159.0,24759.0
2024-06-03T20:30:00+02:00,,
2024-06-03T21:00:00+02:00,67442.0,23781.0
2024-06-03T21:30:00+02:00,,
2024-06-03T22:00:00+02:00,66730.0,22210.0
2024-06-03T22:30:00+02:00,,
2024-06-03T23:00:00+02:00,65514.0,20679.0
2024-06-03T23:30:00+02:00,,
2024-06-04T00:00:00+02:00,61576.0,18952.0
2024-06-04T00:30:00+02:00,,
2024-06-04T01:00:00+02:00,58060.0,18539.0
2024-06-04T01:30:00+02:00,,
2024-06-04T02:00:00+02:00,56424.0,18189.0
2024-06-04T02:30:00+02:00,,
2024-06-04T03:00:00+02:00,54646.0,18247.0
2024-06-04T03:30:00+02:00,,
2024-06-04T04:00:00+02:00,54485.0,19135.0
2024-06-04T04:30:00+02:00,,
2024-06-04T05:00:00+02:00,57415.0,20740.0
2024-06-04T05:30:00+02:00,,
2024-06-04T06:00:00+02:00,65855.0,26022.0
2024-06-04T06:30:00+02:00,,
2024-06-04T07:00:00+02:00,73470.0,28837.0
2024-06-04T07:30:00+02:00,,
2024-06-04T08:00:00+02:00,74688.0,27499.0
2024-06-04T08:30:00+02:00,,
2024-06-04T09:00:00+02:00,74328.0,25814.0
2024-06-04T09:30:00+02:00,,
2024-06-04T10:00:00+02:00,74097.0,25017.0
2024-06-04T10:30:00+02:00,,
2024-06-04T11:00:00+02:00,74289.0,24777.0
2024-06-04T11:30:00+02:00,,
2024-06-04T12:00:00+02:00,74378.0,23859.0
2024-06-04T12:30:00+02:00,,
2024-06-04T13:00:00+02:00,72961.0,23173.0
2024-06-04T13:30:00+02:00,,
2024-06-04T14:00:00+02:00,70868.0,22113.0
2024-06-04T14:30:00+02:00,,
2024-06-04T15:00:00+02:00,68168.0,21038.0
2024-06-04T15:30:00+02:00,,
2024-06-04T16:00:00+02:00,66587.0,20495.0
2024-06-04T16:30:00+02:00,,
2024-06-04T17:00:00+02:00,65718.0,20604.0
2024-06-04T17:30:00+02:00,,
2024-06-04T18:00:00+02:00,68137.0,22095.0
2024-06-04T18:30:00+02:00,,
2024-06-04T19:00:00+02:00,70509.0,23432.0
2024-06-04T19:30:00+02:00,,
2024-06-04T20:00:00+02:00,68468.0,23500.0
2024-06-04T20:30:00+02:00,,
2024-06-04T21:00:00+02:00,65746.0,22431.0
2024-06-04T21:30:00+02:00,,
2024-06-04T22:00:00+02:00,65680.0,21351.0
2024-06-04T22:30:00+02:00,,
2024-06-04T23:00:00+02:00,64402.0,20020.0
2024-06-04T23:30:00+02:00,,
2024-06-05T00:00:00+02:00,61081.0,19159.0
2024-06-05T00:30:00+02:00,,
2024-06-05T01:00:00+02:00,57696.0,18761.0
2024-06-05T01:30:00+02:00,,
2024-06-05T02:00:00+02:00,56036.0,18312.0
2024-06-05T02:30:00+02:00,,
2024-06-05T03:00:00+02:00,54174.0,18488.0
2024-06-05T03:30:00+02:00,,
2024-06-05T04:00:00+02:00,54158.0,19337.0
2024-06-05T04:30:00+02:00,,
2024-06-05T05:00:00+02:00,57212.0,21200.0
2024-06-05T05:30:00+02:00,,
2024-06-05T06:00:00+02:00,62912.0,23852.0
2024-06-05T06:30:00+02:00,,
2024-06-05T07:00:00+02:00,70477.0,26888.0
2024-06-05T07:30:00+02:00,,
2024-06-05T08:00:00+02:00,73909.0,26964.0
2024-06-05T08:30:00+02:00,,
2024-06-05T09:00:00+02:00,74428.0,26073.0
2024-06-05T09:30:00+02:00,,
2024-06-05T10:00:00+02:00,74100.0,25247.0
2024-06-05T10:30:00+02:00,,
2024-06-05T11:00:00+02:00,74706.0,25012.0
2024-06-05T11:30:00+02:00,,
2024-06-05T12:00:00+02:00,74883.0,23932.0
2024-06-05T12:30:00+02:00,,
2024-06-05T13:00:00+02:00,73495.0,23430.0
2024-06-05T13:30:00+02:00,,
2024-06-05T14:00:00+02:00,71096.0,22082.0
2024-06-05T14:30:00+02:00,,
2024-06-05T15:00:00+02:00,68817.0,21148.0
2024-06-05T15:30:00+02:00,,
2024-06-05T16:00:00+02:00,66861.0,20708.0
2024-06-05T16:30:00+02:00,,
2024-06-05T17:00:00+02:00,66535.0,20915.0
2024-06-05T17:30:00+02:00,,
2024-06-05T18:00:00+02:00,68751.0,22200.0
2024-06-05T18:30:00+02:00,,
2024-06-05T19:00:00+02:00,71266.0,23519.0
2024-06-05T19:30:00+02:00,,
2024-06-05T20:00:00+02:00,69221.0,23650.0
2024-06-05T20:30:00+02:00,,
2024-06-05T21:00:00+02:00,66496.0,22780.0
2024-06-05T21:30:00+02:00,,
2024-06-05T22:00:00+02:00,66540.0,21510.0
2024-06-05T22:30:00+02:00,,
2024-06-05T23:00:00+02:00,65451.0,20319.0
2024-06-05T23:30:00+02:00,,
2024-06-06T00:00:00+02:00,62290.0,19500.0
2024-06-06T00:30:00+02:00,,
2024-06-06T01:00:00+02:00,58765.0,19156.0
2024-06-06T01:30:00+02:00,,
2024-06-06T02:00:00+02:00,57079.0,18682.0
2024-06-06T02:30:00+02:00,,
2024-06-06T03:00:00+02:00,55009.0,18629.0
2024-06-06T03:30:00+02:00,,
2024-06-06T04:00:00+02:00,55323.0,19830.0
2024-06-06T04:30:00+02:00,,
2024-06-06T05:00:00+02:00,58362.0,21717.0
2024-06-06T05:30:00+02:00,,
2024-06-06T06:00:00+02:00,64296.0,24536.0
2024-06-06T06:30:00+02:00,,
2024-06-06T07:00:00+02:00,71829.0,27463.0
2024-06-06T07:30:00+02:00,,
2024-06-06T08:00:00+02:00,73233.0,26355.0
2024-06-06T08:30:00+02:00,,
2024-06-06T09:00:00+02:00,73797.0,25443.0
2024-06-06T09:30:00+02:00,,
2024-06-06T10:00:00+02:00,73695.0,25000.0
2024-06-06T10:30:00+02:00,,
2024-06-06T11:00:00+02:00,74105.0,24745.0
2024-06-06T11:30:00+02:00,,
2024-06-06T12:00:00+02:00,74236.0,23720.0
2024-06-06T12:30:00+02:00,,
2024-06-06T13:00:00+02:00,73194.0,23244.0
2024-06-06T13:30:00+02:00,,
2024-06-06T14:00:00+02:00,71376.0,22247.0
2024-06-06T14:30:00+02:00,,
2024-06-06T15:00:00+02:00,69240.0,21289.0
2024-06-06T15:30:00+02:00,,
2024-06-06T16:00:00+02:00,67291.0,20746.0
2024-06-06T16:30:00+02:00,,
2024-06-06T17:00:00+02:00,66864.0,21015.0
2024-06-06T17:30:00+02:00,,
2024-06-06T18:00:00+02:00,69025.0,22421.0
2024-06-06T18:30:00+02:00,,
2024-06-06T19:00:00+02:00,71380.0,23951.0
2024-06-06T19:30:00+02:00,,
2024-06-06T20:00:00+02:00,69253.0,24002.0
2024-06-06T20:30:00+02:00,,
2024-06-06T21:00:00+02:00,66576.0,22951.0
2024-06-06T21:30:00+02:00,,
2024-06-06T22:00:00+02:00,66492.0,21910.0
2024-06-06T22:30:00+02:00,,
2024-06-06T23:00:00+02:00,65401.0,20595.0
2024-06-06T23:30:00+02:00,,
2024-06-07T00:00:00+02:00,60494.0,18251.0
2024-06-07T00:30:00+02:00,,
2024-06-07T01:00:00+02:00,57180.0,17715.0
2024-06-07T01:30:00+02:00,,
2024-06-07T02:00:00+02:00,55484.0,17297.0
2024-06-07T02:30:00+02:00,,
2024-06-07T03:00:00+02:00,53607.0,17307.0
2024-06-07T03:30:00+02:00,,
2024-06-07T04:00:00+02:00,52968.0,17560.0
2024-06-07T04:30:00+02:00,,
2024-06-07T05:00:00+02:00,54757.0,18034.0
2024-06-07T05:30:00+02:00,,
2024-06-07T06:00:00+02:00,64687.0,24998.0
2024-06-07T06:30:00+02:00,,
2024-06-07T07:00:00+02:00,71889.0,27707.0
2024-06-07T07:30:00+02:00,,
2024-06-07T08:00:00+02:00,73939.0,27045.0
2024-06-07T08:30:00+02:00,,
2024-06-07T09:00:00+02:00,74250.0,26066.0
2024-06-07T09:30:00+02:00,,
2024-06-07T10:00:00+02:00,74156.0,25342.0
2024-06-07T10:30:00+02:00,,
2024-06-07T11:00:00+02:00,74521.0,24950.0
2024-06-07T11:30:00+02:00,,
2024-06-07T12:00:00+02:00,74726.0,24213.0
2024-06-07T12:30:00+02:00,,
2024-06-07T13:00:00+02:00,72654.0,23162.0
2024-06-07T13:30:00+02:00,,
2024-06-07T14:00:00+02:00,69814.0,21668.0
2024-06-07T14:30:00+02:00,,
2024-06-07T15:00:00+02:00,67412.0,20511.0
2024-06-07T15:30:00+02:00,,
2024-06-07T16:00:00+02:00,65338.0,19970.0
2024-06-07T16:30:00+02:00,,
2024-06-07T17:00:00+02:00,64891.0,20000.0
2024-06-07T17:30:00+02:00,,
2024-06-07T18:00:00+02:00,66440.0,21004.0
2024-06-07T18:30:00+02:00,,
2024-06-07T19:00:00+02:00,67171.0,21676.0
2024-06-07T19:30:00+02:00,,
2024-06-07T20:00:00+02:00,64881.0,21434.0
2024-06-07T20:30:00+02:00,,
2024-06-07T21:00:00+02:00,63118.0,20785.0
2024-06-07T21:30:00+02:00,,
2024-06-07T22:00:00+02:00,64025.0,20110.0
2024-06-07T22:30:00+02:00,,
2024-06-07T23:00:00+02:00,63177.0,19125.0
2024-06-07T23:30:00+02:00,,
2024-06-08T00:00:00+02:00,59660.0,16533.0
2024-06-08T00:30:00+02:00,,
2024-06-08T01:00:00+02:00,56388.0,16234.0
2024-06-08T01:30:00+02:00,,
2024-06-08T02:00:00+02:00,54392.0,15999.0
2024-06-08T02:30:00+02:00,,
2024-06-08T03:00:00+02:00,51789.0,15733.0
2024-06-08T03:30:00+02:00,,
2024-06-08T04:00:00+02:00,50920.0,16302.0
2024-06-08T04:30:00+02:00,,
2024-06-08T05:00:00+02:00,51243.0,16582.0
2024-06-08T05:30:00+02:00,,
2024-06-08T06:00:00+02:00,53332.0,18303.0
2024-06-08T06:30:00+02:00,,
2024-06-08T07:00:00+02:00,55682.0,18971.0
2024-06-08T07:30:00+02:00,,
2024-06-08T08:00:00+02:00,59053.0,20064.0
2024-06-08T08:30:00+02:00,,
2024-06-08T09:00:00+02:00,62168.0,20849.0
2024-06-08T09:30:00+02:00,,
2024-06-08T10:00:00+02:00,63151.0,20817.0
2024-06-08T10:30:00+02:00,,
2024-06-08T11:00:00+02:00,63133.0,20635.0
2024-06-08T11:30:00+02:00,,
2024-06-08T12:00:00+02:00,64626.0,20390.0
2024-06-08T12:30:00+02:00,,
2024-06-08T13:00:00+02:00,62740.0,19504.0
2024-06-08T13:30:00+02:00,,
2024-06-08T14:00:00+02:00,60543.0,18440.0
2024-06-08T14:30:00+02:00,,
2024-06-08T15:00:00+02:00,59160.0,17681.0
2024-06-08T15:30:00+02:00,,
2024-06-08T16:00:00+02:00,58209.0,17436.0
2024-06-08T16:30:00+02:00,,
2024-06-08T17:00:00+02:00,58891.0,17471.0
2024-06-08T17:30:00+02:00,,
2024-06-08T18:00:00+02:00,60862.0,18318.0
2024-06-08T18:30:00+02:00,,
2024-06-08T19:00:00+02:00,61904.0,19004.0
2024-06-08T19:30:00+02:00,,
2024-06-08T20:00:00+02:00,60509.0,18992.0
2024-06-08T20:30:00+02:00,,
2024-06-08T21:00:00+02:00,59107.0,18512.0
2024-06-08T21:30:00+02:00,,
2024-06-08T22:00:00+02:00,60019.0,17825.0
2024-06-08T22:30:00+02:00,,
2024-06-08T23:00:00+02:00,60224.0,17181.0
2024-06-08T23:30:00+02:00,,
2024-06-09T00:00:00+02:00,56378.0,16641.0
2024-06-09T00:30:00+02:00,,
2024-06-09T01:00:00+02:00,53111.0,16436.0
2024-06-09T01:30:00+02:00,,
2024-06-09T02:00:00+02:00,51270.0,16231.0
2024-06-09T02:30:00+02:00,,
2024-06-09T03:00:00+02:00,49383.0,16532.0
2024-06-09T03:30:00+02:00,,
2024-06-09T04:00:00+02:00,49283.0,17696.0
2024-06-09T04:30:00+02:00,,
2024-06-09T05:00:00+02:00,50897.0,19577.0
2024-06-09T05:30:00+02:00,,
2024-06-09T06:00:00+02:00,48216.0,17064.0
2024-06-09T06:30:00+02:00,,
2024-06-09T07:00:00+02:00,49938.0,17686.0
2024-06-09T07:30:00+02:00,,
2024-06-09T08:00:00+02:00,52843.0,18600.0
2024-06-09T08:30:00+02:00,,
2024-06-09T09:00:00+02:00,56611.0,19626.0
2024-06-09T09:30:00+02:00,,
2024-06-09T10:00:00+02:00,59179.0,19992.0
2024-06-09T10:30:00+02:00,,
2024-06-09T11:00:00+02:00,60680.0,19944.0
2024-06-09T11:30:00+02:00,,
2024-06-09T12:00:00+02:00,62562.0,19651.0
2024-06-09T12:30:00+02:00,,
2024-06-09T13:00:00+02:00,60941.0,18989.0
2024-06-09T13:30:00+02:00,,
2024-06-09T14:00:00+02:00,58022.0,18022.0
2024-06-09T14:30:00+02:00,,
2024-06-09T15:00:00+02:00,56038.0,17303.0
2024-06-09T15:30:00+02:00,,
2024-06-09T16:00:00+02:00,54621.0,17101.0
2024-06-09T16:30:00+02:00,,
2024-06-09T17:00:00+02:00,55718.0,17680.0
2024-06-09T17:30:00+02:00,,
2024-06-09T18:00:00+02:00,58657.0,19115.0
2024-06-09T18:30:00+02:00,,
2024-06-09T19:00:00+02:00,61095.0,19922.0
2024-06-09T19:30:00+02:00,,
2024-06-09T20:00:00+02:00,59716.0,19697.0
2024-06-09T20:30:00+02:00,,
2024-06-09T21:00:00+02:00,58524.0,19071.0
2024-06-09T21:30:00+02:00,,
2024-06-09T22:00:00+02:00,59659.0,18471.0
2024-06-09T22:30:00+02:00,,
2024-06-09T23:00:00+02:00,58875.0,17424.0
2024-06-09T23:30:00+02:00,,
2024-06-10T00:00:00+02:00,58647.0,19319.0
2024-06-10T00:30:00+02:00,,
2024-06-10T01:00:00+02:00,55479.0,19065.0
2024-06-10T01:30:00+02:00,,
2024-06-10T02:00:00+02:00,53820.0,18768.0
2024-06-10T02:30:00+02:00,,
2024-06-10T03:00:00+02:00,52051.0,19007.0
2024-06-10T03:30:00+02:00,,
2024-06-10T04:00:00+02:00,52419.0,19868.0
2024-06-10T04:30:00+02:00,,
2024-06-10T05:00:00+02:00,56551.0,22284.0
2024-06-10T05:30:00+02:00,,
2024-06-10T06:00:00+02:00,61171.0,23496.0
2024-06-10T06:30:00+02:00,,
2024-06-10T07:00:00+02:00,68968.0,26575.0
2024-06-10T07:30:00+02:00,,
2024-06-10T08:00:00+02:00,71545.0,26023.0
2024-06-10T08:30:00+02:00,,
2024-06-10T09:00:00+02:00,72689.0,25566.0
2024-06-10T09:30:00+02:00,,
2024-06-10T10:00:00+02:00,72892.0,24987.0
2024-06-10T10:30:00+02:00,,
2024-06-10T11:00:00+02:00,74087.0,25230.0
2024-06-10T11:30:00+02:00,,
2024-06-10T12:00:00+02:00,74469.0,24290.0
2024-06-10T12:30:00+02:00,,
2024-06-10T13:00:00+02:00,72943.0,23529.0
2024-06-10T13:30:00+02:00,,
2024-06-10T14:00:00+02:00,71322.0,22770.0
2024-06-10T14:30:00+02:00,,
2024-06-10T15:00:00+02:00,68869.0,21826.0
2024-06-10T15:30:00+02:00,,
2024-06-10T16:00:00+02:00,66916.0,21461.0
2024-06-10T16:30:00+02:00,,
2024-06-10T17:00:00+02:00,66804.0,21874.0
2024-06-10T17:30:00+02:00,,
2024-06-10T18:00:00+02:00,69427.0,23519.0
2024-06-10T18:30:00+02:00,,
2024-06-10T19:00:00+02:00,72235.0,24969.0
2024-06-10T19:30:00+02:00,,
2024-06-10T20:00:00+02:00,69382.0,24642.0
2024-06-10T20:30:00+02:00,,
2024-06-10T21:00:00+02:00,66263.0,23494.0
2024-06-10T21:30:00+02:00,,
2024-06-10T22:00:00+02:00,65998.0,22037.0
2024-06-10T22:30:00+02:00,,
2024-06-10T23:00:00+02:00,64586.0,20519.0
2024-06-10T23:30:00+02:00,,
2024-06-11T00:00:00+02:00,61788.0,20028.0
2024-06-11T00:30:00+02:00,,
2024-06-11T01:00:00+02:00,58403.0,19583.0
2024-06-11T01:30:00+02:00,,
2024-06-11T02:00:00+02:00,56841.0,19273.0
2024-06-11T02:30:00+02:00,,
2024-06-11T03:00:00+02:00,55321.0,19506.0
2024-06-11T03:30:00+02:00,,
2024-06-11T04:00:00+02:00,55739.0,20677.0
2024-06-11T04:30:00+02:00,,
2024-06-11T05:00:00+02:00,59221.0,22880.0
2024-06-11T05:30:00+02:00,,
2024-06-11T06:00:00+02:00,65542.0,25967.0
2024-06-11T06:30:00+02:00,,
2024-06-11T07:00:00+02:00,72782.0,28686.0
2024-06-11T07:30:00+02:00,,
2024-06-11T08:00:00+02:00,74486.0,27669.0
2024-06-11T08:30:00+02:00,,
2024-06-11T09:00:00+02:00,74351.0,26347.0
2024-06-11T09:30:00+02:00,,
2024-06-11T10:00:00+02:00,74279.0,25900.0
2024-06-11T10:30:00+02:00,,
2024-06-11T11:00:00+02:00,74936.0,25741.0
2024-06-11T11:30:00+02:00,,
2024-06-11T12:00:00+02:00,75335.0,24891.0
2024-06-11T12:30:00+02:00,,
2024-06-11T13:00:00+02:00,73978.0,24330.0
2024-06-11T13:30:00+02:00,,
2024-06-11T14:00:00+02:00,71511.0,23020.0
2024-06-11T14:30:00+02:00,,
2024-06-11T15:00:00+02:00,69166.0,21948.0
2024-06-11T15:30:00+02:00,,
2024-06-11T16:00:00+02:00,67312.0,21535.0
2024-06-11T16:30:00+02:00,,
2024-06-11T17:00:00+02:00,66837.0,21829.0
2024-06-11T17:30:00+02:00,,
2024-06-11T18:00:00+02:00,69149.0,23104.0
2024-06-11T18:30:00+02:00,,
2024-06-11T19:00:00+02:00,71532.0,24340.0
2024-06-11T19:30:00+02:00,,
2024-06-11T20:00:00+02:00,68886.0,24135.0
2024-06-11T20:30:00+02:00,,
2024-06-11T21:00:00+02:00,66112.0,23215.0
2024-06-11T21:30:00+02:00,,
2024-06-11T22:00:00+02:00,66381.0,22216.0
2024-06-11T22:30:00+02:00,,
2024-06-11T23:00:00+02:00,65553.0,21101.0
2024-06-11T23:30:00+02:00,,
2024-06-12T00:00:00+02:00,62102.0,20106.0
2024-06-12T00:30:00+02:00,,
2024-06-12T01:00:00+02:00,58742.0,19822.0
2024-06-12T01:30:00+02:00,,
2024-06-12T02:00:00+02:00,57211.0,19445.0
2024-06-12T02:30:00+02:00,,
2024-06-12T03:00:00+02:00,55992.0,19809.0
2024-06-12T03:30:00+02:00,,
2024-06-12T04:00:00+02:00,56299.0,20997.0
2024-06-12T04:30:00+02:00,,
2024-06-12T05:00:00+02:00,59705.0,23154.0
2024-06-12T05:30:00+02:00,,
2024-06-12T06:00:00+02:00,66210.0,26620.0
2024-06-12T06:30:00+02:00,,
2024-06-12T07:00:00+02:00,72836.0,29009.0
2024-06-12T07:30:00+02:00,,
2024-06-12T08:00:00+02:00,74985.0,28207.0
2024-06-12T08:30:00+02:00,,
2024-06-12T09:00:00+02:00,75164.0,27135.0
2024-06-12T09:30:00+02:00,,
2024-06-12T10:00:00+02:00,75357.0,26731.0
2024-06-12T10:30:00+02:00,,
2024-06-12T11:00:00+02:00,76190.0,26552.0
2024-06-12T11:30:00+02:00,,
2024-06-12T12:00:00+02:00,76360.0,25338.0
2024-06-12T12:30:00+02:00,,
2024-06-12T13:00:00+02:00,74590.0,24648.0
2024-06-12T13:30:00+02:00,,
2024-06-12T14:00:00+02:00,71695.0,22839.0
2024-06-12T14:30:00+02:00,,
2024-06-12T15:00:00+02:00,69741.0,22247.0
2024-06-12T15:30:00+02:00,,
2024-06-12T16:00:00+02:00,67614.0,21438.0
2024-06-12T16:30:00+02:00,,
2024-06-12T17:00:00+02:00,67057.0,21767.0
2024-06-12T17:30:00+02:00,,
2024-06-12T18:00:00+02:00,70025.0,23428.0
2024-06-12T18:30:00+02:00,,
2024-06-12T19:00:00+02:00,72401.0,24797.0
2024-06-12T19:30:00+02:00,,
2024-06-12T20:00:00+02:00,69983.0,24610.0
2024-06-12T20:30:00+02:00,,
2024-06-12T21:00:00+02:00,66922.0,23467.0
2024-06-12T21:30:00+02:00,,
2024-06-12T22:00:00+02:00,66959.0,22187.0
2024-06-12T22:30:00+02:00,,
2024-06-12T23:00:00+02:00,65924.0,20946.0
2024-06-12T23:30:00+02:00,,
2024-06-13T00:00:00+02:00,62071.0,19385.0
2024-06-13T00:30:00+02:00,,
2024-06-13T01:00:00+02:00,58593.0,18917.0
2024-06-13T01:30:00+02:00,,
2024-06-13T02:00:00+02:00,56909.0,18471.0
2024-06-13T02:30:00+02:00,,
2024-06-13T03:00:00+02:00,55140.0,18455.0
2024-06-13T03:30:00+02:00,,
2024-06-13T04:00:00+02:00,54882.0,19229.0
2024-06-13T04:30:00+02:00,,
2024-06-13T05:00:00+02:00,57898.0,20926.0
2024-06-13T05:30:00+02:00,,
2024-06-13T06:00:00+02:00,67600.0,27469.0
2024-06-13T06:30:00+02:00,,
2024-06-13T07:00:00+02:00,74451.0,29851.0
2024-06-13T07:30:00+02:00,,
2024-06-13T08:00:00+02:00,75346.0,28217.0
2024-06-13T08:30:00+02:00,,
2024-06-13T09:00:00+02:00,75076.0,26781.0
2024-06-13T09:30:00+02:00,,
2024-06-13T10:00:00+02:00,74442.0,25841.0
2024-06-13T10:30:00+02:00,,
2024-06-13T11:00:00+02:00,75009.0,25645.0
2024-06-13T11:30:00+02:00,,
2024-06-13T12:00:00+02:00,75209.0,24736.0
2024-06-13T12:30:00+02:00,,
2024-06-13T13:00:00+02:00,73534.0,23751.0
2024-06-13T13:30:00+02:00,,
2024-06-13T14:00:00+02:00,71576.0,23108.0
2024-06-13T14:30:00+02:00,,
2024-06-13T15:00:00+02:00,68869.0,21848.0
2024-06-13T15:30:00+02:00,,
2024-06-13T16:00:00+02:00,65196.0,19589.0
2024-06-13T16:30:00+02:00,,
2024-06-13T17:00:00+02:00,66359.0,21339.0
2024-06-13T17:30:00+02:00,,
2024-06-13T18:00:00+02:00,69109.0,22842.0
2024-06-13T18:30:00+02:00,,
2024-06-13T19:00:00+02:00,71655.0,24135.0
2024-06-13T19:30:00+02:00,,
2024-06-13T20:00:00+02:00,69662.0,24238.0
2024-06-13T20:30:00+02:00,,
2024-06-13T21:00:00+02:00,66654.0,23068.0
2024-06-13T21:30:00+02:00,,
2024-06-13T22:00:00+02:00,66159.0,21735.0
2024-06-13T22:30:00+02:00,,
2024-06-13T23:00:00+02:00,65119.0,20635.0
2024-06-13T23:30:00+02:00,,
2024-06-14T00:00:00+02:00,60883.0,18779.0
2024-06-14T00:30:00+02:00,,
2024-06-14T01:00:00+02:00,57242.0,18142.0
2024-06-14T01:30:00+02:00,,
2024-06-14T02:00:00+02:00,55654.0,17729.0
2024-06-14T02:30:00+02:00,,
2024-06-14T03:00:00+02:00,53546.0,17592.0
2024-06-14T03:30:00+02:00,,
2024-06-14T04:00:00+02:00,53122.0,18074.0
2024-06-14T04:30:00+02:00,,
2024-06-14T05:00:00+02:00,54975.0,18681.0
2024-06-14T05:30:00+02:00,,
2024-06-14T06:00:00+02:00,63184.0,23990.0
2024-06-14T06:30:00+02:00,,
2024-06-14T07:00:00+02:00,70728.0,26933.0
2024-06-14T07:30:00+02:00,,
2024-06-14T08:00:00+02:00,73411.0,26529.0
2024-06-14T08:30:00+02:00,,
2024-06-14T09:00:00+02:00,74574.0,26159.0
2024-06-14T09:30:00+02:00,,
2024-06-14T10:00:00+02:00,74838.0,25901.0
2024-06-14T10:30:00+02:00,,
2024-06-14T11:00:00+02:00,74896.0,25293.0
2024-06-14T11:30:00+02:00,,
2024-06-14T12:00:00+02:00,74841.0,24296.0
2024-06-14T12:30:00+02:00,,
2024-06-14T13:00:00+02:00,73142.0,23442.0
2024-06-14T13:30:00+02:00,,
2024-06-14T14:00:00+02:00,70429.0,22171.0
2024-06-14T14:30:00+02:00,,
2024-06-14T15:00:00+02:00,67957.0,21121.0
2024-06-14T15:30:00+02:00,,
2024-06-14T16:00:00+02:00,65793.0,20589.0
2024-06-14T16:30:00+02:00,,
2024-06-14T17:00:00+02:00,65823.0,20904.0
2024-06-14T17:30:00+02:00,,
2024-06-14T18:00:00+02:00,67549.0,21903.0
2024-06-14T18:30:00+02:00,,
2024-06-14T19:00:00+02:00,68862.0,22825.0
2024-06-14T19:30:00+02:00,,
2024-06-14T20:00:00+02:00,66831.0,22637.0
2024-06-14T20:30:00+02:00,,
2024-06-14T21:00:00+02:00,64659.0,21822.0
2024-06-14T21:30:00+02:00,,
2024-06-14T22:00:00+02:00,64923.0,20837.0
2024-06-14T22:30:00+02:00,,
2024-06-14T23:00:00+02:00,63791.0,19714.0
2024-06-14T23:30:00+02:00,,
2024-06-15T00:00:00+02:00,59219.0,17354.0
2024-06-15T00:30:00+02:00,,
2024-06-15T01:00:00+02:00,55572.0,16777.0
2024-06-15T01:30:00+02:00,,
2024-06-15T02:00:00+02:00,53822.0,16499.0
2024-06-15T02:30:00+02:00,,
2024-06-15T03:00:00+02:00,51413.0,16264.0
2024-06-15T03:30:00+02:00,,
2024-06-15T04:00:00+02:00,50480.0,16656.0
2024-06-15T04:30:00+02:00,,
2024-06-15T05:00:00+02:00,51040.0,17298.0
2024-06-15T05:30:00+02:00,,
2024-06-15T06:00:00+02:00,53574.0,19507.0
2024-06-15T06:30:00+02:00,,
2024-06-15T07:00:00+02:00,56000.0,20271.0
2024-06-15T07:30:00+02:00,,
2024-06-15T08:00:00+02:00,59374.0,21200.0
2024-06-15T08:30:00+02:00,,
2024-06-15T09:00:00+02:00,62659.0,21869.0
2024-06-15T09:30:00+02:00,,
2024-06-15T10:00:00+02:00,64169.0,21926.0
2024-06-15T10:30:00+02:00,,
2024-06-15T11:00:00+02:00,64720.0,21317.0
2024-06-15T11:30:00+02:00,,
2024-06-15T12:00:00+02:00,66720.0,21072.0
2024-06-15T12:30:00+02:00,,
2024-06-15T13:00:00+02:00,64806.0,20297.0
2024-06-15T13:30:00+02:00,,
2024-06-15T14:00:00+02:00,62010.0,19298.0
2024-06-15T14:30:00+02:00,,
2024-06-15T15:00:00+02:00,59929.0,18576.0
2024-06-15T15:30:00+02:00,,
2024-06-15T16:00:00+02:00,58417.0,18337.0
2024-06-15T16:30:00+02:00,,
2024-06-15T17:00:00+02:00,58215.0,18714.0
2024-06-15T17:30:00+02:00,,
2024-06-15T18:00:00+02:00,60507.0,19689.0
2024-06-15T18:30:00+02:00,,
2024-06-15T19:00:00+02:00,61946.0,20423.0
2024-06-15T19:30:00+02:00,,
2024-06-15T20:00:00+02:00,60412.0,20282.0
2024-06-15T20:30:00+02:00,,
2024-06-15T21:00:00+02:00,59268.0,19881.0
2024-06-15T21:30:00+02:00,,
2024-06-15T22:00:00+02:00,59642.0,18801.0
2024-06-15T22:30:00+02:00,,
2024-06-15T23:00:00+02:00,59760.0,17960.0
2024-06-15T23:30:00+02:00,,
2024-06-16T00:00:00+02:00,56387.0,16501.0
2024-06-16T00:30:00+02:00,,
2024-06-16T01:00:00+02:00,53279.0,16290.0
2024-06-16T01:30:00+02:00,,
2024-06-16T02:00:00+02:00,51682.0,16190.0
2024-06-16T02:30:00+02:00,,
2024-06-16T03:00:00+02:00,49666.0,16346.0
2024-06-16T03:30:00+02:00,,
2024-06-16T04:00:00+02:00,49370.0,17427.0
2024-06-16T04:30:00+02:00,,
2024-06-16T05:00:00+02:00,50881.0,19199.0
2024-06-16T05:30:00+02:00,,
2024-06-16T06:00:00+02:00,50135.0,18539.0
2024-06-16T06:30:00+02:00,,
2024-06-16T07:00:00+02:00,52201.0,19190.0
2024-06-16T07:30:00+02:00,,
2024-06-16T08:00:00+02:00,55026.0,19873.0
2024-06-16T08:30:00+02:00,,
2024-06-16T09:00:00+02:00,58855.0,20778.0
2024-06-16T09:30:00+02:00,,
2024-06-16T10:00:00+02:00,61774.0,21336.0
2024-06-16T10:30:00+02:00,,
2024-06-16T11:00:00+02:00,63284.0,21113.0
2024-06-16T11:30:00+02:00,,
2024-06-16T12:00:00+02:00,64624.0,20380.0
2024-06-16T12:30:00+02:00,,
2024-06-16T13:00:00+02:00,62216.0,19268.0
2024-06-16T13:30:00+02:00,,
2024-06-16T14:00:00+02:00,58812.0,18179.0
2024-06-16T14:30:00+02:00,,
2024-06-16T15:00:00+02:00,56639.0,17514.0
2024-06-16T15:30:00+02:00,,
2024-06-16T16:00:00+02:00,55204.0,17509.0
2024-06-16T16:30:00+02:00,,
2024-06-16T17:00:00+02:00,56059.0,17997.0
2024-06-16T17:30:00+02:00,,
2024-06-16T18:00:00+02:00,58599.0,19161.0
2024-06-16T18:30:00+02:00,,
2024-06-16T19:00:00+02:00,61083.0,19988.0
2024-06-16T19:30:00+02:00,,
2024-06-16T20:00:00+02:00,59943.0,19800.0
2024-06-16T20:30:00+02:00,,
2024-06-16T21:00:00+02:00,58970.0,19165.0
2024-06-16T21:30:00+02:00,,
2024-06-16T22:00:00+02:00,59383.0,18126.0
2024-06-16T22:30:00+02:00,,
2024-06-16T23:00:00+02:00,58756.0,17144.0
2024-06-16T23:30:00+02:00,,
2024-06-17T00:00:00+02:00,57748.0,18128.0
2024-06-17T00:30:00+02:00,,
2024-06-17T01:00:00+02:00,54702.0,17859.0
2024-06-17T01:30:00+02:00,,
2024-06-17T02:00:00+02:00,52864.0,17363.0
2024-06-17T02:30:00+02:00,,
2024-06-17T03:00:00+02:00,50979.0,17396.0
2024-06-17T03:30:00+02:00,,
2024-06-17T04:00:00+02:00,51238.0,18291.0
2024-06-17T04:30:00+02:00,,
2024-06-17T05:00:00+02:00,54315.0,19729.0
2024-06-17T05:30:00+02:00,,
2024-06-17T06:00:00+02:00,60378.0,22721.0
2024-06-17T06:30:00+02:00,,
2024-06-17T07:00:00+02:00,68660.0,25963.0
2024-06-17T07:30:00+02:00,,
2024-06-17T08:00:00+02:00,71595.0,25522.0
2024-06-17T08:30:00+02:00,,
2024-06-17T09:00:00+02:00,72705.0,24656.0
2024-06-17T09:30:00+02:00,,
2024-06-17T10:00:00+02:00,73513.0,24549.0
2024-06-17T10:30:00+02:00,,
2024-06-17T11:00:00+02:00,74396.0,24593.0
2024-06-17T11:30:00+02:00,,
2024-06-17T12:00:00+02:00,74930.0,23788.0
2024-06-17T12:30:00+02:00,,
2024-06-17T13:00:00+02:00,73667.0,23138.0
2024-06-17T13:30:00+02:00,,
2024-06-17T14:00:00+02:00,71544.0,22013.0
2024-06-17T14:30:00+02:00,,
2024-06-17T15:00:00+02:00,69232.0,20988.0
2024-06-17T15:30:00+02:00,,
2024-06-17T16:00:00+02:00,67337.0,20474.0
2024-06-17T16:30:00+02:00,,
2024-06-17T17:00:00+02:00,67037.0,20768.0
2024-06-17T17:30:00+02:00,,
2024-06-17T18:00:00+02:00,69308.0,22197.0
2024-06-17T18:30:00+02:00,,
2024-06-17T19:00:00+02:00,71738.0,23460.0
2024-06-17T19:30:00+02:00,,
2024-06-17T20:00:00+02:00,68869.0,23169.0
2024-06-17T20:30:00+02:00,,
2024-06-17T21:00:00+02:00,65117.0,21761.0
2024-06-17T21:30:00+02:00,,
2024-06-17T22:00:00+02:00,65008.0,20655.0
2024-06-17T22:30:00+02:00,,
2024-06-17T23:00:00+02:00,63865.0,19521.0
2024-06-17T23:30:00+02:00,,
2024-06-18T00:00:00+02:00,60092.0,18246.0
2024-06-18T00:30:00+02:00,,
2024-06-18T01:00:00+02:00,56602.0,17694.0
2024-06-18T01:30:00+02:00,,
2024-06-18T02:00:00+02:00,55037.0,17326.0
2024-06-18T02:30:00+02:00,,
2024-06-18T03:00:00+02:00,53234.0,17283.0
2024-06-18T03:30:00+02:00,,
2024-06-18T04:00:00+02:00,52951.0,17930.0
2024-06-18T04:30:00+02:00,,
2024-06-18T05:00:00+02:00,55535.0,19301.0
2024-06-18T05:30:00+02:00,,
2024-06-18T06:00:00+02:00,61739.0,22549.0
2024-06-18T06:30:00+02:00,,
2024-06-18T07:00:00+02:00,69073.0,25288.0
2024-06-18T07:30:00+02:00,,
2024-06-18T08:00:00+02:00,71759.0,24723.0
2024-06-18T08:30:00+02:00,,
2024-06-18T09:00:00+02:00,72997.0,24303.0
2024-06-18T09:30:00+02:00,,
2024-06-18T10:00:00+02:00,73692.0,24138.0
2024-06-18T10:30:00+02:00,,
2024-06-18T11:00:00+02:00,74528.0,24046.0
2024-06-18T11:30:00+02:00,,
2024-06-18T12:00:00+02:00,74820.0,23129.0
2024-06-18T12:30:00+02:00,,
2024-06-18T13:00:00+02:00,73214.0,22421.0
2024-06-18T13:30:00+02:00,,
2024-06-18T14:00:00+02:00,71375.0,21244.0
2024-06-18T14:30:00+02:00,,
2024-06-18T15:00:00+02:00,69344.0,20498.0
2024-06-18T15:30:00+02:00,,
2024-06-18T16:00:00+02:00,67872.0,20151.0
2024-06-18T16:30:00+02:00,,
2024-06-18T17:00:00+02:00,67368.0,20309.0
2024-06-18T17:30:00+02:00,,
2024-06-18T18:00:00+02:00,69816.0,21716.0
2024-06-18T18:30:00+02:00,,
2024-06-18T19:00:00+02:00,71677.0,22969.0
2024-06-18T19:30:00+02:00,,
2024-06-18T20:00:00+02:00,68910.0,22757.0
2024-06-18T20:30:00+02:00,,
2024-06-18T21:00:00+02:00,65632.0,21727.0
2024-06-18T21:30:00+02:00,,
2024-06-18T22:00:00+02:00,65412.0,20618.0
2024-06-18T22:30:00+02:00,,
2024-06-18T23:00:00+02:00,64035.0,19332.0
2024-06-18T23:30:00+02:00,,
2024-06-19T00:00:00+02:00,61377.0,19401.0
2024-06-19T00:30:00+02:00,,
2024-06-19T01:00:00+02:00,58064.0,18885.0
2024-06-19T01:30:00+02:00,,
2024-06-19T02:00:00+02:00,56263.0,18368.0
2024-06-19T02:30:00+02:00,,
2024-06-19T03:00:00+02:00,54418.0,18459.0
2024-06-19T03:30:00+02:00,,
2024-06-19T04:00:00+02:00,54221.0,19320.0
2024-06-19T04:30:00+02:00,,
2024-06-19T05:00:00+02:00,56750.0,20661.0
2024-06-19T05:30:00+02:00,,
2024-06-19T06:00:00+02:00,60715.0,21884.0
2024-06-19T06:30:00+02:00,,
2024-06-19T07:00:00+02:00,67925.0,24712.0
2024-06-19T07:30:00+02:00,,
2024-06-19T08:00:00+02:00,71726.0,24981.0
2024-06-19T08:30:00+02:00,,
2024-06-19T09:00:00+02:00,73304.0,24692.0
2024-06-19T09:30:00+02:00,,
2024-06-19T10:00:00+02:00,74198.0,24667.0
2024-06-19T10:30:00+02:00,,
2024-06-19T11:00:00+02:00,75330.0,24799.0
2024-06-19T11:30:00+02:00,,
2024-06-19T12:00:00+02:00,75439.0,23841.0
2024-06-19T12:30:00+02:00,,
2024-06-19T13:00:00+02:00,73779.0,23066.0
2024-06-19T13:30:00+02:00,,
2024-06-19T14:00:00+02:00,71821.0,21927.0
2024-06-19T14:30:00+02:00,,
2024-06-19T15:00:00+02:00,69297.0,20757.0
2024-06-19T15:30:00+02:00,,
2024-06-19T16:00:00+02:00,67938.0,20755.0
2024-06-19T16:30:00+02:00,,
2024-06-19T17:00:00+02:00,67357.0,21026.0
2024-06-19T17:30:00+02:00,,
2024-06-19T18:00:00+02:00,69957.0,22529.0
2024-06-19T18:30:00+02:00,,
2024-06-19T19:00:00+02:00,72324.0,23879.0
2024-06-19T19:30:00+02:00,,
2024-06-19T20:00:00+02:00,69945.0,24001.0
2024-06-19T20:30:00+02:00,,
2024-06-19T21:00:00+02:00,66992.0,22875.0
2024-06-19T21:30:00+02:00,,
2024-06-19T22:00:00+02:00,66843.0,21777.0
2024-06-19T22:30:00+02:00,,
2024-06-19T23:00:00+02:00,65612.0,20523.0
2024-06-19T23:30:00+02:00,,
2024-06-20T00:00:00+02:00,63035.0,20554.0
2024-06-20T00:30:00+02:00,,
2024-06-20T01:00:00+02:00,59391.0,19921.0
2024-06-20T01:30:00+02:00,,
2024-06-20T02:00:00+02:00,57660.0,19294.0
2024-06-20T02:30:00+02:00,,
2024-06-20T03:00:00+02:00,55784.0,19414.0
2024-06-20T03:30:00+02:00,,
2024-06-20T04:00:00+02:00,55246.0,19901.0
2024-06-20T04:30:00+02:00,,
2024-06-20T05:00:00+02:00,58230.0,21682.0
2024-06-20T05:30:00+02:00,,
2024-06-20T06:00:00+02:00,62774.0,23343.0
2024-06-20T06:30:00+02:00,,
2024-06-20T07:00:00+02:00,70531.0,26525.0
2024-06-20T07:30:00+02:00,,
2024-06-20T08:00:00+02:00,73405.0,26332.0
2024-06-20T08:30:00+02:00,,
2024-06-20T09:00:00+02:00,74107.0,25501.0
2024-06-20T09:30:00+02:00,,
2024-06-20T10:00:00+02:00,75066.0,25802.0
2024-06-20T10:30:00+02:00,,
2024-06-20T11:00:00+02:00,75826.0,25575.0
2024-06-20T11:30:00+02:00,,
2024-06-20T12:00:00+02:00,75883.0,24760.0
2024-06-20T12:30:00+02:00,,
2024-06-20T13:00:00+02:00,74318.0,24086.0
2024-06-20T13:30:00+02:00,,
2024-06-20T14:00:00+02:00,72542.0,23186.0
2024-06-20T14:30:00+02:00,,
2024-06-20T15:00:00+02:00,70968.0,22346.0
2024-06-20T15:30:00+02:00,,
2024-06-20T16:00:00+02:00,70128.0,22863.0
2024-06-20T16:30:00+02:00,,
2024-06-20T17:00:00+02:00,69337.0,22845.0
2024-06-20T17:30:00+02:00,,
2024-06-20T18:00:00+02:00,71617.0,24171.0
2024-06-20T18:30:00+02:00,,
2024-06-20T19:00:00+02:00,74025.0,25637.0
2024-06-20T19:30:00+02:00,,
2024-06-20T20:00:00+02:00,71025.0,25217.0
2024-06-20T20:30:00+02:00,,
2024-06-20T21:00:00+02:00,67470.0,23675.0
2024-06-20T21:30:00+02:00,,
2024-06-20T22:00:00+02:00,67321.0,22654.0
2024-06-20T22:30:00+02:00,,
2024-06-20T23:00:00+02:00,66514.0,21730.0
2024-06-20T23:30:00+02:00,,
2024-06-21T00:00:00+02:00,61069.0,18842.0
2024-06-21T00:30:00+02:00,,
2024-06-21T01:00:00+02:00,57486.0,18065.0
2024-06-21T01:30:00+02:00,,
2024-06-21T02:00:00+02:00,55699.0,17635.0
2024-06-21T02:30:00+02:00,,
2024-06-21T03:00:00+02:00,52964.0,16878.0
2024-06-21T03:30:00+02:00,,
2024-06-21T04:00:00+02:00,52289.0,17006.0
2024-06-21T04:30:00+02:00,,
2024-06-21T05:00:00+02:00,53623.0,17355.0
2024-06-21T05:30:00+02:00,,
2024-06-21T06:00:00+02:00,63443.0,24361.0
2024-06-21T06:30:00+02:00,,
2024-06-21T07:00:00+02:00,72337.0,28622.0
2024-06-21T07:30:00+02:00,,
2024-06-21T08:00:00+02:00,75518.0,28561.0
2024-06-21T08:30:00+02:00,,
2024-06-21T09:00:00+02:00,77121.0,28343.0
2024-06-21T09:30:00+02:00,,
2024-06-21T10:00:00+02:00,77301.0,27661.0
2024-06-21T10:30:00+02:00,,
2024-06-21T11:00:00+02:00,77691.0,27447.0
2024-06-21T11:30:00+02:00,,
2024-06-21T12:00:00+02:00,78162.0,26841.0
2024-06-21T12:30:00+02:00,,
2024-06-21T13:00:00+02:00,76202.0,25686.0
2024-06-21T13:30:00+02:00,,
2024-06-21T14:00:00+02:00,73080.0,23718.0
2024-06-21T14:30:00+02:00,,
2024-06-21T15:00:00+02:00,69208.0,21110.0
2024-06-21T15:30:00+02:00,,
2024-06-21T16:00:00+02:00,66538.0,20066.0
2024-06-21T16:30:00+02:00,,
2024-06-21T17:00:00+02:00,66151.0,20299.0
2024-06-21T17:30:00+02:00,,
2024-06-21T18:00:00+02:00,67145.0,21084.0
2024-06-21T18:30:00+02:00,,
2024-06-21T19:00:00+02:00,68123.0,22182.0
2024-06-21T19:30:00+02:00,,
2024-06-21T20:00:00+02:00,65766.0,22103.0
2024-06-21T20:30:00+02:00,,
2024-06-21T21:00:00+02:00,63091.0,21122.0
2024-06-21T21:30:00+02:00,,
2024-06-21T22:00:00+02:00,63281.0,20126.0
2024-06-21T22:30:00+02:00,,
2024-06-21T23:00:00+02:00,62996.0,19442.0
2024-06-21T23:30:00+02:00,,
2024-06-22T00:00:00+02:00,57976.0,16535.0
2024-06-22T00:30:00+02:00,,
2024-06-22T01:00:00+02:00,54631.0,16168.0
2024-06-22T01:30:00+02:00,,
2024-06-22T02:00:00+02:00,52768.0,15775.0
2024-06-22T02:30:00+02:00,,
2024-06-22T03:00:00+02:00,50089.0,15638.0
2024-06-22T03:30:00+02:00,,
2024-06-22T04:00:00+02:00,49239.0,15948.0
2024-06-22T04:30:00+02:00,,
2024-06-22T05:00:00+02:00,49207.0,16321.0
2024-06-22T05:30:00+02:00,,
2024-06-22T06:00:00+02:00,50915.0,17653.0
2024-06-22T06:30:00+02:00,,
2024-06-22T07:00:00+02:00,53182.0,18294.0
2024-06-22T07:30:00+02:00,,
2024-06-22T08:00:00+02:00,56641.0,19285.0
2024-06-22T08:30:00+02:00,,
2024-06-22T09:00:00+02:00,60723.0,20408.0
2024-06-22T09:30:00+02:00,,
2024-06-22T10:00:00+02:00,63133.0,20725.0
2024-06-22T10:30:00+02:00,,
2024-06-22T11:00:00+02:00,64368.0,20750.0
2024-06-22T11:30:00+02:00,,
2024-06-22T12:00:00+02:00,66053.0,20483.0
2024-06-22T12:30:00+02:00,,
2024-06-22T13:00:00+02:00,64050.0,19601.0
2024-06-22T13:30:00+02:00,,
2024-06-22T14:00:00+02:00,61259.0,18650.0
2024-06-22T14:30:00+02:00,,
2024-06-22T15:00:00+02:00,59199.0,17846.0
2024-06-22T15:30:00+02:00,,
2024-06-22T16:00:00+02:00,57646.0,17405.0
2024-06-22T16:30:00+02:00,,
2024-06-22T17:00:00+02:00,57979.0,17806.0
2024-06-22T17:30:00+02:00,,
2024-06-22T18:00:00+02:00,59469.0,18471.0
2024-06-22T18:30:00+02:00,,
2024-06-22T19:00:00+02:00,60755.0,19250.0
2024-06-22T19:30:00+02:00,,
2024-06-22T20:00:00+02:00,59191.0,18997.0
2024-06-22T20:30:00+02:00,,
2024-06-22T21:00:00+02:00,57646.0,18597.0
2024-06-22T21:30:00+02:00,,
2024-06-22T22:00:00+02:00,58815.0,17856.0
2024-06-22T22:30:00+02:00,,
2024-06-22T23:00:00+02:00,58726.0,17020.0
2024-06-22T23:30:00+02:00,,
2024-06-23T00:00:00+02:00,55781.0,16035.0
2024-06-23T00:30:00+02:00,,
2024-06-23T01:00:00+02:00,52794.0,15766.0
2024-06-23T01:30:00+02:00,,
2024-06-23T02:00:00+02:00,50729.0,15482.0
2024-06-23T02:30:00+02:00,,
2024-06-23T03:00:00+02:00,48721.0,15648.0
2024-06-23T03:30:00+02:00,,
2024-06-23T04:00:00+02:00,48639.0,16813.0
2024-06-23T04:30:00+02:00,,
2024-06-23T05:00:00+02:00,49685.0,18305.0
2024-06-23T05:30:00+02:00,,
2024-06-23T06:00:00+02:00,47802.0,16677.0
2024-06-23T06:30:00+02:00,,
2024-06-23T07:00:00+02:00,49290.0,16908.0
2024-06-23T07:30:00+02:00,,
2024-06-23T08:00:00+02:00,52184.0,17684.0
2024-06-23T08:30:00+02:00,,
2024-06-23T09:00:00+02:00,55991.0,18789.0
2024-06-23T09:30:00+02:00,,
2024-06-23T10:00:00+02:00,58843.0,19329.0
2024-06-23T10:30:00+02:00,,
2024-06-23T11:00:00+02:00,60518.0,19547.0
2024-06-23T11:30:00+02:00,,
2024-06-23T12:00:00+02:00,62538.0,19201.0
2024-06-23T12:30:00+02:00,,
2024-06-23T13:00:00+02:00,60609.0,18501.0
2024-06-23T13:30:00+02:00,,
2024-06-23T14:00:00+02:00,57754.0,17545.0
2024-06-23T14:30:00+02:00,,
2024-06-23T15:00:00+02:00,55705.0,16844.0
2024-06-23T15:30:00+02:00,,
2024-06-23T16:00:00+02:00,54633.0,16761.0
2024-06-23T16:30:00+02:00,,
2024-06-23T17:00:00+02:00,55226.0,17239.0
2024-06-23T17:30:00+02:00,,
2024-06-23T18:00:00+02:00,58015.0,18332.0
2024-06-23T18:30:00+02:00,,
2024-06-23T19:00:00+02:00,60675.0,19263.0
2024-06-23T19:30:00+02:00,,
2024-06-23T20:00:00+02:00,59822.0,19085.0
2024-06-23T20:30:00+02:00,,
2024-06-23T21:00:00+02:00,58350.0,18375.0
2024-06-23T21:30:00+02:00,,
2024-06-23T22:00:00+02:00,59134.0,17589.0
2024-06-23T22:30:00+02:00,,
2024-06-23T23:00:00+02:00,58802.0,16734.0
2024-06-23T23:30:00+02:00,,
2024-06-24T00:00:00+02:00,59222.0,19619.0
2024-06-24T00:30:00+02:00,,
2024-06-24T01:00:00+02:00,54691.0,18051.0
2024-06-24T01:30:00+02:00,,
2024-06-24T02:00:00+02:00,52560.0,17199.0
2024-06-24T02:30:00+02:00,,
2024-06-24T03:00:00+02:00,50587.0,17180.0
2024-06-24T03:30:00+02:00,,
2024-06-24T04:00:00+02:00,50751.0,18052.0
2024-06-24T04:30:00+02:00,,
2024-06-24T05:00:00+02:00,53809.0,19438.0
2024-06-24T05:30:00+02:00,,
2024-06-24T06:00:00+02:00,58920.0,21498.0
2024-06-24T06:30:00+02:00,,
2024-06-24T07:00:00+02:00,66495.0,24410.0
2024-06-24T07:30:00+02:00,,
2024-06-24T08:00:00+02:00,69621.0,24085.0
2024-06-24T08:30:00+02:00,,
2024-06-24T09:00:00+02:00,70966.0,23423.0
2024-06-24T09:30:00+02:00,,
2024-06-24T10:00:00+02:00,71796.0,23048.0
2024-06-24T10:30:00+02:00,,
2024-06-24T11:00:00+02:00,72607.0,23138.0
2024-06-24T11:30:00+02:00,,
2024-06-24T12:00:00+02:00,73396.0,22487.0
2024-06-24T12:30:00+02:00,,
2024-06-24T13:00:00+02:00,72168.0,21797.0
2024-06-24T13:30:00+02:00,,
2024-06-24T14:00:00+02:00,70585.0,20932.0
2024-06-24T14:30:00+02:00,,
2024-06-24T15:00:00+02:00,69284.0,20606.0
2024-06-24T15:30:00+02:00,,
2024-06-24T16:00:00+02:00,67801.0,20496.0
2024-06-24T16:30:00+02:00,,
2024-06-24T17:00:00+02:00,67555.0,20944.0
2024-06-24T17:30:00+02:00,,
2024-06-24T18:00:00+02:00,69838.0,22627.0
2024-06-24T18:30:00+02:00,,
2024-06-24T19:00:00+02:00,72307.0,24142.0
2024-06-24T19:30:00+02:00,,
2024-06-24T20:00:00+02:00,69709.0,23997.0
2024-06-24T20:30:00+02:00,,
2024-06-24T21:00:00+02:00,66822.0,23396.0
2024-06-24T21:30:00+02:00,,
2024-06-24T22:00:00+02:00,67364.0,22805.0
2024-06-24T22:30:00+02:00,,
2024-06-24T23:00:00+02:00,66133.0,21584.0
2024-06-24T23:30:00+02:00,,
2024-06-25T00:00:00+02:00,60125.0,18189.0
2024-06-25T00:30:00+02:00,,
2024-06-25T01:00:00+02:00,56594.0,17657.0
2024-06-25T01:30:00+02:00,,
2024-06-25T02:00:00+02:00,54792.0,17277.0
2024-06-25T02:30:00+02:00,,
2024-06-25T03:00:00+02:00,52886.0,17098.0
2024-06-25T03:30:00+02:00,,
2024-06-25T04:00:00+02:00,52686.0,17906.0
2024-06-25T04:30:00+02:00,,
2024-06-25T05:00:00+02:00,55105.0,19135.0
2024-06-25T05:30:00+02:00,,
2024-06-25T06:00:00+02:00,60822.0,22014.0
2024-06-25T06:30:00+02:00,,
2024-06-25T07:00:00+02:00,67970.0,24696.0
2024-06-25T07:30:00+02:00,,
2024-06-25T08:00:00+02:00,70866.0,24207.0
2024-06-25T08:30:00+02:00,,
2024-06-25T09:00:00+02:00,72260.0,23669.0
2024-06-25T09:30:00+02:00,,
2024-06-25T10:00:00+02:00,72666.0,23164.0
2024-06-25T10:30:00+02:00,,
2024-06-25T11:00:00+02:00,73420.0,23073.0
2024-06-25T11:30:00+02:00,,
2024-06-25T12:00:00+02:00,73805.0,22125.0
2024-06-25T12:30:00+02:00,,
2024-06-25T13:00:00+02:00,72637.0,21537.0
2024-06-25T13:30:00+02:00,,
2024-06-25T14:00:00+02:00,71056.0,20391.0
2024-06-25T14:30:00+02:00,,
2024-06-25T15:00:00+02:00,69231.0,19468.0
2024-06-25T15:30:00+02:00,,
2024-06-25T16:00:00+02:00,67558.0,19177.0
2024-06-25T16:30:00+02:00,,
2024-06-25T17:00:00+02:00,67564.0,19808.0
2024-06-25T17:30:00+02:00,,
2024-06-25T18:00:00+02:00,69634.0,21112.0
2024-06-25T18:30:00+02:00,,
2024-06-25T19:00:00+02:00,70853.0,22248.0
2024-06-25T19:30:00+02:00,,
2024-06-25T20:00:00+02:00,68912.0,22690.0
2024-06-25T20:30:00+02:00,,
2024-06-25T21:00:00+02:00,66007.0,21937.0
2024-06-25T21:30:00+02:00,,
2024-06-25T22:00:00+02:00,66078.0,20997.0
2024-06-25T22:30:00+02:00,,
2024-06-25T23:00:00+02:00,64783.0,19672.0
2024-06-25T23:30:00+02:00,,
2024-06-26T00:00:00+02:00,61070.0,18710.0
2024-06-26T00:30:00+02:00,,
2024-06-26T01:00:00+02:00,57139.0,17890.0
2024-06-26T01:30:00+02:00,,
2024-06-26T02:00:00+02:00,55282.0,17289.0
2024-06-26T02:30:00+02:00,,
2024-06-26T03:00:00+02:00,53190.0,17106.0
2024-06-26T03:30:00+02:00,,
2024-06-26T04:00:00+02:00,53044.0,17717.0
2024-06-26T04:30:00+02:00,,
2024-06-26T05:00:00+02:00,55528.0,19143.0
2024-06-26T05:30:00+02:00,,
2024-06-26T06:00:00+02:00,60446.0,21489.0
2024-06-26T06:30:00+02:00,,
2024-06-26T07:00:00+02:00,66832.0,23921.0
2024-06-26T07:30:00+02:00,,
2024-06-26T08:00:00+02:00,70744.0,24090.0
2024-06-26T08:30:00+02:00,,
2024-06-26T09:00:00+02:00,71359.0,22858.0
2024-06-26T09:30:00+02:00,,
2024-06-26T10:00:00+02:00,72253.0,22486.0
2024-06-26T10:30:00+02:00,,
2024-06-26T11:00:00+02:00,73899.0,22639.0
2024-06-26T11:30:00+02:00,,
2024-06-26T12:00:00+02:00,74383.0,21857.0
2024-06-26T12:30:00+02:00,,
2024-06-26T13:00:00+02:00,73523.0,21358.0
2024-06-26T13:30:00+02:00,,
2024-06-26T14:00:00+02:00,72042.0,20276.0
2024-06-26T14:30:00+02:00,,
2024-06-26T15:00:00+02:00,69865.0,19144.0
2024-06-26T15:30:00+02:00,,
2024-06-26T16:00:00+02:00,68137.0,18756.0
2024-06-26T16:30:00+02:00,,
2024-06-26T17:00:00+02:00,67934.0,19279.0
2024-06-26T17:30:00+02:00,,
2024-06-26T18:00:00+02:00,70384.0,21021.0
2024-06-26T18:30:00+02:00,,
2024-06-26T19:00:00+02:00,71479.0,21950.0
2024-06-26T19:30:00+02:00,,
2024-06-26T20:00:00+02:00,69692.0,22238.0
2024-06-26T20:30:00+02:00,,
2024-06-26T21:00:00+02:00,66640.0,21390.0
2024-06-26T21:30:00+02:00,,
2024-06-26T22:00:00+02:00,66995.0,20547.0
2024-06-26T22:30:00+02:00,,
2024-06-26T23:00:00+02:00,65775.0,19459.0
2024-06-26T23:30:00+02:00,,
2024-06-27T00:00:00+02:00,61314.0,17964.0
2024-06-27T00:30:00+02:00,,
2024-06-27T01:00:00+02:00,57474.0,17290.0
2024-06-27T01:30:00+02:00,,
2024-06-27T02:00:00+02:00,55929.0,16749.0
2024-06-27T02:30:00+02:00,,
2024-06-27T03:00:00+02:00,54196.0,17185.0
2024-06-27T03:30:00+02:00,,
2024-06-27T04:00:00+02:00,53628.0,17616.0
2024-06-27T04:30:00+02:00,,
2024-06-27T05:00:00+02:00,55856.0,18648.0
2024-06-27T05:30:00+02:00,,
2024-06-27T06:00:00+02:00,61269.0,21491.0
2024-06-27T06:30:00+02:00,,
2024-06-27T07:00:00+02:00,67858.0,23771.0
2024-06-27T07:30:00+02:00,,
2024-06-27T08:00:00+02:00,70682.0,23431.0
2024-06-27T08:30:00+02:00,,
2024-06-27T09:00:00+02:00,72094.0,22756.0
2024-06-27T09:30:00+02:00,,
2024-06-27T10:00:00+02:00,73284.0,22796.0
2024-06-27T10:30:00+02:00,,
2024-06-27T11:00:00+02:00,74269.0,22585.0
2024-06-27T11:30:00+02:00,,
2024-06-27T12:00:00+02:00,74483.0,21637.0
2024-06-27T12:30:00+02:00,,
2024-06-27T13:00:00+02:00,73664.0,21121.0
2024-06-27T13:30:00+02:00,,
2024-06-27T14:00:00+02:00,72495.0,20251.0
2024-06-27T14:30:00+02:00,,
2024-06-27T15:00:00+02:00,70354.0,19173.0
2024-06-27T15:30:00+02:00,,
2024-06-27T16:00:00+02:00,68757.0,18774.0
2024-06-27T16:30:00+02:00,,
2024-06-27T17:00:00+02:00,69074.0,19574.0
2024-06-27T17:30:00+02:00,,
2024-06-27T18:00:00+02:00,70511.0,20908.0
2024-06-27T18:30:00+02:00,,
2024-06-27T19:00:00+02:00,71685.0,22033.0
2024-06-27T19:30:00+02:00,,
2024-06-27T20:00:00+02:00,69029.0,21935.0
2024-06-27T20:30:00+02:00,,
2024-06-27T21:00:00+02:00,65745.0,20947.0
2024-06-27T21:30:00+02:00,,
2024-06-27T22:00:00+02:00,65707.0,19943.0
2024-06-27T22:30:00+02:00,,
2024-06-27T23:00:00+02:00,64500.0,19053.0
2024-06-27T23:30:00+02:00,,
2024-06-28T00:00:00+02:00,59890.0,17184.0
2024-06-28T00:30:00+02:00,,
2024-06-28T01:00:00+02:00,56124.0,16383.0
2024-06-28T01:30:00+02:00,,
2024-06-28T02:00:00+02:00,54460.0,15861.0
2024-06-28T02:30:00+02:00,,
2024-06-28T03:00:00+02:00,52078.0,15478.0
2024-06-28T03:30:00+02:00,,
2024-06-28T04:00:00+02:00,51482.0,15720.0
2024-06-28T04:30:00+02:00,,
2024-06-28T05:00:00+02:00,52875.0,15918.0
2024-06-28T05:30:00+02:00,,
2024-06-28T06:00:00+02:00,60324.0,20915.0
2024-06-28T06:30:00+02:00,,
2024-06-28T07:00:00+02:00,66794.0,23400.0
2024-06-28T07:30:00+02:00,,
2024-06-28T08:00:00+02:00,69579.0,23160.0
2024-06-28T08:30:00+02:00,,
2024-06-28T09:00:00+02:00,71047.0,22775.0
2024-06-28T09:30:00+02:00,,
2024-06-28T10:00:00+02:00,72375.0,23010.0
2024-06-28T10:30:00+02:00,,
2024-06-28T11:00:00+02:00,73075.0,22815.0
2024-06-28T11:30:00+02:00,,
2024-06-28T12:00:00+02:00,72609.0,21494.0
2024-06-28T12:30:00+02:00,,
2024-06-28T13:00:00+02:00,71452.0,20807.0
2024-06-28T13:30:00+02:00,,
2024-06-28T14:00:00+02:00,69689.0,19737.0
2024-06-28T14:30:00+02:00,,
2024-06-28T15:00:00+02:00,67863.0,18966.0
2024-06-28T15:30:00+02:00,,
2024-06-28T16:00:00+02:00,65997.0,18363.0
2024-06-28T16:30:00+02:00,,
2024-06-28T17:00:00+02:00,65688.0,18589.0
2024-06-28T17:30:00+02:00,,
2024-06-28T18:00:00+02:00,66766.0,19385.0
2024-06-28T18:30:00+02:00,,
2024-06-28T19:00:00+02:00,67109.0,20112.0
2024-06-28T19:30:00+02:00,,
2024-06-28T20:00:00+02:00,65198.0,20027.0
2024-06-28T20:30:00+02:00,,
2024-06-28T21:00:00+02:00,63153.0,19722.0
2024-06-28T21:30:00+02:00,,
2024-06-28T22:00:00+02:00,63779.0,18983.0
2024-06-28T22:30:00+02:00,,
2024-06-28T23:00:00+02:00,62953.0,18247.0
2024-06-28T23:30:00+02:00,,
2024-06-29T00:00:00+02:00,56757.0,14775.0
2024-06-29T00:30:00+02:00,,
2024-06-29T01:00:00+02:00,53394.0,14508.0
2024-06-29T01:30:00+02:00,,
2024-06-29T02:00:00+02:00,51425.0,14130.0
2024-06-29T02:30:00+02:00,,
2024-06-29T03:00:00+02:00,49123.0,13952.0
2024-06-29T03:30:00+02:00,,
2024-06-29T04:00:00+02:00,47978.0,14214.0
2024-06-29T04:30:00+02:00,,
2024-06-29T05:00:00+02:00,48086.0,14314.0
2024-06-29T05:30:00+02:00,,
2024-06-29T06:00:00+02:00,49928.0,15993.0
2024-06-29T06:30:00+02:00,,
2024-06-29T07:00:00+02:00,51871.0,16495.0
2024-06-29T07:30:00+02:00,,
2024-06-29T08:00:00+02:00,55320.0,17587.0
2024-06-29T08:30:00+02:00,,
2024-06-29T09:00:00+02:00,58859.0,18325.0
2024-06-29T09:30:00+02:00,,
2024-06-29T10:00:00+02:00,60635.0,18426.0
2024-06-29T10:30:00+02:00,,
2024-06-29T11:00:00+02:00,62132.0,18500.0
2024-06-29T11:30:00+02:00,,
2024-06-29T12:00:00+02:00,64016.0,18151.0
2024-06-29T12:30:00+02:00,,
2024-06-29T13:00:00+02:00,62916.0,17598.0
2024-06-29T13:30:00+02:00,,
2024-06-29T14:00:00+02:00,60139.0,16588.0
2024-06-29T14:30:00+02:00,,
2024-06-29T15:00:00+02:00,58331.0,15961.0
2024-06-29T15:30:00+02:00,,
2024-06-29T16:00:00+02:00,57365.0,15795.0
2024-06-29T16:30:00+02:00,,
2024-06-29T17:00:00+02:00,57234.0,16085.0
2024-06-29T17:30:00+02:00,,
2024-06-29T18:00:00+02:00,58477.0,16760.0
2024-06-29T18:30:00+02:00,,
2024-06-29T19:00:00+02:00,59506.0,17174.0
2024-06-29T19:30:00+02:00,,
2024-06-29T20:00:00+02:00,57923.0,17137.0
2024-06-29T20:30:00+02:00,,
2024-06-29T21:00:00+02:00,55972.0,16620.0
2024-06-29T21:30:00+02:00,,
2024-06-29T22:00:00+02:00,56698.0,15962.0
2024-06-29T22:30:00+02:00,,
2024-06-29T23:00:00+02:00,56489.0,15249.0
2024-06-29T23:30:00+02:00,,
2024-06-30T00:00:00+02:00,54255.0,15106.0
2024-06-30T00:30:00+02:00,,
2024-06-30T01:00:00+02:00,51247.0,14940.0
2024-06-30T01:30:00+02:00,,
2024-06-30T02:00:00+02:00,49682.0,14680.0
2024-06-30T02:30:00+02:00,,
2024-06-30T03:00:00+02:00,47669.0,14919.0
2024-06-30T03:30:00+02:00,,
2024-06-30T04:00:00+02:00,47326.0,15804.0
2024-06-30T04:30:00+02:00,,
2024-06-30T05:00:00+02:00,48478.0,17372.0
2024-06-30T05:30:00+02:00,,
2024-06-30T06:00:00+02:00,45474.0,14472.0
2024-06-30T06:30:00+02:00,,
2024-06-30T07:00:00+02:00,46999.0,14935.0
2024-06-30T07:30:00+02:00,,
2024-06-30T08:00:00+02:00,49766.0,15783.0
2024-06-30T08:30:00+02:00,,
2024-06-30T09:00:00+02:00,53808.0,16911.0
2024-06-30T09:30:00+02:00,,
2024-06-30T10:00:00+02:00,56815.0,17463.0
2024-06-30T10:30:00+02:00,,
2024-06-30T11:00:00+02:00,58591.0,17639.0
2024-06-30T11:30:00+02:00,,
2024-06-30T12:00:00+02:00,60933.0,17483.0
2024-06-30T12:30:00+02:00,,
2024-06-30T13:00:00+02:00,59605.0,17101.0
2024-06-30T13:30:00+02:00,,
2024-06-30T14:00:00+02:00,56908.0,16261.0
2024-06-30T14:30:00+02:00,,
2024-06-30T15:00:00+02:00,55454.0,15583.0
2024-06-30T15:30:00+02:00,,
2024-06-30T16:00:00+02:00,54308.0,15448.0
2024-06-30T16:30:00+02:00,,
2024-06-30T17:00:00+02:00,54546.0,15712.0
2024-06-30T17:30:00+02:00,,
2024-06-30T18:00:00+02:00,56872.0,16891.0
2024-06-30T18:30:00+02:00,,
2024-06-30T19:00:00+02:00,59263.0,17719.0
2024-06-30T19:30:00+02:00,,
2024-06-30T20:00:00+02:00,57621.0,17303.0
2024-06-30T20:30:00+02:00,,
2024-06-30T21:00:00+02:00,56859.0,17031.0
2024-06-30T21:30:00+02:00,,
2024-06-30T22:00:00+02:00,57650.0,16121.0
2024-06-30T22:30:00+02:00,,
2024-06-30T23:00:00+02:00,57043.0,15543.0
2024-06-30T23:30:00+02:00,,
2024-07-01T00:00:00+02:00,57008.0,17681.0
2024-07-01T00:30:00+02:00,,
2024-07-01T01:00:00+02:00,53556.0,17258.0
2024-07-01T01:30:00+02:00,,
2024-07-01T02:00:00+02:00,51997.0,16873.0
2024-07-01T02:30:00+02:00,,
2024-07-01T03:00:00+02:00,50360.0,16837.0
2024-07-01T03:30:00+02:00,,
2024-07-01T04:00:00+02:00,50549.0,17625.0
2024-07-01T04:30:00+02:00,,
2024-07-01T05:00:00+02:00,53297.0,18850.0
2024-07-01T05:30:00+02:00,,
2024-07-01T06:00:00+02:00,57238.0,19969.0
2024-07-01T06:30:00+02:00,,
2024-07-01T07:00:00+02:00,64566.0,22747.0
2024-07-01T07:30:00+02:00,,
2024-07-01T08:00:00+02:00,67945.0,22625.0
2024-07-01T08:30:00+02:00,,
2024-07-01T09:00:00+02:00,69596.0,22289.0
2024-07-01T09:30:00+02:00,,
2024-07-01T10:00:00+02:00,71537.0,22853.0
2024-07-01T10:30:00+02:00,,
2024-07-01T11:00:00+02:00,72868.0,23059.0
2024-07-01T11:30:00+02:00,,
2024-07-01T12:00:00+02:00,73049.0,21888.0
2024-07-01T12:30:00+02:00,,
2024-07-01T13:00:00+02:00,71878.0,21502.0
2024-07-01T13:30:00+02:00,,
2024-07-01T14:00:00+02:00,70500.0,20787.0
2024-07-01T14:30:00+02:00,,
2024-07-01T15:00:00+02:00,68524.0,19896.0
2024-07-01T15:30:00+02:00,,
2024-07-01T16:00:00+02:00,66761.0,19506.0
2024-07-01T16:30:00+02:00,,
2024-07-01T17:00:00+02:00,66159.0,19722.0
2024-07-01T17:30:00+02:00,,
2024-07-01T18:00:00+02:00,67430.0,20289.0
2024-07-01T18:30:00+02:00,,
2024-07-01T19:00:00+02:00,68916.0,21303.0
2024-07-01T19:30:00+02:00,,
2024-07-01T20:00:00+02:00,66659.0,21561.0
2024-07-01T20:30:00+02:00,,
2024-07-01T21:00:00+02:00,63743.0,20579.0
2024-07-01T21:30:00+02:00,,
2024-07-01T22:00:00+02:00,63922.0,19607.0
2024-07-01T22:30:00+02:00,,
2024-07-01T23:00:00+02:00,63077.0,18639.0
2024-07-01T23:30:00+02:00,,
2024-07-02T00:00:00+02:00,60210.0,18620.0
2024-07-02T00:30:00+02:00,,
